{
  "algo":"mdca",
  "region":"Arizona",
  "time_slots":120,
  "arrival_rate":20.0,
  "mean_service_time":9.0,
  "seed":3,
  "trace_seed":5651917368525468501,
  "algo_seed":18087234375462464239,
  "trace_hash":"105293de15c1fa2254c8535a3cce259da0a8e837f80090fc296ffac57c427629",
  "arrivals_per_slot":[
    18,
    26,
    22,
    11,
    14,
    20,
    13,
    19,
    18,
    19,
    22,
    24,
    18,
    21,
    25,
    18,
    22,
    24,
    17,
    22,
    21,
    20,
    23,
    20,
    23,
    19,
    26,
    21,
    20,
    27,
    18,
    18,
    14,
    22,
    20,
    22,
    30,
    21,
    12,
    24,
    17,
    25,
    21,
    20,
    19,
    18,
    16,
    24,
    10,
    25,
    20,
    13,
    13,
    25,
    14,
    16,
    33,
    7,
    24,
    25,
    19,
    20,
    17,
    24,
    20,
    27,
    18,
    20,
    21,
    13,
    8,
    16,
    22,
    28,
    20,
    28,
    12,
    18,
    27,
    19,
    19,
    22,
    15,
    22,
    21,
    22,
    26,
    27,
    24,
    24,
    20,
    21,
    25,
    24,
    24,
    21,
    20,
    17,
    21,
    24,
    21,
    21,
    18,
    20,
    26,
    21,
    18,
    14,
    26,
    17,
    16,
    18,
    18,
    15,
    27,
    14,
    19,
    27,
    21,
    26
  ],
  "diversity":true,
  "p_split":0.3,
  "split_reliability_mode":"identical_active_pool",
  "split_recovery_coverage":1.0,
  "split_workload_shares":"0.5,0.5",
  "mechanism":null,
  "fixed_sfc_len":3,
  "fixed_reliability":0.999,
  "max_backup_level":2,
  "explicit_split_replicas":true,
  "split_enforce_distinct":false,
  "strict_split_resource_ablation":false,
  "split_replica_resource_scale":1.0,
  "backhaul_knn_k":4,
  "backhaul_use_device_bw":true,
  "backhaul_bw_scale":0.5,
  "fiber_speed_mps":200000000.0,
  "switch_delay_s":0.0002,
  "region_cloudlet_count":100,
  "cap_base_min":500,
  "cap_base_max":700,
  "cap_scale":0.2,
  "total_arrivals":2438,
  "total_accepted":1183,
  "total_rejected":1255,
  "acceptance_ratio":0.4852337982,
  "avg_cost_per_arrival":29.9484152291,
  "total_cost":73014.2363286248,
  "total_cost_resource":52605.2363286247,
  "avg_cost_per_accepted":61.7195573361,
  "final_utilization":0.9657930668,
  "avg_utilization_over_time":0.9448439153,
  "avg_leftover_capacity_sum_over_time":6695.0,
  "final_leftover_capacity_sum":4152.1333333333,
  "final_leftover_capacity_min":0.0,
  "final_leftover_capacity_max":556.2,
  "final_leftover_capacity_avg":41.5213333333,
  "avg_e2e_delay_accepted":0.0767675908,
  "p95_e2e_delay_accepted":0.1262044808,
  "avg_access_delay_accepted":0.00804011,
  "avg_processing_delay_accepted":0.0513839456,
  "avg_network_delay_accepted":0.0124121447,
  "avg_split_proc_overhead_accepted":7.911101566e-19,
  "avg_split_net_overhead_accepted":0.0,
  "total_transmitted_bits_accepted":2151250867.2073535919,
  "avg_transmitted_bits_per_accepted":1818470.7246046944,
  "total_split_transmitted_bits_accepted":554131927.8165405989,
  "avg_split_transmitted_bits_per_accepted":468412.4495490622,
  "avg_split_overhead_ratio_accepted":9.575804114e-18,
  "p95_split_overhead_ratio_accepted":5.435011214e-17,
  "rga_accepted_total":1954,
  "rga_rejected_total":484,
  "rga_rejection_ratio":0.1985233798,
  "mdca_rejected_total":771,
  "mdca_capacity_rejected_total":760,
  "mdca_reliability_rejected_total":1,
  "mdca_qos_rejected_total":10,
  "mdca_rejection_ratio":0.316242822,
  "capacity_rejection_ratio":0.311730927,
  "reliability_rejection_ratio":0.0004101723,
  "qos_rejected_total":10,
  "qos_rejection_ratio":0.0041017227
}