{
  "algo":"dtsp",
  "region":"Alabama",
  "time_slots":120,
  "arrival_rate":20.0,
  "mean_service_time":9.0,
  "seed":1,
  "trace_seed":8894468092259444279,
  "algo_seed":14894763211395462469,
  "trace_hash":"22e0f72213156afb8de987d8660dfc4d3b0fa3e6dcd1dbcfb2e90ba11a8f8d51",
  "arrivals_per_slot":[
    14,
    18,
    18,
    23,
    20,
    24,
    15,
    22,
    11,
    27,
    18,
    20,
    16,
    20,
    24,
    20,
    22,
    19,
    27,
    21,
    12,
    8,
    24,
    15,
    17,
    17,
    21,
    30,
    21,
    25,
    15,
    17,
    29,
    25,
    19,
    9,
    16,
    19,
    31,
    20,
    20,
    16,
    23,
    20,
    19,
    17,
    18,
    14,
    27,
    19,
    20,
    24,
    26,
    22,
    18,
    20,
    22,
    20,
    22,
    23,
    14,
    24,
    13,
    21,
    22,
    21,
    19,
    12,
    19,
    32,
    16,
    18,
    15,
    26,
    22,
    16,
    15,
    21,
    20,
    22,
    17,
    24,
    19,
    22,
    22,
    12,
    27,
    22,
    23,
    17,
    24,
    17,
    17,
    21,
    18,
    23,
    23,
    22,
    25,
    17,
    15,
    19,
    20,
    17,
    22,
    22,
    26,
    12,
    19,
    21,
    21,
    16,
    23,
    19,
    22,
    21,
    22,
    17,
    22,
    19
  ],
  "diversity":false,
  "p_split":null,
  "split_reliability_mode":null,
  "mechanism":null,
  "fixed_sfc_len":null,
  "fixed_reliability":null,
  "max_backup_level":2,
  "explicit_split_replicas":false,
  "split_enforce_distinct":false,
  "strict_split_resource_ablation":false,
  "split_replica_resource_scale":1.0,
  "cap_base_min":500,
  "cap_base_max":700,
  "cap_scale":0.2,
  "total_arrivals":2394,
  "total_accepted":2001,
  "total_rejected":393,
  "acceptance_ratio":0.835839599,
  "avg_cost_per_arrival":38.7444011387,
  "total_cost":92754.0963260434,
  "total_cost_resource":71241.0963260434,
  "avg_cost_per_accepted":46.3538712274,
  "final_utilization":0.9256473068,
  "avg_utilization_over_time":0.9172419701,
  "avg_leftover_capacity_sum_over_time":14290.4083333333,
  "final_leftover_capacity_sum":12839.0,
  "final_leftover_capacity_min":1.0,
  "final_leftover_capacity_max":889.0,
  "final_leftover_capacity_avg":93.7153284672,
  "avg_e2e_delay_accepted":0.0640492044,
  "p95_e2e_delay_accepted":0.1293303465,
  "avg_access_delay_accepted":0.0080223886,
  "avg_processing_delay_accepted":0.0481142486,
  "avg_network_delay_accepted":0.0079125672,
  "avg_split_proc_overhead_accepted":0.0,
  "avg_split_net_overhead_accepted":0.0,
  "total_transmitted_bits_accepted":2937901251.2969779968,
  "avg_transmitted_bits_per_accepted":1468216.5173897941,
  "total_split_transmitted_bits_accepted":0.0,
  "avg_split_transmitted_bits_per_accepted":0.0,
  "avg_split_overhead_ratio_accepted":0.0,
  "p95_split_overhead_ratio_accepted":0.0,
  "rga_accepted_total":2394,
  "rga_rejected_total":0,
  "rga_rejection_ratio":0.0,
  "mdca_rejected_total":393,
  "mdca_capacity_rejected_total":379,
  "mdca_reliability_rejected_total":0,
  "mdca_qos_rejected_total":14,
  "mdca_rejection_ratio":0.164160401,
  "capacity_rejection_ratio":0.1583124478,
  "reliability_rejection_ratio":0.0,
  "qos_rejected_total":14,
  "qos_rejection_ratio":0.0058479532
}