{
  "algo":"dtsp",
  "region":"Arizona",
  "time_slots":120,
  "arrival_rate":12.0,
  "mean_service_time":9.0,
  "seed":3,
  "trace_seed":17527382057505277816,
  "algo_seed":372199317212216405,
  "trace_hash":"c99f2b116cecd1a1eb9875e8af46e3ff876fef7463cc58da879b43cbe52c8bfb",
  "arrivals_per_slot":[
    12,
    9,
    10,
    13,
    8,
    10,
    15,
    18,
    14,
    8,
    13,
    9,
    7,
    6,
    19,
    12,
    12,
    12,
    13,
    14,
    11,
    19,
    15,
    7,
    11,
    9,
    20,
    10,
    15,
    9,
    20,
    12,
    11,
    12,
    15,
    14,
    10,
    14,
    13,
    15,
    6,
    7,
    15,
    14,
    17,
    20,
    16,
    11,
    17,
    11,
    12,
    13,
    18,
    11,
    9,
    16,
    9,
    7,
    15,
    12,
    14,
    9,
    16,
    14,
    10,
    18,
    15,
    12,
    7,
    18,
    15,
    13,
    11,
    14,
    14,
    6,
    16,
    9,
    15,
    13,
    17,
    9,
    10,
    15,
    7,
    8,
    11,
    15,
    11,
    6,
    12,
    10,
    12,
    9,
    9,
    7,
    8,
    11,
    13,
    8,
    9,
    11,
    7,
    16,
    11,
    12,
    11,
    9,
    10,
    8,
    14,
    8,
    18,
    16,
    8,
    15,
    11,
    16,
    13,
    15
  ],
  "diversity":false,
  "p_split":null,
  "split_reliability_mode":null,
  "mechanism":null,
  "fixed_sfc_len":null,
  "fixed_reliability":0.994,
  "max_backup_level":2,
  "explicit_split_replicas":false,
  "split_enforce_distinct":false,
  "strict_split_resource_ablation":false,
  "split_replica_resource_scale":1.0,
  "cap_base_min":500,
  "cap_base_max":700,
  "cap_scale":0.2,
  "total_arrivals":1457,
  "total_accepted":1437,
  "total_rejected":20,
  "acceptance_ratio":0.986273164,
  "avg_cost_per_arrival":50.6828675726,
  "total_cost":73844.9380532292,
  "total_cost_resource":51288.9380532292,
  "avg_cost_per_accepted":51.3882658686,
  "final_utilization":0.4513427471,
  "avg_utilization_over_time":0.471640577,
  "avg_leftover_capacity_sum_over_time":198162.2583333333,
  "final_leftover_capacity_sum":205775.0,
  "final_leftover_capacity_min":0.0,
  "final_leftover_capacity_max":2150.8,
  "final_leftover_capacity_avg":655.3343949045,
  "avg_e2e_delay_accepted":0.0638317751,
  "p95_e2e_delay_accepted":0.1245840953,
  "avg_access_delay_accepted":0.00797934,
  "avg_processing_delay_accepted":0.0466381706,
  "avg_network_delay_accepted":0.0092142646,
  "avg_split_proc_overhead_accepted":0.0,
  "avg_split_net_overhead_accepted":0.0,
  "total_transmitted_bits_accepted":2125457730.2961804867,
  "avg_transmitted_bits_per_accepted":1479093.7580349203,
  "total_split_transmitted_bits_accepted":0.0,
  "avg_split_transmitted_bits_per_accepted":0.0,
  "avg_split_overhead_ratio_accepted":0.0,
  "p95_split_overhead_ratio_accepted":0.0,
  "rga_accepted_total":1457,
  "rga_rejected_total":0,
  "rga_rejection_ratio":0.0,
  "mdca_rejected_total":20,
  "mdca_capacity_rejected_total":0,
  "mdca_reliability_rejected_total":0,
  "mdca_qos_rejected_total":20,
  "mdca_rejection_ratio":0.013726836,
  "capacity_rejection_ratio":0.0,
  "reliability_rejection_ratio":0.0,
  "qos_rejected_total":20,
  "qos_rejection_ratio":0.013726836
}