{
  "algo":"mdca",
  "region":"Arizona",
  "time_slots":120,
  "arrival_rate":20.0,
  "mean_service_time":9.0,
  "seed":2,
  "trace_seed":501306466021504078,
  "algo_seed":4836232127056779440,
  "trace_hash":"0df4788563ae3a656eb39137d89b30e330944a2390c12c74af7156b3a4d935bd",
  "arrivals_per_slot":[
    15,
    24,
    22,
    15,
    9,
    23,
    20,
    25,
    17,
    12,
    15,
    17,
    12,
    28,
    21,
    11,
    20,
    22,
    21,
    19,
    24,
    18,
    18,
    17,
    8,
    21,
    14,
    13,
    14,
    25,
    17,
    19,
    20,
    20,
    17,
    19,
    17,
    17,
    17,
    12,
    19,
    8,
    21,
    15,
    22,
    12,
    21,
    11,
    24,
    23,
    26,
    15,
    19,
    19,
    21,
    22,
    24,
    24,
    25,
    19,
    18,
    15,
    21,
    17,
    25,
    13,
    16,
    28,
    19,
    22,
    17,
    19,
    21,
    15,
    22,
    18,
    29,
    21,
    13,
    25,
    18,
    20,
    20,
    23,
    17,
    21,
    19,
    21,
    32,
    25,
    25,
    18,
    12,
    16,
    12,
    20,
    16,
    14,
    35,
    34,
    23,
    19,
    21,
    16,
    23,
    22,
    25,
    26,
    13,
    25,
    31,
    19,
    20,
    20,
    19,
    21,
    19,
    27,
    18,
    21
  ],
  "diversity":true,
  "p_split":0.3,
  "split_reliability_mode":"identical_active_pool",
  "split_recovery_coverage":1.0,
  "split_workload_shares":"0.5,0.5",
  "mechanism":null,
  "fixed_sfc_len":3,
  "fixed_reliability":0.999,
  "max_backup_level":2,
  "explicit_split_replicas":true,
  "split_enforce_distinct":false,
  "strict_split_resource_ablation":false,
  "split_replica_resource_scale":1.0,
  "backhaul_knn_k":4,
  "backhaul_use_device_bw":true,
  "backhaul_bw_scale":0.5,
  "fiber_speed_mps":200000000.0,
  "switch_delay_s":0.0002,
  "region_cloudlet_count":50,
  "cap_base_min":500,
  "cap_base_max":700,
  "cap_scale":0.2,
  "total_arrivals":2345,
  "total_accepted":697,
  "total_rejected":1648,
  "acceptance_ratio":0.297228145,
  "avg_cost_per_arrival":17.4915732588,
  "total_cost":41017.7392918662,
  "total_cost_resource":29090.7392918662,
  "avg_cost_per_accepted":58.8489803327,
  "final_utilization":0.9656393661,
  "avg_utilization_over_time":0.9561388029,
  "avg_leftover_capacity_sum_over_time":2651.1111111111,
  "final_leftover_capacity_sum":2076.8666666667,
  "final_leftover_capacity_min":0.8666666667,
  "final_leftover_capacity_max":177.7333333333,
  "final_leftover_capacity_avg":41.5373333333,
  "avg_e2e_delay_accepted":0.0797962015,
  "p95_e2e_delay_accepted":0.1267026163,
  "avg_access_delay_accepted":0.008090579,
  "avg_processing_delay_accepted":0.0565377694,
  "avg_network_delay_accepted":0.0093750138,
  "avg_split_proc_overhead_accepted":1.055891585e-18,
  "avg_split_net_overhead_accepted":0.0,
  "total_transmitted_bits_accepted":1252080585.8124251366,
  "avg_transmitted_bits_per_accepted":1796385.3454984578,
  "total_split_transmitted_bits_accepted":337961277.3061307669,
  "avg_split_transmitted_bits_per_accepted":484879.8813574329,
  "avg_split_overhead_ratio_accepted":1.324004166e-17,
  "p95_split_overhead_ratio_accepted":6.656080463e-17,
  "rga_accepted_total":1896,
  "rga_rejected_total":449,
  "rga_rejection_ratio":0.1914712154,
  "mdca_rejected_total":1199,
  "mdca_capacity_rejected_total":1186,
  "mdca_reliability_rejected_total":5,
  "mdca_qos_rejected_total":8,
  "mdca_rejection_ratio":0.5113006397,
  "capacity_rejection_ratio":0.5057569296,
  "reliability_rejection_ratio":0.0021321962,
  "qos_rejected_total":8,
  "qos_rejection_ratio":0.0034115139
}