{
  "algo":"random",
  "region":"Alabama",
  "time_slots":120,
  "arrival_rate":20.0,
  "mean_service_time":9.0,
  "seed":5,
  "trace_seed":17822267641813869819,
  "algo_seed":12524923256282916737,
  "trace_hash":"134eca1248c3b15a15589b497245b76133a446ea5bb159c45571709270e44ece",
  "arrivals_per_slot":[
    25,
    17,
    15,
    19,
    34,
    22,
    13,
    24,
    21,
    13,
    24,
    13,
    22,
    20,
    34,
    20,
    21,
    19,
    20,
    16,
    21,
    25,
    18,
    20,
    16,
    16,
    17,
    12,
    27,
    22,
    23,
    13,
    26,
    16,
    27,
    22,
    15,
    12,
    18,
    21,
    17,
    13,
    17,
    20,
    18,
    19,
    15,
    22,
    18,
    19,
    23,
    21,
    21,
    22,
    20,
    21,
    14,
    18,
    21,
    17,
    20,
    14,
    20,
    12,
    14,
    14,
    19,
    20,
    23,
    19,
    26,
    14,
    22,
    18,
    13,
    26,
    30,
    21,
    16,
    25,
    17,
    26,
    18,
    23,
    20,
    22,
    11,
    23,
    12,
    17,
    21,
    16,
    16,
    18,
    24,
    17,
    22,
    20,
    26,
    18,
    21,
    22,
    16,
    10,
    24,
    23,
    22,
    22,
    18,
    17,
    22,
    26,
    15,
    21,
    21,
    18,
    23,
    26,
    18,
    16
  ],
  "diversity":false,
  "p_split":null,
  "split_reliability_mode":null,
  "mechanism":null,
  "fixed_sfc_len":1,
  "fixed_reliability":null,
  "max_backup_level":2,
  "explicit_split_replicas":false,
  "split_enforce_distinct":false,
  "strict_split_resource_ablation":false,
  "split_replica_resource_scale":1.0,
  "cap_base_min":500,
  "cap_base_max":700,
  "cap_scale":0.2,
  "total_arrivals":2349,
  "total_accepted":2349,
  "total_rejected":0,
  "acceptance_ratio":1.0,
  "avg_cost_per_arrival":13.360125866,
  "total_cost":31382.935659221,
  "total_cost_resource":24379.935659221,
  "avg_cost_per_accepted":13.360125866,
  "final_utilization":0.2645218333,
  "avg_utilization_over_time":0.2995245752,
  "avg_leftover_capacity_sum_over_time":120580.4,
  "final_leftover_capacity_sum":126605.8,
  "final_leftover_capacity_min":6.0,
  "final_leftover_capacity_max":1924.2,
  "final_leftover_capacity_avg":924.1299270073,
  "avg_e2e_delay_accepted":0.0244537401,
  "p95_e2e_delay_accepted":0.0537138934,
  "avg_access_delay_accepted":0.0081241791,
  "avg_processing_delay_accepted":0.016329561,
  "avg_network_delay_accepted":0.0,
  "avg_split_proc_overhead_accepted":0.0,
  "avg_split_net_overhead_accepted":0.0,
  "total_transmitted_bits_accepted":0.0,
  "avg_transmitted_bits_per_accepted":0.0,
  "total_split_transmitted_bits_accepted":0.0,
  "avg_split_transmitted_bits_per_accepted":0.0,
  "avg_split_overhead_ratio_accepted":0.0,
  "p95_split_overhead_ratio_accepted":0.0,
  "rga_accepted_total":2349,
  "rga_rejected_total":0,
  "rga_rejection_ratio":0.0,
  "mdca_rejected_total":0,
  "mdca_capacity_rejected_total":0,
  "mdca_reliability_rejected_total":0,
  "mdca_qos_rejected_total":0,
  "mdca_rejection_ratio":0.0,
  "capacity_rejection_ratio":0.0,
  "reliability_rejection_ratio":0.0,
  "qos_rejected_total":0,
  "qos_rejection_ratio":0.0
}