{
  "algo":"mdca",
  "region":"Alabama",
  "time_slots":120,
  "arrival_rate":12.0,
  "mean_service_time":9.0,
  "seed":5,
  "trace_seed":10056320259754552432,
  "algo_seed":6041356402655296302,
  "trace_hash":"89a1006b0cbe89474ddb1d8fc81adb79c6711d8945ef1dce787ab2dcd244b58d",
  "arrivals_per_slot":[
    8,
    12,
    7,
    8,
    14,
    15,
    12,
    14,
    11,
    14,
    12,
    11,
    11,
    14,
    12,
    17,
    9,
    11,
    5,
    11,
    16,
    9,
    14,
    14,
    18,
    8,
    6,
    14,
    11,
    9,
    10,
    17,
    13,
    10,
    11,
    4,
    7,
    14,
    13,
    15,
    12,
    20,
    7,
    12,
    7,
    11,
    13,
    17,
    13,
    14,
    9,
    9,
    9,
    15,
    13,
    13,
    10,
    14,
    8,
    14,
    11,
    13,
    8,
    16,
    13,
    9,
    13,
    11,
    7,
    7,
    13,
    15,
    9,
    10,
    6,
    12,
    9,
    11,
    13,
    11,
    13,
    7,
    10,
    15,
    10,
    8,
    9,
    10,
    8,
    9,
    13,
    13,
    7,
    13,
    10,
    13,
    13,
    8,
    11,
    13,
    11,
    9,
    14,
    13,
    16,
    7,
    14,
    5,
    13,
    14,
    8,
    13,
    14,
    13,
    8,
    16,
    12,
    12,
    12,
    11
  ],
  "diversity":true,
  "p_split":0.3,
  "split_reliability_mode":"identical_active_pool",
  "mechanism":null,
  "fixed_sfc_len":null,
  "fixed_reliability":0.994,
  "max_backup_level":2,
  "explicit_split_replicas":true,
  "split_enforce_distinct":false,
  "strict_split_resource_ablation":false,
  "split_replica_resource_scale":1.0,
  "cap_base_min":500,
  "cap_base_max":700,
  "cap_scale":0.2,
  "total_arrivals":1366,
  "total_accepted":1357,
  "total_rejected":9,
  "acceptance_ratio":0.9934114202,
  "avg_cost_per_arrival":51.4059957122,
  "total_cost":70220.590142931,
  "total_cost_resource":50360.590142931,
  "avg_cost_per_accepted":51.7469345195,
  "final_utilization":0.8085312655,
  "avg_utilization_over_time":0.721322513,
  "avg_leftover_capacity_sum_over_time":48330.0333333333,
  "final_leftover_capacity_sum":33205.7333333334,
  "final_leftover_capacity_min":0.0,
  "final_leftover_capacity_max":2280.0,
  "final_leftover_capacity_avg":242.3776155718,
  "avg_e2e_delay_accepted":0.0681963243,
  "p95_e2e_delay_accepted":0.1303654652,
  "avg_access_delay_accepted":0.0079925407,
  "avg_processing_delay_accepted":0.0437443958,
  "avg_network_delay_accepted":0.0128823124,
  "avg_split_proc_overhead_accepted":5.362686059e-19,
  "avg_split_net_overhead_accepted":0.0,
  "total_transmitted_bits_accepted":2375955033.8224754333,
  "avg_transmitted_bits_per_accepted":1750888.0131337328,
  "total_split_transmitted_bits_accepted":547755577.9105279446,
  "avg_split_transmitted_bits_per_accepted":403651.8628670066,
  "avg_split_overhead_ratio_accepted":6.609723785e-18,
  "p95_split_overhead_ratio_accepted":4.690201867e-17,
  "rga_accepted_total":1366,
  "rga_rejected_total":0,
  "rga_rejection_ratio":0.0,
  "mdca_rejected_total":9,
  "mdca_capacity_rejected_total":0,
  "mdca_reliability_rejected_total":0,
  "mdca_qos_rejected_total":9,
  "mdca_rejection_ratio":0.0065885798,
  "capacity_rejection_ratio":0.0,
  "reliability_rejection_ratio":0.0,
  "qos_rejected_total":9,
  "qos_rejection_ratio":0.0065885798
}