{
  "algo":"mdca",
  "region":"Alabama",
  "time_slots":120,
  "arrival_rate":30.0,
  "mean_service_time":9.0,
  "seed":1,
  "trace_seed":18204209000765579821,
  "algo_seed":1274429512653363058,
  "trace_hash":"07ac3e32239785345a15435f3822e0c195c5c45c06d1119fed2b72e8d67a1b7d",
  "arrivals_per_slot":[
    39,
    25,
    24,
    22,
    29,
    23,
    34,
    34,
    27,
    39,
    27,
    20,
    30,
    28,
    17,
    30,
    19,
    30,
    37,
    25,
    38,
    33,
    32,
    34,
    35,
    26,
    27,
    22,
    29,
    26,
    15,
    26,
    30,
    35,
    28,
    31,
    28,
    29,
    37,
    39,
    32,
    23,
    23,
    32,
    28,
    37,
    24,
    32,
    35,
    29,
    35,
    26,
    26,
    31,
    34,
    34,
    23,
    31,
    14,
    30,
    27,
    30,
    26,
    25,
    21,
    23,
    28,
    30,
    22,
    21,
    46,
    22,
    31,
    31,
    35,
    30,
    32,
    25,
    35,
    24,
    24,
    28,
    35,
    26,
    39,
    28,
    28,
    27,
    33,
    33,
    35,
    32,
    33,
    32,
    33,
    25,
    32,
    18,
    24,
    30,
    18,
    28,
    25,
    17,
    22,
    30,
    25,
    38,
    18,
    24,
    24,
    30,
    34,
    32,
    36,
    29,
    21,
    31,
    33,
    34
  ],
  "diversity":true,
  "p_split":0.3,
  "split_reliability_mode":"identical_active_pool",
  "mechanism":null,
  "fixed_sfc_len":null,
  "fixed_reliability":null,
  "max_backup_level":2,
  "explicit_split_replicas":true,
  "split_enforce_distinct":false,
  "strict_split_resource_ablation":false,
  "split_replica_resource_scale":1.0,
  "cap_base_min":500,
  "cap_base_max":700,
  "cap_scale":0.2,
  "total_arrivals":3446,
  "total_accepted":2770,
  "total_rejected":676,
  "acceptance_ratio":0.8038305281,
  "avg_cost_per_arrival":28.1180495605,
  "total_cost":96894.7987853117,
  "total_cost_resource":70364.7987853116,
  "avg_cost_per_accepted":34.9800717637,
  "final_utilization":0.9670837174,
  "avg_utilization_over_time":0.933021951,
  "avg_leftover_capacity_sum_over_time":11567.4305555556,
  "final_leftover_capacity_sum":5684.8,
  "final_leftover_capacity_min":0.0666666667,
  "final_leftover_capacity_max":352.0,
  "final_leftover_capacity_avg":41.4948905109,
  "avg_e2e_delay_accepted":0.0651498554,
  "p95_e2e_delay_accepted":0.12840162,
  "avg_access_delay_accepted":0.0080336016,
  "avg_processing_delay_accepted":0.0428684673,
  "avg_network_delay_accepted":0.0109893495,
  "avg_split_proc_overhead_accepted":5.496944155e-19,
  "avg_split_net_overhead_accepted":0.0,
  "total_transmitted_bits_accepted":4348920184.895611763,
  "avg_transmitted_bits_per_accepted":1570007.2869659248,
  "total_split_transmitted_bits_accepted":1010198350.962038517,
  "avg_split_transmitted_bits_per_accepted":364692.5454736601,
  "avg_split_overhead_ratio_accepted":7.126510129e-18,
  "p95_split_overhead_ratio_accepted":4.922165929e-17,
  "rga_accepted_total":3446,
  "rga_rejected_total":0,
  "rga_rejection_ratio":0.0,
  "mdca_rejected_total":676,
  "mdca_capacity_rejected_total":646,
  "mdca_reliability_rejected_total":2,
  "mdca_qos_rejected_total":28,
  "mdca_rejection_ratio":0.1961694719,
  "capacity_rejection_ratio":0.1874637261,
  "reliability_rejection_ratio":0.0005803831,
  "qos_rejected_total":28,
  "qos_rejection_ratio":0.0081253627
}