{
  "algo":"random",
  "region":"Arizona",
  "time_slots":120,
  "arrival_rate":10.0,
  "mean_service_time":9.0,
  "seed":4,
  "trace_seed":6924464926681292769,
  "algo_seed":14455530561567367807,
  "trace_hash":"ee1faae485629a3125a33decafefdc6e50a26272bc8a68abc25d6b211fee5ee0",
  "arrivals_per_slot":[
    9,
    13,
    11,
    13,
    10,
    3,
    13,
    12,
    8,
    3,
    11,
    1,
    6,
    13,
    5,
    12,
    13,
    14,
    15,
    12,
    12,
    9,
    10,
    9,
    10,
    10,
    5,
    9,
    12,
    6,
    6,
    13,
    6,
    8,
    8,
    9,
    7,
    17,
    10,
    14,
    8,
    6,
    17,
    11,
    18,
    9,
    10,
    11,
    8,
    9,
    12,
    9,
    11,
    10,
    6,
    17,
    10,
    6,
    7,
    11,
    8,
    14,
    8,
    9,
    13,
    5,
    11,
    17,
    10,
    7,
    8,
    11,
    12,
    9,
    8,
    10,
    14,
    11,
    15,
    11,
    5,
    6,
    6,
    6,
    8,
    13,
    11,
    10,
    10,
    22,
    13,
    4,
    8,
    5,
    8,
    5,
    6,
    8,
    9,
    11,
    9,
    13,
    14,
    11,
    10,
    13,
    5,
    7,
    10,
    12,
    13,
    7,
    10,
    17,
    9,
    15,
    11,
    16,
    7,
    16
  ],
  "diversity":false,
  "p_split":null,
  "split_reliability_mode":null,
  "mechanism":null,
  "fixed_sfc_len":null,
  "fixed_reliability":null,
  "max_backup_level":2,
  "explicit_split_replicas":false,
  "split_enforce_distinct":false,
  "strict_split_resource_ablation":false,
  "split_replica_resource_scale":1.0,
  "cap_base_min":500,
  "cap_base_max":700,
  "cap_scale":0.2,
  "total_arrivals":1203,
  "total_accepted":1189,
  "total_rejected":14,
  "acceptance_ratio":0.9883624273,
  "avg_cost_per_arrival":58.5158639797,
  "total_cost":70394.5843675228,
  "total_cost_resource":54129.5843675228,
  "avg_cost_per_accepted":59.2048649012,
  "final_utilization":0.4262534595,
  "avg_utilization_over_time":0.3083359958,
  "avg_leftover_capacity_sum_over_time":261510.9666666667,
  "final_leftover_capacity_sum":216927.6,
  "final_leftover_capacity_min":3.0,
  "final_leftover_capacity_max":1987.2,
  "final_leftover_capacity_avg":690.8522292994,
  "avg_e2e_delay_accepted":0.0647617319,
  "p95_e2e_delay_accepted":0.1293060234,
  "avg_access_delay_accepted":0.0079620167,
  "avg_processing_delay_accepted":0.0476432071,
  "avg_network_delay_accepted":0.0091565081,
  "avg_split_proc_overhead_accepted":0.0,
  "avg_split_net_overhead_accepted":0.0,
  "total_transmitted_bits_accepted":1735107373.4333035946,
  "avg_transmitted_bits_per_accepted":1459299.7253434008,
  "total_split_transmitted_bits_accepted":0.0,
  "avg_split_transmitted_bits_per_accepted":0.0,
  "avg_split_overhead_ratio_accepted":0.0,
  "p95_split_overhead_ratio_accepted":0.0,
  "rga_accepted_total":1203,
  "rga_rejected_total":0,
  "rga_rejection_ratio":0.0,
  "mdca_rejected_total":14,
  "mdca_capacity_rejected_total":0,
  "mdca_reliability_rejected_total":0,
  "mdca_qos_rejected_total":14,
  "mdca_rejection_ratio":0.0116375727,
  "capacity_rejection_ratio":0.0,
  "reliability_rejection_ratio":0.0,
  "qos_rejected_total":14,
  "qos_rejection_ratio":0.0116375727
}