{
  "algo":"mdca",
  "region":"Alabama",
  "time_slots":120,
  "arrival_rate":20.0,
  "mean_service_time":9.0,
  "seed":5,
  "trace_seed":2580428878638227848,
  "algo_seed":6041356402655296302,
  "trace_hash":"0d1fbba2a2e6b9801318ade42379dc3ac0919e7b2a08cfc383d79714cca222e7",
  "arrivals_per_slot":[
    19,
    19,
    19,
    21,
    18,
    19,
    30,
    18,
    23,
    23,
    29,
    19,
    28,
    20,
    21,
    16,
    20,
    17,
    17,
    20,
    18,
    15,
    15,
    15,
    20,
    18,
    21,
    19,
    18,
    30,
    19,
    16,
    18,
    24,
    24,
    23,
    17,
    21,
    22,
    18,
    21,
    13,
    27,
    24,
    17,
    16,
    22,
    19,
    19,
    24,
    19,
    20,
    16,
    22,
    23,
    23,
    21,
    15,
    31,
    24,
    14,
    24,
    27,
    20,
    18,
    23,
    16,
    22,
    19,
    24,
    27,
    24,
    16,
    20,
    22,
    22,
    25,
    26,
    16,
    19,
    20,
    20,
    15,
    21,
    22,
    23,
    14,
    14,
    19,
    13,
    14,
    20,
    22,
    21,
    12,
    23,
    14,
    20,
    17,
    21,
    13,
    23,
    21,
    20,
    17,
    19,
    23,
    23,
    25,
    22,
    21,
    26,
    17,
    30,
    13,
    33,
    20,
    21,
    25,
    19
  ],
  "diversity":true,
  "p_split":0.3,
  "split_reliability_mode":"identical_active_pool",
  "mechanism":null,
  "fixed_sfc_len":4,
  "fixed_reliability":null,
  "max_backup_level":2,
  "explicit_split_replicas":true,
  "split_enforce_distinct":false,
  "strict_split_resource_ablation":false,
  "split_replica_resource_scale":1.0,
  "cap_base_min":500,
  "cap_base_max":700,
  "cap_scale":0.2,
  "total_arrivals":2443,
  "total_accepted":1908,
  "total_rejected":535,
  "acceptance_ratio":0.7810069587,
  "avg_cost_per_arrival":41.3630797064,
  "total_cost":101050.0037226182,
  "total_cost_resource":73068.0037226183,
  "avg_cost_per_accepted":52.961217884,
  "final_utilization":0.9684580258,
  "avg_utilization_over_time":0.9342058805,
  "avg_leftover_capacity_sum_over_time":11636.1111111111,
  "final_leftover_capacity_sum":5578.4,
  "final_leftover_capacity_min":0.0,
  "final_leftover_capacity_max":323.4,
  "final_leftover_capacity_avg":40.7182481752,
  "avg_e2e_delay_accepted":0.0929632207,
  "p95_e2e_delay_accepted":0.1462328136,
  "avg_access_delay_accepted":0.0080265811,
  "avg_processing_delay_accepted":0.062880951,
  "avg_network_delay_accepted":0.016827682,
  "avg_split_proc_overhead_accepted":8.869091985e-19,
  "avg_split_net_overhead_accepted":0.0,
  "total_transmitted_bits_accepted":4796242339.9872550964,
  "avg_transmitted_bits_per_accepted":2513753.846953488,
  "total_split_transmitted_bits_accepted":943209665.216865778,
  "avg_split_transmitted_bits_per_accepted":494344.6882687976,
  "avg_split_overhead_ratio_accepted":9.047377528e-18,
  "p95_split_overhead_ratio_accepted":5.08616517e-17,
  "rga_accepted_total":2443,
  "rga_rejected_total":0,
  "rga_rejection_ratio":0.0,
  "mdca_rejected_total":535,
  "mdca_capacity_rejected_total":492,
  "mdca_reliability_rejected_total":1,
  "mdca_qos_rejected_total":42,
  "mdca_rejection_ratio":0.2189930413,
  "capacity_rejection_ratio":0.2013917315,
  "reliability_rejection_ratio":0.0004093328,
  "qos_rejected_total":42,
  "qos_rejection_ratio":0.0171919771
}