region,fixed_reliability,seed,method,share,share_tag,domain_count,domain_failure_prob,total_accepted,expected_target_satisfaction_ratio,expected_reliability,expected_reliability_loss
Alabama,0.999,3,DMDCA,"0.5,0.5",0p5_0p5,6,0.0,1115,1.0,0.9993825276388516,5.551115123125783e-16
Alabama,0.999,3,DMDCA,"0.5,0.5",0p5_0p5,6,0.01,1115,0.9652582799279512,0.9935311699365352,0.005851357702316928
Alabama,0.999,3,DMDCA,"0.5,0.5",0p5_0p5,6,0.03,1115,0.8988352968169632,0.9812868053886672,0.018095722250184965
Alabama,0.999,3,DMDCA,"0.5,0.5",0p5_0p5,6,0.05,1115,0.8363266141535871,0.9683296706670139,0.03105285697183824
Alabama,0.999,3,MDCA,nan,nan,6,0.0,926,1.0,0.9994059352449955,4.440892098500626e-16
Alabama,0.999,3,MDCA,nan,nan,6,0.01,926,0.9683245589858848,0.9925828324346596,0.006823102810336379
Alabama,0.999,3,MDCA,nan,nan,6,0.03,926,0.9074992447082513,0.978465090285101,0.02094084495989501
Alabama,0.999,3,MDCA,nan,nan,6,0.05,926,0.8499178625978665,0.963731426437948,0.03567450880704803
