{
  "algo":"hspa",
  "region":"Arizona",
  "time_slots":120,
  "arrival_rate":12.0,
  "mean_service_time":9.0,
  "seed":3,
  "trace_seed":14706659483778936323,
  "algo_seed":5690859720453196328,
  "trace_hash":"1037d2899d6e0a56abeb26cf6c1b59c408485dc96142fa976cd0341429a4eaab",
  "arrivals_per_slot":[
    19,
    16,
    10,
    8,
    15,
    11,
    13,
    8,
    10,
    7,
    11,
    11,
    15,
    13,
    6,
    7,
    10,
    17,
    16,
    14,
    14,
    11,
    11,
    10,
    13,
    10,
    10,
    13,
    14,
    13,
    13,
    11,
    13,
    9,
    18,
    12,
    14,
    15,
    20,
    9,
    11,
    16,
    14,
    16,
    12,
    10,
    8,
    14,
    5,
    13,
    8,
    9,
    8,
    9,
    18,
    7,
    13,
    9,
    15,
    10,
    12,
    15,
    14,
    6,
    16,
    16,
    12,
    11,
    17,
    10,
    10,
    18,
    14,
    6,
    14,
    10,
    10,
    19,
    7,
    16,
    5,
    9,
    12,
    12,
    17,
    15,
    6,
    11,
    6,
    18,
    14,
    12,
    17,
    12,
    10,
    9,
    6,
    12,
    20,
    18,
    13,
    12,
    13,
    17,
    11,
    12,
    7,
    14,
    20,
    13,
    9,
    11,
    13,
    8,
    13,
    12,
    11,
    12,
    13,
    12
  ],
  "diversity":false,
  "p_split":null,
  "split_reliability_mode":null,
  "mechanism":null,
  "fixed_sfc_len":null,
  "fixed_reliability":0.998,
  "max_backup_level":2,
  "explicit_split_replicas":false,
  "split_enforce_distinct":false,
  "strict_split_resource_ablation":false,
  "split_replica_resource_scale":1.0,
  "cap_base_min":500,
  "cap_base_max":700,
  "cap_scale":0.2,
  "total_arrivals":1455,
  "total_accepted":1389,
  "total_rejected":66,
  "acceptance_ratio":0.9546391753,
  "avg_cost_per_arrival":48.800559733,
  "total_cost":71004.814411505,
  "total_cost_resource":48194.814411505,
  "avg_cost_per_accepted":51.1193768261,
  "final_utilization":0.5055249316,
  "avg_utilization_over_time":0.4529582281,
  "avg_leftover_capacity_sum_over_time":208086.375,
  "final_leftover_capacity_sum":188090.8,
  "final_leftover_capacity_min":0.0,
  "final_leftover_capacity_max":2220.8,
  "final_leftover_capacity_avg":599.0152866242,
  "avg_e2e_delay_accepted":0.0626469178,
  "p95_e2e_delay_accepted":0.1290444406,
  "avg_access_delay_accepted":0.0080832283,
  "avg_processing_delay_accepted":0.0467919316,
  "avg_network_delay_accepted":0.0077717579,
  "avg_split_proc_overhead_accepted":0.0,
  "avg_split_net_overhead_accepted":0.0,
  "total_transmitted_bits_accepted":1766921579.7516870499,
  "avg_transmitted_bits_per_accepted":1272081.7708795443,
  "total_split_transmitted_bits_accepted":0.0,
  "avg_split_transmitted_bits_per_accepted":0.0,
  "avg_split_overhead_ratio_accepted":0.0,
  "p95_split_overhead_ratio_accepted":0.0,
  "rga_accepted_total":1399,
  "rga_rejected_total":56,
  "rga_rejection_ratio":0.0384879725,
  "mdca_rejected_total":10,
  "mdca_capacity_rejected_total":0,
  "mdca_reliability_rejected_total":0,
  "mdca_qos_rejected_total":10,
  "mdca_rejection_ratio":0.0068728522,
  "capacity_rejection_ratio":0.0,
  "reliability_rejection_ratio":0.0,
  "qos_rejected_total":10,
  "qos_rejection_ratio":0.0068728522
}