{
  "algo":"mdca",
  "region":"Arizona",
  "time_slots":120,
  "arrival_rate":50.0,
  "mean_service_time":9.0,
  "seed":3,
  "trace_seed":11706345605431901300,
  "algo_seed":18087234375462464239,
  "trace_hash":"d6d06a6a58a9e47dfaa05f00cdc2ed2649a320ccc62d9f5524bd7d3b576706f2",
  "arrivals_per_slot":[
    52,
    53,
    49,
    46,
    51,
    53,
    42,
    42,
    35,
    57,
    53,
    54,
    58,
    60,
    47,
    58,
    43,
    45,
    57,
    50,
    46,
    61,
    45,
    45,
    49,
    54,
    57,
    47,
    48,
    47,
    46,
    53,
    38,
    51,
    44,
    51,
    56,
    50,
    42,
    55,
    50,
    43,
    46,
    48,
    53,
    60,
    37,
    43,
    42,
    49,
    52,
    41,
    47,
    41,
    47,
    52,
    39,
    29,
    41,
    56,
    40,
    44,
    44,
    46,
    65,
    42,
    46,
    49,
    60,
    56,
    68,
    46,
    47,
    54,
    45,
    60,
    51,
    54,
    58,
    46,
    46,
    51,
    42,
    47,
    50,
    60,
    52,
    48,
    46,
    54,
    52,
    61,
    52,
    58,
    40,
    42,
    34,
    47,
    40,
    42,
    45,
    45,
    52,
    42,
    67,
    51,
    42,
    46,
    58,
    46,
    58,
    42,
    54,
    54,
    47,
    53,
    46,
    52,
    62,
    50
  ],
  "diversity":true,
  "p_split":0.3,
  "split_reliability_mode":"identical_active_pool",
  "split_recovery_coverage":1.0,
  "split_workload_shares":"0.5,0.5",
  "mechanism":null,
  "fixed_sfc_len":3,
  "fixed_reliability":0.999,
  "max_backup_level":2,
  "explicit_split_replicas":true,
  "split_enforce_distinct":false,
  "strict_split_resource_ablation":false,
  "split_replica_resource_scale":1.0,
  "backhaul_knn_k":4,
  "backhaul_use_device_bw":true,
  "backhaul_bw_scale":0.5,
  "fiber_speed_mps":200000000.0,
  "switch_delay_s":0.0002,
  "region_cloudlet_count":314,
  "cap_base_min":500,
  "cap_base_max":700,
  "cap_scale":0.2,
  "total_arrivals":5903,
  "total_accepted":3376,
  "total_rejected":2527,
  "acceptance_ratio":0.5719125868,
  "avg_cost_per_arrival":36.5536606092,
  "total_cost":215776.258576242,
  "total_cost_resource":157076.258576242,
  "avg_cost_per_accepted":63.9147685356,
  "final_utilization":0.9678446885,
  "avg_utilization_over_time":0.9492211016,
  "avg_leftover_capacity_sum_over_time":18895.8944444445,
  "final_leftover_capacity_sum":11965.6666666667,
  "final_leftover_capacity_min":0.1333333333,
  "final_leftover_capacity_max":259.4,
  "final_leftover_capacity_avg":38.1072186837,
  "avg_e2e_delay_accepted":0.0774098372,
  "p95_e2e_delay_accepted":0.1229270787,
  "avg_access_delay_accepted":0.008039152,
  "avg_processing_delay_accepted":0.0490065699,
  "avg_network_delay_accepted":0.0156622155,
  "avg_split_proc_overhead_accepted":7.024191326e-19,
  "avg_split_net_overhead_accepted":0.0,
  "total_transmitted_bits_accepted":6382506268.1400489807,
  "avg_transmitted_bits_per_accepted":1890552.8045438533,
  "total_split_transmitted_bits_accepted":1651036780.905620575,
  "avg_split_transmitted_bits_per_accepted":489051.1791782051,
  "avg_split_overhead_ratio_accepted":8.589485265e-18,
  "p95_split_overhead_ratio_accepted":5.051680517e-17,
  "rga_accepted_total":4757,
  "rga_rejected_total":1146,
  "rga_rejection_ratio":0.1941385736,
  "mdca_rejected_total":1381,
  "mdca_capacity_rejected_total":1356,
  "mdca_reliability_rejected_total":1,
  "mdca_qos_rejected_total":24,
  "mdca_rejection_ratio":0.2339488396,
  "capacity_rejection_ratio":0.2297137049,
  "reliability_rejection_ratio":0.0001694054,
  "qos_rejected_total":24,
  "qos_rejection_ratio":0.0040657293
}