{
  "algo":"mdca",
  "region":"Arizona",
  "time_slots":120,
  "arrival_rate":20.0,
  "mean_service_time":9.0,
  "seed":3,
  "trace_seed":13599724195755243577,
  "algo_seed":18185845460186161846,
  "trace_hash":"53c423d3c47f7f26580a19666bafb2b59c1080bac17783625ce2a2e240ca8816",
  "arrivals_per_slot":[
    29,
    18,
    17,
    20,
    21,
    19,
    21,
    24,
    14,
    17,
    17,
    17,
    18,
    20,
    17,
    20,
    18,
    20,
    22,
    19,
    22,
    20,
    25,
    18,
    31,
    26,
    18,
    26,
    20,
    19,
    10,
    21,
    17,
    29,
    9,
    20,
    16,
    19,
    13,
    31,
    21,
    15,
    18,
    21,
    23,
    24,
    18,
    22,
    24,
    24,
    20,
    15,
    23,
    17,
    24,
    16,
    18,
    16,
    20,
    21,
    14,
    16,
    20,
    23,
    15,
    17,
    18,
    22,
    19,
    20,
    28,
    17,
    18,
    38,
    15,
    22,
    19,
    27,
    17,
    16,
    16,
    16,
    23,
    13,
    18,
    28,
    36,
    20,
    24,
    14,
    15,
    16,
    19,
    14,
    17,
    17,
    24,
    17,
    19,
    18,
    20,
    13,
    14,
    23,
    25,
    23,
    21,
    20,
    10,
    21,
    23,
    29,
    19,
    25,
    16,
    23,
    16,
    21,
    14,
    19
  ],
  "diversity":false,
  "p_split":null,
  "split_reliability_mode":null,
  "split_recovery_coverage":null,
  "split_workload_shares":null,
  "mechanism":null,
  "fixed_sfc_len":3,
  "fixed_reliability":0.999,
  "max_backup_level":2,
  "explicit_split_replicas":false,
  "split_enforce_distinct":false,
  "strict_split_resource_ablation":false,
  "split_replica_resource_scale":1.0,
  "backhaul_knn_k":4,
  "backhaul_use_device_bw":true,
  "backhaul_bw_scale":0.5,
  "fiber_speed_mps":200000000.0,
  "switch_delay_s":0.0002,
  "region_cloudlet_count":200,
  "cap_base_min":500,
  "cap_base_max":700,
  "cap_scale":0.2,
  "total_arrivals":2378,
  "total_accepted":1501,
  "total_rejected":877,
  "acceptance_ratio":0.6312026913,
  "avg_cost_per_arrival":45.4945646403,
  "total_cost":108186.0747145721,
  "total_cost_resource":82480.0747145721,
  "avg_cost_per_accepted":72.0759991436,
  "final_utilization":0.9416214257,
  "avg_utilization_over_time":0.8061573416,
  "avg_leftover_capacity_sum_over_time":46424.425,
  "final_leftover_capacity_sum":13981.4,
  "final_leftover_capacity_min":0.0,
  "final_leftover_capacity_max":881.0,
  "final_leftover_capacity_avg":69.907,
  "avg_e2e_delay_accepted":0.064371356,
  "p95_e2e_delay_accepted":0.1107688381,
  "avg_access_delay_accepted":0.0080215604,
  "avg_processing_delay_accepted":0.0487256735,
  "avg_network_delay_accepted":0.0076241222,
  "avg_split_proc_overhead_accepted":0.0,
  "avg_split_net_overhead_accepted":0.0,
  "total_transmitted_bits_accepted":1915252659.5079259872,
  "avg_transmitted_bits_per_accepted":1275984.4500385916,
  "total_split_transmitted_bits_accepted":0.0,
  "avg_split_transmitted_bits_per_accepted":0.0,
  "avg_split_overhead_ratio_accepted":0.0,
  "p95_split_overhead_ratio_accepted":0.0,
  "rga_accepted_total":1541,
  "rga_rejected_total":837,
  "rga_rejection_ratio":0.3519764508,
  "mdca_rejected_total":40,
  "mdca_capacity_rejected_total":35,
  "mdca_reliability_rejected_total":0,
  "mdca_qos_rejected_total":5,
  "mdca_rejection_ratio":0.0168208579,
  "capacity_rejection_ratio":0.0147182506,
  "reliability_rejection_ratio":0.0,
  "qos_rejected_total":5,
  "qos_rejection_ratio":0.0021026072
}