{
  "algo":"mdca",
  "region":"Arizona",
  "time_slots":120,
  "arrival_rate":20.0,
  "mean_service_time":9.0,
  "seed":3,
  "trace_seed":5651917368525468501,
  "algo_seed":18185845460186161846,
  "trace_hash":"105293de15c1fa2254c8535a3cce259da0a8e837f80090fc296ffac57c427629",
  "arrivals_per_slot":[
    18,
    26,
    22,
    11,
    14,
    20,
    13,
    19,
    18,
    19,
    22,
    24,
    18,
    21,
    25,
    18,
    22,
    24,
    17,
    22,
    21,
    20,
    23,
    20,
    23,
    19,
    26,
    21,
    20,
    27,
    18,
    18,
    14,
    22,
    20,
    22,
    30,
    21,
    12,
    24,
    17,
    25,
    21,
    20,
    19,
    18,
    16,
    24,
    10,
    25,
    20,
    13,
    13,
    25,
    14,
    16,
    33,
    7,
    24,
    25,
    19,
    20,
    17,
    24,
    20,
    27,
    18,
    20,
    21,
    13,
    8,
    16,
    22,
    28,
    20,
    28,
    12,
    18,
    27,
    19,
    19,
    22,
    15,
    22,
    21,
    22,
    26,
    27,
    24,
    24,
    20,
    21,
    25,
    24,
    24,
    21,
    20,
    17,
    21,
    24,
    21,
    21,
    18,
    20,
    26,
    21,
    18,
    14,
    26,
    17,
    16,
    18,
    18,
    15,
    27,
    14,
    19,
    27,
    21,
    26
  ],
  "diversity":false,
  "p_split":null,
  "split_reliability_mode":null,
  "split_recovery_coverage":null,
  "split_workload_shares":null,
  "mechanism":null,
  "fixed_sfc_len":3,
  "fixed_reliability":0.999,
  "max_backup_level":2,
  "explicit_split_replicas":false,
  "split_enforce_distinct":false,
  "strict_split_resource_ablation":false,
  "split_replica_resource_scale":1.0,
  "backhaul_knn_k":4,
  "backhaul_use_device_bw":true,
  "backhaul_bw_scale":0.5,
  "fiber_speed_mps":200000000.0,
  "switch_delay_s":0.0002,
  "region_cloudlet_count":100,
  "cap_base_min":500,
  "cap_base_max":700,
  "cap_scale":0.2,
  "total_arrivals":2438,
  "total_accepted":1050,
  "total_rejected":1388,
  "acceptance_ratio":0.430680886,
  "avg_cost_per_arrival":27.9054039348,
  "total_cost":68033.3747929775,
  "total_cost_resource":50415.3747929775,
  "avg_cost_per_accepted":64.793690279,
  "final_utilization":0.966973904,
  "avg_utilization_over_time":0.9345188665,
  "avg_leftover_capacity_sum_over_time":7948.2833333333,
  "final_leftover_capacity_sum":4008.8,
  "final_leftover_capacity_min":0.6,
  "final_leftover_capacity_max":423.0,
  "final_leftover_capacity_avg":40.088,
  "avg_e2e_delay_accepted":0.0696128754,
  "p95_e2e_delay_accepted":0.1168929121,
  "avg_access_delay_accepted":0.0080484797,
  "avg_processing_delay_accepted":0.0545623786,
  "avg_network_delay_accepted":0.0070020171,
  "avg_split_proc_overhead_accepted":0.0,
  "avg_split_net_overhead_accepted":0.0,
  "total_transmitted_bits_accepted":1308180652.5799114704,
  "avg_transmitted_bits_per_accepted":1245886.3357903918,
  "total_split_transmitted_bits_accepted":0.0,
  "avg_split_transmitted_bits_per_accepted":0.0,
  "avg_split_overhead_ratio_accepted":0.0,
  "p95_split_overhead_ratio_accepted":0.0,
  "rga_accepted_total":1572,
  "rga_rejected_total":866,
  "rga_rejection_ratio":0.3552091879,
  "mdca_rejected_total":522,
  "mdca_capacity_rejected_total":515,
  "mdca_reliability_rejected_total":0,
  "mdca_qos_rejected_total":7,
  "mdca_rejection_ratio":0.2141099262,
  "capacity_rejection_ratio":0.2112387203,
  "reliability_rejection_ratio":0.0,
  "qos_rejected_total":7,
  "qos_rejection_ratio":0.0028712059
}