{
  "algo":"random",
  "region":"Arizona",
  "time_slots":120,
  "arrival_rate":20.0,
  "mean_service_time":9.0,
  "seed":3,
  "trace_seed":12517108952218681986,
  "algo_seed":16411256898775438693,
  "trace_hash":"f5f32ae47f1bd0aa8a4ce7949af8aa8e67153ff6074146127485d37e35beb666",
  "arrivals_per_slot":[
    17,
    25,
    30,
    14,
    22,
    19,
    21,
    16,
    33,
    26,
    22,
    19,
    21,
    20,
    21,
    25,
    22,
    30,
    20,
    19,
    15,
    20,
    20,
    22,
    18,
    22,
    25,
    13,
    26,
    19,
    23,
    20,
    21,
    16,
    22,
    18,
    15,
    20,
    18,
    17,
    24,
    29,
    22,
    23,
    25,
    16,
    11,
    23,
    29,
    19,
    23,
    19,
    17,
    26,
    18,
    26,
    24,
    18,
    16,
    27,
    23,
    17,
    23,
    19,
    22,
    17,
    22,
    16,
    21,
    21,
    13,
    18,
    27,
    22,
    26,
    13,
    16,
    30,
    16,
    17,
    15,
    13,
    20,
    19,
    16,
    16,
    17,
    19,
    18,
    22,
    16,
    18,
    22,
    26,
    27,
    31,
    19,
    26,
    17,
    27,
    20,
    20,
    19,
    17,
    22,
    25,
    20,
    14,
    24,
    15,
    28,
    18,
    10,
    13,
    21,
    15,
    20,
    20,
    15,
    19
  ],
  "diversity":false,
  "p_split":null,
  "split_reliability_mode":null,
  "mechanism":null,
  "fixed_sfc_len":3,
  "fixed_reliability":null,
  "max_backup_level":2,
  "explicit_split_replicas":false,
  "split_enforce_distinct":false,
  "strict_split_resource_ablation":false,
  "split_replica_resource_scale":1.0,
  "cap_base_min":500,
  "cap_base_max":700,
  "cap_scale":0.2,
  "total_arrivals":2445,
  "total_accepted":2435,
  "total_rejected":10,
  "acceptance_ratio":0.9959100204,
  "avg_cost_per_arrival":58.9442578928,
  "total_cost":144118.710548001,
  "total_cost_resource":110830.7105480011,
  "avg_cost_per_accepted":59.1863287671,
  "final_utilization":0.6637846717,
  "avg_utilization_over_time":0.6740047921,
  "avg_leftover_capacity_sum_over_time":123121.2833333333,
  "final_leftover_capacity_sum":126981.2,
  "final_leftover_capacity_min":0.8,
  "final_leftover_capacity_max":1598.4,
  "final_leftover_capacity_avg":404.3987261146,
  "avg_e2e_delay_accepted":0.0653303434,
  "p95_e2e_delay_accepted":0.1120868597,
  "avg_access_delay_accepted":0.0080468266,
  "avg_processing_delay_accepted":0.0478281194,
  "avg_network_delay_accepted":0.0094553973,
  "avg_split_proc_overhead_accepted":0.0,
  "avg_split_net_overhead_accepted":0.0,
  "total_transmitted_bits_accepted":3640521205.8407588005,
  "avg_transmitted_bits_per_accepted":1495080.5773473342,
  "total_split_transmitted_bits_accepted":0.0,
  "avg_split_transmitted_bits_per_accepted":0.0,
  "avg_split_overhead_ratio_accepted":0.0,
  "p95_split_overhead_ratio_accepted":0.0,
  "rga_accepted_total":2445,
  "rga_rejected_total":0,
  "rga_rejection_ratio":0.0,
  "mdca_rejected_total":10,
  "mdca_capacity_rejected_total":0,
  "mdca_reliability_rejected_total":0,
  "mdca_qos_rejected_total":10,
  "mdca_rejection_ratio":0.0040899796,
  "capacity_rejection_ratio":0.0,
  "reliability_rejection_ratio":0.0,
  "qos_rejected_total":10,
  "qos_rejection_ratio":0.0040899796
}