{
  "algo":"random",
  "region":"Alabama",
  "time_slots":120,
  "arrival_rate":20.0,
  "mean_service_time":9.0,
  "seed":4,
  "trace_seed":8232878860584286532,
  "algo_seed":11812869563047589514,
  "trace_hash":"73ddec1fddd72840ca0047ebd936137f3e733fc5696629341fcf6cecb8673a33",
  "arrivals_per_slot":[
    14,
    21,
    19,
    18,
    22,
    21,
    21,
    16,
    15,
    27,
    22,
    21,
    23,
    17,
    20,
    22,
    24,
    17,
    15,
    24,
    29,
    24,
    15,
    22,
    22,
    13,
    21,
    17,
    23,
    14,
    29,
    22,
    25,
    22,
    22,
    24,
    29,
    29,
    22,
    24,
    23,
    18,
    16,
    11,
    23,
    17,
    30,
    19,
    19,
    25,
    18,
    29,
    17,
    20,
    26,
    17,
    22,
    15,
    17,
    25,
    20,
    19,
    14,
    18,
    19,
    19,
    20,
    18,
    21,
    24,
    26,
    25,
    24,
    18,
    22,
    15,
    16,
    17,
    17,
    19,
    32,
    19,
    25,
    24,
    18,
    16,
    15,
    21,
    19,
    25,
    12,
    21,
    40,
    19,
    17,
    20,
    17,
    16,
    17,
    16,
    20,
    25,
    9,
    19,
    21,
    14,
    13,
    22,
    17,
    24,
    29,
    16,
    19,
    20,
    35,
    14,
    14,
    22,
    18,
    16
  ],
  "diversity":false,
  "p_split":null,
  "split_reliability_mode":null,
  "mechanism":null,
  "fixed_sfc_len":4,
  "fixed_reliability":null,
  "max_backup_level":2,
  "explicit_split_replicas":false,
  "split_enforce_distinct":false,
  "strict_split_resource_ablation":false,
  "split_replica_resource_scale":1.0,
  "cap_base_min":500,
  "cap_base_max":700,
  "cap_scale":0.2,
  "total_arrivals":2441,
  "total_accepted":1187,
  "total_rejected":1254,
  "acceptance_ratio":0.4862761163,
  "avg_cost_per_arrival":39.7083896328,
  "total_cost":96928.179093643,
  "total_cost_resource":73664.179093643,
  "avg_cost_per_accepted":81.6581121261,
  "final_utilization":0.9408255803,
  "avg_utilization_over_time":0.9276933788,
  "avg_leftover_capacity_sum_over_time":12492.4583333333,
  "final_leftover_capacity_sum":10223.6,
  "final_leftover_capacity_min":1.0,
  "final_leftover_capacity_max":234.0,
  "final_leftover_capacity_avg":74.6248175182,
  "avg_e2e_delay_accepted":0.0873867527,
  "p95_e2e_delay_accepted":0.141294641,
  "avg_access_delay_accepted":0.0080459271,
  "avg_processing_delay_accepted":0.067386942,
  "avg_network_delay_accepted":0.0119538836,
  "avg_split_proc_overhead_accepted":0.0,
  "avg_split_net_overhead_accepted":0.0,
  "total_transmitted_bits_accepted":2652472594.03779459,
  "avg_transmitted_bits_per_accepted":2234602.0168810403,
  "total_split_transmitted_bits_accepted":0.0,
  "avg_split_transmitted_bits_per_accepted":0.0,
  "avg_split_overhead_ratio_accepted":0.0,
  "p95_split_overhead_ratio_accepted":0.0,
  "rga_accepted_total":2441,
  "rga_rejected_total":0,
  "rga_rejection_ratio":0.0,
  "mdca_rejected_total":1254,
  "mdca_capacity_rejected_total":1233,
  "mdca_reliability_rejected_total":0,
  "mdca_qos_rejected_total":21,
  "mdca_rejection_ratio":0.5137238837,
  "capacity_rejection_ratio":0.5051208521,
  "reliability_rejection_ratio":0.0,
  "qos_rejected_total":21,
  "qos_rejection_ratio":0.0086030315
}