{
  "algo":"dtsp",
  "region":"Arizona",
  "time_slots":120,
  "arrival_rate":10.0,
  "mean_service_time":9.0,
  "seed":1,
  "trace_seed":11566560136569328113,
  "algo_seed":13714346850831613210,
  "trace_hash":"1b5baaf3186290e260ddf7785821de0ead588ab64d750f63681126076705cdd7",
  "arrivals_per_slot":[
    13,
    8,
    14,
    10,
    14,
    10,
    14,
    9,
    9,
    10,
    8,
    8,
    8,
    7,
    11,
    12,
    13,
    12,
    8,
    12,
    10,
    11,
    9,
    7,
    11,
    11,
    5,
    12,
    6,
    6,
    8,
    9,
    11,
    10,
    8,
    3,
    14,
    12,
    10,
    9,
    7,
    8,
    5,
    11,
    7,
    8,
    10,
    14,
    9,
    13,
    11,
    9,
    6,
    11,
    12,
    13,
    5,
    9,
    9,
    9,
    7,
    6,
    7,
    15,
    9,
    3,
    9,
    12,
    13,
    12,
    10,
    12,
    8,
    13,
    14,
    8,
    3,
    11,
    10,
    5,
    5,
    6,
    16,
    8,
    10,
    11,
    17,
    9,
    8,
    6,
    10,
    7,
    8,
    7,
    12,
    8,
    11,
    6,
    7,
    13,
    15,
    5,
    14,
    11,
    13,
    8,
    7,
    9,
    7,
    9,
    15,
    8,
    9,
    5,
    8,
    7,
    9,
    7,
    16,
    12
  ],
  "diversity":false,
  "p_split":null,
  "split_reliability_mode":null,
  "mechanism":null,
  "fixed_sfc_len":null,
  "fixed_reliability":null,
  "max_backup_level":2,
  "explicit_split_replicas":false,
  "split_enforce_distinct":false,
  "strict_split_resource_ablation":false,
  "split_replica_resource_scale":1.0,
  "cap_base_min":500,
  "cap_base_max":700,
  "cap_scale":0.2,
  "total_arrivals":1144,
  "total_accepted":1128,
  "total_rejected":16,
  "acceptance_ratio":0.986013986,
  "avg_cost_per_arrival":31.5500823384,
  "total_cost":36093.2941951511,
  "total_cost_resource":23302.2941951511,
  "avg_cost_per_accepted":31.9976012368,
  "final_utilization":0.30550158,
  "avg_utilization_over_time":0.2367162251,
  "avg_leftover_capacity_sum_over_time":287775.2333333334,
  "final_leftover_capacity_sum":261841.6,
  "final_leftover_capacity_min":0.4,
  "final_leftover_capacity_max":2329.4,
  "final_leftover_capacity_avg":833.8904458599,
  "avg_e2e_delay_accepted":0.0647236203,
  "p95_e2e_delay_accepted":0.1244351831,
  "avg_access_delay_accepted":0.0081316685,
  "avg_processing_delay_accepted":0.0468403162,
  "avg_network_delay_accepted":0.0097516355,
  "avg_split_proc_overhead_accepted":0.0,
  "avg_split_net_overhead_accepted":0.0,
  "total_transmitted_bits_accepted":1730911568.9645662308,
  "avg_transmitted_bits_per_accepted":1534496.0717770976,
  "total_split_transmitted_bits_accepted":0.0,
  "avg_split_transmitted_bits_per_accepted":0.0,
  "avg_split_overhead_ratio_accepted":0.0,
  "p95_split_overhead_ratio_accepted":0.0,
  "rga_accepted_total":1144,
  "rga_rejected_total":0,
  "rga_rejection_ratio":0.0,
  "mdca_rejected_total":16,
  "mdca_capacity_rejected_total":0,
  "mdca_reliability_rejected_total":0,
  "mdca_qos_rejected_total":16,
  "mdca_rejection_ratio":0.013986014,
  "capacity_rejection_ratio":0.0,
  "reliability_rejection_ratio":0.0,
  "qos_rejected_total":16,
  "qos_rejection_ratio":0.013986014
}