{
  "algo":"hspa",
  "region":"Alabama",
  "time_slots":120,
  "arrival_rate":20.0,
  "mean_service_time":9.0,
  "seed":3,
  "trace_seed":10393253822670696752,
  "algo_seed":4555249616615268742,
  "trace_hash":"372039bf8a6695259ab40f62f49fb1216ed35995cc533d447959dca62bccd108",
  "arrivals_per_slot":[
    21,
    31,
    19,
    20,
    13,
    19,
    25,
    21,
    22,
    26,
    20,
    22,
    23,
    18,
    18,
    19,
    27,
    18,
    17,
    25,
    17,
    15,
    24,
    13,
    13,
    24,
    15,
    20,
    22,
    23,
    13,
    24,
    16,
    25,
    27,
    15,
    14,
    18,
    20,
    20,
    22,
    15,
    20,
    17,
    12,
    21,
    29,
    23,
    26,
    15,
    20,
    15,
    20,
    24,
    19,
    26,
    15,
    21,
    21,
    23,
    20,
    30,
    13,
    18,
    12,
    18,
    22,
    20,
    21,
    17,
    27,
    21,
    20,
    15,
    31,
    20,
    12,
    26,
    14,
    19,
    17,
    18,
    22,
    28,
    17,
    14,
    21,
    22,
    21,
    16,
    18,
    21,
    29,
    17,
    24,
    22,
    22,
    24,
    24,
    16,
    23,
    20,
    22,
    20,
    18,
    16,
    20,
    21,
    11,
    19,
    21,
    23,
    26,
    20,
    22,
    20,
    27,
    22,
    21,
    16
  ],
  "diversity":false,
  "p_split":null,
  "split_reliability_mode":null,
  "mechanism":null,
  "fixed_sfc_len":3,
  "fixed_reliability":null,
  "max_backup_level":2,
  "explicit_split_replicas":false,
  "split_enforce_distinct":false,
  "strict_split_resource_ablation":false,
  "split_replica_resource_scale":1.0,
  "cap_base_min":500,
  "cap_base_max":700,
  "cap_scale":0.2,
  "total_arrivals":2423,
  "total_accepted":1861,
  "total_rejected":562,
  "acceptance_ratio":0.7680561288,
  "avg_cost_per_arrival":37.6391107888,
  "total_cost":91199.5654413085,
  "total_cost_resource":68874.5654413085,
  "avg_cost_per_accepted":49.0056772925,
  "final_utilization":0.9720274793,
  "avg_utilization_over_time":0.9327360341,
  "avg_leftover_capacity_sum_over_time":11647.6166666667,
  "final_leftover_capacity_sum":4843.8,
  "final_leftover_capacity_min":0.0,
  "final_leftover_capacity_max":181.0,
  "final_leftover_capacity_avg":35.3562043796,
  "avg_e2e_delay_accepted":0.0635031539,
  "p95_e2e_delay_accepted":0.1081758129,
  "avg_access_delay_accepted":0.0081068847,
  "avg_processing_delay_accepted":0.0482066898,
  "avg_network_delay_accepted":0.0071895794,
  "avg_split_proc_overhead_accepted":0.0,
  "avg_split_net_overhead_accepted":0.0,
  "total_transmitted_bits_accepted":2490138031.0848231316,
  "avg_transmitted_bits_per_accepted":1338064.4981648701,
  "total_split_transmitted_bits_accepted":0.0,
  "avg_split_transmitted_bits_per_accepted":0.0,
  "avg_split_overhead_ratio_accepted":0.0,
  "p95_split_overhead_ratio_accepted":0.0,
  "rga_accepted_total":2423,
  "rga_rejected_total":0,
  "rga_rejection_ratio":0.0,
  "mdca_rejected_total":562,
  "mdca_capacity_rejected_total":552,
  "mdca_reliability_rejected_total":0,
  "mdca_qos_rejected_total":10,
  "mdca_rejection_ratio":0.2319438712,
  "capacity_rejection_ratio":0.2278167561,
  "reliability_rejection_ratio":0.0,
  "qos_rejected_total":10,
  "qos_rejection_ratio":0.0041271151
}