{
  "algo":"mdca",
  "region":"Alabama",
  "time_slots":120,
  "arrival_rate":35.0,
  "mean_service_time":9.0,
  "seed":1,
  "trace_seed":8280517243784851195,
  "algo_seed":14880128096359974019,
  "trace_hash":"802ee11df911cb2b8bfa22d429353b2bb4bd1b36af9d8a0e92057e801518fca2",
  "arrivals_per_slot":[
    36,
    40,
    37,
    43,
    33,
    38,
    32,
    37,
    37,
    29,
    38,
    42,
    29,
    36,
    34,
    47,
    40,
    38,
    29,
    31,
    29,
    38,
    39,
    41,
    34,
    43,
    34,
    35,
    38,
    42,
    35,
    36,
    33,
    34,
    30,
    33,
    25,
    27,
    38,
    43,
    30,
    47,
    39,
    37,
    34,
    41,
    48,
    39,
    38,
    33,
    26,
    35,
    43,
    39,
    41,
    36,
    51,
    41,
    30,
    28,
    44,
    32,
    30,
    30,
    30,
    38,
    32,
    29,
    38,
    44,
    29,
    30,
    38,
    33,
    31,
    33,
    51,
    39,
    32,
    40,
    29,
    40,
    46,
    21,
    38,
    32,
    37,
    46,
    43,
    43,
    46,
    40,
    40,
    27,
    52,
    26,
    34,
    21,
    33,
    36,
    40,
    48,
    33,
    34,
    32,
    35,
    34,
    28,
    32,
    35,
    31,
    40,
    38,
    31,
    31,
    27,
    40,
    42,
    35,
    36
  ],
  "diversity":false,
  "p_split":null,
  "split_reliability_mode":null,
  "mechanism":null,
  "fixed_sfc_len":null,
  "fixed_reliability":null,
  "max_backup_level":2,
  "explicit_split_replicas":false,
  "split_enforce_distinct":false,
  "strict_split_resource_ablation":false,
  "split_replica_resource_scale":1.0,
  "cap_base_min":500,
  "cap_base_max":700,
  "cap_scale":0.2,
  "total_arrivals":4324,
  "total_accepted":2925,
  "total_rejected":1399,
  "acceptance_ratio":0.6764569843,
  "avg_cost_per_arrival":22.9461480154,
  "total_cost":99219.1440185757,
  "total_cost_resource":74252.1440185758,
  "avg_cost_per_accepted":33.9210748781,
  "final_utilization":0.9671245101,
  "avg_utilization_over_time":0.954064772,
  "avg_leftover_capacity_sum_over_time":8133.3833333333,
  "final_leftover_capacity_sum":5821.0,
  "final_leftover_capacity_min":0.0,
  "final_leftover_capacity_max":564.0,
  "final_leftover_capacity_avg":42.4890510949,
  "avg_e2e_delay_accepted":0.0578487605,
  "p95_e2e_delay_accepted":0.1197580693,
  "avg_access_delay_accepted":0.0080696791,
  "avg_processing_delay_accepted":0.044260275,
  "avg_network_delay_accepted":0.0055188065,
  "avg_split_proc_overhead_accepted":0.0,
  "avg_split_net_overhead_accepted":0.0,
  "total_transmitted_bits_accepted":2978159351.0872483253,
  "avg_transmitted_bits_per_accepted":1018174.1371238456,
  "total_split_transmitted_bits_accepted":0.0,
  "avg_split_transmitted_bits_per_accepted":0.0,
  "avg_split_overhead_ratio_accepted":0.0,
  "p95_split_overhead_ratio_accepted":0.0,
  "rga_accepted_total":4324,
  "rga_rejected_total":0,
  "rga_rejection_ratio":0.0,
  "mdca_rejected_total":1399,
  "mdca_capacity_rejected_total":1374,
  "mdca_reliability_rejected_total":0,
  "mdca_qos_rejected_total":25,
  "mdca_rejection_ratio":0.3235430157,
  "capacity_rejection_ratio":0.3177613321,
  "reliability_rejection_ratio":0.0,
  "qos_rejected_total":25,
  "qos_rejection_ratio":0.0057816836
}