{
  "algo":"hspa",
  "region":"Alabama",
  "time_slots":120,
  "arrival_rate":12.0,
  "mean_service_time":9.0,
  "seed":2,
  "trace_seed":6587452976154746630,
  "algo_seed":3824945755291777617,
  "trace_hash":"a7cc193c0c7826064f49447258e8dad006271394010c83534dca5d9efd6254a2",
  "arrivals_per_slot":[
    14,
    4,
    13,
    7,
    14,
    15,
    9,
    11,
    9,
    9,
    10,
    16,
    9,
    16,
    16,
    11,
    11,
    10,
    13,
    10,
    12,
    12,
    12,
    12,
    15,
    12,
    15,
    13,
    6,
    7,
    7,
    7,
    12,
    21,
    12,
    12,
    15,
    9,
    13,
    12,
    8,
    11,
    10,
    6,
    14,
    14,
    9,
    16,
    12,
    17,
    11,
    12,
    9,
    13,
    12,
    8,
    12,
    12,
    14,
    10,
    8,
    16,
    14,
    10,
    12,
    9,
    12,
    19,
    7,
    11,
    15,
    16,
    13,
    13,
    11,
    10,
    12,
    6,
    11,
    10,
    14,
    10,
    9,
    14,
    10,
    11,
    16,
    16,
    9,
    11,
    10,
    12,
    8,
    13,
    11,
    10,
    12,
    12,
    11,
    16,
    12,
    11,
    11,
    6,
    11,
    8,
    13,
    9,
    10,
    9,
    11,
    10,
    16,
    18,
    10,
    20,
    10,
    10,
    11,
    11
  ],
  "diversity":false,
  "p_split":null,
  "split_reliability_mode":null,
  "mechanism":null,
  "fixed_sfc_len":null,
  "fixed_reliability":0.99,
  "max_backup_level":2,
  "explicit_split_replicas":false,
  "split_enforce_distinct":false,
  "strict_split_resource_ablation":false,
  "split_replica_resource_scale":1.0,
  "cap_base_min":500,
  "cap_base_max":700,
  "cap_scale":0.2,
  "total_arrivals":1390,
  "total_accepted":1304,
  "total_rejected":86,
  "acceptance_ratio":0.9381294964,
  "avg_cost_per_arrival":65.7500368538,
  "total_cost":91392.5512268217,
  "total_cost_resource":70733.5512268217,
  "avg_cost_per_accepted":70.0863122905,
  "final_utilization":0.9283218057,
  "avg_utilization_over_time":0.857384162,
  "avg_leftover_capacity_sum_over_time":24656.7666666667,
  "final_leftover_capacity_sum":12392.4,
  "final_leftover_capacity_min":0.0,
  "final_leftover_capacity_max":1362.2,
  "final_leftover_capacity_avg":90.4554744526,
  "avg_e2e_delay_accepted":0.0625545779,
  "p95_e2e_delay_accepted":0.1228800948,
  "avg_access_delay_accepted":0.0081269454,
  "avg_processing_delay_accepted":0.0476433756,
  "avg_network_delay_accepted":0.0067842568,
  "avg_split_proc_overhead_accepted":0.0,
  "avg_split_net_overhead_accepted":0.0,
  "total_transmitted_bits_accepted":1672069323.3492360115,
  "avg_transmitted_bits_per_accepted":1282261.7510346903,
  "total_split_transmitted_bits_accepted":0.0,
  "avg_split_transmitted_bits_per_accepted":0.0,
  "avg_split_overhead_ratio_accepted":0.0,
  "p95_split_overhead_ratio_accepted":0.0,
  "rga_accepted_total":1390,
  "rga_rejected_total":0,
  "rga_rejection_ratio":0.0,
  "mdca_rejected_total":86,
  "mdca_capacity_rejected_total":78,
  "mdca_reliability_rejected_total":0,
  "mdca_qos_rejected_total":8,
  "mdca_rejection_ratio":0.0618705036,
  "capacity_rejection_ratio":0.0561151079,
  "reliability_rejection_ratio":0.0,
  "qos_rejected_total":8,
  "qos_rejection_ratio":0.0057553957
}