{
  "algo":"mdca",
  "region":"Alabama",
  "time_slots":120,
  "arrival_rate":12.0,
  "mean_service_time":9.0,
  "seed":5,
  "trace_seed":5608125887345209314,
  "algo_seed":10284031153424937908,
  "trace_hash":"25f8a5d2d4c20d874e49b75b37a195c3860a66093ec7d7471633ff76f7b46ab6",
  "arrivals_per_slot":[
    17,
    9,
    20,
    8,
    17,
    11,
    10,
    8,
    10,
    8,
    3,
    14,
    14,
    7,
    14,
    12,
    14,
    9,
    8,
    19,
    11,
    22,
    11,
    8,
    14,
    16,
    11,
    14,
    14,
    15,
    15,
    13,
    8,
    10,
    13,
    14,
    11,
    15,
    11,
    13,
    8,
    14,
    7,
    9,
    20,
    14,
    12,
    11,
    22,
    13,
    11,
    11,
    11,
    8,
    15,
    12,
    10,
    14,
    13,
    19,
    16,
    15,
    13,
    9,
    16,
    13,
    12,
    8,
    15,
    9,
    13,
    11,
    13,
    11,
    13,
    13,
    10,
    8,
    19,
    12,
    8,
    12,
    10,
    13,
    15,
    15,
    17,
    10,
    9,
    6,
    13,
    15,
    7,
    13,
    21,
    8,
    9,
    7,
    13,
    13,
    11,
    11,
    14,
    13,
    9,
    9,
    17,
    8,
    12,
    6,
    9,
    9,
    18,
    10,
    7,
    9,
    9,
    14,
    9,
    10
  ],
  "diversity":true,
  "p_split":0.3,
  "split_reliability_mode":"identical_active_pool",
  "mechanism":null,
  "fixed_sfc_len":null,
  "fixed_reliability":0.996,
  "max_backup_level":4,
  "explicit_split_replicas":true,
  "split_enforce_distinct":false,
  "strict_split_resource_ablation":false,
  "split_replica_resource_scale":1.0,
  "cap_base_min":500,
  "cap_base_max":700,
  "cap_scale":0.2,
  "total_arrivals":1442,
  "total_accepted":1401,
  "total_rejected":41,
  "acceptance_ratio":0.9715672677,
  "avg_cost_per_arrival":56.1594977944,
  "total_cost":80981.9958195841,
  "total_cost_resource":60021.995819584,
  "avg_cost_per_accepted":57.8029948748,
  "final_utilization":0.6836994035,
  "avg_utilization_over_time":0.8259473755,
  "avg_leftover_capacity_sum_over_time":30077.7555555556,
  "final_leftover_capacity_sum":54659.4,
  "final_leftover_capacity_min":0.8,
  "final_leftover_capacity_max":2147.2,
  "final_leftover_capacity_avg":398.9737226277,
  "avg_e2e_delay_accepted":0.0670676021,
  "p95_e2e_delay_accepted":0.1297221125,
  "avg_access_delay_accepted":0.0080226941,
  "avg_processing_delay_accepted":0.0434437591,
  "avg_network_delay_accepted":0.0121342442,
  "avg_split_proc_overhead_accepted":4.937337516e-19,
  "avg_split_net_overhead_accepted":0.0,
  "total_transmitted_bits_accepted":2433538133.0357608795,
  "avg_transmitted_bits_per_accepted":1737000.8087335909,
  "total_split_transmitted_bits_accepted":578774311.4092240334,
  "avg_split_transmitted_bits_per_accepted":413115.1401921656,
  "avg_split_overhead_ratio_accepted":6.444290313e-18,
  "p95_split_overhead_ratio_accepted":4.666475654e-17,
  "rga_accepted_total":1442,
  "rga_rejected_total":0,
  "rga_rejection_ratio":0.0,
  "mdca_rejected_total":41,
  "mdca_capacity_rejected_total":27,
  "mdca_reliability_rejected_total":0,
  "mdca_qos_rejected_total":14,
  "mdca_rejection_ratio":0.0284327323,
  "capacity_rejection_ratio":0.0187239945,
  "reliability_rejection_ratio":0.0,
  "qos_rejected_total":14,
  "qos_rejection_ratio":0.0097087379
}