{
  "algo":"mdca",
  "region":"Arizona",
  "time_slots":120,
  "arrival_rate":20.0,
  "mean_service_time":9.0,
  "seed":2,
  "trace_seed":15191276433718129644,
  "algo_seed":4836232127056779440,
  "trace_hash":"23b2afb81fae4b77cb87cb1a4b29b82282c5e1e7e347996be599b595546d6233",
  "arrivals_per_slot":[
    26,
    20,
    19,
    19,
    26,
    20,
    15,
    24,
    18,
    15,
    21,
    25,
    14,
    18,
    21,
    22,
    17,
    25,
    21,
    30,
    24,
    19,
    21,
    19,
    23,
    19,
    23,
    27,
    17,
    25,
    16,
    18,
    15,
    26,
    24,
    20,
    30,
    22,
    23,
    17,
    28,
    13,
    15,
    21,
    20,
    29,
    23,
    18,
    20,
    21,
    21,
    19,
    18,
    31,
    19,
    20,
    20,
    27,
    14,
    10,
    21,
    23,
    15,
    23,
    17,
    24,
    20,
    21,
    28,
    20,
    24,
    16,
    20,
    18,
    18,
    21,
    14,
    27,
    15,
    26,
    23,
    23,
    17,
    14,
    13,
    21,
    10,
    28,
    20,
    19,
    26,
    27,
    11,
    20,
    16,
    22,
    18,
    16,
    24,
    19,
    20,
    25,
    17,
    26,
    26,
    22,
    16,
    16,
    24,
    23,
    18,
    25,
    28,
    16,
    22,
    10,
    18,
    21,
    19,
    27
  ],
  "diversity":true,
  "p_split":0.3,
  "split_reliability_mode":"identical_active_pool",
  "mechanism":null,
  "fixed_sfc_len":3,
  "fixed_reliability":null,
  "max_backup_level":2,
  "explicit_split_replicas":true,
  "split_enforce_distinct":false,
  "strict_split_resource_ablation":false,
  "split_replica_resource_scale":1.0,
  "cap_base_min":500,
  "cap_base_max":700,
  "cap_scale":0.2,
  "total_arrivals":2468,
  "total_accepted":2446,
  "total_rejected":22,
  "acceptance_ratio":0.9910858995,
  "avg_cost_per_arrival":31.9519010002,
  "total_cost":78857.2916685795,
  "total_cost_resource":52701.2916685795,
  "avg_cost_per_accepted":32.2392852284,
  "final_utilization":0.4921228613,
  "avg_utilization_over_time":0.4546555271,
  "avg_leftover_capacity_sum_over_time":204416.9222222222,
  "final_leftover_capacity_sum":190372.6666666667,
  "final_leftover_capacity_min":0.2666666667,
  "final_leftover_capacity_max":2169.6,
  "final_leftover_capacity_avg":606.2823779193,
  "avg_e2e_delay_accepted":0.0703859695,
  "p95_e2e_delay_accepted":0.1197788056,
  "avg_access_delay_accepted":0.0081204958,
  "avg_processing_delay_accepted":0.0444090439,
  "avg_network_delay_accepted":0.0144422204,
  "avg_split_proc_overhead_accepted":5.161263326e-19,
  "avg_split_net_overhead_accepted":0.0,
  "total_transmitted_bits_accepted":4283810118.0126509666,
  "avg_transmitted_bits_per_accepted":1751353.278010078,
  "total_split_transmitted_bits_accepted":934474316.118573904,
  "avg_split_transmitted_bits_per_accepted":382041.8299748871,
  "avg_split_overhead_ratio_accepted":6.586209204e-18,
  "p95_split_overhead_ratio_accepted":4.590299174e-17,
  "rga_accepted_total":2468,
  "rga_rejected_total":0,
  "rga_rejection_ratio":0.0,
  "mdca_rejected_total":22,
  "mdca_capacity_rejected_total":0,
  "mdca_reliability_rejected_total":0,
  "mdca_qos_rejected_total":22,
  "mdca_rejection_ratio":0.0089141005,
  "capacity_rejection_ratio":0.0,
  "reliability_rejection_ratio":0.0,
  "qos_rejected_total":22,
  "qos_rejection_ratio":0.0089141005
}