{
  "algo":"mdca",
  "region":"Arizona",
  "time_slots":120,
  "arrival_rate":10.0,
  "mean_service_time":9.0,
  "seed":2,
  "trace_seed":5633066817210829523,
  "algo_seed":12017847392608320075,
  "trace_hash":"2ef2f2d16ed606cb28f63ab65c9b0f77e9979107e14b782e21ddba712e957afa",
  "arrivals_per_slot":[
    9,
    11,
    8,
    6,
    9,
    5,
    9,
    9,
    4,
    5,
    5,
    10,
    7,
    9,
    7,
    11,
    10,
    6,
    11,
    8,
    8,
    3,
    8,
    2,
    10,
    17,
    6,
    15,
    12,
    15,
    14,
    13,
    9,
    10,
    11,
    9,
    10,
    11,
    9,
    9,
    13,
    8,
    11,
    9,
    4,
    14,
    5,
    11,
    9,
    7,
    3,
    15,
    12,
    7,
    11,
    8,
    10,
    10,
    10,
    12,
    10,
    5,
    13,
    11,
    6,
    10,
    7,
    14,
    9,
    8,
    8,
    9,
    11,
    8,
    6,
    11,
    10,
    8,
    8,
    12,
    9,
    6,
    11,
    8,
    12,
    8,
    7,
    13,
    10,
    8,
    14,
    7,
    11,
    8,
    7,
    9,
    10,
    14,
    9,
    7,
    12,
    9,
    10,
    15,
    8,
    7,
    8,
    9,
    12,
    9,
    8,
    11,
    8,
    13,
    10,
    15,
    10,
    9,
    8,
    10
  ],
  "diversity":false,
  "p_split":null,
  "split_reliability_mode":null,
  "mechanism":null,
  "fixed_sfc_len":null,
  "fixed_reliability":null,
  "max_backup_level":2,
  "explicit_split_replicas":false,
  "split_enforce_distinct":false,
  "strict_split_resource_ablation":false,
  "split_replica_resource_scale":1.0,
  "cap_base_min":500,
  "cap_base_max":700,
  "cap_scale":0.2,
  "total_arrivals":1122,
  "total_accepted":1113,
  "total_rejected":9,
  "acceptance_ratio":0.9919786096,
  "avg_cost_per_arrival":28.5586968346,
  "total_cost":32042.8578483806,
  "total_cost_resource":20074.8578483805,
  "avg_cost_per_accepted":28.7896296931,
  "final_utilization":0.2675368167,
  "avg_utilization_over_time":0.2212634905,
  "avg_leftover_capacity_sum_over_time":292814.1166666666,
  "final_leftover_capacity_sum":275414.8,
  "final_leftover_capacity_min":0.0,
  "final_leftover_capacity_max":2240.0,
  "final_leftover_capacity_avg":877.1171974522,
  "avg_e2e_delay_accepted":0.0661104284,
  "p95_e2e_delay_accepted":0.1314290211,
  "avg_access_delay_accepted":0.0080009684,
  "avg_processing_delay_accepted":0.049853554,
  "avg_network_delay_accepted":0.008255906,
  "avg_split_proc_overhead_accepted":0.0,
  "avg_split_net_overhead_accepted":0.0,
  "total_transmitted_bits_accepted":1470532293.1692562103,
  "avg_transmitted_bits_per_accepted":1321232.9678070585,
  "total_split_transmitted_bits_accepted":0.0,
  "avg_split_transmitted_bits_per_accepted":0.0,
  "avg_split_overhead_ratio_accepted":0.0,
  "p95_split_overhead_ratio_accepted":0.0,
  "rga_accepted_total":1122,
  "rga_rejected_total":0,
  "rga_rejection_ratio":0.0,
  "mdca_rejected_total":9,
  "mdca_capacity_rejected_total":0,
  "mdca_reliability_rejected_total":0,
  "mdca_qos_rejected_total":9,
  "mdca_rejection_ratio":0.0080213904,
  "capacity_rejection_ratio":0.0,
  "reliability_rejection_ratio":0.0,
  "qos_rejected_total":9,
  "qos_rejection_ratio":0.0080213904
}