{
  "algo":"mdca",
  "region":"Alabama",
  "time_slots":120,
  "arrival_rate":12.0,
  "mean_service_time":9.0,
  "seed":3,
  "trace_seed":17898944132975973841,
  "algo_seed":14077971488532982518,
  "trace_hash":"bf61d259221c74149048e65e7fb1851e9cd650f207285111a85f27e2ebb5110c",
  "arrivals_per_slot":[
    11,
    15,
    15,
    10,
    9,
    12,
    16,
    12,
    18,
    8,
    13,
    9,
    14,
    14,
    19,
    9,
    12,
    9,
    14,
    17,
    12,
    12,
    9,
    13,
    9,
    10,
    10,
    14,
    13,
    12,
    11,
    16,
    21,
    11,
    7,
    10,
    9,
    10,
    14,
    11,
    12,
    11,
    12,
    12,
    9,
    10,
    11,
    11,
    9,
    13,
    9,
    12,
    8,
    18,
    14,
    10,
    8,
    14,
    7,
    8,
    10,
    9,
    12,
    10,
    12,
    10,
    7,
    6,
    6,
    14,
    11,
    6,
    12,
    15,
    15,
    18,
    6,
    15,
    16,
    10,
    9,
    10,
    12,
    15,
    8,
    9,
    13,
    11,
    8,
    12,
    15,
    15,
    8,
    8,
    10,
    8,
    13,
    11,
    9,
    12,
    15,
    14,
    23,
    7,
    14,
    9,
    11,
    12,
    6,
    14,
    14,
    13,
    8,
    8,
    14,
    13,
    13,
    14,
    18,
    11
  ],
  "diversity":true,
  "p_split":0.3,
  "split_reliability_mode":"identical_active_pool",
  "mechanism":null,
  "fixed_sfc_len":null,
  "fixed_reliability":0.999,
  "max_backup_level":4,
  "explicit_split_replicas":true,
  "split_enforce_distinct":false,
  "strict_split_resource_ablation":false,
  "split_replica_resource_scale":1.0,
  "cap_base_min":500,
  "cap_base_max":700,
  "cap_scale":0.2,
  "total_arrivals":1395,
  "total_accepted":1270,
  "total_rejected":125,
  "acceptance_ratio":0.9103942652,
  "avg_cost_per_arrival":60.1196287086,
  "total_cost":83866.8820485419,
  "total_cost_resource":61994.8820485419,
  "avg_cost_per_accepted":66.0369149989,
  "final_utilization":0.9603265203,
  "avg_utilization_over_time":0.8834014221,
  "avg_leftover_capacity_sum_over_time":20325.8138888889,
  "final_leftover_capacity_sum":6916.0,
  "final_leftover_capacity_min":0.2666666667,
  "final_leftover_capacity_max":839.6,
  "final_leftover_capacity_avg":50.4817518248,
  "avg_e2e_delay_accepted":0.0661097637,
  "p95_e2e_delay_accepted":0.1273358802,
  "avg_access_delay_accepted":0.0080155837,
  "avg_processing_delay_accepted":0.0429561834,
  "avg_network_delay_accepted":0.0115171044,
  "avg_split_proc_overhead_accepted":6.057872926e-19,
  "avg_split_net_overhead_accepted":0.0,
  "total_transmitted_bits_accepted":2119967169.6333992481,
  "avg_transmitted_bits_per_accepted":1669265.4879003144,
  "total_split_transmitted_bits_accepted":489999499.39242661,
  "avg_split_transmitted_bits_per_accepted":385826.3774743517,
  "avg_split_overhead_ratio_accepted":8.033931131e-18,
  "p95_split_overhead_ratio_accepted":5.225303671e-17,
  "rga_accepted_total":1395,
  "rga_rejected_total":0,
  "rga_rejection_ratio":0.0,
  "mdca_rejected_total":125,
  "mdca_capacity_rejected_total":108,
  "mdca_reliability_rejected_total":4,
  "mdca_qos_rejected_total":13,
  "mdca_rejection_ratio":0.0896057348,
  "capacity_rejection_ratio":0.0774193548,
  "reliability_rejection_ratio":0.0028673835,
  "qos_rejected_total":13,
  "qos_rejection_ratio":0.0093189964
}