{
  "algo":"mdca",
  "region":"Alabama",
  "time_slots":120,
  "arrival_rate":20.0,
  "mean_service_time":9.0,
  "seed":1,
  "trace_seed":16125654765533160437,
  "algo_seed":14880128096359974019,
  "trace_hash":"5ae2506975d49140e8dcde1c26b417c2e5692b9b9061a5ba2167fc2654e2ce6f",
  "arrivals_per_slot":[
    20,
    17,
    24,
    20,
    20,
    16,
    16,
    22,
    16,
    14,
    25,
    19,
    22,
    15,
    20,
    27,
    17,
    22,
    19,
    23,
    29,
    8,
    14,
    23,
    15,
    24,
    20,
    11,
    27,
    13,
    17,
    23,
    10,
    17,
    19,
    17,
    11,
    18,
    25,
    16,
    16,
    20,
    24,
    20,
    18,
    19,
    14,
    22,
    16,
    17,
    19,
    16,
    17,
    24,
    29,
    28,
    23,
    25,
    25,
    19,
    18,
    23,
    14,
    18,
    19,
    23,
    14,
    13,
    21,
    22,
    19,
    24,
    16,
    19,
    16,
    17,
    29,
    18,
    16,
    22,
    12,
    19,
    19,
    23,
    17,
    18,
    26,
    16,
    27,
    20,
    20,
    17,
    19,
    18,
    26,
    18,
    21,
    26,
    16,
    17,
    27,
    19,
    21,
    26,
    20,
    21,
    16,
    21,
    25,
    20,
    22,
    18,
    19,
    15,
    20,
    21,
    26,
    22,
    17,
    14
  ],
  "diversity":false,
  "p_split":null,
  "split_reliability_mode":null,
  "mechanism":null,
  "fixed_sfc_len":5,
  "fixed_reliability":null,
  "max_backup_level":2,
  "explicit_split_replicas":false,
  "split_enforce_distinct":false,
  "strict_split_resource_ablation":false,
  "split_replica_resource_scale":1.0,
  "cap_base_min":500,
  "cap_base_max":700,
  "cap_scale":0.2,
  "total_arrivals":2348,
  "total_accepted":1374,
  "total_rejected":974,
  "acceptance_ratio":0.5851788756,
  "avg_cost_per_arrival":39.0830182537,
  "total_cost":91766.9268597989,
  "total_cost_resource":67061.9268597989,
  "avg_cost_per_accepted":66.7881563754,
  "final_utilization":0.9503679403,
  "avg_utilization_over_time":0.9492663093,
  "avg_leftover_capacity_sum_over_time":8842.6083333333,
  "final_leftover_capacity_sum":8650.6,
  "final_leftover_capacity_min":0.0,
  "final_leftover_capacity_max":526.0,
  "final_leftover_capacity_avg":63.1430656934,
  "avg_e2e_delay_accepted":0.1127413563,
  "p95_e2e_delay_accepted":0.1698400071,
  "avg_access_delay_accepted":0.008147316,
  "avg_processing_delay_accepted":0.089327207,
  "avg_network_delay_accepted":0.0152668333,
  "avg_split_proc_overhead_accepted":0.0,
  "avg_split_net_overhead_accepted":0.0,
  "total_transmitted_bits_accepted":3538408636.5783166885,
  "avg_transmitted_bits_per_accepted":2575261.0164325447,
  "total_split_transmitted_bits_accepted":0.0,
  "avg_split_transmitted_bits_per_accepted":0.0,
  "avg_split_overhead_ratio_accepted":0.0,
  "p95_split_overhead_ratio_accepted":0.0,
  "rga_accepted_total":2348,
  "rga_rejected_total":0,
  "rga_rejection_ratio":0.0,
  "mdca_rejected_total":974,
  "mdca_capacity_rejected_total":910,
  "mdca_reliability_rejected_total":0,
  "mdca_qos_rejected_total":64,
  "mdca_rejection_ratio":0.4148211244,
  "capacity_rejection_ratio":0.3875638842,
  "reliability_rejection_ratio":0.0,
  "qos_rejected_total":64,
  "qos_rejection_ratio":0.0272572402
}