{
  "algo":"mdca",
  "region":"Alabama",
  "time_slots":120,
  "arrival_rate":25.0,
  "mean_service_time":9.0,
  "seed":1,
  "trace_seed":10903264671179899046,
  "algo_seed":1274429512653363058,
  "trace_hash":"74a239d87d8b1020ae9fb50a91e69fa9216a273123c5e8fe698acdcf3c02f375",
  "arrivals_per_slot":[
    21,
    16,
    22,
    22,
    21,
    23,
    21,
    31,
    19,
    21,
    27,
    15,
    17,
    19,
    18,
    19,
    20,
    31,
    24,
    35,
    31,
    18,
    21,
    27,
    20,
    31,
    20,
    24,
    27,
    19,
    34,
    34,
    25,
    30,
    23,
    21,
    23,
    30,
    17,
    26,
    19,
    30,
    22,
    15,
    18,
    19,
    30,
    22,
    24,
    10,
    29,
    19,
    26,
    21,
    21,
    21,
    32,
    30,
    26,
    20,
    24,
    37,
    24,
    18,
    23,
    33,
    25,
    28,
    25,
    14,
    25,
    30,
    25,
    18,
    27,
    25,
    19,
    22,
    31,
    27,
    22,
    26,
    27,
    38,
    37,
    19,
    24,
    26,
    32,
    32,
    22,
    26,
    20,
    31,
    21,
    20,
    26,
    40,
    15,
    27,
    22,
    29,
    31,
    22,
    19,
    22,
    25,
    26,
    27,
    31,
    20,
    25,
    29,
    24,
    24,
    27,
    21,
    19,
    32,
    23
  ],
  "diversity":true,
  "p_split":0.3,
  "split_reliability_mode":"identical_active_pool",
  "mechanism":null,
  "fixed_sfc_len":null,
  "fixed_reliability":null,
  "max_backup_level":2,
  "explicit_split_replicas":true,
  "split_enforce_distinct":false,
  "strict_split_resource_ablation":false,
  "split_replica_resource_scale":1.0,
  "cap_base_min":500,
  "cap_base_max":700,
  "cap_scale":0.2,
  "total_arrivals":2926,
  "total_accepted":2497,
  "total_rejected":429,
  "acceptance_ratio":0.8533834586,
  "avg_cost_per_arrival":31.7661286494,
  "total_cost":92947.692428179,
  "total_cost_resource":68469.692428179,
  "avg_cost_per_accepted":37.2237454658,
  "final_utilization":0.9678091514,
  "avg_utilization_over_time":0.9181138459,
  "avg_leftover_capacity_sum_over_time":14239.1833333333,
  "final_leftover_capacity_sum":5597.6666666667,
  "final_leftover_capacity_min":0.0666666667,
  "final_leftover_capacity_max":258.6,
  "final_leftover_capacity_avg":40.8588807786,
  "avg_e2e_delay_accepted":0.0656996031,
  "p95_e2e_delay_accepted":0.1300611441,
  "avg_access_delay_accepted":0.0080670034,
  "avg_processing_delay_accepted":0.0434474559,
  "avg_network_delay_accepted":0.0110648228,
  "avg_split_proc_overhead_accepted":4.744958487e-19,
  "avg_split_net_overhead_accepted":0.0,
  "total_transmitted_bits_accepted":3990953065.1611032486,
  "avg_transmitted_bits_per_accepted":1598299.1850865451,
  "total_split_transmitted_bits_accepted":889024663.7479780912,
  "avg_split_transmitted_bits_per_accepted":356037.1100312287,
  "avg_split_overhead_ratio_accepted":5.946370434e-18,
  "p95_split_overhead_ratio_accepted":4.227395909e-17,
  "rga_accepted_total":2926,
  "rga_rejected_total":0,
  "rga_rejection_ratio":0.0,
  "mdca_rejected_total":429,
  "mdca_capacity_rejected_total":405,
  "mdca_reliability_rejected_total":1,
  "mdca_qos_rejected_total":23,
  "mdca_rejection_ratio":0.1466165414,
  "capacity_rejection_ratio":0.1384142174,
  "reliability_rejection_ratio":0.0003417635,
  "qos_rejected_total":23,
  "qos_rejection_ratio":0.0078605605
}