region,fixed_reliability,seed,method,share,share_tag,domain_count,domain_failure_prob,total_accepted,expected_target_satisfaction_ratio,expected_reliability,expected_reliability_loss
Arizona,0.95,1,DMDCA,"0.5,0.5",0p5_0p5,6,0.0,1414,1.0,0.9754325737156575,-5.551115123125783e-16
Arizona,0.95,1,DMDCA,"0.5,0.5",0p5_0p5,6,0.01,1414,0.9713178353589252,0.963134373032613,0.012298200683043992
Arizona,0.95,1,DMDCA,"0.5,0.5",0p5_0p5,6,0.03,1414,0.9159659967235362,0.9383926829738308,0.03703989074182612
Arizona,0.95,1,DMDCA,"0.5,0.5",0p5_0p5,6,0.05,1414,0.8632128306223483,0.9134844640375657,0.06194810967809128
Arizona,0.95,1,MDCA,nan,nan,6,0.0,1421,1.0,0.9741313869071939,-7.771561172376096e-16
Arizona,0.95,1,MDCA,nan,nan,6,0.01,1421,0.9714735296233128,0.9604034466834497,0.013727940223743462
Arizona,0.95,1,MDCA,nan,nan,6,0.03,1421,0.916424724203034,0.9329461675625718,0.04118521934462138
Arizona,0.95,1,MDCA,nan,nan,6,0.05,1421,0.863963007653061,0.9055107691674341,0.06862061773975903
