slot,arrivals,rga_accepted,rga_rejected,mdca_rejected,capacity_rejected,reliability_rejected,accepted,rejected,qos_rejected,avg_e2e_delay,p95_e2e_delay,avg_access_delay,avg_processing_delay,avg_network_delay,avg_split_proc_overhead,avg_split_net_overhead,avg_transmitted_bits,avg_split_transmitted_bits,avg_split_overhead_ratio,leftover_sum,utilization,active_tasks
0,2,2,0,0,0,0,2,0,0,0.072933544855253,0.08202587877650504,0.00800478380755857,0.05871429077825871,0.006214470269435718,0.0,0.0,1551264.0646346796,0.0,0.0,169198.0,0.026299433727728916,2
1,1,1,0,0,0,0,1,0,0,0.04375702252477825,0.04375702252477825,0.00837799189486564,0.03537903062991261,0.0,0.0,0.0,0.0,0.0,0.0,170473.0,0.01896206436167769,2
2,1,1,0,0,0,0,1,0,0,0.05975804712905659,0.05975804712905659,0.008174904562002481,0.05158314256705411,0.0,0.0,0.0,0.0,0.0,0.0,171175.0,0.014922195110722347,2
3,0,0,0,0,0,0,0,0,0,0.0,0.0,0.0,0.0,0.0,0.0,0.0,0.0,0.0,0.0,171949.0,0.010467980295566504,1
4,1,1,0,0,0,0,1,0,0,0.03565540606793676,0.03565540606793676,0.00662181241657758,0.025544296652813447,0.003489296998545734,0.0,0.0,608466.2200586433,0.0,0.0,170484.0,0.018898761567146982,2
