{
  "algo":"dtsp",
  "region":"Alabama",
  "time_slots":120,
  "arrival_rate":25.0,
  "mean_service_time":9.0,
  "seed":4,
  "trace_seed":3748136347395507152,
  "algo_seed":10631498835370800008,
  "trace_hash":"5b5aad26aab9b027f40cf5a65aadefae5bb3390ea022889d68843f60a60a6e86",
  "arrivals_per_slot":[
    29,
    21,
    22,
    24,
    24,
    26,
    34,
    22,
    31,
    19,
    23,
    25,
    29,
    22,
    31,
    35,
    22,
    23,
    23,
    17,
    23,
    32,
    20,
    26,
    17,
    24,
    29,
    29,
    29,
    29,
    16,
    21,
    25,
    22,
    32,
    24,
    27,
    23,
    25,
    15,
    21,
    29,
    22,
    24,
    25,
    32,
    32,
    22,
    30,
    25,
    22,
    28,
    15,
    32,
    29,
    27,
    35,
    26,
    20,
    27,
    20,
    15,
    25,
    23,
    18,
    26,
    34,
    23,
    29,
    20,
    16,
    25,
    20,
    28,
    36,
    20,
    34,
    22,
    22,
    35,
    35,
    25,
    24,
    28,
    24,
    28,
    26,
    25,
    19,
    23,
    22,
    20,
    27,
    30,
    27,
    13,
    34,
    16,
    15,
    30,
    25,
    25,
    19,
    21,
    26,
    26,
    24,
    23,
    28,
    16,
    24,
    24,
    30,
    37,
    20,
    30,
    16,
    32,
    30,
    21
  ],
  "diversity":false,
  "p_split":null,
  "split_reliability_mode":null,
  "mechanism":null,
  "fixed_sfc_len":null,
  "fixed_reliability":null,
  "max_backup_level":2,
  "explicit_split_replicas":false,
  "split_enforce_distinct":false,
  "strict_split_resource_ablation":false,
  "split_replica_resource_scale":1.0,
  "cap_base_min":500,
  "cap_base_max":700,
  "cap_scale":0.2,
  "total_arrivals":2992,
  "total_accepted":2154,
  "total_rejected":838,
  "acceptance_ratio":0.7199197861,
  "avg_cost_per_arrival":32.0730512546,
  "total_cost":95962.5693538076,
  "total_cost_resource":73370.5693538076,
  "avg_cost_per_accepted":44.5508678523,
  "final_utilization":0.9672685766,
  "avg_utilization_over_time":0.9399987285,
  "avg_leftover_capacity_sum_over_time":10492.1583333333,
  "final_leftover_capacity_sum":5723.6,
  "final_leftover_capacity_min":0.8,
  "final_leftover_capacity_max":430.0,
  "final_leftover_capacity_avg":41.7781021898,
  "avg_e2e_delay_accepted":0.0641771614,
  "p95_e2e_delay_accepted":0.1236635955,
  "avg_access_delay_accepted":0.0080736846,
  "avg_processing_delay_accepted":0.0481119521,
  "avg_network_delay_accepted":0.0079915246,
  "avg_split_proc_overhead_accepted":0.0,
  "avg_split_net_overhead_accepted":0.0,
  "total_transmitted_bits_accepted":3143831588.8150229454,
  "avg_transmitted_bits_per_accepted":1459531.8425325083,
  "total_split_transmitted_bits_accepted":0.0,
  "avg_split_transmitted_bits_per_accepted":0.0,
  "avg_split_overhead_ratio_accepted":0.0,
  "p95_split_overhead_ratio_accepted":0.0,
  "rga_accepted_total":2992,
  "rga_rejected_total":0,
  "rga_rejection_ratio":0.0,
  "mdca_rejected_total":838,
  "mdca_capacity_rejected_total":822,
  "mdca_reliability_rejected_total":0,
  "mdca_qos_rejected_total":16,
  "mdca_rejection_ratio":0.2800802139,
  "capacity_rejection_ratio":0.2747326203,
  "reliability_rejection_ratio":0.0,
  "qos_rejected_total":16,
  "qos_rejection_ratio":0.0053475936
}