{
  "algo":"dtsp",
  "region":"Arizona",
  "time_slots":120,
  "arrival_rate":12.0,
  "mean_service_time":9.0,
  "seed":4,
  "trace_seed":17024812536328829381,
  "algo_seed":12873430469308396488,
  "trace_hash":"65c8f2eff4ca716c4399f07a98969fb6f20f6f94d1bbe86092a1198c87832ff5",
  "arrivals_per_slot":[
    10,
    14,
    11,
    15,
    8,
    7,
    20,
    12,
    14,
    12,
    11,
    21,
    11,
    10,
    7,
    11,
    17,
    11,
    11,
    7,
    5,
    15,
    14,
    11,
    8,
    14,
    10,
    18,
    10,
    21,
    14,
    10,
    10,
    11,
    12,
    4,
    14,
    15,
    13,
    13,
    8,
    15,
    13,
    10,
    7,
    13,
    10,
    7,
    16,
    11,
    14,
    12,
    13,
    11,
    5,
    14,
    13,
    11,
    14,
    12,
    18,
    12,
    20,
    12,
    12,
    9,
    11,
    15,
    11,
    10,
    14,
    7,
    18,
    12,
    9,
    11,
    17,
    9,
    11,
    10,
    12,
    16,
    10,
    12,
    7,
    12,
    15,
    12,
    8,
    13,
    17,
    8,
    14,
    11,
    9,
    14,
    7,
    9,
    10,
    15,
    12,
    14,
    14,
    13,
    12,
    15,
    9,
    8,
    9,
    15,
    16,
    17,
    5,
    17,
    12,
    9,
    14,
    16,
    14,
    18
  ],
  "diversity":false,
  "p_split":null,
  "split_reliability_mode":null,
  "mechanism":null,
  "fixed_sfc_len":null,
  "fixed_reliability":0.99,
  "max_backup_level":2,
  "explicit_split_replicas":false,
  "split_enforce_distinct":false,
  "strict_split_resource_ablation":false,
  "split_replica_resource_scale":1.0,
  "cap_base_min":500,
  "cap_base_max":700,
  "cap_scale":0.2,
  "total_arrivals":1449,
  "total_accepted":1430,
  "total_rejected":19,
  "acceptance_ratio":0.9868875086,
  "avg_cost_per_arrival":43.7384564258,
  "total_cost":63377.0233610372,
  "total_cost_resource":43402.0233610372,
  "avg_cost_per_accepted":44.319596756,
  "final_utilization":0.5047785836,
  "avg_utilization_over_time":0.4184458625,
  "avg_leftover_capacity_sum_over_time":220630.1250000001,
  "final_leftover_capacity_sum":187877.2,
  "final_leftover_capacity_min":0.0,
  "final_leftover_capacity_max":2169.6,
  "final_leftover_capacity_avg":598.3350318471,
  "avg_e2e_delay_accepted":0.0647895153,
  "p95_e2e_delay_accepted":0.1252139345,
  "avg_access_delay_accepted":0.0080212822,
  "avg_processing_delay_accepted":0.0473815264,
  "avg_network_delay_accepted":0.0093867067,
  "avg_split_proc_overhead_accepted":0.0,
  "avg_split_net_overhead_accepted":0.0,
  "total_transmitted_bits_accepted":2146471491.8042392731,
  "avg_transmitted_bits_per_accepted":1501029.0152477198,
  "total_split_transmitted_bits_accepted":0.0,
  "avg_split_transmitted_bits_per_accepted":0.0,
  "avg_split_overhead_ratio_accepted":0.0,
  "p95_split_overhead_ratio_accepted":0.0,
  "rga_accepted_total":1449,
  "rga_rejected_total":0,
  "rga_rejection_ratio":0.0,
  "mdca_rejected_total":19,
  "mdca_capacity_rejected_total":0,
  "mdca_reliability_rejected_total":0,
  "mdca_qos_rejected_total":19,
  "mdca_rejection_ratio":0.0131124914,
  "capacity_rejection_ratio":0.0,
  "reliability_rejection_ratio":0.0,
  "qos_rejected_total":19,
  "qos_rejection_ratio":0.0131124914
}