{
  "algo":"mdca",
  "region":"Arizona",
  "time_slots":120,
  "arrival_rate":12.0,
  "mean_service_time":9.0,
  "seed":2,
  "trace_seed":997920405346061942,
  "algo_seed":4836232127056779440,
  "trace_hash":"421e3549af64a4b3518b30b8b7a3108a96d598a86dfefedfa7406e09931cd71f",
  "arrivals_per_slot":[
    17,
    15,
    16,
    10,
    13,
    15,
    11,
    13,
    13,
    8,
    11,
    10,
    13,
    9,
    9,
    12,
    12,
    15,
    10,
    9,
    9,
    8,
    15,
    19,
    6,
    12,
    11,
    14,
    11,
    9,
    16,
    9,
    12,
    15,
    15,
    13,
    12,
    10,
    11,
    13,
    15,
    7,
    9,
    9,
    15,
    14,
    7,
    11,
    12,
    16,
    17,
    12,
    8,
    15,
    14,
    11,
    15,
    11,
    17,
    8,
    12,
    10,
    15,
    19,
    6,
    11,
    7,
    14,
    17,
    14,
    11,
    15,
    6,
    11,
    7,
    15,
    15,
    12,
    17,
    11,
    10,
    10,
    13,
    15,
    20,
    8,
    15,
    12,
    10,
    9,
    6,
    14,
    16,
    10,
    15,
    7,
    12,
    16,
    17,
    9,
    11,
    3,
    13,
    13,
    16,
    11,
    8,
    12,
    12,
    10,
    10,
    16,
    19,
    14,
    7,
    13,
    17,
    9,
    16,
    12
  ],
  "diversity":true,
  "p_split":0.3,
  "split_reliability_mode":"identical_active_pool",
  "mechanism":null,
  "fixed_sfc_len":null,
  "fixed_reliability":0.98,
  "max_backup_level":2,
  "explicit_split_replicas":true,
  "split_enforce_distinct":false,
  "strict_split_resource_ablation":false,
  "split_replica_resource_scale":1.0,
  "cap_base_min":500,
  "cap_base_max":700,
  "cap_scale":0.2,
  "total_arrivals":1455,
  "total_accepted":1436,
  "total_rejected":19,
  "acceptance_ratio":0.9869415808,
  "avg_cost_per_arrival":31.7592194854,
  "total_cost":46209.66435119,
  "total_cost_resource":28650.66435119,
  "avg_cost_per_accepted":32.1794319994,
  "final_utilization":0.3081269394,
  "avg_utilization_over_time":0.2852666496,
  "avg_leftover_capacity_sum_over_time":269648.8805555556,
  "final_leftover_capacity_sum":261024.3333333334,
  "final_leftover_capacity_min":0.4666666667,
  "final_leftover_capacity_max":2641.0,
  "final_leftover_capacity_avg":831.2876857749,
  "avg_e2e_delay_accepted":0.0702158281,
  "p95_e2e_delay_accepted":0.1381101127,
  "avg_access_delay_accepted":0.0080582554,
  "avg_processing_delay_accepted":0.0437534849,
  "avg_network_delay_accepted":0.0148610105,
  "avg_split_proc_overhead_accepted":5.351549442e-19,
  "avg_split_net_overhead_accepted":0.0,
  "total_transmitted_bits_accepted":2541335409.7819395065,
  "avg_transmitted_bits_per_accepted":1769732.1795138854,
  "total_split_transmitted_bits_accepted":579625028.4919188023,
  "avg_split_transmitted_bits_per_accepted":403638.5992283557,
  "avg_split_overhead_ratio_accepted":6.335576153e-18,
  "p95_split_overhead_ratio_accepted":4.330581943e-17,
  "rga_accepted_total":1455,
  "rga_rejected_total":0,
  "rga_rejection_ratio":0.0,
  "mdca_rejected_total":19,
  "mdca_capacity_rejected_total":0,
  "mdca_reliability_rejected_total":0,
  "mdca_qos_rejected_total":19,
  "mdca_rejection_ratio":0.0130584192,
  "capacity_rejection_ratio":0.0,
  "reliability_rejection_ratio":0.0,
  "qos_rejected_total":19,
  "qos_rejection_ratio":0.0130584192
}