{
  "algo":"mdca",
  "region":"Alabama",
  "time_slots":120,
  "arrival_rate":12.0,
  "mean_service_time":9.0,
  "seed":2,
  "trace_seed":8282824252607281501,
  "algo_seed":16121394405342853155,
  "trace_hash":"0fd7b4dae434a778aa1b2859568fef9ecdcd4396b4416a46984e67ee9be4eafa",
  "arrivals_per_slot":[
    12,
    10,
    8,
    17,
    10,
    9,
    15,
    11,
    6,
    12,
    10,
    11,
    15,
    12,
    13,
    12,
    3,
    10,
    12,
    15,
    11,
    11,
    11,
    15,
    17,
    15,
    17,
    13,
    9,
    8,
    11,
    15,
    13,
    11,
    11,
    11,
    8,
    14,
    11,
    12,
    11,
    11,
    14,
    15,
    9,
    8,
    6,
    11,
    9,
    14,
    12,
    10,
    18,
    19,
    17,
    10,
    10,
    16,
    8,
    9,
    12,
    12,
    8,
    15,
    16,
    12,
    12,
    14,
    14,
    10,
    7,
    11,
    10,
    13,
    12,
    15,
    10,
    16,
    14,
    16,
    10,
    16,
    6,
    10,
    14,
    12,
    13,
    16,
    5,
    15,
    6,
    11,
    15,
    9,
    15,
    13,
    16,
    13,
    8,
    12,
    13,
    5,
    14,
    13,
    21,
    11,
    8,
    15,
    9,
    7,
    10,
    13,
    15,
    14,
    10,
    14,
    11,
    13,
    13,
    11
  ],
  "diversity":false,
  "p_split":null,
  "split_reliability_mode":null,
  "mechanism":null,
  "fixed_sfc_len":null,
  "fixed_reliability":0.98,
  "max_backup_level":2,
  "explicit_split_replicas":false,
  "split_enforce_distinct":false,
  "strict_split_resource_ablation":false,
  "split_replica_resource_scale":1.0,
  "cap_base_min":500,
  "cap_base_max":700,
  "cap_scale":0.2,
  "total_arrivals":1428,
  "total_accepted":1411,
  "total_rejected":17,
  "acceptance_ratio":0.9880952381,
  "avg_cost_per_arrival":49.0753853249,
  "total_cost":70079.6502439115,
  "total_cost_resource":52491.6502439115,
  "avg_cost_per_accepted":49.6666550276,
  "final_utilization":0.8237360225,
  "avg_utilization_over_time":0.7261281034,
  "avg_leftover_capacity_sum_over_time":46799.5583333333,
  "final_leftover_capacity_sum":30120.2,
  "final_leftover_capacity_min":0.0,
  "final_leftover_capacity_max":2140.0,
  "final_leftover_capacity_avg":219.8554744526,
  "avg_e2e_delay_accepted":0.0648942232,
  "p95_e2e_delay_accepted":0.1249633625,
  "avg_access_delay_accepted":0.0080987235,
  "avg_processing_delay_accepted":0.0494497101,
  "avg_network_delay_accepted":0.0073457896,
  "avg_split_proc_overhead_accepted":0.0,
  "avg_split_net_overhead_accepted":0.0,
  "total_transmitted_bits_accepted":1931821295.2579894066,
  "avg_transmitted_bits_per_accepted":1369115.0214443582,
  "total_split_transmitted_bits_accepted":0.0,
  "avg_split_transmitted_bits_per_accepted":0.0,
  "avg_split_overhead_ratio_accepted":0.0,
  "p95_split_overhead_ratio_accepted":0.0,
  "rga_accepted_total":1428,
  "rga_rejected_total":0,
  "rga_rejection_ratio":0.0,
  "mdca_rejected_total":17,
  "mdca_capacity_rejected_total":0,
  "mdca_reliability_rejected_total":0,
  "mdca_qos_rejected_total":17,
  "mdca_rejection_ratio":0.0119047619,
  "capacity_rejection_ratio":0.0,
  "reliability_rejection_ratio":0.0,
  "qos_rejected_total":17,
  "qos_rejection_ratio":0.0119047619
}