{
  "algo":"hspa",
  "region":"Alabama",
  "time_slots":120,
  "arrival_rate":12.0,
  "mean_service_time":9.0,
  "seed":5,
  "trace_seed":10056320259754552432,
  "algo_seed":1071169149524359896,
  "trace_hash":"6a6cf4f88d0f9a8689eae5b19fecfb743c7d0f265424a6ef9dfa62947bdcdebf",
  "arrivals_per_slot":[
    8,
    12,
    7,
    8,
    14,
    15,
    12,
    14,
    11,
    14,
    12,
    11,
    11,
    14,
    12,
    17,
    9,
    11,
    5,
    11,
    16,
    9,
    14,
    14,
    18,
    8,
    6,
    14,
    11,
    9,
    10,
    17,
    13,
    10,
    11,
    4,
    7,
    14,
    13,
    15,
    12,
    20,
    7,
    12,
    7,
    11,
    13,
    17,
    13,
    14,
    9,
    9,
    9,
    15,
    13,
    13,
    10,
    14,
    8,
    14,
    11,
    13,
    8,
    16,
    13,
    9,
    13,
    11,
    7,
    7,
    13,
    15,
    9,
    10,
    6,
    12,
    9,
    11,
    13,
    11,
    13,
    7,
    10,
    15,
    10,
    8,
    9,
    10,
    8,
    9,
    13,
    13,
    7,
    13,
    10,
    13,
    13,
    8,
    11,
    13,
    11,
    9,
    14,
    13,
    16,
    7,
    14,
    5,
    13,
    14,
    8,
    13,
    14,
    13,
    8,
    16,
    12,
    12,
    12,
    11
  ],
  "diversity":false,
  "p_split":null,
  "split_reliability_mode":null,
  "mechanism":null,
  "fixed_sfc_len":null,
  "fixed_reliability":0.994,
  "max_backup_level":2,
  "explicit_split_replicas":false,
  "split_enforce_distinct":false,
  "strict_split_resource_ablation":false,
  "split_replica_resource_scale":1.0,
  "cap_base_min":500,
  "cap_base_max":700,
  "cap_scale":0.2,
  "total_arrivals":1366,
  "total_accepted":1316,
  "total_rejected":50,
  "acceptance_ratio":0.9633967789,
  "avg_cost_per_arrival":61.1731817462,
  "total_cost":83562.5662653757,
  "total_cost_resource":62841.5662653757,
  "avg_cost_per_accepted":63.4973907792,
  "final_utilization":0.9642072949,
  "avg_utilization_over_time":0.8385125237,
  "avg_leftover_capacity_sum_over_time":28006.1916666667,
  "final_leftover_capacity_sum":6207.4,
  "final_leftover_capacity_min":0.0,
  "final_leftover_capacity_max":1229.8,
  "final_leftover_capacity_avg":45.3094890511,
  "avg_e2e_delay_accepted":0.0621037621,
  "p95_e2e_delay_accepted":0.1225535555,
  "avg_access_delay_accepted":0.0079997839,
  "avg_processing_delay_accepted":0.0472436897,
  "avg_network_delay_accepted":0.0068602884,
  "avg_split_proc_overhead_accepted":0.0,
  "avg_split_net_overhead_accepted":0.0,
  "total_transmitted_bits_accepted":1603110349.2866039276,
  "avg_transmitted_bits_per_accepted":1218168.9584244711,
  "total_split_transmitted_bits_accepted":0.0,
  "avg_split_transmitted_bits_per_accepted":0.0,
  "avg_split_overhead_ratio_accepted":0.0,
  "p95_split_overhead_ratio_accepted":0.0,
  "rga_accepted_total":1366,
  "rga_rejected_total":0,
  "rga_rejection_ratio":0.0,
  "mdca_rejected_total":50,
  "mdca_capacity_rejected_total":44,
  "mdca_reliability_rejected_total":0,
  "mdca_qos_rejected_total":6,
  "mdca_rejection_ratio":0.0366032211,
  "capacity_rejection_ratio":0.0322108346,
  "reliability_rejection_ratio":0.0,
  "qos_rejected_total":6,
  "qos_rejection_ratio":0.0043923865
}