slot,arrivals,rga_accepted,rga_rejected,accepted,rejected,mdca_rejected,capacity_rejected,qos_rejected,reliability_rejected,avg_e2e_delay,p95_e2e_delay,avg_access_delay,avg_processing_delay,avg_network_delay,avg_split_proc_overhead,avg_split_net_overhead,avg_transmitted_bits,avg_split_transmitted_bits,avg_split_overhead_ratio,leftover_sum,utilization,active_tasks
0,0,0,0,0,0,0,0,0,0,0.0,0.0,0.0,0.0,0.0,0.0,0.0,0.0,0.0,0.0,175395.59999999998,0.0,0
1,1,1,0,1,0,0,0,0,0,0.08086838574032855,0.08086838574032855,0.00853100305571661,0.043265818504284285,0.021514345363719895,1.734723475976807e-18,0.0,3401587.9352315916,850396.9838078979,2.1451194556387832e-17,172178.26666666666,0.018343295574879348,1
2,1,1,0,1,0,0,0,0,0,0.0627799808305912,0.0627799808305912,0.006170023370482024,0.05660995746010918,0.0,0.0,0.0,0.0,0.0,0.0,170180.26666666666,0.029734687377182323,2
3,3,3,0,3,0,0,0,0,0,0.09147910241362782,0.13934767423045236,0.009445099470350481,0.06798303724456391,0.007206929116953743,0.0,0.0,1949801.1580361251,308472.7193040029,0.0,167083.26666666666,0.04739191481048166,4
4,2,2,0,2,0,0,0,0,0,0.05229835979885179,0.06482463409979185,0.007340082855181305,0.039110097963679064,0.0023045476506300512,8.673617379884035e-19,0.0,727514.1612305754,0.0,1.3098887634771735e-17,168363.59999999998,0.04009222580269978,3
