{
  "algo":"random",
  "region":"Alabama",
  "time_slots":120,
  "arrival_rate":25.0,
  "mean_service_time":9.0,
  "seed":1,
  "trace_seed":10903264671179899046,
  "algo_seed":882721028417214257,
  "trace_hash":"3d13791e6d7bfd59014c674c5d461f0a538be6b175b2fb38e587a0920a9fa90d",
  "arrivals_per_slot":[
    21,
    16,
    22,
    22,
    21,
    23,
    21,
    31,
    19,
    21,
    27,
    15,
    17,
    19,
    18,
    19,
    20,
    31,
    24,
    35,
    31,
    18,
    21,
    27,
    20,
    31,
    20,
    24,
    27,
    19,
    34,
    34,
    25,
    30,
    23,
    21,
    23,
    30,
    17,
    26,
    19,
    30,
    22,
    15,
    18,
    19,
    30,
    22,
    24,
    10,
    29,
    19,
    26,
    21,
    21,
    21,
    32,
    30,
    26,
    20,
    24,
    37,
    24,
    18,
    23,
    33,
    25,
    28,
    25,
    14,
    25,
    30,
    25,
    18,
    27,
    25,
    19,
    22,
    31,
    27,
    22,
    26,
    27,
    38,
    37,
    19,
    24,
    26,
    32,
    32,
    22,
    26,
    20,
    31,
    21,
    20,
    26,
    40,
    15,
    27,
    22,
    29,
    31,
    22,
    19,
    22,
    25,
    26,
    27,
    31,
    20,
    25,
    29,
    24,
    24,
    27,
    21,
    19,
    32,
    23
  ],
  "diversity":false,
  "p_split":null,
  "split_reliability_mode":null,
  "mechanism":null,
  "fixed_sfc_len":null,
  "fixed_reliability":null,
  "max_backup_level":2,
  "explicit_split_replicas":false,
  "split_enforce_distinct":false,
  "strict_split_resource_ablation":false,
  "split_replica_resource_scale":1.0,
  "cap_base_min":500,
  "cap_base_max":700,
  "cap_scale":0.2,
  "total_arrivals":2926,
  "total_accepted":1807,
  "total_rejected":1119,
  "acceptance_ratio":0.6175666439,
  "avg_cost_per_arrival":32.4169217325,
  "total_cost":94851.9129891861,
  "total_cost_resource":72477.9129891862,
  "avg_cost_per_accepted":52.4913740947,
  "final_utilization":0.9316406924,
  "avg_utilization_over_time":0.9202513562,
  "avg_leftover_capacity_sum_over_time":13867.4916666667,
  "final_leftover_capacity_sum":11887.0,
  "final_leftover_capacity_min":1.6,
  "final_leftover_capacity_max":476.2,
  "final_leftover_capacity_avg":86.7664233577,
  "avg_e2e_delay_accepted":0.0623807634,
  "p95_e2e_delay_accepted":0.1254102721,
  "avg_access_delay_accepted":0.0080444975,
  "avg_processing_delay_accepted":0.0473963864,
  "avg_network_delay_accepted":0.0069398795,
  "avg_split_proc_overhead_accepted":0.0,
  "avg_split_net_overhead_accepted":0.0,
  "total_transmitted_bits_accepted":2412229168.5047121048,
  "avg_transmitted_bits_per_accepted":1334935.898453078,
  "total_split_transmitted_bits_accepted":0.0,
  "avg_split_transmitted_bits_per_accepted":0.0,
  "avg_split_overhead_ratio_accepted":0.0,
  "p95_split_overhead_ratio_accepted":0.0,
  "rga_accepted_total":2926,
  "rga_rejected_total":0,
  "rga_rejection_ratio":0.0,
  "mdca_rejected_total":1119,
  "mdca_capacity_rejected_total":1103,
  "mdca_reliability_rejected_total":0,
  "mdca_qos_rejected_total":16,
  "mdca_rejection_ratio":0.3824333561,
  "capacity_rejection_ratio":0.3769651401,
  "reliability_rejection_ratio":0.0,
  "qos_rejected_total":16,
  "qos_rejection_ratio":0.005468216
}