{
  "algo":"mdca",
  "region":"Alabama",
  "time_slots":120,
  "arrival_rate":12.0,
  "mean_service_time":9.0,
  "seed":1,
  "trace_seed":10394030818635337927,
  "algo_seed":11122682627349638330,
  "trace_hash":"fc9965c07e365791a2078e972ca9d51d2397b2d4003d615815392b9ad724a918",
  "arrivals_per_slot":[
    17,
    14,
    14,
    14,
    14,
    16,
    9,
    16,
    9,
    6,
    20,
    8,
    9,
    10,
    20,
    7,
    7,
    15,
    10,
    15,
    12,
    8,
    15,
    7,
    9,
    12,
    10,
    7,
    11,
    12,
    9,
    5,
    19,
    12,
    19,
    7,
    18,
    16,
    13,
    11,
    16,
    11,
    8,
    15,
    15,
    8,
    12,
    15,
    5,
    12,
    11,
    16,
    14,
    8,
    16,
    16,
    13,
    15,
    10,
    10,
    6,
    19,
    18,
    15,
    12,
    15,
    13,
    12,
    13,
    12,
    11,
    8,
    8,
    19,
    11,
    11,
    9,
    14,
    12,
    14,
    14,
    14,
    18,
    11,
    9,
    13,
    8,
    14,
    13,
    8,
    7,
    14,
    6,
    18,
    17,
    16,
    14,
    10,
    21,
    9,
    8,
    14,
    15,
    13,
    7,
    16,
    9,
    5,
    13,
    13,
    13,
    11,
    7,
    5,
    11,
    10,
    6,
    11,
    10,
    11
  ],
  "diversity":true,
  "p_split":0.3,
  "split_reliability_mode":"identical_active_pool",
  "mechanism":null,
  "fixed_sfc_len":null,
  "fixed_reliability":0.998,
  "max_backup_level":2,
  "explicit_split_replicas":true,
  "split_enforce_distinct":false,
  "strict_split_resource_ablation":false,
  "split_replica_resource_scale":1.0,
  "cap_base_min":500,
  "cap_base_max":700,
  "cap_scale":0.2,
  "total_arrivals":1442,
  "total_accepted":1366,
  "total_rejected":76,
  "acceptance_ratio":0.947295423,
  "avg_cost_per_arrival":58.1069981675,
  "total_cost":83790.2913574691,
  "total_cost_resource":56623.2913574691,
  "avg_cost_per_accepted":61.3398911841,
  "final_utilization":0.8134883888,
  "avg_utilization_over_time":0.8335523613,
  "avg_leftover_capacity_sum_over_time":29118.2833333333,
  "final_leftover_capacity_sum":32628.2666666667,
  "final_leftover_capacity_min":0.0666666667,
  "final_leftover_capacity_max":1809.6,
  "final_leftover_capacity_avg":238.1625304136,
  "avg_e2e_delay_accepted":0.0705055166,
  "p95_e2e_delay_accepted":0.136802345,
  "avg_access_delay_accepted":0.008028226,
  "avg_processing_delay_accepted":0.0420946952,
  "avg_network_delay_accepted":0.0146959903,
  "avg_split_proc_overhead_accepted":7.006835124e-19,
  "avg_split_net_overhead_accepted":0.0,
  "total_transmitted_bits_accepted":2748226845.1836242676,
  "avg_transmitted_bits_per_accepted":2011879.096034864,
  "total_split_transmitted_bits_accepted":930622043.2088901997,
  "avg_split_transmitted_bits_per_accepted":681275.2878542388,
  "avg_split_overhead_ratio_accepted":8.54452381e-18,
  "p95_split_overhead_ratio_accepted":5.15198435e-17,
  "rga_accepted_total":1420,
  "rga_rejected_total":22,
  "rga_rejection_ratio":0.0152565881,
  "mdca_rejected_total":54,
  "mdca_capacity_rejected_total":30,
  "mdca_reliability_rejected_total":6,
  "mdca_qos_rejected_total":18,
  "mdca_rejection_ratio":0.0374479889,
  "capacity_rejection_ratio":0.0208044383,
  "reliability_rejection_ratio":0.0041608877,
  "qos_rejected_total":18,
  "qos_rejection_ratio":0.012482663
}