{
  "algo":"mdca",
  "region":"Arizona",
  "time_slots":120,
  "arrival_rate":12.0,
  "mean_service_time":9.0,
  "seed":5,
  "trace_seed":11310146864340505069,
  "algo_seed":8179750290924396156,
  "trace_hash":"a2af368201009669a8f8168a32b2b74544ad48792082e876fbf6fec8f2e62aeb",
  "arrivals_per_slot":[
    13,
    10,
    12,
    9,
    8,
    12,
    14,
    14,
    7,
    12,
    9,
    13,
    13,
    12,
    16,
    13,
    7,
    17,
    12,
    12,
    10,
    12,
    7,
    9,
    14,
    13,
    13,
    11,
    10,
    10,
    12,
    11,
    16,
    12,
    8,
    17,
    15,
    15,
    8,
    17,
    16,
    19,
    10,
    6,
    16,
    12,
    13,
    10,
    11,
    10,
    11,
    13,
    13,
    4,
    9,
    9,
    5,
    10,
    18,
    18,
    15,
    12,
    14,
    19,
    15,
    8,
    17,
    15,
    13,
    12,
    8,
    15,
    7,
    12,
    11,
    14,
    10,
    13,
    11,
    11,
    15,
    15,
    18,
    13,
    9,
    13,
    9,
    8,
    13,
    9,
    13,
    11,
    18,
    12,
    11,
    8,
    9,
    17,
    10,
    12,
    12,
    8,
    10,
    15,
    11,
    10,
    17,
    9,
    8,
    12,
    10,
    7,
    11,
    11,
    14,
    16,
    5,
    17,
    13,
    8
  ],
  "diversity":false,
  "p_split":null,
  "split_reliability_mode":null,
  "split_recovery_coverage":null,
  "split_workload_shares":null,
  "mechanism":null,
  "fixed_sfc_len":null,
  "fixed_reliability":0.9,
  "max_backup_level":2,
  "explicit_split_replicas":false,
  "split_enforce_distinct":false,
  "strict_split_resource_ablation":false,
  "split_replica_resource_scale":1.0,
  "backhaul_knn_k":4,
  "backhaul_use_device_bw":true,
  "backhaul_bw_scale":0.5,
  "fiber_speed_mps":200000000.0,
  "switch_delay_s":0.0002,
  "region_cloudlet_count":314,
  "cap_base_min":500,
  "cap_base_max":700,
  "cap_scale":0.2,
  "total_arrivals":1427,
  "total_accepted":1416,
  "total_rejected":11,
  "acceptance_ratio":0.9922915207,
  "avg_cost_per_arrival":23.5932367456,
  "total_cost":33667.5488360067,
  "total_cost_resource":21004.5488360067,
  "avg_cost_per_accepted":23.7765175396,
  "final_utilization":0.2605389143,
  "avg_utilization_over_time":0.2289523245,
  "avg_leftover_capacity_sum_over_time":289805.5166666666,
  "final_leftover_capacity_sum":277933.4,
  "final_leftover_capacity_min":0.4,
  "final_leftover_capacity_max":2224.0,
  "final_leftover_capacity_avg":885.1382165605,
  "avg_e2e_delay_accepted":0.064123953,
  "p95_e2e_delay_accepted":0.1246825645,
  "avg_access_delay_accepted":0.0081246815,
  "avg_processing_delay_accepted":0.0471113401,
  "avg_network_delay_accepted":0.0088879314,
  "avg_split_proc_overhead_accepted":0.0,
  "avg_split_net_overhead_accepted":0.0,
  "total_transmitted_bits_accepted":1837970947.5366339684,
  "avg_transmitted_bits_per_accepted":1298002.0815936681,
  "total_split_transmitted_bits_accepted":0.0,
  "avg_split_transmitted_bits_per_accepted":0.0,
  "avg_split_overhead_ratio_accepted":0.0,
  "p95_split_overhead_ratio_accepted":0.0,
  "rga_accepted_total":1427,
  "rga_rejected_total":0,
  "rga_rejection_ratio":0.0,
  "mdca_rejected_total":11,
  "mdca_capacity_rejected_total":0,
  "mdca_reliability_rejected_total":0,
  "mdca_qos_rejected_total":11,
  "mdca_rejection_ratio":0.0077084793,
  "capacity_rejection_ratio":0.0,
  "reliability_rejection_ratio":0.0,
  "qos_rejected_total":11,
  "qos_rejection_ratio":0.0077084793,
  "placement_trace_path":"D:\\Study\\Code_1\\paper_data\\workload_sharing_sensitivity\\Arizona\\R0p900\\MDCA\\seed5\\placement_trace_Arizona_mdca_seed5.json"
}