{
  "algo":"mdca",
  "region":"Alabama",
  "time_slots":120,
  "arrival_rate":20.0,
  "mean_service_time":9.0,
  "seed":4,
  "trace_seed":2441335318451625423,
  "algo_seed":4574233998141395180,
  "trace_hash":"839f1979facddd6c49746bf54ce9452c450a704730d4e3d0fd90180ae40e1db8",
  "arrivals_per_slot":[
    15,
    27,
    17,
    23,
    29,
    21,
    22,
    11,
    19,
    27,
    29,
    19,
    19,
    18,
    20,
    26,
    23,
    23,
    19,
    18,
    22,
    19,
    25,
    18,
    21,
    17,
    31,
    19,
    23,
    26,
    27,
    22,
    24,
    23,
    20,
    19,
    10,
    28,
    24,
    19,
    14,
    17,
    30,
    26,
    8,
    19,
    15,
    20,
    27,
    26,
    16,
    19,
    13,
    15,
    21,
    26,
    17,
    22,
    19,
    18,
    27,
    18,
    8,
    23,
    21,
    10,
    21,
    27,
    15,
    22,
    27,
    16,
    15,
    19,
    22,
    19,
    21,
    13,
    19,
    12,
    21,
    24,
    24,
    22,
    20,
    29,
    16,
    13,
    20,
    13,
    22,
    15,
    21,
    15,
    12,
    20,
    25,
    22,
    26,
    20,
    23,
    20,
    18,
    15,
    13,
    22,
    20,
    21,
    21,
    20,
    23,
    22,
    24,
    26,
    22,
    26,
    21,
    22,
    27,
    25
  ],
  "diversity":true,
  "p_split":0.3,
  "split_reliability_mode":"identical_active_pool",
  "mechanism":null,
  "fixed_sfc_len":2,
  "fixed_reliability":null,
  "max_backup_level":2,
  "explicit_split_replicas":true,
  "split_enforce_distinct":false,
  "strict_split_resource_ablation":false,
  "split_replica_resource_scale":1.0,
  "cap_base_min":500,
  "cap_base_max":700,
  "cap_scale":0.2,
  "total_arrivals":2456,
  "total_accepted":2455,
  "total_rejected":1,
  "acceptance_ratio":0.9995928339,
  "avg_cost_per_arrival":22.3289492685,
  "total_cost":54839.8994034084,
  "total_cost_resource":38481.8994034084,
  "avg_cost_per_accepted":22.3380445635,
  "final_utilization":0.7420517021,
  "avg_utilization_over_time":0.6074271124,
  "avg_leftover_capacity_sum_over_time":68153.5583333333,
  "final_leftover_capacity_sum":44781.7333333333,
  "final_leftover_capacity_min":0.1333333333,
  "final_leftover_capacity_max":2372.0,
  "final_leftover_capacity_avg":326.8739659367,
  "avg_e2e_delay_accepted":0.0463270863,
  "p95_e2e_delay_accepted":0.0868270376,
  "avg_access_delay_accepted":0.0080719778,
  "avg_processing_delay_accepted":0.0298241023,
  "avg_network_delay_accepted":0.0065854877,
  "avg_split_proc_overhead_accepted":2.84233205e-19,
  "avg_split_net_overhead_accepted":0.0,
  "total_transmitted_bits_accepted":2136706558.5017721653,
  "avg_transmitted_bits_per_accepted":870348.9036667097,
  "total_split_transmitted_bits_accepted":579116693.3670834303,
  "avg_split_transmitted_bits_per_accepted":235892.746789036,
  "avg_split_overhead_ratio_accepted":5.464505373e-18,
  "p95_split_overhead_ratio_accepted":4.730427027e-17,
  "rga_accepted_total":2456,
  "rga_rejected_total":0,
  "rga_rejection_ratio":0.0,
  "mdca_rejected_total":1,
  "mdca_capacity_rejected_total":0,
  "mdca_reliability_rejected_total":0,
  "mdca_qos_rejected_total":1,
  "mdca_rejection_ratio":0.0004071661,
  "capacity_rejection_ratio":0.0,
  "reliability_rejection_ratio":0.0,
  "qos_rejected_total":1,
  "qos_rejection_ratio":0.0004071661
}