region,fixed_reliability,seed,method,share,share_tag,domain_count,domain_failure_prob,total_accepted,expected_target_satisfaction_ratio,expected_reliability,expected_reliability_loss
Arizona,0.998,3,DMDCA,"0.5,0.5",0p5_0p5,6,0.0,1425,1.0,0.9988422517475106,-3.3306690738754696e-16
Arizona,0.998,3,DMDCA,"0.5,0.5",0p5_0p5,6,0.01,1425,0.9645886221631583,0.9923569721083965,0.006485279639113828
Arizona,0.998,3,DMDCA,"0.5,0.5",0p5_0p5,6,0.03,1425,0.8969626547762104,0.9787800881943223,0.020062163553188017
Arizona,0.998,3,DMDCA,"0.5,0.5",0p5_0p5,6,0.05,1425,0.8334206291666668,0.9644142462532241,0.03442800549428615
Arizona,0.998,3,MDCA,nan,nan,6,0.0,1388,1.0,0.9988523776693438,-3.3306690738754696e-16
Arizona,0.998,3,MDCA,nan,nan,6,0.01,1388,0.9647407532581407,0.991613740474528,0.007238637194815434
Arizona,0.998,3,MDCA,nan,nan,6,0.03,1388,0.8974247918924864,0.9766068734712762,0.022245504198067256
Arizona,0.998,3,MDCA,nan,nan,6,0.05,1388,0.8341979347419844,0.9609104158346499,0.03794196183469356
