{
  "algo":"hspa",
  "region":"Alabama",
  "time_slots":120,
  "arrival_rate":5.0,
  "mean_service_time":9.0,
  "seed":1,
  "trace_seed":2492526553802010561,
  "algo_seed":15883823183653897534,
  "trace_hash":"babd3ad6b4d74048db58683ec831a27c5d2c738bee78157473b3dd90ce3d41fa",
  "arrivals_per_slot":[
    1,
    2,
    6,
    4,
    3,
    5,
    4,
    6,
    7,
    7,
    7,
    9,
    5,
    5,
    4,
    8,
    8,
    7,
    4,
    6,
    7,
    1,
    3,
    3,
    4,
    9,
    11,
    1,
    6,
    6,
    5,
    3,
    3,
    2,
    3,
    4,
    8,
    6,
    3,
    6,
    7,
    2,
    5,
    2,
    4,
    2,
    3,
    3,
    5,
    3,
    4,
    5,
    10,
    5,
    0,
    3,
    3,
    7,
    8,
    7,
    1,
    4,
    4,
    4,
    4,
    7,
    7,
    3,
    6,
    4,
    5,
    6,
    6,
    6,
    6,
    3,
    6,
    3,
    5,
    9,
    5,
    5,
    6,
    6,
    4,
    5,
    9,
    4,
    5,
    4,
    4,
    4,
    5,
    6,
    2,
    4,
    4,
    5,
    2,
    6,
    6,
    3,
    8,
    6,
    6,
    3,
    6,
    4,
    10,
    4,
    10,
    7,
    8,
    3,
    5,
    7,
    6,
    3,
    7,
    4
  ],
  "diversity":false,
  "p_split":null,
  "split_reliability_mode":null,
  "mechanism":null,
  "fixed_sfc_len":null,
  "fixed_reliability":null,
  "max_backup_level":2,
  "explicit_split_replicas":false,
  "split_enforce_distinct":false,
  "strict_split_resource_ablation":false,
  "split_replica_resource_scale":1.0,
  "cap_base_min":500,
  "cap_base_max":700,
  "cap_scale":0.2,
  "total_arrivals":600,
  "total_accepted":592,
  "total_rejected":8,
  "acceptance_ratio":0.9866666667,
  "avg_cost_per_arrival":38.2563134641,
  "total_cost":22953.7880784799,
  "total_cost_resource":15402.78807848,
  "avg_cost_per_accepted":38.7732906731,
  "final_utilization":0.4332371901,
  "avg_utilization_over_time":0.3142500749,
  "avg_leftover_capacity_sum_over_time":119209.2583333334,
  "final_leftover_capacity_sum":98524.8,
  "final_leftover_capacity_min":2.0,
  "final_leftover_capacity_max":2776.0,
  "final_leftover_capacity_avg":719.1591240876,
  "avg_e2e_delay_accepted":0.0641450708,
  "p95_e2e_delay_accepted":0.1227408643,
  "avg_access_delay_accepted":0.0080131446,
  "avg_processing_delay_accepted":0.0497875057,
  "avg_network_delay_accepted":0.0063444205,
  "avg_split_proc_overhead_accepted":0.0,
  "avg_split_net_overhead_accepted":0.0,
  "total_transmitted_bits_accepted":748377018.2937262058,
  "avg_transmitted_bits_per_accepted":1264150.3687394024,
  "total_split_transmitted_bits_accepted":0.0,
  "avg_split_transmitted_bits_per_accepted":0.0,
  "avg_split_overhead_ratio_accepted":0.0,
  "p95_split_overhead_ratio_accepted":0.0,
  "rga_accepted_total":600,
  "rga_rejected_total":0,
  "rga_rejection_ratio":0.0,
  "mdca_rejected_total":8,
  "mdca_capacity_rejected_total":0,
  "mdca_reliability_rejected_total":0,
  "mdca_qos_rejected_total":8,
  "mdca_rejection_ratio":0.0133333333,
  "capacity_rejection_ratio":0.0,
  "reliability_rejection_ratio":0.0,
  "qos_rejected_total":8,
  "qos_rejection_ratio":0.0133333333
}