{
  "algo":"random",
  "region":"Alabama",
  "time_slots":120,
  "arrival_rate":20.0,
  "mean_service_time":9.0,
  "seed":5,
  "trace_seed":14347387154761347634,
  "algo_seed":12524923256282916737,
  "trace_hash":"e1632ea2b48cf456feed1d44f906de51ed8efe862a3db215b7d5cffd406d1875",
  "arrivals_per_slot":[
    18,
    12,
    24,
    18,
    21,
    23,
    18,
    20,
    30,
    15,
    26,
    21,
    18,
    14,
    23,
    21,
    18,
    19,
    17,
    6,
    19,
    18,
    13,
    18,
    16,
    22,
    17,
    21,
    18,
    22,
    20,
    20,
    10,
    20,
    18,
    25,
    22,
    21,
    19,
    24,
    21,
    18,
    18,
    19,
    24,
    19,
    22,
    24,
    21,
    14,
    20,
    14,
    25,
    23,
    21,
    23,
    15,
    10,
    26,
    17,
    17,
    21,
    22,
    27,
    23,
    16,
    14,
    23,
    24,
    24,
    30,
    20,
    21,
    15,
    13,
    24,
    17,
    16,
    20,
    15,
    23,
    20,
    23,
    24,
    21,
    14,
    21,
    24,
    21,
    20,
    20,
    21,
    21,
    15,
    14,
    8,
    16,
    16,
    15,
    23,
    18,
    15,
    16,
    17,
    15,
    15,
    20,
    17,
    18,
    21,
    18,
    20,
    22,
    19,
    22,
    22,
    31,
    11,
    20,
    16
  ],
  "diversity":false,
  "p_split":null,
  "split_reliability_mode":null,
  "mechanism":null,
  "fixed_sfc_len":2,
  "fixed_reliability":null,
  "max_backup_level":2,
  "explicit_split_replicas":false,
  "split_enforce_distinct":false,
  "strict_split_resource_ablation":false,
  "split_replica_resource_scale":1.0,
  "cap_base_min":500,
  "cap_base_max":700,
  "cap_scale":0.2,
  "total_arrivals":2314,
  "total_accepted":2300,
  "total_rejected":14,
  "acceptance_ratio":0.9939498704,
  "avg_cost_per_arrival":34.4523646142,
  "total_cost":79722.7717172855,
  "total_cost_resource":61787.7717172855,
  "avg_cost_per_accepted":34.6620746597,
  "final_utilization":0.7204543983,
  "avg_utilization_over_time":0.7676662605,
  "avg_leftover_capacity_sum_over_time":40192.25,
  "final_leftover_capacity_sum":48359.6,
  "final_leftover_capacity_min":0.0,
  "final_leftover_capacity_max":1200.8,
  "final_leftover_capacity_avg":352.9897810219,
  "avg_e2e_delay_accepted":0.0440578651,
  "p95_e2e_delay_accepted":0.0832047608,
  "avg_access_delay_accepted":0.0080856536,
  "avg_processing_delay_accepted":0.0320660097,
  "avg_network_delay_accepted":0.0039062018,
  "avg_split_proc_overhead_accepted":0.0,
  "avg_split_net_overhead_accepted":0.0,
  "total_transmitted_bits_accepted":1717411838.324754715,
  "avg_transmitted_bits_per_accepted":746700.7992716325,
  "total_split_transmitted_bits_accepted":0.0,
  "avg_split_transmitted_bits_per_accepted":0.0,
  "avg_split_overhead_ratio_accepted":0.0,
  "p95_split_overhead_ratio_accepted":0.0,
  "rga_accepted_total":2314,
  "rga_rejected_total":0,
  "rga_rejection_ratio":0.0,
  "mdca_rejected_total":14,
  "mdca_capacity_rejected_total":13,
  "mdca_reliability_rejected_total":0,
  "mdca_qos_rejected_total":1,
  "mdca_rejection_ratio":0.0060501296,
  "capacity_rejection_ratio":0.0056179775,
  "reliability_rejection_ratio":0.0,
  "qos_rejected_total":1,
  "qos_rejection_ratio":0.0004321521
}