{
  "algo":"mdca",
  "region":"Alabama",
  "time_slots":120,
  "arrival_rate":20.0,
  "mean_service_time":9.0,
  "seed":3,
  "trace_seed":6726978022657436873,
  "algo_seed":8021305762253439011,
  "trace_hash":"5718a60187073a74da4ea6acae0eede186171cc6fe231d77d4842df6f28b3207",
  "arrivals_per_slot":[
    19,
    17,
    29,
    27,
    12,
    17,
    23,
    21,
    17,
    19,
    21,
    21,
    15,
    17,
    22,
    26,
    15,
    21,
    17,
    13,
    19,
    25,
    26,
    16,
    15,
    23,
    21,
    19,
    18,
    19,
    21,
    14,
    27,
    24,
    27,
    26,
    23,
    17,
    24,
    18,
    25,
    17,
    15,
    19,
    26,
    23,
    11,
    28,
    27,
    22,
    16,
    18,
    13,
    19,
    19,
    18,
    27,
    12,
    23,
    14,
    18,
    18,
    25,
    21,
    14,
    27,
    27,
    21,
    23,
    15,
    20,
    14,
    16,
    16,
    16,
    23,
    23,
    20,
    20,
    26,
    21,
    28,
    24,
    24,
    23,
    14,
    21,
    18,
    24,
    25,
    31,
    9,
    24,
    22,
    23,
    28,
    15,
    25,
    20,
    21,
    22,
    22,
    23,
    22,
    20,
    23,
    25,
    24,
    18,
    16,
    24,
    12,
    24,
    20,
    23,
    19,
    12,
    11,
    20,
    24
  ],
  "diversity":false,
  "p_split":null,
  "split_reliability_mode":null,
  "mechanism":null,
  "fixed_sfc_len":null,
  "fixed_reliability":null,
  "max_backup_level":2,
  "explicit_split_replicas":false,
  "split_enforce_distinct":false,
  "strict_split_resource_ablation":false,
  "split_replica_resource_scale":1.0,
  "cap_base_min":500,
  "cap_base_max":700,
  "cap_scale":0.2,
  "total_arrivals":2450,
  "total_accepted":2253,
  "total_rejected":197,
  "acceptance_ratio":0.9195918367,
  "avg_cost_per_arrival":41.1974832509,
  "total_cost":100933.8339645966,
  "total_cost_resource":77763.8339645966,
  "avg_cost_per_accepted":44.7997487637,
  "final_utilization":0.9604378412,
  "avg_utilization_over_time":0.8986160722,
  "avg_leftover_capacity_sum_over_time":17625.9,
  "final_leftover_capacity_sum":6878.0,
  "final_leftover_capacity_min":0.0,
  "final_leftover_capacity_max":782.4,
  "final_leftover_capacity_avg":50.204379562,
  "avg_e2e_delay_accepted":0.0633204511,
  "p95_e2e_delay_accepted":0.126129791,
  "avg_access_delay_accepted":0.0080395722,
  "avg_processing_delay_accepted":0.0475553776,
  "avg_network_delay_accepted":0.0077255014,
  "avg_split_proc_overhead_accepted":0.0,
  "avg_split_net_overhead_accepted":0.0,
  "total_transmitted_bits_accepted":2900703172.7277202606,
  "avg_transmitted_bits_per_accepted":1287484.7637495429,
  "total_split_transmitted_bits_accepted":0.0,
  "avg_split_transmitted_bits_per_accepted":0.0,
  "avg_split_overhead_ratio_accepted":0.0,
  "p95_split_overhead_ratio_accepted":0.0,
  "rga_accepted_total":2450,
  "rga_rejected_total":0,
  "rga_rejection_ratio":0.0,
  "mdca_rejected_total":197,
  "mdca_capacity_rejected_total":172,
  "mdca_reliability_rejected_total":0,
  "mdca_qos_rejected_total":25,
  "mdca_rejection_ratio":0.0804081633,
  "capacity_rejection_ratio":0.0702040816,
  "reliability_rejection_ratio":0.0,
  "qos_rejected_total":25,
  "qos_rejection_ratio":0.0102040816
}