{
  "algo":"mdca",
  "region":"Arizona",
  "time_slots":120,
  "arrival_rate":12.0,
  "mean_service_time":9.0,
  "seed":1,
  "trace_seed":12774602360984664964,
  "algo_seed":9475761514817476165,
  "trace_hash":"fca8186ed353f736e70d2ebc525ef2216fcb39282cb193dbf5164b4bf5f85798",
  "arrivals_per_slot":[
    6,
    8,
    7,
    9,
    8,
    14,
    13,
    13,
    11,
    16,
    6,
    17,
    4,
    7,
    13,
    16,
    13,
    14,
    11,
    10,
    8,
    13,
    12,
    12,
    19,
    11,
    14,
    18,
    9,
    15,
    11,
    11,
    18,
    10,
    12,
    14,
    20,
    8,
    7,
    13,
    16,
    12,
    11,
    15,
    12,
    15,
    9,
    9,
    13,
    9,
    14,
    7,
    12,
    11,
    8,
    17,
    19,
    9,
    11,
    20,
    14,
    16,
    11,
    11,
    11,
    16,
    12,
    11,
    16,
    9,
    14,
    12,
    14,
    21,
    9,
    12,
    12,
    14,
    16,
    21,
    9,
    9,
    11,
    10,
    17,
    14,
    10,
    14,
    9,
    15,
    10,
    10,
    13,
    7,
    8,
    16,
    14,
    11,
    13,
    11,
    13,
    12,
    11,
    9,
    12,
    15,
    19,
    12,
    13,
    12,
    8,
    10,
    8,
    14,
    13,
    10,
    7,
    14,
    12,
    9
  ],
  "diversity":true,
  "p_split":0.3,
  "split_reliability_mode":"identical_active_pool",
  "mechanism":null,
  "fixed_sfc_len":null,
  "fixed_reliability":0.9,
  "max_backup_level":2,
  "explicit_split_replicas":true,
  "split_enforce_distinct":false,
  "strict_split_resource_ablation":false,
  "split_replica_resource_scale":1.0,
  "cap_base_min":500,
  "cap_base_max":700,
  "cap_scale":0.2,
  "total_arrivals":1456,
  "total_accepted":1433,
  "total_rejected":23,
  "acceptance_ratio":0.9842032967,
  "avg_cost_per_arrival":21.968367842,
  "total_cost":31985.9435779684,
  "total_cost_resource":19009.9435779684,
  "avg_cost_per_accepted":22.3209655115,
  "final_utilization":0.2373953875,
  "avg_utilization_over_time":0.2237192721,
  "avg_leftover_capacity_sum_over_time":293148.1333333334,
  "final_leftover_capacity_sum":287983.6,
  "final_leftover_capacity_min":1.5333333333,
  "final_leftover_capacity_max":2610.6,
  "final_leftover_capacity_avg":917.1452229299,
  "avg_e2e_delay_accepted":0.0688033959,
  "p95_e2e_delay_accepted":0.1376512996,
  "avg_access_delay_accepted":0.0081185217,
  "avg_processing_delay_accepted":0.0448655723,
  "avg_network_delay_accepted":0.0128277278,
  "avg_split_proc_overhead_accepted":4.706027574e-19,
  "avg_split_net_overhead_accepted":0.0,
  "total_transmitted_bits_accepted":2392659634.3055238724,
  "avg_transmitted_bits_per_accepted":1669685.7182871765,
  "total_split_transmitted_bits_accepted":460211653.2229300737,
  "avg_split_transmitted_bits_per_accepted":321152.5842448919,
  "avg_split_overhead_ratio_accepted":5.532743208e-18,
  "p95_split_overhead_ratio_accepted":3.810767121e-17,
  "rga_accepted_total":1456,
  "rga_rejected_total":0,
  "rga_rejection_ratio":0.0,
  "mdca_rejected_total":23,
  "mdca_capacity_rejected_total":0,
  "mdca_reliability_rejected_total":0,
  "mdca_qos_rejected_total":23,
  "mdca_rejection_ratio":0.0157967033,
  "capacity_rejection_ratio":0.0,
  "reliability_rejection_ratio":0.0,
  "qos_rejected_total":23,
  "qos_rejection_ratio":0.0157967033
}