{
  "algo":"mdca",
  "region":"Arizona",
  "time_slots":120,
  "arrival_rate":12.0,
  "mean_service_time":9.0,
  "seed":5,
  "trace_seed":11454857388609130654,
  "algo_seed":12420848879883808025,
  "trace_hash":"1748f1275925d0d4d9759bbc89df8077cb24da27270c0977cc7d034960fe63de",
  "arrivals_per_slot":[
    13,
    16,
    12,
    13,
    10,
    11,
    9,
    12,
    8,
    8,
    15,
    8,
    10,
    11,
    11,
    11,
    13,
    9,
    8,
    14,
    7,
    11,
    8,
    13,
    11,
    14,
    7,
    16,
    12,
    7,
    8,
    12,
    13,
    10,
    9,
    13,
    15,
    10,
    13,
    8,
    15,
    13,
    8,
    15,
    10,
    11,
    18,
    10,
    14,
    6,
    9,
    13,
    18,
    14,
    20,
    14,
    11,
    11,
    11,
    9,
    9,
    13,
    16,
    18,
    7,
    12,
    11,
    8,
    17,
    7,
    14,
    8,
    13,
    9,
    16,
    13,
    10,
    14,
    19,
    16,
    14,
    9,
    7,
    12,
    12,
    9,
    12,
    7,
    14,
    11,
    10,
    18,
    17,
    18,
    16,
    10,
    9,
    15,
    11,
    9,
    12,
    13,
    15,
    12,
    10,
    13,
    8,
    12,
    13,
    13,
    9,
    10,
    10,
    13,
    11,
    9,
    8,
    10,
    8,
    10
  ],
  "diversity":true,
  "p_split":0.3,
  "split_reliability_mode":"identical_active_pool",
  "mechanism":null,
  "fixed_sfc_len":null,
  "fixed_reliability":0.999,
  "max_backup_level":1,
  "explicit_split_replicas":true,
  "split_enforce_distinct":false,
  "strict_split_resource_ablation":false,
  "split_replica_resource_scale":1.0,
  "cap_base_min":500,
  "cap_base_max":700,
  "cap_scale":0.2,
  "total_arrivals":1398,
  "total_accepted":158,
  "total_rejected":1240,
  "acceptance_ratio":0.113018598,
  "avg_cost_per_arrival":2.0836760545,
  "total_cost":2912.9791241589,
  "total_cost_resource":1436.9791241589,
  "avg_cost_per_accepted":18.4365767352,
  "final_utilization":0.0211100532,
  "avg_utilization_over_time":0.0248945943,
  "avg_leftover_capacity_sum_over_time":367253.3638888889,
  "final_leftover_capacity_sum":368678.7333333334,
  "final_leftover_capacity_min":27.8,
  "final_leftover_capacity_max":2576.4,
  "final_leftover_capacity_avg":1174.1360934183,
  "avg_e2e_delay_accepted":0.0499521102,
  "p95_e2e_delay_accepted":0.0931200044,
  "avg_access_delay_accepted":0.008299288,
  "avg_processing_delay_accepted":0.0231094786,
  "avg_network_delay_accepted":0.0130779834,
  "avg_split_proc_overhead_accepted":1.114395144e-18,
  "avg_split_net_overhead_accepted":0.0,
  "total_transmitted_bits_accepted":207771645.3127967119,
  "avg_transmitted_bits_per_accepted":1315010.4133721311,
  "total_split_transmitted_bits_accepted":112911962.439580366,
  "avg_split_transmitted_bits_per_accepted":714632.6736682302,
  "avg_split_overhead_ratio_accepted":2.080327859e-17,
  "p95_split_overhead_ratio_accepted":9.580775113e-17,
  "rga_accepted_total":159,
  "rga_rejected_total":1239,
  "rga_rejection_ratio":0.8862660944,
  "mdca_rejected_total":1,
  "mdca_capacity_rejected_total":0,
  "mdca_reliability_rejected_total":0,
  "mdca_qos_rejected_total":1,
  "mdca_rejection_ratio":0.0007153076,
  "capacity_rejection_ratio":0.0,
  "reliability_rejection_ratio":0.0,
  "qos_rejected_total":1,
  "qos_rejection_ratio":0.0007153076
}