{
  "algo":"hspa",
  "region":"Alabama",
  "time_slots":120,
  "arrival_rate":20.0,
  "mean_service_time":9.0,
  "seed":2,
  "trace_seed":3073349256593405289,
  "algo_seed":3824945755291777617,
  "trace_hash":"7372b9b65120bf3e24f9b1c33c948eb928046653791061f9ef9720e92b0ab529",
  "arrivals_per_slot":[
    23,
    25,
    35,
    19,
    22,
    17,
    20,
    17,
    17,
    20,
    22,
    17,
    26,
    25,
    19,
    21,
    22,
    24,
    19,
    25,
    15,
    16,
    22,
    21,
    22,
    16,
    23,
    16,
    17,
    12,
    12,
    21,
    20,
    22,
    19,
    19,
    21,
    18,
    22,
    27,
    19,
    12,
    11,
    21,
    23,
    25,
    22,
    31,
    18,
    20,
    21,
    17,
    17,
    18,
    24,
    29,
    25,
    13,
    26,
    20,
    21,
    22,
    29,
    9,
    17,
    14,
    20,
    24,
    15,
    17,
    17,
    9,
    20,
    15,
    18,
    20,
    24,
    34,
    16,
    18,
    13,
    22,
    17,
    20,
    14,
    25,
    26,
    25,
    26,
    16,
    21,
    16,
    27,
    17,
    18,
    24,
    20,
    16,
    16,
    19,
    28,
    14,
    30,
    12,
    24,
    21,
    25,
    18,
    16,
    20,
    21,
    15,
    24,
    19,
    15,
    22,
    16,
    16,
    19,
    23
  ],
  "diversity":false,
  "p_split":null,
  "split_reliability_mode":null,
  "mechanism":null,
  "fixed_sfc_len":5,
  "fixed_reliability":null,
  "max_backup_level":2,
  "explicit_split_replicas":false,
  "split_enforce_distinct":false,
  "strict_split_resource_ablation":false,
  "split_replica_resource_scale":1.0,
  "cap_base_min":500,
  "cap_base_max":700,
  "cap_scale":0.2,
  "total_arrivals":2403,
  "total_accepted":1054,
  "total_rejected":1349,
  "acceptance_ratio":0.4386183937,
  "avg_cost_per_arrival":40.6988989163,
  "total_cost":97799.4540958562,
  "total_cost_resource":74051.4540958562,
  "avg_cost_per_accepted":92.7888558784,
  "final_utilization":0.9818654088,
  "avg_utilization_over_time":0.9609655827,
  "avg_leftover_capacity_sum_over_time":6858.675,
  "final_leftover_capacity_sum":3186.4,
  "final_leftover_capacity_min":0.0,
  "final_leftover_capacity_max":135.8,
  "final_leftover_capacity_avg":23.2583941606,
  "avg_e2e_delay_accepted":0.1027866262,
  "p95_e2e_delay_accepted":0.1663460399,
  "avg_access_delay_accepted":0.0080835464,
  "avg_processing_delay_accepted":0.080917624,
  "avg_network_delay_accepted":0.0137854558,
  "avg_split_proc_overhead_accepted":0.0,
  "avg_split_net_overhead_accepted":0.0,
  "total_transmitted_bits_accepted":2753580169.8070077896,
  "avg_transmitted_bits_per_accepted":2612504.904940235,
  "total_split_transmitted_bits_accepted":0.0,
  "avg_split_transmitted_bits_per_accepted":0.0,
  "avg_split_overhead_ratio_accepted":0.0,
  "p95_split_overhead_ratio_accepted":0.0,
  "rga_accepted_total":2403,
  "rga_rejected_total":0,
  "rga_rejection_ratio":0.0,
  "mdca_rejected_total":1349,
  "mdca_capacity_rejected_total":1309,
  "mdca_reliability_rejected_total":0,
  "mdca_qos_rejected_total":40,
  "mdca_rejection_ratio":0.5613816063,
  "capacity_rejection_ratio":0.544735747,
  "reliability_rejection_ratio":0.0,
  "qos_rejected_total":40,
  "qos_rejection_ratio":0.0166458593
}