{
  "algo":"mdca",
  "region":"Arizona",
  "time_slots":120,
  "arrival_rate":12.0,
  "mean_service_time":9.0,
  "seed":2,
  "trace_seed":6160033264655147112,
  "algo_seed":4836232127056779440,
  "trace_hash":"c05e5f85460fbe209fa218539a4ec5a17996a30d8195b6a463ab7b9901f7182f",
  "arrivals_per_slot":[
    16,
    15,
    13,
    7,
    13,
    10,
    10,
    16,
    7,
    13,
    13,
    16,
    11,
    15,
    10,
    12,
    10,
    12,
    13,
    9,
    13,
    12,
    13,
    12,
    15,
    16,
    12,
    14,
    22,
    17,
    12,
    18,
    10,
    13,
    19,
    9,
    16,
    8,
    13,
    16,
    8,
    16,
    7,
    13,
    8,
    19,
    20,
    11,
    13,
    12,
    15,
    10,
    8,
    11,
    14,
    17,
    6,
    16,
    7,
    16,
    10,
    9,
    11,
    11,
    12,
    18,
    12,
    5,
    15,
    11,
    7,
    17,
    8,
    12,
    17,
    19,
    12,
    13,
    14,
    13,
    14,
    19,
    10,
    12,
    10,
    14,
    10,
    11,
    12,
    11,
    19,
    8,
    12,
    7,
    9,
    8,
    14,
    14,
    15,
    19,
    19,
    12,
    15,
    17,
    13,
    16,
    12,
    9,
    7,
    12,
    8,
    10,
    16,
    11,
    17,
    11,
    13,
    16,
    12,
    11
  ],
  "diversity":true,
  "p_split":0.3,
  "split_reliability_mode":"identical_active_pool",
  "mechanism":null,
  "fixed_sfc_len":null,
  "fixed_reliability":0.9,
  "max_backup_level":2,
  "explicit_split_replicas":true,
  "split_enforce_distinct":false,
  "strict_split_resource_ablation":false,
  "split_replica_resource_scale":1.0,
  "cap_base_min":500,
  "cap_base_max":700,
  "cap_scale":0.2,
  "total_arrivals":1519,
  "total_accepted":1493,
  "total_rejected":26,
  "acceptance_ratio":0.982883476,
  "avg_cost_per_arrival":22.2412119743,
  "total_cost":33784.4009889155,
  "total_cost_resource":20102.4009889155,
  "avg_cost_per_accepted":22.6285338171,
  "final_utilization":0.2273171295,
  "avg_utilization_over_time":0.2201342539,
  "avg_leftover_capacity_sum_over_time":292461.3527777778,
  "final_leftover_capacity_sum":289767.6666666667,
  "final_leftover_capacity_min":1.0,
  "final_leftover_capacity_max":2242.0,
  "final_leftover_capacity_avg":922.8269639066,
  "avg_e2e_delay_accepted":0.070006527,
  "p95_e2e_delay_accepted":0.1387239201,
  "avg_access_delay_accepted":0.0080184296,
  "avg_processing_delay_accepted":0.0451331927,
  "avg_network_delay_accepted":0.0138215024,
  "avg_split_proc_overhead_accepted":5.443522763e-19,
  "avg_split_net_overhead_accepted":0.0,
  "total_transmitted_bits_accepted":2477000062.8879384995,
  "avg_transmitted_bits_per_accepted":1659075.7286590345,
  "total_split_transmitted_bits_accepted":471099774.3244016767,
  "avg_split_transmitted_bits_per_accepted":315539.0316975229,
  "avg_split_overhead_ratio_accepted":6.255582519e-18,
  "p95_split_overhead_ratio_accepted":4.480706927e-17,
  "rga_accepted_total":1519,
  "rga_rejected_total":0,
  "rga_rejection_ratio":0.0,
  "mdca_rejected_total":26,
  "mdca_capacity_rejected_total":0,
  "mdca_reliability_rejected_total":0,
  "mdca_qos_rejected_total":26,
  "mdca_rejection_ratio":0.017116524,
  "capacity_rejection_ratio":0.0,
  "reliability_rejection_ratio":0.0,
  "qos_rejected_total":26,
  "qos_rejection_ratio":0.017116524
}