{
  "algo":"mdca",
  "region":"Alabama",
  "time_slots":120,
  "arrival_rate":12.0,
  "mean_service_time":9.0,
  "seed":5,
  "trace_seed":5608125887345209314,
  "algo_seed":10056931585136477576,
  "trace_hash":"5fe1958b95c38e326f05345546cfafbc93388a96adb49c1d8ef54423a88b4e5e",
  "arrivals_per_slot":[
    17,
    9,
    20,
    8,
    17,
    11,
    10,
    8,
    10,
    8,
    3,
    14,
    14,
    7,
    14,
    12,
    14,
    9,
    8,
    19,
    11,
    22,
    11,
    8,
    14,
    16,
    11,
    14,
    14,
    15,
    15,
    13,
    8,
    10,
    13,
    14,
    11,
    15,
    11,
    13,
    8,
    14,
    7,
    9,
    20,
    14,
    12,
    11,
    22,
    13,
    11,
    11,
    11,
    8,
    15,
    12,
    10,
    14,
    13,
    19,
    16,
    15,
    13,
    9,
    16,
    13,
    12,
    8,
    15,
    9,
    13,
    11,
    13,
    11,
    13,
    13,
    10,
    8,
    19,
    12,
    8,
    12,
    10,
    13,
    15,
    15,
    17,
    10,
    9,
    6,
    13,
    15,
    7,
    13,
    21,
    8,
    9,
    7,
    13,
    13,
    11,
    11,
    14,
    13,
    9,
    9,
    17,
    8,
    12,
    6,
    9,
    9,
    18,
    10,
    7,
    9,
    9,
    14,
    9,
    10
  ],
  "diversity":false,
  "p_split":null,
  "split_reliability_mode":null,
  "mechanism":null,
  "fixed_sfc_len":null,
  "fixed_reliability":0.996,
  "max_backup_level":2,
  "explicit_split_replicas":false,
  "split_enforce_distinct":false,
  "strict_split_resource_ablation":false,
  "split_replica_resource_scale":1.0,
  "cap_base_min":500,
  "cap_base_max":700,
  "cap_scale":0.2,
  "total_arrivals":1442,
  "total_accepted":1349,
  "total_rejected":93,
  "acceptance_ratio":0.9355062413,
  "avg_cost_per_arrival":56.3053760975,
  "total_cost":81192.3523325873,
  "total_cost_resource":61384.3523325873,
  "avg_cost_per_accepted":60.1870662213,
  "final_utilization":0.7492344122,
  "avg_utilization_over_time":0.8542589654,
  "avg_leftover_capacity_sum_over_time":25185.275,
  "final_leftover_capacity_sum":43334.4,
  "final_leftover_capacity_min":0.0,
  "final_leftover_capacity_max":2147.2,
  "final_leftover_capacity_avg":316.3094890511,
  "avg_e2e_delay_accepted":0.0614769685,
  "p95_e2e_delay_accepted":0.1241351797,
  "avg_access_delay_accepted":0.0080107288,
  "avg_processing_delay_accepted":0.0468545896,
  "avg_network_delay_accepted":0.0066116501,
  "avg_split_proc_overhead_accepted":0.0,
  "avg_split_net_overhead_accepted":0.0,
  "total_transmitted_bits_accepted":1665854175.8409616947,
  "avg_transmitted_bits_per_accepted":1234880.782684182,
  "total_split_transmitted_bits_accepted":0.0,
  "avg_split_transmitted_bits_per_accepted":0.0,
  "avg_split_overhead_ratio_accepted":0.0,
  "p95_split_overhead_ratio_accepted":0.0,
  "rga_accepted_total":1442,
  "rga_rejected_total":0,
  "rga_rejection_ratio":0.0,
  "mdca_rejected_total":93,
  "mdca_capacity_rejected_total":85,
  "mdca_reliability_rejected_total":0,
  "mdca_qos_rejected_total":8,
  "mdca_rejection_ratio":0.0644937587,
  "capacity_rejection_ratio":0.0589459085,
  "reliability_rejection_ratio":0.0,
  "qos_rejected_total":8,
  "qos_rejection_ratio":0.0055478502
}