{
  "algo":"mdca",
  "region":"Arizona",
  "time_slots":120,
  "arrival_rate":12.0,
  "mean_service_time":9.0,
  "seed":4,
  "trace_seed":16707068173538783098,
  "algo_seed":9982702643186365209,
  "trace_hash":"c5d4cf64f89c549094607b0ba48289f3d80ef88839bcacc95dda2bf52aa9edcb",
  "arrivals_per_slot":[
    10,
    12,
    12,
    11,
    9,
    16,
    11,
    11,
    9,
    10,
    8,
    16,
    10,
    14,
    13,
    7,
    14,
    12,
    15,
    12,
    19,
    15,
    12,
    8,
    11,
    9,
    9,
    16,
    9,
    13,
    15,
    13,
    16,
    13,
    18,
    8,
    10,
    18,
    10,
    10,
    10,
    14,
    14,
    17,
    13,
    11,
    11,
    13,
    9,
    14,
    10,
    15,
    12,
    16,
    13,
    10,
    10,
    7,
    8,
    10,
    21,
    12,
    13,
    11,
    13,
    8,
    3,
    16,
    11,
    12,
    22,
    10,
    5,
    11,
    9,
    5,
    13,
    11,
    16,
    10,
    12,
    7,
    13,
    22,
    11,
    9,
    10,
    19,
    16,
    10,
    10,
    14,
    7,
    9,
    11,
    8,
    6,
    6,
    12,
    8,
    12,
    11,
    15,
    16,
    10,
    17,
    7,
    15,
    10,
    14,
    10,
    12,
    14,
    11,
    10,
    15,
    8,
    16,
    12,
    10
  ],
  "diversity":true,
  "p_split":0.3,
  "split_reliability_mode":"identical_active_pool",
  "mechanism":null,
  "fixed_sfc_len":null,
  "fixed_reliability":0.999,
  "max_backup_level":2,
  "explicit_split_replicas":true,
  "split_enforce_distinct":false,
  "strict_split_resource_ablation":false,
  "split_replica_resource_scale":1.0,
  "cap_base_min":500,
  "cap_base_max":700,
  "cap_scale":0.2,
  "total_arrivals":1418,
  "total_accepted":1136,
  "total_rejected":282,
  "acceptance_ratio":0.8011283498,
  "avg_cost_per_arrival":36.0325672492,
  "total_cost":51094.1803593291,
  "total_cost_resource":32744.1803593291,
  "avg_cost_per_accepted":44.9772714431,
  "final_utilization":0.402673738,
  "avg_utilization_over_time":0.3258987919,
  "avg_leftover_capacity_sum_over_time":256039.0083333333,
  "final_leftover_capacity_sum":226878.1333333334,
  "final_leftover_capacity_min":1.0666666667,
  "final_leftover_capacity_max":2240.0,
  "final_leftover_capacity_avg":722.5418259023,
  "avg_e2e_delay_accepted":0.0660916164,
  "p95_e2e_delay_accepted":0.1356699665,
  "avg_access_delay_accepted":0.0080967991,
  "avg_processing_delay_accepted":0.0401330207,
  "avg_network_delay_accepted":0.0140201956,
  "avg_split_proc_overhead_accepted":6.047099441e-19,
  "avg_split_net_overhead_accepted":0.0,
  "total_transmitted_bits_accepted":1906048065.233645916,
  "avg_transmitted_bits_per_accepted":1677859.2123535615,
  "total_split_transmitted_bits_accepted":512256392.0457941294,
  "avg_split_transmitted_bits_per_accepted":450929.922575523,
  "avg_split_overhead_ratio_accepted":7.410467793e-18,
  "p95_split_overhead_ratio_accepted":4.863996764e-17,
  "rga_accepted_total":1144,
  "rga_rejected_total":274,
  "rga_rejection_ratio":0.1932299013,
  "mdca_rejected_total":8,
  "mdca_capacity_rejected_total":0,
  "mdca_reliability_rejected_total":0,
  "mdca_qos_rejected_total":8,
  "mdca_rejection_ratio":0.0056417489,
  "capacity_rejection_ratio":0.0,
  "reliability_rejection_ratio":0.0,
  "qos_rejected_total":8,
  "qos_rejection_ratio":0.0056417489
}