{
  "algo":"mdca",
  "region":"Arizona",
  "time_slots":120,
  "arrival_rate":20.0,
  "mean_service_time":9.0,
  "seed":1,
  "trace_seed":5308628274627094858,
  "algo_seed":9475761514817476165,
  "trace_hash":"4b8b4943859f3856af0b60b138061c9f15316ddf101e9afe54fb6a36f6c2d4ce",
  "arrivals_per_slot":[
    17,
    14,
    10,
    17,
    16,
    25,
    15,
    24,
    18,
    18,
    23,
    15,
    29,
    27,
    16,
    18,
    23,
    28,
    29,
    20,
    24,
    20,
    21,
    14,
    18,
    11,
    13,
    18,
    13,
    21,
    24,
    19,
    18,
    17,
    19,
    20,
    19,
    29,
    18,
    18,
    25,
    29,
    19,
    23,
    18,
    22,
    31,
    28,
    22,
    31,
    24,
    18,
    17,
    21,
    19,
    18,
    32,
    20,
    24,
    13,
    19,
    23,
    18,
    25,
    20,
    21,
    17,
    10,
    15,
    17,
    20,
    24,
    17,
    19,
    14,
    25,
    13,
    25,
    15,
    27,
    22,
    16,
    22,
    12,
    20,
    14,
    15,
    17,
    20,
    19,
    22,
    19,
    20,
    17,
    25,
    22,
    23,
    18,
    15,
    10,
    21,
    19,
    21,
    22,
    17,
    17,
    22,
    16,
    12,
    18,
    17,
    16,
    18,
    21,
    20,
    26,
    21,
    20,
    15,
    21
  ],
  "diversity":true,
  "p_split":0.3,
  "split_reliability_mode":"identical_active_pool",
  "split_recovery_coverage":1.0,
  "split_workload_shares":"0.5,0.5",
  "mechanism":null,
  "fixed_sfc_len":3,
  "fixed_reliability":0.999,
  "max_backup_level":2,
  "explicit_split_replicas":true,
  "split_enforce_distinct":false,
  "strict_split_resource_ablation":false,
  "split_replica_resource_scale":1.0,
  "backhaul_knn_k":4,
  "backhaul_use_device_bw":true,
  "backhaul_bw_scale":0.5,
  "fiber_speed_mps":200000000.0,
  "switch_delay_s":0.0002,
  "region_cloudlet_count":314,
  "cap_base_min":500,
  "cap_base_max":700,
  "cap_scale":0.2,
  "total_arrivals":2362,
  "total_accepted":1956,
  "total_rejected":406,
  "acceptance_ratio":0.8281117697,
  "avg_cost_per_arrival":49.7217588555,
  "total_cost":117442.7944166081,
  "total_cost_resource":82847.7944166081,
  "avg_cost_per_accepted":60.0423284338,
  "final_utilization":0.5860544686,
  "avg_utilization_over_time":0.6472723231,
  "avg_leftover_capacity_sum_over_time":132135.5972222223,
  "final_leftover_capacity_sum":155068.4666666667,
  "final_leftover_capacity_min":0.0,
  "final_leftover_capacity_max":2179.2,
  "final_leftover_capacity_avg":493.8486199575,
  "avg_e2e_delay_accepted":0.0709920447,
  "p95_e2e_delay_accepted":0.1159476125,
  "avg_access_delay_accepted":0.0081363019,
  "avg_processing_delay_accepted":0.042899227,
  "avg_network_delay_accepted":0.0158477097,
  "avg_split_proc_overhead_accepted":6.955301053e-19,
  "avg_split_net_overhead_accepted":0.0,
  "total_transmitted_bits_accepted":3677378259.8302254677,
  "avg_transmitted_bits_per_accepted":1880050.2350870273,
  "total_split_transmitted_bits_accepted":933891912.5685164928,
  "avg_split_transmitted_bits_per_accepted":477449.8530513888,
  "avg_split_overhead_ratio_accepted":8.938055378e-18,
  "p95_split_overhead_ratio_accepted":4.884286121e-17,
  "rga_accepted_total":1962,
  "rga_rejected_total":400,
  "rga_rejection_ratio":0.1693480102,
  "mdca_rejected_total":6,
  "mdca_capacity_rejected_total":0,
  "mdca_reliability_rejected_total":0,
  "mdca_qos_rejected_total":6,
  "mdca_rejection_ratio":0.0025402202,
  "capacity_rejection_ratio":0.0,
  "reliability_rejection_ratio":0.0,
  "qos_rejected_total":6,
  "qos_rejection_ratio":0.0025402202
}