{
  "algo":"mdca",
  "region":"Arizona",
  "time_slots":120,
  "arrival_rate":12.0,
  "mean_service_time":9.0,
  "seed":3,
  "trace_seed":749333843108848763,
  "algo_seed":18087234375462464239,
  "trace_hash":"c5237000ec1ec019199adcee7a372c19a00df06e40154c0ca9591ef71c45050d",
  "arrivals_per_slot":[
    5,
    7,
    7,
    11,
    13,
    15,
    7,
    9,
    17,
    12,
    10,
    11,
    8,
    15,
    14,
    17,
    17,
    10,
    13,
    14,
    6,
    15,
    12,
    11,
    6,
    17,
    6,
    11,
    7,
    10,
    12,
    9,
    18,
    8,
    7,
    16,
    8,
    12,
    10,
    9,
    15,
    9,
    12,
    8,
    9,
    16,
    13,
    6,
    12,
    10,
    17,
    14,
    11,
    8,
    7,
    14,
    12,
    13,
    15,
    10,
    7,
    12,
    11,
    8,
    16,
    13,
    11,
    14,
    13,
    13,
    12,
    12,
    14,
    14,
    15,
    12,
    10,
    20,
    17,
    13,
    10,
    11,
    12,
    5,
    13,
    7,
    12,
    15,
    14,
    10,
    11,
    12,
    14,
    8,
    13,
    12,
    11,
    14,
    15,
    11,
    8,
    14,
    11,
    12,
    11,
    11,
    8,
    11,
    16,
    14,
    16,
    15,
    17,
    9,
    8,
    10,
    5,
    10,
    16,
    13
  ],
  "diversity":true,
  "p_split":0.3,
  "split_reliability_mode":"identical_active_pool",
  "mechanism":null,
  "fixed_sfc_len":null,
  "fixed_reliability":0.93,
  "max_backup_level":2,
  "explicit_split_replicas":true,
  "split_enforce_distinct":false,
  "strict_split_resource_ablation":false,
  "split_replica_resource_scale":1.0,
  "cap_base_min":500,
  "cap_base_max":700,
  "cap_scale":0.2,
  "total_arrivals":1395,
  "total_accepted":1376,
  "total_rejected":19,
  "acceptance_ratio":0.9863799283,
  "avg_cost_per_arrival":25.7985192552,
  "total_cost":35988.9343610341,
  "total_cost_resource":21819.9343610341,
  "avg_cost_per_accepted":26.1547488089,
  "final_utilization":0.2891812553,
  "avg_utilization_over_time":0.2473872793,
  "avg_leftover_capacity_sum_over_time":284204.325,
  "final_leftover_capacity_sum":268421.9333333333,
  "final_leftover_capacity_min":0.0,
  "final_leftover_capacity_max":2363.6,
  "final_leftover_capacity_avg":854.8469214437,
  "avg_e2e_delay_accepted":0.0694919315,
  "p95_e2e_delay_accepted":0.1347167736,
  "avg_access_delay_accepted":0.0080566137,
  "avg_processing_delay_accepted":0.0442566891,
  "avg_network_delay_accepted":0.0140381632,
  "avg_split_proc_overhead_accepted":5.380038106e-19,
  "avg_split_net_overhead_accepted":0.0,
  "total_transmitted_bits_accepted":2342746760.4815907478,
  "avg_transmitted_bits_per_accepted":1702577.5875592956,
  "total_split_transmitted_bits_accepted":468386415.6802523136,
  "avg_split_transmitted_bits_per_accepted":340397.104418788,
  "avg_split_overhead_ratio_accepted":6.282410534e-18,
  "p95_split_overhead_ratio_accepted":4.350971961e-17,
  "rga_accepted_total":1395,
  "rga_rejected_total":0,
  "rga_rejection_ratio":0.0,
  "mdca_rejected_total":19,
  "mdca_capacity_rejected_total":0,
  "mdca_reliability_rejected_total":0,
  "mdca_qos_rejected_total":19,
  "mdca_rejection_ratio":0.0136200717,
  "capacity_rejection_ratio":0.0,
  "reliability_rejection_ratio":0.0,
  "qos_rejected_total":19,
  "qos_rejection_ratio":0.0136200717
}