{
  "algo":"mdca",
  "region":"Arizona",
  "time_slots":120,
  "arrival_rate":12.0,
  "mean_service_time":9.0,
  "seed":2,
  "trace_seed":3891617833120692526,
  "algo_seed":9726686590171252026,
  "trace_hash":"cc81443e80635432aca563ce1925f8bf26792b90ed7bc892c5c3f8cd4a248782",
  "arrivals_per_slot":[
    11,
    9,
    12,
    7,
    18,
    11,
    11,
    16,
    6,
    10,
    12,
    19,
    17,
    11,
    7,
    15,
    13,
    17,
    7,
    7,
    10,
    12,
    4,
    12,
    14,
    7,
    7,
    11,
    7,
    9,
    10,
    11,
    20,
    8,
    12,
    15,
    9,
    15,
    13,
    11,
    16,
    12,
    12,
    10,
    12,
    15,
    12,
    16,
    16,
    19,
    12,
    18,
    9,
    8,
    13,
    14,
    12,
    12,
    6,
    12,
    13,
    5,
    12,
    14,
    8,
    9,
    7,
    9,
    15,
    7,
    12,
    13,
    11,
    19,
    9,
    12,
    14,
    11,
    15,
    17,
    10,
    13,
    15,
    21,
    14,
    14,
    15,
    17,
    10,
    13,
    17,
    6,
    16,
    15,
    11,
    18,
    15,
    11,
    17,
    14,
    11,
    10,
    9,
    16,
    14,
    18,
    16,
    11,
    11,
    2,
    10,
    10,
    11,
    3,
    8,
    8,
    14,
    16,
    10,
    14
  ],
  "diversity":true,
  "p_split":0.3,
  "split_reliability_mode":"identical_active_pool",
  "mechanism":null,
  "fixed_sfc_len":null,
  "fixed_reliability":0.998,
  "max_backup_level":3,
  "explicit_split_replicas":true,
  "split_enforce_distinct":false,
  "strict_split_resource_ablation":false,
  "split_replica_resource_scale":1.0,
  "cap_base_min":500,
  "cap_base_max":700,
  "cap_scale":0.2,
  "total_arrivals":1445,
  "total_accepted":1425,
  "total_rejected":20,
  "acceptance_ratio":0.9861591696,
  "avg_cost_per_arrival":49.1482532025,
  "total_cost":71019.2258775505,
  "total_cost_resource":47199.2258775505,
  "avg_cost_per_accepted":49.8380532474,
  "final_utilization":0.4696039898,
  "avg_utilization_over_time":0.428363237,
  "avg_leftover_capacity_sum_over_time":214638.2861111111,
  "final_leftover_capacity_sum":199153.2,
  "final_leftover_capacity_min":0.1333333333,
  "final_leftover_capacity_max":2591.6,
  "final_leftover_capacity_avg":634.2458598726,
  "avg_e2e_delay_accepted":0.0711018083,
  "p95_e2e_delay_accepted":0.1382610145,
  "avg_access_delay_accepted":0.0080807288,
  "avg_processing_delay_accepted":0.043892257,
  "avg_network_delay_accepted":0.0154792309,
  "avg_split_proc_overhead_accepted":6.086749039e-19,
  "avg_split_net_overhead_accepted":0.0,
  "total_transmitted_bits_accepted":2589813669.3064584732,
  "avg_transmitted_bits_per_accepted":1817413.1012676901,
  "total_split_transmitted_bits_accepted":602746188.9755177498,
  "avg_split_transmitted_bits_per_accepted":422979.7817372055,
  "avg_split_overhead_ratio_accepted":7.214798031e-18,
  "p95_split_overhead_ratio_accepted":4.46677593e-17,
  "rga_accepted_total":1445,
  "rga_rejected_total":0,
  "rga_rejection_ratio":0.0,
  "mdca_rejected_total":20,
  "mdca_capacity_rejected_total":0,
  "mdca_reliability_rejected_total":0,
  "mdca_qos_rejected_total":20,
  "mdca_rejection_ratio":0.0138408304,
  "capacity_rejection_ratio":0.0,
  "reliability_rejection_ratio":0.0,
  "qos_rejected_total":20,
  "qos_rejection_ratio":0.0138408304
}