{
  "algo":"dtsp",
  "region":"Arizona",
  "time_slots":120,
  "arrival_rate":12.0,
  "mean_service_time":9.0,
  "seed":2,
  "trace_seed":12057244439424122892,
  "algo_seed":17643830267334769152,
  "trace_hash":"4bc3dbca952b75aae0559971e73b9eff00969b32fbfe2a411537b4490ee81e88",
  "arrivals_per_slot":[
    14,
    17,
    11,
    11,
    8,
    8,
    9,
    11,
    8,
    13,
    21,
    9,
    10,
    10,
    19,
    11,
    10,
    11,
    8,
    19,
    11,
    12,
    15,
    12,
    14,
    13,
    11,
    14,
    18,
    11,
    13,
    10,
    11,
    13,
    5,
    10,
    12,
    12,
    9,
    8,
    10,
    11,
    17,
    14,
    10,
    9,
    11,
    11,
    14,
    10,
    11,
    5,
    9,
    11,
    14,
    15,
    15,
    17,
    14,
    14,
    19,
    10,
    15,
    8,
    7,
    11,
    17,
    12,
    10,
    9,
    13,
    13,
    8,
    16,
    8,
    10,
    15,
    10,
    10,
    17,
    10,
    17,
    8,
    9,
    11,
    9,
    9,
    19,
    16,
    9,
    16,
    13,
    15,
    14,
    11,
    23,
    6,
    12,
    14,
    10,
    16,
    15,
    14,
    15,
    8,
    14,
    14,
    14,
    10,
    14,
    10,
    15,
    11,
    10,
    11,
    14,
    6,
    11,
    12,
    7
  ],
  "diversity":false,
  "p_split":null,
  "split_reliability_mode":null,
  "mechanism":null,
  "fixed_sfc_len":null,
  "fixed_reliability":0.999,
  "max_backup_level":2,
  "explicit_split_replicas":false,
  "split_enforce_distinct":false,
  "strict_split_resource_ablation":false,
  "split_replica_resource_scale":1.0,
  "cap_base_min":500,
  "cap_base_max":700,
  "cap_scale":0.2,
  "total_arrivals":1444,
  "total_accepted":894,
  "total_rejected":550,
  "acceptance_ratio":0.6191135734,
  "avg_cost_per_arrival":23.4624891067,
  "total_cost":33879.8342700893,
  "total_cost_resource":20726.8342700893,
  "avg_cost_per_accepted":37.8969063424,
  "final_utilization":0.2485247873,
  "avg_utilization_over_time":0.2562196239,
  "avg_leftover_capacity_sum_over_time":283024.3499999999,
  "final_leftover_capacity_sum":285952.4,
  "final_leftover_capacity_min":0.0,
  "final_leftover_capacity_max":2128.0,
  "final_leftover_capacity_avg":910.676433121,
  "avg_e2e_delay_accepted":0.0572022168,
  "p95_e2e_delay_accepted":0.120267307,
  "avg_access_delay_accepted":0.0080377624,
  "avg_processing_delay_accepted":0.0413908054,
  "avg_network_delay_accepted":0.0077736491,
  "avg_split_proc_overhead_accepted":0.0,
  "avg_split_net_overhead_accepted":0.0,
  "total_transmitted_bits_accepted":1033702735.8443739414,
  "avg_transmitted_bits_per_accepted":1156267.0423315144,
  "total_split_transmitted_bits_accepted":0.0,
  "avg_split_transmitted_bits_per_accepted":0.0,
  "avg_split_overhead_ratio_accepted":0.0,
  "p95_split_overhead_ratio_accepted":0.0,
  "rga_accepted_total":898,
  "rga_rejected_total":546,
  "rga_rejection_ratio":0.3781163435,
  "mdca_rejected_total":4,
  "mdca_capacity_rejected_total":0,
  "mdca_reliability_rejected_total":0,
  "mdca_qos_rejected_total":4,
  "mdca_rejection_ratio":0.0027700831,
  "capacity_rejection_ratio":0.0,
  "reliability_rejection_ratio":0.0,
  "qos_rejected_total":4,
  "qos_rejection_ratio":0.0027700831
}