slot,arrivals,rga_accepted,rga_rejected,accepted,rejected,mdca_rejected,capacity_rejected,qos_rejected,reliability_rejected,avg_e2e_delay,p95_e2e_delay,avg_access_delay,avg_processing_delay,avg_network_delay,avg_split_proc_overhead,avg_split_net_overhead,avg_transmitted_bits,avg_split_transmitted_bits,avg_split_overhead_ratio,leftover_sum,utilization,active_tasks
0,0,0,0,0,0,0,0,0,0,0.0,0.0,0.0,0.0,0.0,0.0,0.0,0.0,0.0,0.0,175395.59999999998,0.0,0
1,1,1,0,1,0,0,0,0,0,0.06985776935111218,0.06985776935111218,0.00853100305571661,0.05082303732089204,0.010503728974503544,0.0,0.0,2551190.9514236934,0.0,0.0,171581.59999999998,0.021745129296287913,1
2,1,1,0,1,0,0,0,0,0,0.0627799808305912,0.0627799808305912,0.006170023370482024,0.05660995746010918,0.0,0.0,0.0,0.0,0.0,0.0,169583.59999999998,0.03313652109859089,2
3,3,3,0,3,0,0,0,0,0,0.09266701906970927,0.14136982451020888,0.009445099470350481,0.07482707382632359,0.008394845773035205,0.0,0.0,1472527.6374893829,0.0,0.0,166206.59999999998,0.052390139775456146,4
4,2,2,0,2,0,0,0,0,0,0.053780029419177894,0.06866298427209043,0.007340082855181305,0.04265372929304044,0.003786217270956146,0.0,0.0,595318.0172274712,0.0,0.0,167595.59999999998,0.04447089892790923,3
