{
  "algo":"mdca",
  "region":"Arizona",
  "time_slots":120,
  "arrival_rate":10.0,
  "mean_service_time":9.0,
  "seed":5,
  "trace_seed":6458801121425925473,
  "algo_seed":8713146723775295805,
  "trace_hash":"91f1481773ff19bb24eb84400488405910db6f927d7c2a316d6c916fb2d9c139",
  "arrivals_per_slot":[
    12,
    6,
    14,
    7,
    7,
    12,
    11,
    10,
    10,
    12,
    18,
    7,
    7,
    10,
    7,
    14,
    12,
    8,
    9,
    6,
    10,
    10,
    7,
    8,
    9,
    7,
    13,
    8,
    12,
    12,
    7,
    11,
    9,
    9,
    11,
    4,
    11,
    16,
    9,
    7,
    10,
    16,
    13,
    6,
    9,
    7,
    12,
    10,
    13,
    6,
    16,
    10,
    6,
    14,
    13,
    13,
    7,
    10,
    9,
    8,
    5,
    11,
    8,
    7,
    9,
    11,
    18,
    5,
    5,
    10,
    13,
    12,
    7,
    9,
    8,
    9,
    8,
    7,
    6,
    8,
    12,
    9,
    5,
    6,
    10,
    9,
    12,
    8,
    6,
    11,
    16,
    8,
    15,
    9,
    12,
    11,
    1,
    6,
    12,
    7,
    11,
    11,
    12,
    4,
    13,
    12,
    6,
    10,
    11,
    10,
    7,
    9,
    7,
    8,
    13,
    6,
    15,
    8,
    2,
    11
  ],
  "diversity":true,
  "p_split":0.3,
  "split_reliability_mode":"identical_active_pool",
  "mechanism":null,
  "fixed_sfc_len":null,
  "fixed_reliability":null,
  "max_backup_level":2,
  "explicit_split_replicas":true,
  "split_enforce_distinct":false,
  "strict_split_resource_ablation":false,
  "split_replica_resource_scale":1.0,
  "cap_base_min":500,
  "cap_base_max":700,
  "cap_scale":0.2,
  "total_arrivals":1144,
  "total_accepted":1133,
  "total_rejected":11,
  "acceptance_ratio":0.9903846154,
  "avg_cost_per_arrival":24.9648970088,
  "total_cost":28559.8421781041,
  "total_cost_resource":16661.8421781041,
  "avg_cost_per_accepted":25.2072746497,
  "final_utilization":0.1898745138,
  "avg_utilization_over_time":0.2166276314,
  "avg_leftover_capacity_sum_over_time":298538.3527777778,
  "final_leftover_capacity_sum":308733.8,
  "final_leftover_capacity_min":0.8,
  "final_leftover_capacity_max":2386.4,
  "final_leftover_capacity_avg":983.2286624204,
  "avg_e2e_delay_accepted":0.0675891477,
  "p95_e2e_delay_accepted":0.1304422687,
  "avg_access_delay_accepted":0.0081237485,
  "avg_processing_delay_accepted":0.0426460672,
  "avg_network_delay_accepted":0.0136776762,
  "avg_split_proc_overhead_accepted":4.85355112e-19,
  "avg_split_net_overhead_accepted":0.0,
  "total_transmitted_bits_accepted":1929744673.5126948357,
  "avg_transmitted_bits_per_accepted":1703216.8345213546,
  "total_split_transmitted_bits_accepted":416251686.5177776217,
  "avg_split_transmitted_bits_per_accepted":367388.9554437578,
  "avg_split_overhead_ratio_accepted":5.974614621e-18,
  "p95_split_overhead_ratio_accepted":3.905682548e-17,
  "rga_accepted_total":1144,
  "rga_rejected_total":0,
  "rga_rejection_ratio":0.0,
  "mdca_rejected_total":11,
  "mdca_capacity_rejected_total":0,
  "mdca_reliability_rejected_total":0,
  "mdca_qos_rejected_total":11,
  "mdca_rejection_ratio":0.0096153846,
  "capacity_rejection_ratio":0.0,
  "reliability_rejection_ratio":0.0,
  "qos_rejected_total":11,
  "qos_rejection_ratio":0.0096153846
}