{
  "algo":"hspa",
  "region":"Arizona",
  "time_slots":120,
  "arrival_rate":15.0,
  "mean_service_time":9.0,
  "seed":1,
  "trace_seed":18378463481897257372,
  "algo_seed":2824623555250726674,
  "trace_hash":"f668af9aa8baa3a82ec532be74e7c7406c8e448208b37c6c3b44c2d151db09fa",
  "arrivals_per_slot":[
    11,
    14,
    12,
    17,
    19,
    15,
    17,
    15,
    22,
    17,
    13,
    19,
    19,
    13,
    20,
    15,
    12,
    15,
    15,
    9,
    11,
    15,
    11,
    15,
    15,
    13,
    14,
    14,
    18,
    10,
    15,
    25,
    13,
    14,
    10,
    14,
    10,
    15,
    11,
    18,
    20,
    16,
    19,
    15,
    10,
    12,
    10,
    13,
    16,
    16,
    11,
    11,
    15,
    17,
    14,
    21,
    21,
    17,
    10,
    14,
    16,
    18,
    13,
    13,
    17,
    10,
    16,
    18,
    18,
    15,
    21,
    17,
    14,
    16,
    18,
    23,
    19,
    20,
    20,
    17,
    8,
    18,
    10,
    12,
    16,
    14,
    18,
    8,
    15,
    14,
    15,
    15,
    15,
    12,
    20,
    16,
    9,
    19,
    17,
    15,
    18,
    14,
    22,
    8,
    15,
    18,
    19,
    10,
    21,
    20,
    16,
    12,
    14,
    18,
    13,
    20,
    14,
    18,
    14,
    18
  ],
  "diversity":false,
  "p_split":null,
  "split_reliability_mode":null,
  "mechanism":null,
  "fixed_sfc_len":null,
  "fixed_reliability":null,
  "max_backup_level":2,
  "explicit_split_replicas":false,
  "split_enforce_distinct":false,
  "strict_split_resource_ablation":false,
  "split_replica_resource_scale":1.0,
  "cap_base_min":500,
  "cap_base_max":700,
  "cap_scale":0.2,
  "total_arrivals":1835,
  "total_accepted":1819,
  "total_rejected":16,
  "acceptance_ratio":0.991280654,
  "avg_cost_per_arrival":39.3042500288,
  "total_cost":72123.29880289,
  "total_cost_resource":49336.29880289,
  "avg_cost_per_accepted":39.6499718543,
  "final_utilization":0.4918817584,
  "avg_utilization_over_time":0.4248040617,
  "avg_leftover_capacity_sum_over_time":217473.9916666666,
  "final_leftover_capacity_sum":192112.8,
  "final_leftover_capacity_min":0.0,
  "final_leftover_capacity_max":2220.8,
  "final_leftover_capacity_avg":611.8242038217,
  "avg_e2e_delay_accepted":0.0645000061,
  "p95_e2e_delay_accepted":0.1310158396,
  "avg_access_delay_accepted":0.0080940044,
  "avg_processing_delay_accepted":0.0479958273,
  "avg_network_delay_accepted":0.0084101743,
  "avg_split_proc_overhead_accepted":0.0,
  "avg_split_net_overhead_accepted":0.0,
  "total_transmitted_bits_accepted":2465551634.7805600166,
  "avg_transmitted_bits_per_accepted":1355443.4495769984,
  "total_split_transmitted_bits_accepted":0.0,
  "avg_split_transmitted_bits_per_accepted":0.0,
  "avg_split_overhead_ratio_accepted":0.0,
  "p95_split_overhead_ratio_accepted":0.0,
  "rga_accepted_total":1835,
  "rga_rejected_total":0,
  "rga_rejection_ratio":0.0,
  "mdca_rejected_total":16,
  "mdca_capacity_rejected_total":0,
  "mdca_reliability_rejected_total":0,
  "mdca_qos_rejected_total":16,
  "mdca_rejection_ratio":0.008719346,
  "capacity_rejection_ratio":0.0,
  "reliability_rejection_ratio":0.0,
  "qos_rejected_total":16,
  "qos_rejection_ratio":0.008719346
}