{
  "algo":"mdca",
  "region":"Arizona",
  "time_slots":120,
  "arrival_rate":12.0,
  "mean_service_time":9.0,
  "seed":2,
  "trace_seed":3891617833120692526,
  "algo_seed":12212449990934311995,
  "trace_hash":"cc81443e80635432aca563ce1925f8bf26792b90ed7bc892c5c3f8cd4a248782",
  "arrivals_per_slot":[
    11,
    9,
    12,
    7,
    18,
    11,
    11,
    16,
    6,
    10,
    12,
    19,
    17,
    11,
    7,
    15,
    13,
    17,
    7,
    7,
    10,
    12,
    4,
    12,
    14,
    7,
    7,
    11,
    7,
    9,
    10,
    11,
    20,
    8,
    12,
    15,
    9,
    15,
    13,
    11,
    16,
    12,
    12,
    10,
    12,
    15,
    12,
    16,
    16,
    19,
    12,
    18,
    9,
    8,
    13,
    14,
    12,
    12,
    6,
    12,
    13,
    5,
    12,
    14,
    8,
    9,
    7,
    9,
    15,
    7,
    12,
    13,
    11,
    19,
    9,
    12,
    14,
    11,
    15,
    17,
    10,
    13,
    15,
    21,
    14,
    14,
    15,
    17,
    10,
    13,
    17,
    6,
    16,
    15,
    11,
    18,
    15,
    11,
    17,
    14,
    11,
    10,
    9,
    16,
    14,
    18,
    16,
    11,
    11,
    2,
    10,
    10,
    11,
    3,
    8,
    8,
    14,
    16,
    10,
    14
  ],
  "diversity":true,
  "p_split":0.3,
  "split_reliability_mode":"identical_active_pool",
  "mechanism":null,
  "fixed_sfc_len":null,
  "fixed_reliability":0.998,
  "max_backup_level":2,
  "explicit_split_replicas":true,
  "split_enforce_distinct":false,
  "strict_split_resource_ablation":false,
  "split_replica_resource_scale":1.0,
  "cap_base_min":500,
  "cap_base_max":700,
  "cap_scale":0.2,
  "total_arrivals":1445,
  "total_accepted":1400,
  "total_rejected":45,
  "acceptance_ratio":0.9688581315,
  "avg_cost_per_arrival":43.8551282776,
  "total_cost":63370.6603610958,
  "total_cost_resource":39940.6603610958,
  "avg_cost_per_accepted":45.2647574008,
  "final_utilization":0.4309481565,
  "avg_utilization_over_time":0.3781538614,
  "avg_leftover_capacity_sum_over_time":233490.9125000001,
  "final_leftover_capacity_sum":213667.7,
  "final_leftover_capacity_min":0.2,
  "final_leftover_capacity_max":2591.6,
  "final_leftover_capacity_avg":680.4703821656,
  "avg_e2e_delay_accepted":0.0719965095,
  "p95_e2e_delay_accepted":0.1361920832,
  "avg_access_delay_accepted":0.0080923774,
  "avg_processing_delay_accepted":0.0420777092,
  "avg_network_delay_accepted":0.0170341448,
  "avg_split_proc_overhead_accepted":1.276260843e-19,
  "avg_split_net_overhead_accepted":0.0,
  "total_transmitted_bits_accepted":2723994071.3382825851,
  "avg_transmitted_bits_per_accepted":1945710.0509559161,
  "total_split_transmitted_bits_accepted":803766511.5390963554,
  "avg_split_transmitted_bits_per_accepted":574118.9368136403,
  "avg_split_overhead_ratio_accepted":1.467613712e-18,
  "p95_split_overhead_ratio_accepted":8.758548281e-18,
  "rga_accepted_total":1421,
  "rga_rejected_total":24,
  "rga_rejection_ratio":0.0166089965,
  "mdca_rejected_total":21,
  "mdca_capacity_rejected_total":0,
  "mdca_reliability_rejected_total":0,
  "mdca_qos_rejected_total":21,
  "mdca_rejection_ratio":0.014532872,
  "capacity_rejection_ratio":0.0,
  "reliability_rejection_ratio":0.0,
  "qos_rejected_total":21,
  "qos_rejection_ratio":0.014532872
}