{
  "algo":"mdca",
  "region":"Arizona",
  "time_slots":120,
  "arrival_rate":30.0,
  "mean_service_time":9.0,
  "seed":1,
  "trace_seed":11720802870195743146,
  "algo_seed":9475761514817476165,
  "trace_hash":"fea02cd201bea47b82e2d1a35870ef39b4bb376236c75a82ae07fd01e985f43b",
  "arrivals_per_slot":[
    35,
    35,
    29,
    31,
    33,
    27,
    28,
    30,
    33,
    45,
    19,
    31,
    29,
    32,
    30,
    32,
    31,
    23,
    29,
    23,
    28,
    23,
    25,
    31,
    37,
    31,
    27,
    24,
    35,
    36,
    26,
    27,
    25,
    37,
    27,
    17,
    28,
    30,
    33,
    32,
    26,
    22,
    32,
    24,
    25,
    33,
    25,
    37,
    38,
    23,
    35,
    22,
    31,
    24,
    31,
    37,
    34,
    30,
    33,
    22,
    23,
    35,
    26,
    34,
    31,
    31,
    30,
    30,
    21,
    21,
    39,
    24,
    39,
    26,
    24,
    31,
    24,
    34,
    22,
    36,
    19,
    40,
    25,
    24,
    36,
    21,
    33,
    25,
    36,
    35,
    35,
    43,
    31,
    30,
    37,
    34,
    21,
    31,
    22,
    30,
    34,
    36,
    22,
    34,
    38,
    24,
    29,
    30,
    26,
    19,
    30,
    37,
    28,
    24,
    29,
    45,
    34,
    29,
    34,
    26
  ],
  "diversity":true,
  "p_split":0.3,
  "split_reliability_mode":"identical_active_pool",
  "split_recovery_coverage":1.0,
  "split_workload_shares":"0.5,0.5",
  "mechanism":null,
  "fixed_sfc_len":3,
  "fixed_reliability":0.999,
  "max_backup_level":2,
  "explicit_split_replicas":true,
  "split_enforce_distinct":false,
  "strict_split_resource_ablation":false,
  "split_replica_resource_scale":1.0,
  "backhaul_knn_k":4,
  "backhaul_use_device_bw":true,
  "backhaul_bw_scale":0.5,
  "fiber_speed_mps":200000000.0,
  "switch_delay_s":0.0002,
  "region_cloudlet_count":50,
  "cap_base_min":500,
  "cap_base_max":700,
  "cap_scale":0.2,
  "total_arrivals":3565,
  "total_accepted":731,
  "total_rejected":2834,
  "acceptance_ratio":0.2050490884,
  "avg_cost_per_arrival":11.0737297441,
  "total_cost":39477.8465376461,
  "total_cost_resource":26967.8465376461,
  "avg_cost_per_accepted":54.0052620214,
  "final_utilization":0.9639741654,
  "avg_utilization_over_time":0.9656961847,
  "avg_leftover_capacity_sum_over_time":2126.6444444445,
  "final_leftover_capacity_sum":2233.4,
  "final_leftover_capacity_min":0.1333333333,
  "final_leftover_capacity_max":320.0,
  "final_leftover_capacity_avg":44.668,
  "avg_e2e_delay_accepted":0.0849832921,
  "p95_e2e_delay_accepted":0.1316117775,
  "avg_access_delay_accepted":0.0081113516,
  "avg_processing_delay_accepted":0.0612424895,
  "avg_network_delay_accepted":0.0094543912,
  "avg_split_proc_overhead_accepted":1.05127565e-18,
  "avg_split_net_overhead_accepted":0.0,
  "total_transmitted_bits_accepted":1297212625.6876959801,
  "avg_transmitted_bits_per_accepted":1774572.6753593653,
  "total_split_transmitted_bits_accepted":359745305.8173508644,
  "avg_split_transmitted_bits_per_accepted":492127.6413370053,
  "avg_split_overhead_ratio_accepted":1.168062243e-17,
  "p95_split_overhead_ratio_accepted":6.935107422e-17,
  "rga_accepted_total":2909,
  "rga_rejected_total":656,
  "rga_rejection_ratio":0.1840112202,
  "mdca_rejected_total":2178,
  "mdca_capacity_rejected_total":2171,
  "mdca_reliability_rejected_total":2,
  "mdca_qos_rejected_total":5,
  "mdca_rejection_ratio":0.6109396914,
  "capacity_rejection_ratio":0.6089761571,
  "reliability_rejection_ratio":0.0005610098,
  "qos_rejected_total":5,
  "qos_rejection_ratio":0.0014025245
}