{
  "algo":"dtsp",
  "region":"Arizona",
  "time_slots":120,
  "arrival_rate":35.0,
  "mean_service_time":9.0,
  "seed":5,
  "trace_seed":5428092707759322348,
  "algo_seed":13274000025865092566,
  "trace_hash":"f991128d2ddd9ea698266cfb790167228983d3205d0e34dea854c9497991a07e",
  "arrivals_per_slot":[
    31,
    31,
    26,
    41,
    37,
    41,
    24,
    32,
    48,
    42,
    22,
    32,
    39,
    33,
    37,
    41,
    42,
    27,
    40,
    36,
    32,
    37,
    33,
    44,
    30,
    29,
    39,
    44,
    40,
    29,
    30,
    40,
    31,
    28,
    31,
    27,
    37,
    38,
    45,
    18,
    36,
    38,
    35,
    27,
    38,
    35,
    36,
    41,
    47,
    31,
    39,
    33,
    41,
    33,
    44,
    38,
    30,
    42,
    37,
    33,
    28,
    32,
    31,
    32,
    34,
    46,
    31,
    39,
    42,
    27,
    30,
    24,
    37,
    41,
    34,
    29,
    29,
    41,
    38,
    36,
    27,
    31,
    35,
    45,
    28,
    33,
    37,
    40,
    32,
    34,
    34,
    38,
    30,
    27,
    27,
    33,
    34,
    42,
    32,
    22,
    33,
    32,
    32,
    42,
    35,
    33,
    21,
    36,
    29,
    32,
    24,
    39,
    40,
    33,
    34,
    46,
    31,
    38,
    31,
    40
  ],
  "diversity":false,
  "p_split":null,
  "split_reliability_mode":null,
  "mechanism":null,
  "fixed_sfc_len":null,
  "fixed_reliability":null,
  "max_backup_level":2,
  "explicit_split_replicas":false,
  "split_enforce_distinct":false,
  "strict_split_resource_ablation":false,
  "split_replica_resource_scale":1.0,
  "cap_base_min":500,
  "cap_base_max":700,
  "cap_scale":0.2,
  "total_arrivals":4141,
  "total_accepted":3934,
  "total_rejected":207,
  "acceptance_ratio":0.9500120744,
  "avg_cost_per_arrival":44.3645336442,
  "total_cost":183713.5338204576,
  "total_cost_resource":140101.5338204576,
  "avg_cost_per_accepted":46.6989155619,
  "final_utilization":0.9153047952,
  "avg_utilization_over_time":0.869287469,
  "avg_leftover_capacity_sum_over_time":49341.7583333333,
  "final_leftover_capacity_sum":31971.0,
  "final_leftover_capacity_min":0.0,
  "final_leftover_capacity_max":2092.8,
  "final_leftover_capacity_avg":101.8184713376,
  "avg_e2e_delay_accepted":0.0657014391,
  "p95_e2e_delay_accepted":0.1286487592,
  "avg_access_delay_accepted":0.0080829104,
  "avg_processing_delay_accepted":0.0480854774,
  "avg_network_delay_accepted":0.0095330512,
  "avg_split_proc_overhead_accepted":0.0,
  "avg_split_net_overhead_accepted":0.0,
  "total_transmitted_bits_accepted":5911290895.9394836426,
  "avg_transmitted_bits_per_accepted":1502615.8861056136,
  "total_split_transmitted_bits_accepted":0.0,
  "avg_split_transmitted_bits_per_accepted":0.0,
  "avg_split_overhead_ratio_accepted":0.0,
  "p95_split_overhead_ratio_accepted":0.0,
  "rga_accepted_total":4141,
  "rga_rejected_total":0,
  "rga_rejection_ratio":0.0,
  "mdca_rejected_total":207,
  "mdca_capacity_rejected_total":168,
  "mdca_reliability_rejected_total":0,
  "mdca_qos_rejected_total":39,
  "mdca_rejection_ratio":0.0499879256,
  "capacity_rejection_ratio":0.0405699106,
  "reliability_rejection_ratio":0.0,
  "qos_rejected_total":39,
  "qos_rejection_ratio":0.009418015
}