{
  "algo":"mdca",
  "region":"Arizona",
  "time_slots":120,
  "arrival_rate":20.0,
  "mean_service_time":9.0,
  "seed":3,
  "trace_seed":5589002386809309175,
  "algo_seed":18087234375462464239,
  "trace_hash":"35a00f15b70401e0c4d17bf5f391ec7a3e19a8699fbce7d202fd0e04c17345f4",
  "arrivals_per_slot":[
    21,
    14,
    19,
    19,
    19,
    23,
    24,
    16,
    20,
    21,
    25,
    24,
    17,
    22,
    13,
    20,
    17,
    20,
    13,
    23,
    11,
    19,
    19,
    18,
    10,
    22,
    19,
    16,
    23,
    13,
    21,
    18,
    19,
    11,
    19,
    13,
    18,
    15,
    20,
    24,
    16,
    20,
    17,
    23,
    25,
    14,
    20,
    20,
    21,
    18,
    21,
    14,
    17,
    21,
    24,
    25,
    23,
    21,
    19,
    21,
    17,
    23,
    20,
    20,
    13,
    23,
    30,
    19,
    27,
    24,
    19,
    21,
    16,
    23,
    21,
    25,
    15,
    21,
    17,
    17,
    16,
    13,
    29,
    16,
    16,
    23,
    16,
    18,
    19,
    23,
    17,
    23,
    21,
    13,
    15,
    22,
    21,
    17,
    19,
    23,
    24,
    22,
    16,
    17,
    15,
    28,
    24,
    22,
    15,
    16,
    15,
    15,
    24,
    19,
    23,
    30,
    14,
    19,
    19,
    15
  ],
  "diversity":true,
  "p_split":0.3,
  "split_reliability_mode":"identical_active_pool",
  "mechanism":null,
  "fixed_sfc_len":4,
  "fixed_reliability":null,
  "max_backup_level":2,
  "explicit_split_replicas":true,
  "split_enforce_distinct":false,
  "strict_split_resource_ablation":false,
  "split_replica_resource_scale":1.0,
  "cap_base_min":500,
  "cap_base_max":700,
  "cap_scale":0.2,
  "total_arrivals":2321,
  "total_accepted":2284,
  "total_rejected":37,
  "acceptance_ratio":0.9840585954,
  "avg_cost_per_arrival":45.5500238906,
  "total_cost":105721.6054501798,
  "total_cost_resource":71745.6054501798,
  "avg_cost_per_accepted":46.2879183232,
  "final_utilization":0.5671794104,
  "avg_utilization_over_time":0.5583584266,
  "avg_leftover_capacity_sum_over_time":167454.0555555556,
  "final_leftover_capacity_sum":164109.4666666667,
  "final_leftover_capacity_min":0.4,
  "final_leftover_capacity_max":2204.8,
  "final_leftover_capacity_avg":522.6416135881,
  "avg_e2e_delay_accepted":0.0920916107,
  "p95_e2e_delay_accepted":0.1458316436,
  "avg_access_delay_accepted":0.0080822264,
  "avg_processing_delay_accepted":0.0599077158,
  "avg_network_delay_accepted":0.0195098609,
  "avg_split_proc_overhead_accepted":6.643823821e-19,
  "avg_split_net_overhead_accepted":0.0,
  "total_transmitted_bits_accepted":5680771491.6023178101,
  "avg_transmitted_bits_per_accepted":2487202.9297733442,
  "total_split_transmitted_bits_accepted":1044876760.6704984903,
  "avg_split_transmitted_bits_per_accepted":457476.6903110764,
  "avg_split_overhead_ratio_accepted":6.825183597e-18,
  "p95_split_overhead_ratio_accepted":4.054692711e-17,
  "rga_accepted_total":2321,
  "rga_rejected_total":0,
  "rga_rejection_ratio":0.0,
  "mdca_rejected_total":37,
  "mdca_capacity_rejected_total":0,
  "mdca_reliability_rejected_total":0,
  "mdca_qos_rejected_total":37,
  "mdca_rejection_ratio":0.0159414046,
  "capacity_rejection_ratio":0.0,
  "reliability_rejection_ratio":0.0,
  "qos_rejected_total":37,
  "qos_rejection_ratio":0.0159414046
}