{
  "algo":"dtsp",
  "region":"Alabama",
  "time_slots":120,
  "arrival_rate":20.0,
  "mean_service_time":9.0,
  "seed":4,
  "trace_seed":10585293836125466954,
  "algo_seed":10631498835370800008,
  "trace_hash":"c1836d9b745bbfd27eec27a1bbd93b40d253c14b9d605a2cca5d40cc94b95968",
  "arrivals_per_slot":[
    21,
    12,
    20,
    22,
    24,
    24,
    17,
    20,
    19,
    31,
    22,
    22,
    21,
    16,
    26,
    25,
    25,
    22,
    19,
    14,
    16,
    20,
    22,
    27,
    21,
    34,
    28,
    23,
    21,
    26,
    23,
    23,
    30,
    19,
    25,
    18,
    19,
    18,
    21,
    24,
    26,
    23,
    15,
    17,
    19,
    18,
    24,
    13,
    16,
    20,
    24,
    15,
    19,
    22,
    30,
    15,
    30,
    12,
    20,
    25,
    20,
    22,
    17,
    22,
    17,
    21,
    21,
    16,
    21,
    22,
    17,
    20,
    25,
    23,
    20,
    21,
    20,
    23,
    19,
    28,
    24,
    21,
    23,
    22,
    24,
    25,
    20,
    19,
    16,
    17,
    20,
    25,
    23,
    28,
    20,
    18,
    18,
    19,
    26,
    13,
    13,
    15,
    20,
    20,
    25,
    13,
    15,
    17,
    19,
    20,
    26,
    18,
    17,
    22,
    16,
    12,
    15,
    22,
    20,
    20
  ],
  "diversity":false,
  "p_split":null,
  "split_reliability_mode":null,
  "mechanism":null,
  "fixed_sfc_len":5,
  "fixed_reliability":null,
  "max_backup_level":2,
  "explicit_split_replicas":false,
  "split_enforce_distinct":false,
  "strict_split_resource_ablation":false,
  "split_replica_resource_scale":1.0,
  "cap_base_min":500,
  "cap_base_max":700,
  "cap_scale":0.2,
  "total_arrivals":2484,
  "total_accepted":1194,
  "total_rejected":1290,
  "acceptance_ratio":0.4806763285,
  "avg_cost_per_arrival":39.8777506203,
  "total_cost":99056.3325407488,
  "total_cost_resource":76636.3325407488,
  "avg_cost_per_accepted":82.9617525467,
  "final_utilization":0.9612725713,
  "avg_utilization_over_time":0.9465001122,
  "avg_leftover_capacity_sum_over_time":9294.375,
  "final_leftover_capacity_sum":6728.0,
  "final_leftover_capacity_min":0.0,
  "final_leftover_capacity_max":869.2,
  "final_leftover_capacity_avg":49.1094890511,
  "avg_e2e_delay_accepted":0.1056910316,
  "p95_e2e_delay_accepted":0.1639940115,
  "avg_access_delay_accepted":0.0079785585,
  "avg_processing_delay_accepted":0.0815288113,
  "avg_network_delay_accepted":0.0161836618,
  "avg_split_proc_overhead_accepted":0.0,
  "avg_split_net_overhead_accepted":0.0,
  "total_transmitted_bits_accepted":3540840452.6048526764,
  "avg_transmitted_bits_per_accepted":2965528.0172569957,
  "total_split_transmitted_bits_accepted":0.0,
  "avg_split_transmitted_bits_per_accepted":0.0,
  "avg_split_overhead_ratio_accepted":0.0,
  "p95_split_overhead_ratio_accepted":0.0,
  "rga_accepted_total":2484,
  "rga_rejected_total":0,
  "rga_rejection_ratio":0.0,
  "mdca_rejected_total":1290,
  "mdca_capacity_rejected_total":1227,
  "mdca_reliability_rejected_total":0,
  "mdca_qos_rejected_total":63,
  "mdca_rejection_ratio":0.5193236715,
  "capacity_rejection_ratio":0.4939613527,
  "reliability_rejection_ratio":0.0,
  "qos_rejected_total":63,
  "qos_rejection_ratio":0.0253623188
}