{
  "algo":"mdca",
  "region":"Arizona",
  "time_slots":120,
  "arrival_rate":20.0,
  "mean_service_time":9.0,
  "seed":1,
  "trace_seed":16605789131958009277,
  "algo_seed":9475761514817476165,
  "trace_hash":"7b6be1ed7fe24787d6175020e5db59fe508c93346d3a766ed244b3623fae78ab",
  "arrivals_per_slot":[
    13,
    26,
    22,
    14,
    16,
    22,
    22,
    17,
    13,
    17,
    13,
    19,
    28,
    20,
    19,
    22,
    29,
    18,
    22,
    16,
    29,
    15,
    18,
    17,
    19,
    16,
    21,
    12,
    17,
    16,
    12,
    23,
    9,
    20,
    30,
    20,
    16,
    22,
    20,
    19,
    29,
    15,
    20,
    22,
    16,
    28,
    22,
    21,
    22,
    21,
    16,
    28,
    28,
    20,
    17,
    18,
    18,
    28,
    16,
    28,
    17,
    21,
    18,
    21,
    20,
    18,
    23,
    22,
    16,
    20,
    16,
    26,
    15,
    23,
    21,
    16,
    21,
    16,
    12,
    20,
    13,
    21,
    25,
    16,
    20,
    20,
    19,
    30,
    16,
    16,
    24,
    13,
    19,
    19,
    32,
    30,
    26,
    11,
    22,
    20,
    22,
    23,
    21,
    27,
    22,
    22,
    19,
    22,
    21,
    21,
    26,
    16,
    13,
    18,
    16,
    15,
    27,
    14,
    19,
    19
  ],
  "diversity":true,
  "p_split":0.3,
  "split_reliability_mode":"identical_active_pool",
  "mechanism":null,
  "fixed_sfc_len":2,
  "fixed_reliability":null,
  "max_backup_level":2,
  "explicit_split_replicas":true,
  "split_enforce_distinct":false,
  "strict_split_resource_ablation":false,
  "split_replica_resource_scale":1.0,
  "cap_base_min":500,
  "cap_base_max":700,
  "cap_scale":0.2,
  "total_arrivals":2389,
  "total_accepted":2386,
  "total_rejected":3,
  "acceptance_ratio":0.9987442445,
  "avg_cost_per_arrival":17.0274633192,
  "total_cost":40678.6098695246,
  "total_cost_resource":24534.6098695246,
  "avg_cost_per_accepted":17.0488725354,
  "final_utilization":0.3156877262,
  "avg_utilization_over_time":0.2905606917,
  "avg_leftover_capacity_sum_over_time":263317.7638888889,
  "final_leftover_capacity_sum":253991.5333333334,
  "final_leftover_capacity_min":0.1333333333,
  "final_leftover_capacity_max":2268.6,
  "final_leftover_capacity_avg":808.8902335456,
  "avg_e2e_delay_accepted":0.0473907921,
  "p95_e2e_delay_accepted":0.0870353587,
  "avg_access_delay_accepted":0.0080549105,
  "avg_processing_delay_accepted":0.0298001745,
  "avg_network_delay_accepted":0.0075800313,
  "avg_split_proc_overhead_accepted":3.0463082e-19,
  "avg_split_net_overhead_accepted":0.0,
  "total_transmitted_bits_accepted":2132751430.9935865402,
  "avg_transmitted_bits_per_accepted":893860.6165103045,
  "total_split_transmitted_bits_accepted":573421324.0427672863,
  "avg_split_transmitted_bits_per_accepted":240327.4618787793,
  "avg_split_overhead_ratio_accepted":5.365141532e-18,
  "p95_split_overhead_ratio_accepted":4.57249987e-17,
  "rga_accepted_total":2389,
  "rga_rejected_total":0,
  "rga_rejection_ratio":0.0,
  "mdca_rejected_total":3,
  "mdca_capacity_rejected_total":0,
  "mdca_reliability_rejected_total":0,
  "mdca_qos_rejected_total":3,
  "mdca_rejection_ratio":0.0012557555,
  "capacity_rejection_ratio":0.0,
  "reliability_rejection_ratio":0.0,
  "qos_rejected_total":3,
  "qos_rejection_ratio":0.0012557555
}