{
  "algo":"mdca",
  "region":"Arizona",
  "time_slots":120,
  "arrival_rate":12.0,
  "mean_service_time":9.0,
  "seed":1,
  "trace_seed":14522583464663214432,
  "algo_seed":3737587677167370884,
  "trace_hash":"ab436247d448ea617d3a5398fb4f74bc7adb79425366f0140e55632e04e7a18d",
  "arrivals_per_slot":[
    8,
    13,
    16,
    19,
    16,
    15,
    14,
    14,
    11,
    17,
    9,
    16,
    10,
    7,
    8,
    10,
    13,
    13,
    10,
    16,
    21,
    10,
    10,
    9,
    13,
    12,
    6,
    9,
    12,
    13,
    14,
    11,
    5,
    8,
    15,
    14,
    5,
    13,
    15,
    11,
    9,
    10,
    13,
    19,
    6,
    15,
    9,
    11,
    18,
    8,
    11,
    14,
    13,
    10,
    13,
    16,
    17,
    4,
    8,
    13,
    15,
    6,
    15,
    12,
    11,
    12,
    12,
    16,
    11,
    10,
    12,
    17,
    11,
    12,
    14,
    15,
    9,
    8,
    18,
    8,
    14,
    9,
    15,
    14,
    10,
    9,
    11,
    11,
    13,
    15,
    13,
    14,
    18,
    11,
    9,
    17,
    12,
    9,
    14,
    21,
    6,
    5,
    8,
    12,
    13,
    13,
    18,
    6,
    13,
    5,
    13,
    15,
    12,
    4,
    7,
    9,
    9,
    17,
    12,
    7
  ],
  "diversity":false,
  "p_split":null,
  "split_reliability_mode":null,
  "split_recovery_coverage":null,
  "split_workload_shares":null,
  "mechanism":null,
  "fixed_sfc_len":null,
  "fixed_reliability":0.996,
  "max_backup_level":2,
  "explicit_split_replicas":false,
  "split_enforce_distinct":false,
  "strict_split_resource_ablation":false,
  "split_replica_resource_scale":1.0,
  "backhaul_knn_k":4,
  "backhaul_use_device_bw":true,
  "backhaul_bw_scale":0.5,
  "fiber_speed_mps":200000000.0,
  "switch_delay_s":0.0002,
  "region_cloudlet_count":314,
  "cap_base_min":500,
  "cap_base_max":700,
  "cap_scale":0.2,
  "total_arrivals":1425,
  "total_accepted":1408,
  "total_rejected":17,
  "acceptance_ratio":0.9880701754,
  "avg_cost_per_arrival":49.1344526556,
  "total_cost":70016.5950342373,
  "total_cost_resource":48384.5950342373,
  "avg_cost_per_accepted":49.7276953368,
  "final_utilization":0.420027526,
  "avg_utilization_over_time":0.4538196309,
  "avg_leftover_capacity_sum_over_time":205090.2916666667,
  "final_leftover_capacity_sum":217779.2,
  "final_leftover_capacity_min":0.0,
  "final_leftover_capacity_max":2473.8,
  "final_leftover_capacity_avg":693.5643312102,
  "avg_e2e_delay_accepted":0.0650254395,
  "p95_e2e_delay_accepted":0.1271462597,
  "avg_access_delay_accepted":0.00808264,
  "avg_processing_delay_accepted":0.047534597,
  "avg_network_delay_accepted":0.0094082025,
  "avg_split_proc_overhead_accepted":0.0,
  "avg_split_net_overhead_accepted":0.0,
  "total_transmitted_bits_accepted":1907364328.7503294945,
  "avg_transmitted_bits_per_accepted":1354662.1653056317,
  "total_split_transmitted_bits_accepted":0.0,
  "avg_split_transmitted_bits_per_accepted":0.0,
  "avg_split_overhead_ratio_accepted":0.0,
  "p95_split_overhead_ratio_accepted":0.0,
  "rga_accepted_total":1425,
  "rga_rejected_total":0,
  "rga_rejection_ratio":0.0,
  "mdca_rejected_total":17,
  "mdca_capacity_rejected_total":0,
  "mdca_reliability_rejected_total":0,
  "mdca_qos_rejected_total":17,
  "mdca_rejection_ratio":0.0119298246,
  "capacity_rejection_ratio":0.0,
  "reliability_rejection_ratio":0.0,
  "qos_rejected_total":17,
  "qos_rejection_ratio":0.0119298246,
  "placement_trace_path":"D:\\Study\\Code_1\\paper_data\\workload_sharing_sensitivity\\Arizona\\R0p996\\MDCA\\seed1\\placement_trace_Arizona_mdca_seed1.json"
}