{
  "algo":"mdca",
  "region":"Arizona",
  "time_slots":120,
  "arrival_rate":20.0,
  "mean_service_time":9.0,
  "seed":1,
  "trace_seed":7438580685462729738,
  "algo_seed":3737587677167370884,
  "trace_hash":"590be4368fc86686872894776dcde611658e90f80be7d749a900f42ec1f33efc",
  "arrivals_per_slot":[
    13,
    18,
    22,
    22,
    20,
    28,
    26,
    25,
    25,
    13,
    20,
    16,
    12,
    23,
    19,
    19,
    15,
    17,
    14,
    20,
    22,
    25,
    24,
    17,
    22,
    25,
    23,
    28,
    23,
    14,
    17,
    23,
    24,
    17,
    22,
    18,
    22,
    17,
    24,
    27,
    22,
    26,
    11,
    20,
    16,
    13,
    22,
    15,
    22,
    17,
    15,
    20,
    16,
    26,
    23,
    19,
    27,
    19,
    24,
    23,
    25,
    26,
    25,
    27,
    15,
    22,
    12,
    16,
    14,
    18,
    24,
    10,
    15,
    29,
    20,
    14,
    20,
    29,
    19,
    22,
    12,
    17,
    17,
    15,
    22,
    19,
    16,
    26,
    21,
    19,
    16,
    21,
    24,
    25,
    20,
    24,
    27,
    24,
    23,
    26,
    25,
    17,
    18,
    20,
    23,
    25,
    19,
    17,
    19,
    23,
    14,
    19,
    14,
    20,
    18,
    13,
    26,
    17,
    19,
    15
  ],
  "diversity":false,
  "p_split":null,
  "split_reliability_mode":null,
  "mechanism":null,
  "fixed_sfc_len":6,
  "fixed_reliability":null,
  "max_backup_level":2,
  "explicit_split_replicas":false,
  "split_enforce_distinct":false,
  "strict_split_resource_ablation":false,
  "split_replica_resource_scale":1.0,
  "cap_base_min":500,
  "cap_base_max":700,
  "cap_scale":0.2,
  "total_arrivals":2414,
  "total_accepted":2086,
  "total_rejected":328,
  "acceptance_ratio":0.8641259321,
  "avg_cost_per_arrival":78.5560775745,
  "total_cost":189634.3712649129,
  "total_cost_resource":142055.371264913,
  "avg_cost_per_accepted":90.9081357933,
  "final_utilization":0.953101965,
  "avg_utilization_over_time":0.8823854442,
  "avg_leftover_capacity_sum_over_time":44229.9416666667,
  "final_leftover_capacity_sum":17636.4,
  "final_leftover_capacity_min":0.0,
  "final_leftover_capacity_max":1303.2,
  "final_leftover_capacity_avg":56.1668789809,
  "avg_e2e_delay_accepted":0.1253670806,
  "p95_e2e_delay_accepted":0.1865235691,
  "avg_access_delay_accepted":0.0080780614,
  "avg_processing_delay_accepted":0.0964440948,
  "avg_network_delay_accepted":0.0208449244,
  "avg_split_proc_overhead_accepted":0.0,
  "avg_split_net_overhead_accepted":0.0,
  "total_transmitted_bits_accepted":6919801081.7795143127,
  "avg_transmitted_bits_per_accepted":3317258.4284657305,
  "total_split_transmitted_bits_accepted":0.0,
  "avg_split_transmitted_bits_per_accepted":0.0,
  "avg_split_overhead_ratio_accepted":0.0,
  "p95_split_overhead_ratio_accepted":0.0,
  "rga_accepted_total":2414,
  "rga_rejected_total":0,
  "rga_rejection_ratio":0.0,
  "mdca_rejected_total":328,
  "mdca_capacity_rejected_total":148,
  "mdca_reliability_rejected_total":0,
  "mdca_qos_rejected_total":180,
  "mdca_rejection_ratio":0.1358740679,
  "capacity_rejection_ratio":0.0613090307,
  "reliability_rejection_ratio":0.0,
  "qos_rejected_total":180,
  "qos_rejection_ratio":0.0745650373
}