{
  "algo":"hspa",
  "region":"Arizona",
  "time_slots":120,
  "arrival_rate":12.0,
  "mean_service_time":9.0,
  "seed":3,
  "trace_seed":267331371754759733,
  "algo_seed":5690859720453196328,
  "trace_hash":"d9aec8f286dedbed2f1b4f65fb4cbfb84bdf60747f1fb4c3169d77da45201887",
  "arrivals_per_slot":[
    12,
    11,
    15,
    16,
    8,
    13,
    10,
    6,
    15,
    10,
    7,
    15,
    11,
    15,
    9,
    7,
    15,
    10,
    12,
    14,
    7,
    11,
    6,
    9,
    5,
    11,
    8,
    13,
    10,
    8,
    11,
    9,
    11,
    10,
    11,
    10,
    12,
    11,
    11,
    24,
    8,
    16,
    8,
    19,
    10,
    9,
    11,
    16,
    17,
    9,
    18,
    8,
    10,
    13,
    15,
    15,
    16,
    11,
    6,
    13,
    13,
    12,
    10,
    14,
    15,
    9,
    9,
    21,
    19,
    14,
    12,
    10,
    16,
    10,
    11,
    11,
    15,
    17,
    12,
    10,
    11,
    10,
    6,
    10,
    11,
    14,
    15,
    6,
    16,
    8,
    12,
    7,
    12,
    8,
    21,
    15,
    15,
    9,
    18,
    12,
    8,
    12,
    9,
    7,
    13,
    11,
    18,
    10,
    13,
    10,
    9,
    16,
    13,
    15,
    8,
    12,
    11,
    12,
    9,
    15
  ],
  "diversity":false,
  "p_split":null,
  "split_reliability_mode":null,
  "mechanism":null,
  "fixed_sfc_len":null,
  "fixed_reliability":0.96,
  "max_backup_level":2,
  "explicit_split_replicas":false,
  "split_enforce_distinct":false,
  "strict_split_resource_ablation":false,
  "split_replica_resource_scale":1.0,
  "cap_base_min":500,
  "cap_base_max":700,
  "cap_scale":0.2,
  "total_arrivals":1414,
  "total_accepted":1406,
  "total_rejected":8,
  "acceptance_ratio":0.9943422914,
  "avg_cost_per_arrival":37.4489109083,
  "total_cost":52952.7600242695,
  "total_cost_resource":34254.7600242695,
  "avg_cost_per_accepted":37.6619914824,
  "final_utilization":0.4536916573,
  "avg_utilization_over_time":0.365396962,
  "avg_leftover_capacity_sum_over_time":239400.9500000001,
  "final_leftover_capacity_sum":206092.2,
  "final_leftover_capacity_min":0.0,
  "final_leftover_capacity_max":2542.2,
  "final_leftover_capacity_avg":656.3445859873,
  "avg_e2e_delay_accepted":0.0639200665,
  "p95_e2e_delay_accepted":0.1248916271,
  "avg_access_delay_accepted":0.0081035399,
  "avg_processing_delay_accepted":0.0474738654,
  "avg_network_delay_accepted":0.0083426613,
  "avg_split_proc_overhead_accepted":0.0,
  "avg_split_net_overhead_accepted":0.0,
  "total_transmitted_bits_accepted":1817587304.6977095604,
  "avg_transmitted_bits_per_accepted":1292736.3475801633,
  "total_split_transmitted_bits_accepted":0.0,
  "avg_split_transmitted_bits_per_accepted":0.0,
  "avg_split_overhead_ratio_accepted":0.0,
  "p95_split_overhead_ratio_accepted":0.0,
  "rga_accepted_total":1414,
  "rga_rejected_total":0,
  "rga_rejection_ratio":0.0,
  "mdca_rejected_total":8,
  "mdca_capacity_rejected_total":0,
  "mdca_reliability_rejected_total":0,
  "mdca_qos_rejected_total":8,
  "mdca_rejection_ratio":0.0056577086,
  "capacity_rejection_ratio":0.0,
  "reliability_rejection_ratio":0.0,
  "qos_rejected_total":8,
  "qos_rejection_ratio":0.0056577086
}