{
  "algo":"mdca",
  "region":"Arizona",
  "time_slots":120,
  "arrival_rate":20.0,
  "mean_service_time":9.0,
  "seed":4,
  "trace_seed":12245394020756893388,
  "algo_seed":9982702643186365209,
  "trace_hash":"bb3d5c62d7537df1e8f5175af4ffd7081f2730b6f86d20869baec5117a5f5182",
  "arrivals_per_slot":[
    22,
    19,
    18,
    20,
    20,
    16,
    21,
    13,
    15,
    20,
    13,
    21,
    20,
    21,
    27,
    30,
    17,
    20,
    14,
    27,
    16,
    17,
    17,
    10,
    17,
    18,
    26,
    15,
    25,
    23,
    21,
    30,
    29,
    18,
    18,
    21,
    21,
    22,
    12,
    15,
    20,
    29,
    21,
    20,
    21,
    21,
    20,
    19,
    29,
    23,
    22,
    14,
    15,
    19,
    17,
    19,
    15,
    17,
    20,
    22,
    19,
    13,
    22,
    18,
    15,
    18,
    16,
    20,
    25,
    26,
    15,
    16,
    22,
    25,
    12,
    16,
    24,
    22,
    17,
    26,
    30,
    19,
    26,
    21,
    12,
    14,
    15,
    14,
    30,
    15,
    18,
    23,
    16,
    19,
    16,
    23,
    22,
    17,
    13,
    26,
    16,
    21,
    17,
    16,
    22,
    19,
    15,
    20,
    14,
    20,
    21,
    19,
    12,
    19,
    21,
    16,
    21,
    23,
    25,
    20
  ],
  "diversity":true,
  "p_split":0.3,
  "split_reliability_mode":"identical_active_pool",
  "split_recovery_coverage":1.0,
  "split_workload_shares":"0.5,0.5",
  "mechanism":null,
  "fixed_sfc_len":3,
  "fixed_reliability":0.999,
  "max_backup_level":2,
  "explicit_split_replicas":true,
  "split_enforce_distinct":false,
  "strict_split_resource_ablation":false,
  "split_replica_resource_scale":1.0,
  "backhaul_knn_k":4,
  "backhaul_use_device_bw":true,
  "backhaul_bw_scale":0.5,
  "fiber_speed_mps":200000000.0,
  "switch_delay_s":0.0002,
  "region_cloudlet_count":50,
  "cap_base_min":500,
  "cap_base_max":700,
  "cap_scale":0.2,
  "total_arrivals":2341,
  "total_accepted":637,
  "total_rejected":1704,
  "acceptance_ratio":0.2721059376,
  "avg_cost_per_arrival":15.1463721037,
  "total_cost":35457.6570946839,
  "total_cost_resource":24376.6570946839,
  "avg_cost_per_accepted":55.6635119226,
  "final_utilization":0.9594672376,
  "avg_utilization_over_time":0.9566574032,
  "avg_leftover_capacity_sum_over_time":2615.4916666667,
  "final_leftover_capacity_sum":2445.9333333333,
  "final_leftover_capacity_min":3.2,
  "final_leftover_capacity_max":273.2,
  "final_leftover_capacity_avg":48.9186666667,
  "avg_e2e_delay_accepted":0.0809157114,
  "p95_e2e_delay_accepted":0.129377236,
  "avg_access_delay_accepted":0.0080754706,
  "avg_processing_delay_accepted":0.05828217,
  "avg_network_delay_accepted":0.0088584849,
  "avg_split_proc_overhead_accepted":8.544262019e-19,
  "avg_split_net_overhead_accepted":0.0,
  "total_transmitted_bits_accepted":1098374627.9737656116,
  "avg_transmitted_bits_per_accepted":1724292.9795506524,
  "total_split_transmitted_bits_accepted":283643632.2212575674,
  "avg_split_transmitted_bits_per_accepted":445280.427348913,
  "avg_split_overhead_ratio_accepted":9.924330501e-18,
  "p95_split_overhead_ratio_accepted":5.940973484e-17,
  "rga_accepted_total":1877,
  "rga_rejected_total":464,
  "rga_rejection_ratio":0.1982058949,
  "mdca_rejected_total":1240,
  "mdca_capacity_rejected_total":1231,
  "mdca_reliability_rejected_total":3,
  "mdca_qos_rejected_total":6,
  "mdca_rejection_ratio":0.5296881674,
  "capacity_rejection_ratio":0.5258436566,
  "reliability_rejection_ratio":0.0012815036,
  "qos_rejected_total":6,
  "qos_rejection_ratio":0.0025630073
}