{
  "algo":"mdca",
  "region":"Alabama",
  "time_slots":120,
  "arrival_rate":12.0,
  "mean_service_time":9.0,
  "seed":3,
  "trace_seed":17898944132975973841,
  "algo_seed":7009006468066103820,
  "trace_hash":"bf61d259221c74149048e65e7fb1851e9cd650f207285111a85f27e2ebb5110c",
  "arrivals_per_slot":[
    11,
    15,
    15,
    10,
    9,
    12,
    16,
    12,
    18,
    8,
    13,
    9,
    14,
    14,
    19,
    9,
    12,
    9,
    14,
    17,
    12,
    12,
    9,
    13,
    9,
    10,
    10,
    14,
    13,
    12,
    11,
    16,
    21,
    11,
    7,
    10,
    9,
    10,
    14,
    11,
    12,
    11,
    12,
    12,
    9,
    10,
    11,
    11,
    9,
    13,
    9,
    12,
    8,
    18,
    14,
    10,
    8,
    14,
    7,
    8,
    10,
    9,
    12,
    10,
    12,
    10,
    7,
    6,
    6,
    14,
    11,
    6,
    12,
    15,
    15,
    18,
    6,
    15,
    16,
    10,
    9,
    10,
    12,
    15,
    8,
    9,
    13,
    11,
    8,
    12,
    15,
    15,
    8,
    8,
    10,
    8,
    13,
    11,
    9,
    12,
    15,
    14,
    23,
    7,
    14,
    9,
    11,
    12,
    6,
    14,
    14,
    13,
    8,
    8,
    14,
    13,
    13,
    14,
    18,
    11
  ],
  "diversity":false,
  "p_split":null,
  "split_reliability_mode":null,
  "mechanism":null,
  "fixed_sfc_len":null,
  "fixed_reliability":0.999,
  "max_backup_level":1,
  "explicit_split_replicas":false,
  "split_enforce_distinct":false,
  "strict_split_resource_ablation":false,
  "split_replica_resource_scale":1.0,
  "cap_base_min":500,
  "cap_base_max":700,
  "cap_scale":0.2,
  "total_arrivals":1395,
  "total_accepted":48,
  "total_rejected":1347,
  "acceptance_ratio":0.0344086022,
  "avg_cost_per_arrival":0.3458941176,
  "total_cost":482.522294048,
  "total_cost_resource":270.522294048,
  "avg_cost_per_accepted":10.0525477927,
  "final_utilization":0.0094422423,
  "avg_utilization_over_time":0.0092271244,
  "avg_leftover_capacity_sum_over_time":172714.5,
  "final_leftover_capacity_sum":172677.0,
  "final_leftover_capacity_min":28.4,
  "final_leftover_capacity_max":2124.8,
  "final_leftover_capacity_avg":1260.4160583942,
  "avg_e2e_delay_accepted":0.0272870531,
  "p95_e2e_delay_accepted":0.0773913028,
  "avg_access_delay_accepted":0.0077610199,
  "avg_processing_delay_accepted":0.0191166777,
  "avg_network_delay_accepted":0.0004093556,
  "avg_split_proc_overhead_accepted":0.0,
  "avg_split_net_overhead_accepted":0.0,
  "total_transmitted_bits_accepted":4797279.3251720909,
  "avg_transmitted_bits_per_accepted":99943.3192744186,
  "total_split_transmitted_bits_accepted":0.0,
  "avg_split_transmitted_bits_per_accepted":0.0,
  "avg_split_overhead_ratio_accepted":0.0,
  "p95_split_overhead_ratio_accepted":0.0,
  "rga_accepted_total":48,
  "rga_rejected_total":1347,
  "rga_rejection_ratio":0.9655913978,
  "mdca_rejected_total":0,
  "mdca_capacity_rejected_total":0,
  "mdca_reliability_rejected_total":0,
  "mdca_qos_rejected_total":0,
  "mdca_rejection_ratio":0.0,
  "capacity_rejection_ratio":0.0,
  "reliability_rejection_ratio":0.0,
  "qos_rejected_total":0,
  "qos_rejection_ratio":0.0
}