region,fixed_reliability,seed,method,share,share_tag,domain_count,domain_failure_prob,total_accepted,expected_target_satisfaction_ratio,expected_reliability,expected_reliability_loss
Alabama,0.9,3,DMDCA,"0.5,0.5",0p5_0p5,6,0.0,1408,1.0,0.9335921872811969,1.4432899320127035e-15
Alabama,0.9,3,DMDCA,"0.5,0.5",0p5_0p5,6,0.01,1408,0.9739554332837348,0.918941470567092,0.014650716714106338
Alabama,0.9,3,DMDCA,"0.5,0.5",0p5_0p5,6,0.03,1408,0.9234977827336941,0.8897977378732556,0.04379444940794275
Alabama,0.9,3,DMDCA,"0.5,0.5",0p5_0p5,6,0.05,1408,0.8751557339533022,0.8608820233053518,0.07271016397584651
Alabama,0.9,3,MDCA,nan,nan,6,0.0,1412,1.0,0.933443168141471,2.1094237467877974e-15
Alabama,0.9,3,MDCA,nan,nan,6,0.01,1412,0.974360852194908,0.9178801437683802,0.01556302437309287
Alabama,0.9,3,MDCA,nan,nan,6,0.03,1412,0.9246605293858988,0.8870196675919612,0.04642350054951194
Alabama,0.9,3,MDCA,nan,nan,6,0.05,1412,0.8770067529435194,0.8565267392605258,0.0769164288809473
