{
  "algo":"dtsp",
  "region":"Arizona",
  "time_slots":120,
  "arrival_rate":5.0,
  "mean_service_time":9.0,
  "seed":3,
  "trace_seed":6388343146340384245,
  "algo_seed":372199317212216405,
  "trace_hash":"cc3f228383e485b50324df853a8eca6da41b8647f50d7c46c4c1a8dbf4e59919",
  "arrivals_per_slot":[
    9,
    6,
    5,
    6,
    6,
    3,
    5,
    9,
    4,
    2,
    3,
    9,
    6,
    9,
    8,
    9,
    4,
    3,
    3,
    4,
    7,
    3,
    1,
    7,
    1,
    4,
    6,
    9,
    4,
    4,
    5,
    7,
    4,
    5,
    3,
    6,
    7,
    5,
    11,
    4,
    10,
    5,
    7,
    8,
    4,
    3,
    9,
    7,
    5,
    6,
    0,
    6,
    2,
    2,
    8,
    2,
    4,
    8,
    8,
    3,
    9,
    6,
    7,
    3,
    4,
    11,
    3,
    7,
    3,
    7,
    5,
    4,
    7,
    9,
    8,
    5,
    3,
    2,
    8,
    4,
    5,
    5,
    6,
    7,
    4,
    3,
    6,
    6,
    7,
    6,
    4,
    1,
    4,
    7,
    9,
    5,
    1,
    2,
    6,
    10,
    3,
    9,
    4,
    4,
    7,
    7,
    1,
    6,
    5,
    8,
    9,
    7,
    5,
    2,
    4,
    8,
    1,
    14,
    3,
    8
  ],
  "diversity":false,
  "p_split":null,
  "split_reliability_mode":null,
  "mechanism":null,
  "fixed_sfc_len":null,
  "fixed_reliability":null,
  "max_backup_level":2,
  "explicit_split_replicas":false,
  "split_enforce_distinct":false,
  "strict_split_resource_ablation":false,
  "split_replica_resource_scale":1.0,
  "cap_base_min":500,
  "cap_base_max":700,
  "cap_scale":0.2,
  "total_arrivals":657,
  "total_accepted":652,
  "total_rejected":5,
  "acceptance_ratio":0.9923896499,
  "avg_cost_per_arrival":26.9739927641,
  "total_cost":17721.9132460153,
  "total_cost_resource":10425.9132460153,
  "avg_cost_per_accepted":27.1808485368,
  "final_utilization":0.1288092021,
  "avg_utilization_over_time":0.1385784299,
  "avg_leftover_capacity_sum_over_time":322755.8833333335,
  "final_leftover_capacity_sum":326416.2000000001,
  "final_leftover_capacity_min":0.2,
  "final_leftover_capacity_max":2580.2,
  "final_leftover_capacity_avg":1039.5420382166,
  "avg_e2e_delay_accepted":0.0670771309,
  "p95_e2e_delay_accepted":0.1298208883,
  "avg_access_delay_accepted":0.0081045199,
  "avg_processing_delay_accepted":0.0482380349,
  "avg_network_delay_accepted":0.0107345761,
  "avg_split_proc_overhead_accepted":0.0,
  "avg_split_net_overhead_accepted":0.0,
  "total_transmitted_bits_accepted":977823043.5923565626,
  "avg_transmitted_bits_per_accepted":1499728.5944668045,
  "total_split_transmitted_bits_accepted":0.0,
  "avg_split_transmitted_bits_per_accepted":0.0,
  "avg_split_overhead_ratio_accepted":0.0,
  "p95_split_overhead_ratio_accepted":0.0,
  "rga_accepted_total":657,
  "rga_rejected_total":0,
  "rga_rejection_ratio":0.0,
  "mdca_rejected_total":5,
  "mdca_capacity_rejected_total":0,
  "mdca_reliability_rejected_total":0,
  "mdca_qos_rejected_total":5,
  "mdca_rejection_ratio":0.0076103501,
  "capacity_rejection_ratio":0.0,
  "reliability_rejection_ratio":0.0,
  "qos_rejected_total":5,
  "qos_rejection_ratio":0.0076103501
}