region,fixed_reliability,seed,method,share,share_tag,domain_count,domain_failure_prob,total_accepted,expected_target_satisfaction_ratio,expected_reliability,expected_reliability_loss
Arizona,0.999,1,DMDCA,"0.5,0.5",0p5_0p5,6,0.0,1154,1.0,0.9993637831266574,1.1102230246251565e-16
Arizona,0.999,1,DMDCA,"0.5,0.5",0p5_0p5,6,0.01,1154,0.9633879771597841,0.994205911257546,0.005157871869111541
Arizona,0.999,1,DMDCA,"0.5,0.5",0p5_0p5,6,0.03,1154,0.8935573019976075,0.9832611673979221,0.016102615728735392
Arizona,0.999,1,DMDCA,"0.5,0.5",0p5_0p5,6,0.05,1154,0.8280587812906193,0.9714876471786057,0.027876135948051828
Arizona,0.999,1,MDCA,nan,nan,6,0.0,934,1.0,0.9993776174440601,3.3306690738754696e-16
Arizona,0.999,1,MDCA,nan,nan,6,0.01,934,0.9656175827549774,0.9931984208249818,0.00617919661907862
Arizona,0.999,1,MDCA,nan,nan,6,0.03,934,0.8998421650738978,0.980281399484192,0.019096217959868378
Arizona,0.999,1,MDCA,nan,nan,6,0.05,934,0.8378927373695126,0.9666339717492528,0.03274364569480759
