{
  "algo":"hspa",
  "region":"Arizona",
  "time_slots":120,
  "arrival_rate":40.0,
  "mean_service_time":9.0,
  "seed":1,
  "trace_seed":7651086222190499405,
  "algo_seed":2824623555250726674,
  "trace_hash":"0f616f9465202bca55a686a4b011461372174f383e2e7ac96723c43ec136128b",
  "arrivals_per_slot":[
    29,
    40,
    26,
    45,
    43,
    41,
    37,
    48,
    34,
    43,
    46,
    43,
    39,
    33,
    41,
    34,
    29,
    39,
    35,
    46,
    45,
    44,
    35,
    46,
    44,
    42,
    35,
    40,
    45,
    39,
    40,
    46,
    47,
    41,
    39,
    38,
    50,
    47,
    34,
    41,
    50,
    39,
    32,
    43,
    34,
    47,
    33,
    39,
    48,
    43,
    43,
    47,
    46,
    45,
    37,
    40,
    43,
    41,
    40,
    45,
    36,
    42,
    39,
    40,
    37,
    47,
    30,
    52,
    54,
    44,
    35,
    39,
    31,
    35,
    33,
    48,
    48,
    36,
    37,
    52,
    40,
    43,
    29,
    39,
    47,
    46,
    38,
    34,
    32,
    43,
    39,
    34,
    36,
    33,
    34,
    46,
    43,
    43,
    55,
    38,
    38,
    27,
    40,
    40,
    41,
    39,
    41,
    37,
    41,
    47,
    36,
    40,
    38,
    32,
    40,
    50,
    32,
    44,
    30,
    43
  ],
  "diversity":false,
  "p_split":null,
  "split_reliability_mode":null,
  "mechanism":null,
  "fixed_sfc_len":null,
  "fixed_reliability":null,
  "max_backup_level":2,
  "explicit_split_replicas":false,
  "split_enforce_distinct":false,
  "strict_split_resource_ablation":false,
  "split_replica_resource_scale":1.0,
  "cap_base_min":500,
  "cap_base_max":700,
  "cap_scale":0.2,
  "total_arrivals":4827,
  "total_accepted":3909,
  "total_rejected":918,
  "acceptance_ratio":0.8098197638,
  "avg_cost_per_arrival":40.6536082842,
  "total_cost":196234.9671878509,
  "total_cost_resource":149713.9671878509,
  "avg_cost_per_accepted":50.2008102297,
  "final_utilization":0.9701876303,
  "avg_utilization_over_time":0.9267676478,
  "avg_leftover_capacity_sum_over_time":27456.1416666667,
  "final_leftover_capacity_sum":11177.2,
  "final_leftover_capacity_min":0.4,
  "final_leftover_capacity_max":182.8,
  "final_leftover_capacity_avg":35.5961783439,
  "avg_e2e_delay_accepted":0.0630903254,
  "p95_e2e_delay_accepted":0.1242722283,
  "avg_access_delay_accepted":0.0080834228,
  "avg_processing_delay_accepted":0.0466134643,
  "avg_network_delay_accepted":0.0083934384,
  "avg_split_proc_overhead_accepted":0.0,
  "avg_split_net_overhead_accepted":0.0,
  "total_transmitted_bits_accepted":5173176949.071056366,
  "avg_transmitted_bits_per_accepted":1323401.6242187405,
  "total_split_transmitted_bits_accepted":0.0,
  "avg_split_transmitted_bits_per_accepted":0.0,
  "avg_split_overhead_ratio_accepted":0.0,
  "p95_split_overhead_ratio_accepted":0.0,
  "rga_accepted_total":4827,
  "rga_rejected_total":0,
  "rga_rejection_ratio":0.0,
  "mdca_rejected_total":918,
  "mdca_capacity_rejected_total":865,
  "mdca_reliability_rejected_total":0,
  "mdca_qos_rejected_total":53,
  "mdca_rejection_ratio":0.1901802362,
  "capacity_rejection_ratio":0.1792003315,
  "reliability_rejection_ratio":0.0,
  "qos_rejected_total":53,
  "qos_rejection_ratio":0.0109799047
}