{
  "algo":"random",
  "region":"Alabama",
  "time_slots":120,
  "arrival_rate":12.0,
  "mean_service_time":9.0,
  "seed":3,
  "trace_seed":17806895731887238816,
  "algo_seed":4656111156961261414,
  "trace_hash":"1be1fc2aef6ea838b7a8093cb99e8496b81ec6df33ad5aaa9668abc927eada43",
  "arrivals_per_slot":[
    14,
    9,
    13,
    14,
    17,
    12,
    13,
    9,
    10,
    20,
    12,
    16,
    11,
    19,
    7,
    11,
    8,
    16,
    7,
    8,
    19,
    12,
    11,
    8,
    14,
    11,
    15,
    14,
    13,
    10,
    12,
    14,
    11,
    12,
    12,
    16,
    8,
    15,
    4,
    13,
    7,
    14,
    5,
    14,
    8,
    9,
    8,
    11,
    8,
    11,
    10,
    19,
    9,
    8,
    11,
    9,
    12,
    12,
    13,
    6,
    17,
    10,
    15,
    8,
    16,
    6,
    16,
    13,
    10,
    15,
    12,
    15,
    13,
    6,
    9,
    13,
    10,
    12,
    10,
    10,
    13,
    14,
    9,
    13,
    10,
    14,
    13,
    14,
    20,
    19,
    13,
    8,
    12,
    10,
    15,
    13,
    21,
    2,
    14,
    10,
    17,
    24,
    13,
    6,
    13,
    12,
    5,
    15,
    14,
    10,
    16,
    12,
    11,
    11,
    8,
    18,
    13,
    15,
    11,
    13
  ],
  "diversity":false,
  "p_split":null,
  "split_reliability_mode":null,
  "mechanism":null,
  "fixed_sfc_len":null,
  "fixed_reliability":0.96,
  "max_backup_level":2,
  "explicit_split_replicas":false,
  "split_enforce_distinct":false,
  "strict_split_resource_ablation":false,
  "split_replica_resource_scale":1.0,
  "cap_base_min":500,
  "cap_base_max":700,
  "cap_scale":0.2,
  "total_arrivals":1444,
  "total_accepted":1344,
  "total_rejected":100,
  "acceptance_ratio":0.9307479224,
  "avg_cost_per_arrival":61.2420376607,
  "total_cost":88433.5023821182,
  "total_cost_resource":68575.5023821183,
  "avg_cost_per_accepted":65.7987368915,
  "final_utilization":0.9336637836,
  "avg_utilization_over_time":0.8274939869,
  "avg_leftover_capacity_sum_over_time":30041.2666666667,
  "final_leftover_capacity_sum":11552.2,
  "final_leftover_capacity_min":0.2,
  "final_leftover_capacity_max":580.8,
  "final_leftover_capacity_avg":84.3226277372,
  "avg_e2e_delay_accepted":0.0630797141,
  "p95_e2e_delay_accepted":0.1244388628,
  "avg_access_delay_accepted":0.0080446645,
  "avg_processing_delay_accepted":0.0471467699,
  "avg_network_delay_accepted":0.0078882797,
  "avg_split_proc_overhead_accepted":0.0,
  "avg_split_net_overhead_accepted":0.0,
  "total_transmitted_bits_accepted":1999223748.7179412842,
  "avg_transmitted_bits_per_accepted":1487517.6701770397,
  "total_split_transmitted_bits_accepted":0.0,
  "avg_split_transmitted_bits_per_accepted":0.0,
  "avg_split_overhead_ratio_accepted":0.0,
  "p95_split_overhead_ratio_accepted":0.0,
  "rga_accepted_total":1444,
  "rga_rejected_total":0,
  "rga_rejection_ratio":0.0,
  "mdca_rejected_total":100,
  "mdca_capacity_rejected_total":87,
  "mdca_reliability_rejected_total":0,
  "mdca_qos_rejected_total":13,
  "mdca_rejection_ratio":0.0692520776,
  "capacity_rejection_ratio":0.0602493075,
  "reliability_rejection_ratio":0.0,
  "qos_rejected_total":13,
  "qos_rejection_ratio":0.0090027701
}