{
  "algo":"random",
  "region":"Arizona",
  "time_slots":120,
  "arrival_rate":12.0,
  "mean_service_time":9.0,
  "seed":1,
  "trace_seed":1507350459966844791,
  "algo_seed":7453658633815173617,
  "trace_hash":"24855feb953a257a5f226c2c62fd5348ee14976747cec715766984276a95ff32",
  "arrivals_per_slot":[
    14,
    11,
    18,
    10,
    17,
    16,
    11,
    14,
    8,
    8,
    11,
    11,
    15,
    12,
    10,
    15,
    12,
    16,
    12,
    11,
    9,
    10,
    14,
    13,
    12,
    7,
    13,
    10,
    10,
    18,
    9,
    5,
    9,
    4,
    14,
    15,
    7,
    12,
    14,
    12,
    12,
    14,
    9,
    11,
    12,
    8,
    15,
    18,
    8,
    16,
    14,
    15,
    7,
    16,
    6,
    6,
    9,
    14,
    14,
    6,
    11,
    8,
    9,
    14,
    12,
    11,
    11,
    8,
    11,
    9,
    18,
    9,
    14,
    11,
    11,
    14,
    9,
    15,
    12,
    11,
    14,
    12,
    11,
    10,
    17,
    16,
    9,
    14,
    14,
    14,
    12,
    10,
    10,
    11,
    17,
    15,
    9,
    15,
    11,
    9,
    14,
    9,
    12,
    7,
    11,
    10,
    12,
    22,
    11,
    13,
    10,
    7,
    14,
    12,
    15,
    9,
    9,
    13,
    8,
    8
  ],
  "diversity":false,
  "p_split":null,
  "split_reliability_mode":null,
  "mechanism":null,
  "fixed_sfc_len":null,
  "fixed_reliability":0.994,
  "max_backup_level":2,
  "explicit_split_replicas":false,
  "split_enforce_distinct":false,
  "strict_split_resource_ablation":false,
  "split_replica_resource_scale":1.0,
  "cap_base_min":500,
  "cap_base_max":700,
  "cap_scale":0.2,
  "total_arrivals":1403,
  "total_accepted":1390,
  "total_rejected":13,
  "acceptance_ratio":0.9907341411,
  "avg_cost_per_arrival":70.3914191793,
  "total_cost":98759.1611085792,
  "total_cost_resource":76032.1611085792,
  "avg_cost_per_accepted":71.0497561932,
  "final_utilization":0.4799707636,
  "avg_utilization_over_time":0.4252014751,
  "avg_leftover_capacity_sum_over_time":215949.3916666667,
  "final_leftover_capacity_sum":195372.8,
  "final_leftover_capacity_min":4.0,
  "final_leftover_capacity_max":1949.4,
  "final_leftover_capacity_avg":622.2063694268,
  "avg_e2e_delay_accepted":0.0653519274,
  "p95_e2e_delay_accepted":0.1338065037,
  "avg_access_delay_accepted":0.0080911061,
  "avg_processing_delay_accepted":0.0480253342,
  "avg_network_delay_accepted":0.0092354871,
  "avg_split_proc_overhead_accepted":0.0,
  "avg_split_net_overhead_accepted":0.0,
  "total_transmitted_bits_accepted":2052839211.4355583191,
  "avg_transmitted_bits_per_accepted":1476862.7420399701,
  "total_split_transmitted_bits_accepted":0.0,
  "avg_split_transmitted_bits_per_accepted":0.0,
  "avg_split_overhead_ratio_accepted":0.0,
  "p95_split_overhead_ratio_accepted":0.0,
  "rga_accepted_total":1403,
  "rga_rejected_total":0,
  "rga_rejection_ratio":0.0,
  "mdca_rejected_total":13,
  "mdca_capacity_rejected_total":0,
  "mdca_reliability_rejected_total":0,
  "mdca_qos_rejected_total":13,
  "mdca_rejection_ratio":0.0092658589,
  "capacity_rejection_ratio":0.0,
  "reliability_rejection_ratio":0.0,
  "qos_rejected_total":13,
  "qos_rejection_ratio":0.0092658589
}