{
  "algo":"mdca",
  "region":"Arizona",
  "time_slots":120,
  "arrival_rate":10.0,
  "mean_service_time":9.0,
  "seed":1,
  "trace_seed":889582360650816589,
  "algo_seed":3737587677167370884,
  "trace_hash":"31d1dfa92ab38c9572a63c1523a5eda634cb6222e050aced902c1ad058035aec",
  "arrivals_per_slot":[
    10,
    12,
    8,
    8,
    9,
    9,
    11,
    12,
    8,
    6,
    12,
    8,
    11,
    5,
    15,
    10,
    4,
    12,
    10,
    15,
    15,
    4,
    6,
    9,
    12,
    12,
    8,
    9,
    15,
    10,
    13,
    10,
    5,
    14,
    14,
    11,
    11,
    8,
    11,
    9,
    6,
    17,
    6,
    13,
    13,
    11,
    14,
    11,
    11,
    7,
    14,
    12,
    13,
    16,
    12,
    6,
    12,
    6,
    11,
    8,
    8,
    11,
    9,
    13,
    7,
    5,
    12,
    13,
    5,
    9,
    10,
    6,
    14,
    8,
    7,
    9,
    12,
    12,
    10,
    10,
    9,
    10,
    14,
    14,
    10,
    11,
    16,
    9,
    11,
    12,
    9,
    9,
    14,
    6,
    11,
    9,
    12,
    7,
    7,
    13,
    11,
    4,
    10,
    7,
    14,
    11,
    7,
    9,
    12,
    11,
    10,
    7,
    13,
    2,
    12,
    10,
    18,
    11,
    9,
    14
  ],
  "diversity":false,
  "p_split":null,
  "split_reliability_mode":null,
  "split_recovery_coverage":null,
  "split_workload_shares":null,
  "mechanism":null,
  "fixed_sfc_len":3,
  "fixed_reliability":0.999,
  "max_backup_level":2,
  "explicit_split_replicas":false,
  "split_enforce_distinct":false,
  "strict_split_resource_ablation":false,
  "split_replica_resource_scale":1.0,
  "backhaul_knn_k":4,
  "backhaul_use_device_bw":true,
  "backhaul_bw_scale":0.5,
  "fiber_speed_mps":200000000.0,
  "switch_delay_s":0.0002,
  "region_cloudlet_count":314,
  "cap_base_min":500,
  "cap_base_max":700,
  "cap_scale":0.2,
  "total_arrivals":1225,
  "total_accepted":829,
  "total_rejected":396,
  "acceptance_ratio":0.6767346939,
  "avg_cost_per_arrival":32.280387172,
  "total_cost":39543.4742857467,
  "total_cost_resource":25217.4742857467,
  "avg_cost_per_accepted":47.7002102361,
  "final_utilization":0.3226141592,
  "avg_utilization_over_time":0.2832073726,
  "avg_leftover_capacity_sum_over_time":269763.0416666666,
  "final_leftover_capacity_sum":254932.4,
  "final_leftover_capacity_min":0.2,
  "final_leftover_capacity_max":2236.8,
  "final_leftover_capacity_avg":811.8866242038,
  "avg_e2e_delay_accepted":0.0646107533,
  "p95_e2e_delay_accepted":0.1151038101,
  "avg_access_delay_accepted":0.0081361734,
  "avg_processing_delay_accepted":0.0478995235,
  "avg_network_delay_accepted":0.0085750565,
  "avg_split_proc_overhead_accepted":0.0,
  "avg_split_net_overhead_accepted":0.0,
  "total_transmitted_bits_accepted":1048967262.8169574738,
  "avg_transmitted_bits_per_accepted":1265340.4859070657,
  "total_split_transmitted_bits_accepted":0.0,
  "avg_split_transmitted_bits_per_accepted":0.0,
  "avg_split_overhead_ratio_accepted":0.0,
  "p95_split_overhead_ratio_accepted":0.0,
  "rga_accepted_total":829,
  "rga_rejected_total":396,
  "rga_rejection_ratio":0.3232653061,
  "mdca_rejected_total":0,
  "mdca_capacity_rejected_total":0,
  "mdca_reliability_rejected_total":0,
  "mdca_qos_rejected_total":0,
  "mdca_rejection_ratio":0.0,
  "capacity_rejection_ratio":0.0,
  "reliability_rejection_ratio":0.0,
  "qos_rejected_total":0,
  "qos_rejection_ratio":0.0
}