{
  "algo":"mdca",
  "region":"Arizona",
  "time_slots":120,
  "arrival_rate":12.0,
  "mean_service_time":9.0,
  "seed":4,
  "trace_seed":3779906737759127902,
  "algo_seed":14420759781778004277,
  "trace_hash":"1f6eb40dca8db17ddcffd0d2c57eaa9030b959837b3fbc70c21423a770d4ccaa",
  "arrivals_per_slot":[
    7,
    13,
    9,
    12,
    13,
    11,
    14,
    7,
    15,
    6,
    11,
    8,
    12,
    11,
    11,
    22,
    16,
    22,
    20,
    14,
    8,
    12,
    17,
    13,
    14,
    11,
    12,
    15,
    8,
    13,
    13,
    13,
    6,
    11,
    6,
    13,
    6,
    11,
    18,
    9,
    13,
    15,
    9,
    10,
    12,
    12,
    11,
    10,
    13,
    11,
    8,
    8,
    19,
    14,
    8,
    10,
    20,
    11,
    9,
    16,
    14,
    16,
    14,
    11,
    9,
    12,
    18,
    11,
    8,
    14,
    9,
    11,
    8,
    12,
    12,
    6,
    14,
    12,
    11,
    15,
    10,
    8,
    7,
    4,
    13,
    10,
    12,
    7,
    9,
    17,
    12,
    9,
    8,
    16,
    16,
    10,
    12,
    13,
    9,
    11,
    13,
    14,
    11,
    12,
    17,
    16,
    8,
    15,
    14,
    10,
    12,
    16,
    17,
    9,
    16,
    8,
    12,
    8,
    16,
    6
  ],
  "diversity":false,
  "p_split":null,
  "split_reliability_mode":null,
  "mechanism":null,
  "fixed_sfc_len":null,
  "fixed_reliability":0.9,
  "max_backup_level":2,
  "explicit_split_replicas":false,
  "split_enforce_distinct":false,
  "strict_split_resource_ablation":false,
  "split_replica_resource_scale":1.0,
  "cap_base_min":500,
  "cap_base_max":700,
  "cap_scale":0.2,
  "total_arrivals":1422,
  "total_accepted":1414,
  "total_rejected":8,
  "acceptance_ratio":0.994374121,
  "avg_cost_per_arrival":23.1467274101,
  "total_cost":32914.6463772261,
  "total_cost_resource":20244.6463772261,
  "avg_cost_per_accepted":23.2776848495,
  "final_utilization":0.24992739,
  "avg_utilization_over_time":0.2351415886,
  "avg_leftover_capacity_sum_over_time":287572.3833333334,
  "final_leftover_capacity_sum":282013.2,
  "final_leftover_capacity_min":0.4,
  "final_leftover_capacity_max":2538.4,
  "final_leftover_capacity_avg":898.1312101911,
  "avg_e2e_delay_accepted":0.0638554351,
  "p95_e2e_delay_accepted":0.1279073157,
  "avg_access_delay_accepted":0.0080778452,
  "avg_processing_delay_accepted":0.0476923589,
  "avg_network_delay_accepted":0.008085231,
  "avg_split_proc_overhead_accepted":0.0,
  "avg_split_net_overhead_accepted":0.0,
  "total_transmitted_bits_accepted":1786492753.8815500736,
  "avg_transmitted_bits_per_accepted":1263431.9334381542,
  "total_split_transmitted_bits_accepted":0.0,
  "avg_split_transmitted_bits_per_accepted":0.0,
  "avg_split_overhead_ratio_accepted":0.0,
  "p95_split_overhead_ratio_accepted":0.0,
  "rga_accepted_total":1422,
  "rga_rejected_total":0,
  "rga_rejection_ratio":0.0,
  "mdca_rejected_total":8,
  "mdca_capacity_rejected_total":0,
  "mdca_reliability_rejected_total":0,
  "mdca_qos_rejected_total":8,
  "mdca_rejection_ratio":0.005625879,
  "capacity_rejection_ratio":0.0,
  "reliability_rejection_ratio":0.0,
  "qos_rejected_total":8,
  "qos_rejection_ratio":0.005625879
}