{
  "algo":"mdca",
  "region":"Arizona",
  "time_slots":120,
  "arrival_rate":35.0,
  "mean_service_time":9.0,
  "seed":3,
  "trace_seed":8683337603116023004,
  "algo_seed":18185845460186161846,
  "trace_hash":"2102c6548a3962a39d3e3614c56ff9c1bd20efc5ac3f399fd0d3138e2ff34bda",
  "arrivals_per_slot":[
    28,
    30,
    33,
    30,
    40,
    40,
    34,
    24,
    31,
    26,
    38,
    28,
    29,
    32,
    34,
    41,
    37,
    25,
    37,
    36,
    33,
    29,
    38,
    35,
    36,
    29,
    40,
    36,
    39,
    36,
    33,
    31,
    44,
    31,
    29,
    36,
    33,
    25,
    35,
    26,
    43,
    40,
    36,
    26,
    42,
    34,
    30,
    33,
    24,
    37,
    28,
    27,
    45,
    36,
    42,
    43,
    35,
    37,
    37,
    33,
    40,
    32,
    38,
    33,
    32,
    28,
    35,
    28,
    43,
    27,
    30,
    25,
    35,
    36,
    33,
    35,
    38,
    38,
    35,
    37,
    21,
    35,
    39,
    29,
    42,
    38,
    33,
    39,
    33,
    33,
    37,
    36,
    45,
    33,
    45,
    38,
    33,
    29,
    51,
    39,
    37,
    33,
    38,
    38,
    25,
    37,
    37,
    27,
    33,
    37,
    32,
    25,
    36,
    31,
    35,
    36,
    43,
    27,
    38,
    42
  ],
  "diversity":false,
  "p_split":null,
  "split_reliability_mode":null,
  "split_recovery_coverage":null,
  "split_workload_shares":null,
  "mechanism":null,
  "fixed_sfc_len":null,
  "fixed_reliability":null,
  "max_backup_level":2,
  "explicit_split_replicas":false,
  "split_enforce_distinct":false,
  "strict_split_resource_ablation":false,
  "split_replica_resource_scale":1.0,
  "cap_base_min":500,
  "cap_base_max":700,
  "cap_scale":0.2,
  "total_arrivals":4128,
  "total_accepted":4058,
  "total_rejected":70,
  "acceptance_ratio":0.9830426357,
  "avg_cost_per_arrival":42.9110139093,
  "total_cost":177136.6654175262,
  "total_cost_resource":134362.6654175263,
  "avg_cost_per_accepted":43.651223612,
  "final_utilization":0.9682099721,
  "avg_utilization_over_time":0.8391063947,
  "avg_leftover_capacity_sum_over_time":60613.1583333334,
  "final_leftover_capacity_sum":11976.2,
  "final_leftover_capacity_min":0.0,
  "final_leftover_capacity_max":808.8,
  "final_leftover_capacity_avg":38.1407643312,
  "avg_e2e_delay_accepted":0.0646747138,
  "p95_e2e_delay_accepted":0.1268709261,
  "avg_access_delay_accepted":0.0080622315,
  "avg_processing_delay_accepted":0.0473274151,
  "avg_network_delay_accepted":0.0092850672,
  "avg_split_proc_overhead_accepted":0.0,
  "avg_split_net_overhead_accepted":0.0,
  "total_transmitted_bits_accepted":5525256927.2866268158,
  "avg_transmitted_bits_per_accepted":1361571.4458567339,
  "total_split_transmitted_bits_accepted":0.0,
  "avg_split_transmitted_bits_per_accepted":0.0,
  "avg_split_overhead_ratio_accepted":0.0,
  "p95_split_overhead_ratio_accepted":0.0,
  "rga_accepted_total":4128,
  "rga_rejected_total":0,
  "rga_rejection_ratio":0.0,
  "mdca_rejected_total":70,
  "mdca_capacity_rejected_total":21,
  "mdca_reliability_rejected_total":0,
  "mdca_qos_rejected_total":49,
  "mdca_rejection_ratio":0.0169573643,
  "capacity_rejection_ratio":0.0050872093,
  "reliability_rejection_ratio":0.0,
  "qos_rejected_total":49,
  "qos_rejection_ratio":0.011870155,
  "placement_trace_path":"D:\\Study\\Code_1\\paper_data\\large_scale_lb_reference\\split_enabled\\load\\Arizona\\arrival_rate_35\\MDCA\\seed3\\placement_trace_Arizona_mdca_seed3.json"
}