{
  "algo":"mdca",
  "region":"Arizona",
  "time_slots":120,
  "arrival_rate":20.0,
  "mean_service_time":9.0,
  "seed":3,
  "trace_seed":16235431571478529474,
  "algo_seed":18087234375462464239,
  "trace_hash":"d4b3e50e3d247735a7f53bb06d8e8c0d5a521311a4425a2f31b6837dc72e6807",
  "arrivals_per_slot":[
    23,
    18,
    12,
    17,
    20,
    13,
    25,
    16,
    15,
    19,
    16,
    26,
    21,
    21,
    15,
    15,
    20,
    28,
    19,
    22,
    25,
    14,
    15,
    19,
    17,
    25,
    18,
    24,
    31,
    11,
    12,
    21,
    26,
    19,
    12,
    19,
    13,
    19,
    29,
    20,
    21,
    26,
    26,
    19,
    22,
    17,
    18,
    24,
    23,
    17,
    19,
    28,
    19,
    19,
    25,
    19,
    24,
    15,
    17,
    21,
    19,
    13,
    21,
    24,
    17,
    11,
    19,
    18,
    26,
    17,
    21,
    15,
    21,
    23,
    22,
    14,
    12,
    23,
    28,
    19,
    15,
    17,
    20,
    17,
    17,
    25,
    23,
    15,
    20,
    23,
    18,
    23,
    21,
    18,
    19,
    18,
    22,
    21,
    19,
    22,
    25,
    16,
    15,
    15,
    25,
    21,
    20,
    25,
    21,
    21,
    21,
    25,
    22,
    30,
    22,
    27,
    21,
    30,
    16,
    15
  ],
  "diversity":true,
  "p_split":0.3,
  "split_reliability_mode":"identical_active_pool",
  "split_recovery_coverage":1.0,
  "split_workload_shares":"0.5,0.5",
  "mechanism":null,
  "fixed_sfc_len":3,
  "fixed_reliability":0.999,
  "max_backup_level":2,
  "explicit_split_replicas":true,
  "split_enforce_distinct":false,
  "strict_split_resource_ablation":false,
  "split_replica_resource_scale":1.0,
  "backhaul_knn_k":4,
  "backhaul_use_device_bw":true,
  "backhaul_bw_scale":0.5,
  "fiber_speed_mps":200000000.0,
  "switch_delay_s":0.0002,
  "region_cloudlet_count":314,
  "cap_base_min":500,
  "cap_base_max":700,
  "cap_scale":0.2,
  "total_arrivals":2398,
  "total_accepted":1920,
  "total_rejected":478,
  "acceptance_ratio":0.8006672227,
  "avg_cost_per_arrival":46.1129857215,
  "total_cost":110578.939760039,
  "total_cost_resource":76279.9397600391,
  "avg_cost_per_accepted":57.5931977917,
  "final_utilization":0.7352379037,
  "avg_utilization_over_time":0.62129523,
  "avg_leftover_capacity_sum_over_time":142332.325,
  "final_leftover_capacity_sum":99508.1333333334,
  "final_leftover_capacity_min":0.2,
  "final_leftover_capacity_max":1864.8,
  "final_leftover_capacity_avg":316.9048832272,
  "avg_e2e_delay_accepted":0.0708355317,
  "p95_e2e_delay_accepted":0.1160405437,
  "avg_access_delay_accepted":0.0080118147,
  "avg_processing_delay_accepted":0.0435413027,
  "avg_network_delay_accepted":0.0153049205,
  "avg_split_proc_overhead_accepted":5.999252021e-19,
  "avg_split_net_overhead_accepted":0.0,
  "total_transmitted_bits_accepted":3541818577.0803813934,
  "avg_transmitted_bits_per_accepted":1844697.1755626986,
  "total_split_transmitted_bits_accepted":895925108.4559183121,
  "avg_split_transmitted_bits_per_accepted":466627.6606541241,
  "avg_split_overhead_ratio_accepted":7.895907756e-18,
  "p95_split_overhead_ratio_accepted":4.638847576e-17,
  "rga_accepted_total":1933,
  "rga_rejected_total":465,
  "rga_rejection_ratio":0.193911593,
  "mdca_rejected_total":13,
  "mdca_capacity_rejected_total":0,
  "mdca_reliability_rejected_total":0,
  "mdca_qos_rejected_total":13,
  "mdca_rejection_ratio":0.0054211843,
  "capacity_rejection_ratio":0.0,
  "reliability_rejection_ratio":0.0,
  "qos_rejected_total":13,
  "qos_rejection_ratio":0.0054211843
}