{
  "algo":"random",
  "region":"Arizona",
  "time_slots":120,
  "arrival_rate":12.0,
  "mean_service_time":9.0,
  "seed":4,
  "trace_seed":6025386724851969321,
  "algo_seed":14455530561567367807,
  "trace_hash":"e4312db35671483c12f7feeec9e72e2bb61ac2b9eec0a28de8ff70e92d4be17b",
  "arrivals_per_slot":[
    10,
    14,
    9,
    12,
    10,
    10,
    12,
    11,
    13,
    14,
    14,
    12,
    6,
    6,
    19,
    16,
    8,
    9,
    10,
    11,
    15,
    11,
    12,
    11,
    13,
    12,
    9,
    16,
    19,
    15,
    10,
    11,
    17,
    10,
    13,
    10,
    11,
    13,
    17,
    3,
    13,
    11,
    12,
    12,
    9,
    13,
    20,
    18,
    16,
    7,
    12,
    8,
    13,
    10,
    13,
    10,
    8,
    10,
    10,
    10,
    13,
    10,
    22,
    16,
    10,
    18,
    14,
    14,
    5,
    17,
    15,
    10,
    10,
    18,
    8,
    12,
    15,
    11,
    6,
    8,
    19,
    10,
    12,
    8,
    12,
    14,
    12,
    10,
    15,
    13,
    10,
    18,
    12,
    14,
    10,
    9,
    11,
    11,
    16,
    16,
    8,
    17,
    15,
    14,
    10,
    22,
    8,
    6,
    16,
    11,
    12,
    10,
    11,
    11,
    12,
    11,
    13,
    11,
    10,
    11
  ],
  "diversity":false,
  "p_split":null,
  "split_reliability_mode":null,
  "mechanism":null,
  "fixed_sfc_len":null,
  "fixed_reliability":0.992,
  "max_backup_level":2,
  "explicit_split_replicas":false,
  "split_enforce_distinct":false,
  "strict_split_resource_ablation":false,
  "split_replica_resource_scale":1.0,
  "cap_base_min":500,
  "cap_base_max":700,
  "cap_scale":0.2,
  "total_arrivals":1452,
  "total_accepted":1443,
  "total_rejected":9,
  "acceptance_ratio":0.9938016529,
  "avg_cost_per_arrival":71.9278993091,
  "total_cost":104439.3097968493,
  "total_cost_resource":80399.3097968493,
  "avg_cost_per_accepted":72.3765140657,
  "final_utilization":0.5041042061,
  "avg_utilization_over_time":0.4566429907,
  "avg_leftover_capacity_sum_over_time":205032.8333333334,
  "final_leftover_capacity_sum":187123.6,
  "final_leftover_capacity_min":2.4,
  "final_leftover_capacity_max":2026.0,
  "final_leftover_capacity_avg":595.9350318471,
  "avg_e2e_delay_accepted":0.0669598878,
  "p95_e2e_delay_accepted":0.1304803663,
  "avg_access_delay_accepted":0.0080900195,
  "avg_processing_delay_accepted":0.0490806934,
  "avg_network_delay_accepted":0.009789175,
  "avg_split_proc_overhead_accepted":0.0,
  "avg_split_net_overhead_accepted":0.0,
  "total_transmitted_bits_accepted":2252460609.3347997665,
  "avg_transmitted_bits_per_accepted":1560956.7632257794,
  "total_split_transmitted_bits_accepted":0.0,
  "avg_split_transmitted_bits_per_accepted":0.0,
  "avg_split_overhead_ratio_accepted":0.0,
  "p95_split_overhead_ratio_accepted":0.0,
  "rga_accepted_total":1452,
  "rga_rejected_total":0,
  "rga_rejection_ratio":0.0,
  "mdca_rejected_total":9,
  "mdca_capacity_rejected_total":0,
  "mdca_reliability_rejected_total":0,
  "mdca_qos_rejected_total":9,
  "mdca_rejection_ratio":0.0061983471,
  "capacity_rejection_ratio":0.0,
  "reliability_rejection_ratio":0.0,
  "qos_rejected_total":9,
  "qos_rejection_ratio":0.0061983471
}