{
  "algo":"dtsp",
  "region":"Alabama",
  "time_slots":120,
  "arrival_rate":12.0,
  "mean_service_time":9.0,
  "seed":2,
  "trace_seed":2442432397383401356,
  "algo_seed":13203952052646951863,
  "trace_hash":"c5814234653feefa982885bb6593952a0c237a05eadfb969570d9139a74897ca",
  "arrivals_per_slot":[
    14,
    10,
    13,
    11,
    12,
    14,
    9,
    7,
    8,
    9,
    15,
    20,
    17,
    7,
    15,
    13,
    16,
    10,
    6,
    13,
    14,
    16,
    15,
    3,
    15,
    9,
    9,
    11,
    16,
    14,
    12,
    13,
    16,
    17,
    12,
    6,
    17,
    15,
    11,
    15,
    15,
    10,
    10,
    12,
    12,
    9,
    13,
    13,
    11,
    13,
    13,
    15,
    10,
    11,
    11,
    13,
    12,
    17,
    12,
    13,
    15,
    12,
    6,
    14,
    8,
    11,
    16,
    18,
    11,
    13,
    13,
    15,
    8,
    11,
    10,
    14,
    13,
    10,
    15,
    12,
    19,
    8,
    7,
    7,
    11,
    17,
    8,
    13,
    8,
    7,
    8,
    13,
    14,
    20,
    8,
    10,
    9,
    16,
    13,
    15,
    8,
    6,
    10,
    7,
    14,
    14,
    11,
    9,
    14,
    13,
    12,
    12,
    18,
    6,
    17,
    11,
    11,
    9,
    9,
    14
  ],
  "diversity":false,
  "p_split":null,
  "split_reliability_mode":null,
  "mechanism":null,
  "fixed_sfc_len":null,
  "fixed_reliability":0.996,
  "max_backup_level":2,
  "explicit_split_replicas":false,
  "split_enforce_distinct":false,
  "strict_split_resource_ablation":false,
  "split_replica_resource_scale":1.0,
  "cap_base_min":500,
  "cap_base_max":700,
  "cap_scale":0.2,
  "total_arrivals":1441,
  "total_accepted":1262,
  "total_rejected":179,
  "acceptance_ratio":0.8757807078,
  "avg_cost_per_arrival":59.4830548439,
  "total_cost":85715.0820301001,
  "total_cost_resource":65516.0820301001,
  "avg_cost_per_accepted":67.9200333044,
  "final_utilization":0.9521087494,
  "avg_utilization_over_time":0.8886016088,
  "avg_leftover_capacity_sum_over_time":19195.6583333333,
  "final_leftover_capacity_sum":8252.4,
  "final_leftover_capacity_min":1.0,
  "final_leftover_capacity_max":703.0,
  "final_leftover_capacity_avg":60.2364963504,
  "avg_e2e_delay_accepted":0.0631168069,
  "p95_e2e_delay_accepted":0.1226669816,
  "avg_access_delay_accepted":0.0080383761,
  "avg_processing_delay_accepted":0.0472216898,
  "avg_network_delay_accepted":0.0078567411,
  "avg_split_proc_overhead_accepted":0.0,
  "avg_split_net_overhead_accepted":0.0,
  "total_transmitted_bits_accepted":1805864485.1229560375,
  "avg_transmitted_bits_per_accepted":1430954.425612485,
  "total_split_transmitted_bits_accepted":0.0,
  "avg_split_transmitted_bits_per_accepted":0.0,
  "avg_split_overhead_ratio_accepted":0.0,
  "p95_split_overhead_ratio_accepted":0.0,
  "rga_accepted_total":1441,
  "rga_rejected_total":0,
  "rga_rejection_ratio":0.0,
  "mdca_rejected_total":179,
  "mdca_capacity_rejected_total":170,
  "mdca_reliability_rejected_total":0,
  "mdca_qos_rejected_total":9,
  "mdca_rejection_ratio":0.1242192922,
  "capacity_rejection_ratio":0.1179736294,
  "reliability_rejection_ratio":0.0,
  "qos_rejected_total":9,
  "qos_rejection_ratio":0.0062456627
}