{
  "algo":"mdca",
  "region":"Arizona",
  "time_slots":120,
  "arrival_rate":12.0,
  "mean_service_time":9.0,
  "seed":5,
  "trace_seed":11010946002952088511,
  "algo_seed":8179750290924396156,
  "trace_hash":"26302f5dca2282e3b92f65a8a1e0c06fc3a6350a16c15725fccd6485d2e7e110",
  "arrivals_per_slot":[
    10,
    14,
    10,
    12,
    11,
    10,
    19,
    17,
    14,
    5,
    11,
    7,
    16,
    11,
    14,
    6,
    5,
    12,
    9,
    13,
    15,
    7,
    5,
    12,
    13,
    9,
    5,
    17,
    11,
    18,
    13,
    11,
    12,
    7,
    15,
    13,
    7,
    18,
    19,
    6,
    15,
    15,
    13,
    13,
    16,
    7,
    13,
    18,
    8,
    10,
    8,
    10,
    16,
    8,
    12,
    10,
    13,
    10,
    9,
    17,
    10,
    12,
    9,
    15,
    15,
    15,
    19,
    13,
    14,
    8,
    10,
    14,
    8,
    11,
    17,
    18,
    12,
    3,
    10,
    10,
    12,
    10,
    16,
    10,
    7,
    11,
    7,
    11,
    11,
    12,
    12,
    13,
    10,
    10,
    9,
    9,
    15,
    14,
    10,
    7,
    17,
    11,
    10,
    13,
    10,
    13,
    7,
    12,
    6,
    14,
    9,
    10,
    16,
    15,
    12,
    15,
    13,
    10,
    16,
    14
  ],
  "diversity":false,
  "p_split":null,
  "split_reliability_mode":null,
  "split_recovery_coverage":null,
  "split_workload_shares":null,
  "mechanism":null,
  "fixed_sfc_len":null,
  "fixed_reliability":0.99,
  "max_backup_level":2,
  "explicit_split_replicas":false,
  "split_enforce_distinct":false,
  "strict_split_resource_ablation":false,
  "split_replica_resource_scale":1.0,
  "backhaul_knn_k":4,
  "backhaul_use_device_bw":true,
  "backhaul_bw_scale":0.5,
  "fiber_speed_mps":200000000.0,
  "switch_delay_s":0.0002,
  "region_cloudlet_count":314,
  "cap_base_min":500,
  "cap_base_max":700,
  "cap_scale":0.2,
  "total_arrivals":1402,
  "total_accepted":1382,
  "total_rejected":20,
  "acceptance_ratio":0.9857346648,
  "avg_cost_per_arrival":40.0819059032,
  "total_cost":56194.8320762922,
  "total_cost_resource":37416.8320762922,
  "avg_cost_per_accepted":40.6619624286,
  "final_utilization":0.4086915772,
  "avg_utilization_over_time":0.3587932703,
  "avg_leftover_capacity_sum_over_time":244372.7333333333,
  "final_leftover_capacity_sum":225355.8,
  "final_leftover_capacity_min":0.0,
  "final_leftover_capacity_max":2553.6,
  "final_leftover_capacity_avg":717.6936305732,
  "avg_e2e_delay_accepted":0.0637891567,
  "p95_e2e_delay_accepted":0.1251578813,
  "avg_access_delay_accepted":0.008132898,
  "avg_processing_delay_accepted":0.047095612,
  "avg_network_delay_accepted":0.0085606467,
  "avg_split_proc_overhead_accepted":0.0,
  "avg_split_net_overhead_accepted":0.0,
  "total_transmitted_bits_accepted":1810255421.9693949223,
  "avg_transmitted_bits_per_accepted":1309880.9131471743,
  "total_split_transmitted_bits_accepted":0.0,
  "avg_split_transmitted_bits_per_accepted":0.0,
  "avg_split_overhead_ratio_accepted":0.0,
  "p95_split_overhead_ratio_accepted":0.0,
  "rga_accepted_total":1402,
  "rga_rejected_total":0,
  "rga_rejection_ratio":0.0,
  "mdca_rejected_total":20,
  "mdca_capacity_rejected_total":0,
  "mdca_reliability_rejected_total":0,
  "mdca_qos_rejected_total":20,
  "mdca_rejection_ratio":0.0142653352,
  "capacity_rejection_ratio":0.0,
  "reliability_rejection_ratio":0.0,
  "qos_rejected_total":20,
  "qos_rejection_ratio":0.0142653352,
  "placement_trace_path":"D:\\Study\\Code_1\\paper_data\\workload_sharing_sensitivity\\Arizona\\R0p990\\MDCA\\seed5\\placement_trace_Arizona_mdca_seed5.json"
}