region,fixed_reliability,seed,method,share,share_tag,domain_count,domain_failure_prob,total_accepted,expected_target_satisfaction_ratio,expected_reliability,expected_reliability_loss
Alabama,0.999,4,DMDCA,"0.5,0.5",0p5_0p5,6,0.0,1113,1.0,0.9993596439499506,0.0
Alabama,0.999,4,DMDCA,"0.5,0.5",0p5_0p5,6,0.01,1113,0.9661566415231453,0.9931134992016725,0.006246144748278115
Alabama,0.999,4,DMDCA,"0.5,0.5",0p5_0p5,6,0.03,1113,0.9013764244367195,0.9801208644098346,0.01923877954011599
Alabama,0.999,4,DMDCA,"0.5,0.5",0p5_0p5,6,0.05,1113,0.8403172717458443,0.9664712451783204,0.03288839877163019
Alabama,0.999,4,MDCA,nan,nan,6,0.0,916,1.0,0.999375484286968,6.661338147750939e-16
Alabama,0.999,4,MDCA,nan,nan,6,0.01,916,0.9688237870979572,0.9923296528385875,0.007045831448381112
Alabama,0.999,4,MDCA,nan,nan,6,0.03,916,0.9089228656705686,0.9777705664253347,0.021604917861633988
Alabama,0.999,4,MDCA,nan,nan,6,0.05,916,0.8521719904646557,0.9626020674564548,0.03677341683051383
