{
  "algo":"mdca",
  "region":"Arizona",
  "time_slots":120,
  "arrival_rate":35.0,
  "mean_service_time":9.0,
  "seed":5,
  "trace_seed":5428092707759322348,
  "algo_seed":8179750290924396156,
  "trace_hash":"a863791fea9285309063c0d3c4f7604d2bd4133febf35c706478346b53b82c10",
  "arrivals_per_slot":[
    31,
    31,
    26,
    41,
    37,
    41,
    24,
    32,
    48,
    42,
    22,
    32,
    39,
    33,
    37,
    41,
    42,
    27,
    40,
    36,
    32,
    37,
    33,
    44,
    30,
    29,
    39,
    44,
    40,
    29,
    30,
    40,
    31,
    28,
    31,
    27,
    37,
    38,
    45,
    18,
    36,
    38,
    35,
    27,
    38,
    35,
    36,
    41,
    47,
    31,
    39,
    33,
    41,
    33,
    44,
    38,
    30,
    42,
    37,
    33,
    28,
    32,
    31,
    32,
    34,
    46,
    31,
    39,
    42,
    27,
    30,
    24,
    37,
    41,
    34,
    29,
    29,
    41,
    38,
    36,
    27,
    31,
    35,
    45,
    28,
    33,
    37,
    40,
    32,
    34,
    34,
    38,
    30,
    27,
    27,
    33,
    34,
    42,
    32,
    22,
    33,
    32,
    32,
    42,
    35,
    33,
    21,
    36,
    29,
    32,
    24,
    39,
    40,
    33,
    34,
    46,
    31,
    38,
    31,
    40
  ],
  "diversity":false,
  "p_split":null,
  "split_reliability_mode":null,
  "split_recovery_coverage":null,
  "split_workload_shares":null,
  "mechanism":null,
  "fixed_sfc_len":null,
  "fixed_reliability":null,
  "max_backup_level":2,
  "explicit_split_replicas":false,
  "split_enforce_distinct":false,
  "strict_split_resource_ablation":false,
  "split_replica_resource_scale":1.0,
  "cap_base_min":500,
  "cap_base_max":700,
  "cap_scale":0.2,
  "total_arrivals":4141,
  "total_accepted":4058,
  "total_rejected":83,
  "acceptance_ratio":0.9799565322,
  "avg_cost_per_arrival":41.0788468092,
  "total_cost":170107.5046370132,
  "total_cost_resource":126707.5046370131,
  "avg_cost_per_accepted":41.9190499352,
  "final_utilization":0.8273087795,
  "avg_utilization_over_time":0.8221940017,
  "avg_leftover_capacity_sum_over_time":67118.7416666667,
  "final_leftover_capacity_sum":65188.0,
  "final_leftover_capacity_min":0.0,
  "final_leftover_capacity_max":2147.2,
  "final_leftover_capacity_avg":207.6050955414,
  "avg_e2e_delay_accepted":0.0652152295,
  "p95_e2e_delay_accepted":0.1288438199,
  "avg_access_delay_accepted":0.0080876544,
  "avg_processing_delay_accepted":0.0478496443,
  "avg_network_delay_accepted":0.0092779308,
  "avg_split_proc_overhead_accepted":0.0,
  "avg_split_net_overhead_accepted":0.0,
  "total_transmitted_bits_accepted":5489162783.9832935333,
  "avg_transmitted_bits_per_accepted":1352676.88121816,
  "total_split_transmitted_bits_accepted":0.0,
  "avg_split_transmitted_bits_per_accepted":0.0,
  "avg_split_overhead_ratio_accepted":0.0,
  "p95_split_overhead_ratio_accepted":0.0,
  "rga_accepted_total":4141,
  "rga_rejected_total":0,
  "rga_rejection_ratio":0.0,
  "mdca_rejected_total":83,
  "mdca_capacity_rejected_total":38,
  "mdca_reliability_rejected_total":0,
  "mdca_qos_rejected_total":45,
  "mdca_rejection_ratio":0.0200434678,
  "capacity_rejection_ratio":0.0091765274,
  "reliability_rejection_ratio":0.0,
  "qos_rejected_total":45,
  "qos_rejection_ratio":0.0108669404,
  "placement_trace_path":"D:\\Study\\Code_1\\paper_data\\large_scale_lb_reference\\split_enabled\\load\\Arizona\\arrival_rate_35\\MDCA\\seed5\\placement_trace_Arizona_mdca_seed5.json"
}