{
  "algo":"mdca",
  "region":"Arizona",
  "time_slots":120,
  "arrival_rate":12.0,
  "mean_service_time":9.0,
  "seed":2,
  "trace_seed":12057244439424122892,
  "algo_seed":12212449990934311995,
  "trace_hash":"3f7070bdd94ca4831cf768c839bda31c7088343ae5b5e4244961b9f37d0b87be",
  "arrivals_per_slot":[
    14,
    17,
    11,
    11,
    8,
    8,
    9,
    11,
    8,
    13,
    21,
    9,
    10,
    10,
    19,
    11,
    10,
    11,
    8,
    19,
    11,
    12,
    15,
    12,
    14,
    13,
    11,
    14,
    18,
    11,
    13,
    10,
    11,
    13,
    5,
    10,
    12,
    12,
    9,
    8,
    10,
    11,
    17,
    14,
    10,
    9,
    11,
    11,
    14,
    10,
    11,
    5,
    9,
    11,
    14,
    15,
    15,
    17,
    14,
    14,
    19,
    10,
    15,
    8,
    7,
    11,
    17,
    12,
    10,
    9,
    13,
    13,
    8,
    16,
    8,
    10,
    15,
    10,
    10,
    17,
    10,
    17,
    8,
    9,
    11,
    9,
    9,
    19,
    16,
    9,
    16,
    13,
    15,
    14,
    11,
    23,
    6,
    12,
    14,
    10,
    16,
    15,
    14,
    15,
    8,
    14,
    14,
    14,
    10,
    14,
    10,
    15,
    11,
    10,
    11,
    14,
    6,
    11,
    12,
    7
  ],
  "diversity":true,
  "p_split":0.3,
  "split_reliability_mode":"identical_active_pool",
  "mechanism":null,
  "fixed_sfc_len":null,
  "fixed_reliability":0.999,
  "max_backup_level":2,
  "explicit_split_replicas":true,
  "split_enforce_distinct":false,
  "strict_split_resource_ablation":false,
  "split_replica_resource_scale":1.0,
  "cap_base_min":500,
  "cap_base_max":700,
  "cap_scale":0.2,
  "total_arrivals":1444,
  "total_accepted":1131,
  "total_rejected":313,
  "acceptance_ratio":0.7832409972,
  "avg_cost_per_arrival":30.6028243093,
  "total_cost":44190.4783025962,
  "total_cost_resource":25513.4783025962,
  "avg_cost_per_accepted":39.0720409395,
  "final_utilization":0.2599945759,
  "avg_utilization_over_time":0.2966712144,
  "avg_leftover_capacity_sum_over_time":267631.6541666666,
  "final_leftover_capacity_sum":281587.9,
  "final_leftover_capacity_min":0.3,
  "final_leftover_capacity_max":2234.4,
  "final_leftover_capacity_avg":896.7767515924,
  "avg_e2e_delay_accepted":0.070121083,
  "p95_e2e_delay_accepted":0.1377749953,
  "avg_access_delay_accepted":0.0080498236,
  "avg_processing_delay_accepted":0.0396189072,
  "avg_network_delay_accepted":0.0170668839,
  "avg_split_proc_overhead_accepted":1.633492928e-19,
  "avg_split_net_overhead_accepted":0.0,
  "total_transmitted_bits_accepted":2125263560.1062583923,
  "avg_transmitted_bits_per_accepted":1879101.2909869659,
  "total_split_transmitted_bits_accepted":716686453.148774147,
  "avg_split_transmitted_bits_per_accepted":633675.0248883945,
  "avg_split_overhead_ratio_accepted":2.079923591e-18,
  "p95_split_overhead_ratio_accepted":1.315700974e-17,
  "rga_accepted_total":1141,
  "rga_rejected_total":303,
  "rga_rejection_ratio":0.209833795,
  "mdca_rejected_total":10,
  "mdca_capacity_rejected_total":0,
  "mdca_reliability_rejected_total":0,
  "mdca_qos_rejected_total":10,
  "mdca_rejection_ratio":0.0069252078,
  "capacity_rejection_ratio":0.0,
  "reliability_rejection_ratio":0.0,
  "qos_rejected_total":10,
  "qos_rejection_ratio":0.0069252078
}