{
  "algo":"mdca",
  "region":"Alabama",
  "time_slots":120,
  "arrival_rate":12.0,
  "mean_service_time":9.0,
  "seed":2,
  "trace_seed":16757585547385223833,
  "algo_seed":1988428424119012433,
  "trace_hash":"e9b970547369bfe3c6268c5de4c9eb2d59b601ca027c81068239a49ab5109db1",
  "arrivals_per_slot":[
    9,
    10,
    9,
    11,
    11,
    16,
    11,
    4,
    6,
    15,
    14,
    11,
    12,
    14,
    11,
    10,
    11,
    12,
    12,
    17,
    12,
    14,
    8,
    9,
    13,
    12,
    10,
    10,
    10,
    15,
    14,
    11,
    14,
    14,
    13,
    12,
    10,
    16,
    10,
    12,
    11,
    17,
    11,
    15,
    15,
    14,
    10,
    7,
    14,
    12,
    9,
    14,
    13,
    13,
    17,
    8,
    12,
    12,
    7,
    13,
    15,
    7,
    12,
    12,
    9,
    7,
    6,
    8,
    13,
    13,
    13,
    13,
    17,
    14,
    11,
    9,
    9,
    12,
    14,
    13,
    10,
    17,
    12,
    16,
    11,
    17,
    16,
    6,
    9,
    8,
    11,
    12,
    13,
    11,
    11,
    14,
    12,
    20,
    9,
    11,
    11,
    15,
    10,
    9,
    19,
    13,
    12,
    9,
    9,
    12,
    21,
    14,
    18,
    10,
    17,
    12,
    12,
    9,
    11,
    12
  ],
  "diversity":true,
  "p_split":0.3,
  "split_reliability_mode":"identical_active_pool",
  "split_recovery_coverage":1.0,
  "split_workload_shares":"0.5,0.5",
  "mechanism":null,
  "fixed_sfc_len":null,
  "fixed_reliability":0.998,
  "max_backup_level":2,
  "explicit_split_replicas":true,
  "split_enforce_distinct":false,
  "strict_split_resource_ablation":false,
  "split_replica_resource_scale":1.0,
  "backhaul_knn_k":4,
  "backhaul_use_device_bw":true,
  "backhaul_bw_scale":0.5,
  "fiber_speed_mps":200000000.0,
  "switch_delay_s":0.0002,
  "region_cloudlet_count":137,
  "cap_base_min":500,
  "cap_base_max":700,
  "cap_scale":0.2,
  "total_arrivals":1437,
  "total_accepted":1326,
  "total_rejected":111,
  "acceptance_ratio":0.9227557411,
  "avg_cost_per_arrival":55.3077347517,
  "total_cost":79477.2148382643,
  "total_cost_resource":58332.2148382643,
  "avg_cost_per_accepted":59.9375677513,
  "final_utilization":0.8267532357,
  "avg_utilization_over_time":0.8375286556,
  "avg_leftover_capacity_sum_over_time":27876.5083333333,
  "final_leftover_capacity_sum":29725.3333333333,
  "final_leftover_capacity_min":0.2666666667,
  "final_leftover_capacity_max":1514.0,
  "final_leftover_capacity_avg":216.9732360097,
  "avg_e2e_delay_accepted":0.0660244703,
  "p95_e2e_delay_accepted":0.1296571189,
  "avg_access_delay_accepted":0.0080280994,
  "avg_processing_delay_accepted":0.0421009063,
  "avg_network_delay_accepted":0.0122897944,
  "avg_split_proc_overhead_accepted":6.089847497e-19,
  "avg_split_net_overhead_accepted":0.0,
  "total_transmitted_bits_accepted":2279253478.6572322845,
  "avg_transmitted_bits_per_accepted":1718894.0261366758,
  "total_split_transmitted_bits_accepted":545659996.483500123,
  "avg_split_transmitted_bits_per_accepted":411508.292973982,
  "avg_split_overhead_ratio_accepted":7.854320125e-18,
  "p95_split_overhead_ratio_accepted":4.993516554e-17,
  "rga_accepted_total":1422,
  "rga_rejected_total":15,
  "rga_rejection_ratio":0.0104384134,
  "mdca_rejected_total":96,
  "mdca_capacity_rejected_total":77,
  "mdca_reliability_rejected_total":0,
  "mdca_qos_rejected_total":19,
  "mdca_rejection_ratio":0.0668058455,
  "capacity_rejection_ratio":0.0535838553,
  "reliability_rejection_ratio":0.0,
  "qos_rejected_total":19,
  "qos_rejection_ratio":0.0132219903,
  "placement_trace_path":"D:\\Study\\Code_1\\paper_data\\workload_sharing_sensitivity\\Alabama\\R0p998\\DMDCA_share0p5_0p5\\seed2\\placement_trace_Alabama_mdca_seed2.json"
}