{
  "algo":"mdca",
  "region":"Arizona",
  "time_slots":120,
  "arrival_rate":50.0,
  "mean_service_time":9.0,
  "seed":4,
  "trace_seed":12210011496033596136,
  "algo_seed":14420759781778004277,
  "trace_hash":"9cae24cfe38ce7a9e7661999f7ef5879c68213935da43f111946b66510203d35",
  "arrivals_per_slot":[
    53,
    49,
    46,
    41,
    53,
    46,
    43,
    48,
    48,
    43,
    61,
    47,
    60,
    54,
    40,
    47,
    49,
    46,
    47,
    57,
    53,
    52,
    49,
    40,
    55,
    44,
    52,
    54,
    56,
    48,
    59,
    44,
    53,
    55,
    40,
    45,
    55,
    44,
    38,
    45,
    53,
    48,
    47,
    51,
    47,
    66,
    41,
    49,
    53,
    60,
    51,
    52,
    48,
    39,
    51,
    51,
    59,
    51,
    49,
    49,
    64,
    58,
    66,
    49,
    58,
    53,
    50,
    48,
    52,
    45,
    49,
    65,
    44,
    52,
    47,
    48,
    54,
    52,
    47,
    69,
    44,
    66,
    48,
    40,
    59,
    49,
    57,
    56,
    51,
    59,
    52,
    62,
    50,
    44,
    51,
    49,
    59,
    53,
    41,
    66,
    41,
    47,
    66,
    39,
    68,
    49,
    55,
    28,
    54,
    57,
    43,
    49,
    51,
    47,
    51,
    56,
    46,
    41,
    44,
    57
  ],
  "diversity":false,
  "p_split":null,
  "split_reliability_mode":null,
  "split_recovery_coverage":null,
  "split_workload_shares":null,
  "mechanism":null,
  "fixed_sfc_len":3,
  "fixed_reliability":0.999,
  "max_backup_level":2,
  "explicit_split_replicas":false,
  "split_enforce_distinct":false,
  "strict_split_resource_ablation":false,
  "split_replica_resource_scale":1.0,
  "backhaul_knn_k":4,
  "backhaul_use_device_bw":true,
  "backhaul_bw_scale":0.5,
  "fiber_speed_mps":200000000.0,
  "switch_delay_s":0.0002,
  "region_cloudlet_count":314,
  "cap_base_min":500,
  "cap_base_max":700,
  "cap_scale":0.2,
  "total_arrivals":6089,
  "total_accepted":3126,
  "total_rejected":2963,
  "acceptance_ratio":0.5133847922,
  "avg_cost_per_arrival":35.3007547273,
  "total_cost":214946.2955342956,
  "total_cost_resource":161673.2955342956,
  "avg_cost_per_accepted":68.7608111114,
  "final_utilization":0.96319251,
  "avg_utilization_over_time":0.9331648583,
  "avg_leftover_capacity_sum_over_time":25067.8833333334,
  "final_leftover_capacity_sum":13805.4,
  "final_leftover_capacity_min":0.0,
  "final_leftover_capacity_max":290.6,
  "final_leftover_capacity_avg":43.9662420382,
  "avg_e2e_delay_accepted":0.069632631,
  "p95_e2e_delay_accepted":0.1168211395,
  "avg_access_delay_accepted":0.0080827925,
  "avg_processing_delay_accepted":0.0525339105,
  "avg_network_delay_accepted":0.009015928,
  "avg_split_proc_overhead_accepted":0.0,
  "avg_split_net_overhead_accepted":0.0,
  "total_transmitted_bits_accepted":4199774449.9495577812,
  "avg_transmitted_bits_per_accepted":1343497.904654369,
  "total_split_transmitted_bits_accepted":0.0,
  "avg_split_transmitted_bits_per_accepted":0.0,
  "avg_split_overhead_ratio_accepted":0.0,
  "p95_split_overhead_ratio_accepted":0.0,
  "rga_accepted_total":3966,
  "rga_rejected_total":2123,
  "rga_rejection_ratio":0.3486615208,
  "mdca_rejected_total":840,
  "mdca_capacity_rejected_total":826,
  "mdca_reliability_rejected_total":0,
  "mdca_qos_rejected_total":14,
  "mdca_rejection_ratio":0.137953687,
  "capacity_rejection_ratio":0.1356544589,
  "reliability_rejection_ratio":0.0,
  "qos_rejected_total":14,
  "qos_rejection_ratio":0.0022992281
}