{
  "algo":"random",
  "region":"Alabama",
  "time_slots":120,
  "arrival_rate":12.0,
  "mean_service_time":9.0,
  "seed":5,
  "trace_seed":8339509091633114498,
  "algo_seed":12524923256282916737,
  "trace_hash":"e3e1f31b6eb235dcfe018550817a09dd51853ec76fc3b7b1db9092207f6edded",
  "arrivals_per_slot":[
    5,
    12,
    18,
    13,
    14,
    11,
    13,
    14,
    14,
    13,
    12,
    19,
    8,
    11,
    17,
    9,
    16,
    11,
    10,
    10,
    15,
    14,
    17,
    15,
    13,
    6,
    12,
    14,
    10,
    18,
    16,
    8,
    15,
    6,
    6,
    14,
    10,
    17,
    14,
    14,
    21,
    5,
    11,
    18,
    10,
    11,
    5,
    11,
    9,
    12,
    16,
    9,
    19,
    6,
    18,
    17,
    18,
    11,
    14,
    14,
    11,
    13,
    12,
    8,
    10,
    10,
    12,
    9,
    19,
    11,
    14,
    17,
    19,
    12,
    15,
    12,
    7,
    9,
    17,
    19,
    4,
    12,
    6,
    16,
    11,
    13,
    13,
    13,
    6,
    13,
    9,
    11,
    10,
    17,
    7,
    9,
    11,
    15,
    18,
    8,
    14,
    13,
    12,
    18,
    14,
    10,
    12,
    12,
    11,
    13,
    13,
    9,
    11,
    14,
    14,
    12,
    20,
    12,
    14,
    11
  ],
  "diversity":false,
  "p_split":null,
  "split_reliability_mode":null,
  "mechanism":null,
  "fixed_sfc_len":null,
  "fixed_reliability":0.98,
  "max_backup_level":2,
  "explicit_split_replicas":false,
  "split_enforce_distinct":false,
  "strict_split_resource_ablation":false,
  "split_replica_resource_scale":1.0,
  "cap_base_min":500,
  "cap_base_max":700,
  "cap_scale":0.2,
  "total_arrivals":1496,
  "total_accepted":1331,
  "total_rejected":165,
  "acceptance_ratio":0.8897058824,
  "avg_cost_per_arrival":58.8261035658,
  "total_cost":88003.8509343957,
  "total_cost_resource":67271.8509343957,
  "avg_cost_per_accepted":66.1185957433,
  "final_utilization":0.9238316482,
  "avg_utilization_over_time":0.8583746987,
  "avg_leftover_capacity_sum_over_time":24605.4416666667,
  "final_leftover_capacity_sum":13233.2,
  "final_leftover_capacity_min":0.2,
  "final_leftover_capacity_max":305.6,
  "final_leftover_capacity_avg":96.5927007299,
  "avg_e2e_delay_accepted":0.0646281546,
  "p95_e2e_delay_accepted":0.125290772,
  "avg_access_delay_accepted":0.0080612262,
  "avg_processing_delay_accepted":0.0486653349,
  "avg_network_delay_accepted":0.0079015935,
  "avg_split_proc_overhead_accepted":0.0,
  "avg_split_net_overhead_accepted":0.0,
  "total_transmitted_bits_accepted":1953240374.6188495159,
  "avg_transmitted_bits_per_accepted":1467498.4031696841,
  "total_split_transmitted_bits_accepted":0.0,
  "avg_split_transmitted_bits_per_accepted":0.0,
  "avg_split_overhead_ratio_accepted":0.0,
  "p95_split_overhead_ratio_accepted":0.0,
  "rga_accepted_total":1496,
  "rga_rejected_total":0,
  "rga_rejection_ratio":0.0,
  "mdca_rejected_total":165,
  "mdca_capacity_rejected_total":156,
  "mdca_reliability_rejected_total":0,
  "mdca_qos_rejected_total":9,
  "mdca_rejection_ratio":0.1102941176,
  "capacity_rejection_ratio":0.1042780749,
  "reliability_rejection_ratio":0.0,
  "qos_rejected_total":9,
  "qos_rejection_ratio":0.0060160428
}