{
  "algo":"mdca",
  "region":"Arizona",
  "time_slots":120,
  "arrival_rate":12.0,
  "mean_service_time":9.0,
  "seed":2,
  "trace_seed":4898252039901755047,
  "algo_seed":4836232127056779440,
  "trace_hash":"5358bd171c3f509edbcdc1617d5ef24cd6b073054e5ff6b4d3333a6a55bc17ce",
  "arrivals_per_slot":[
    11,
    13,
    7,
    6,
    14,
    9,
    19,
    16,
    6,
    14,
    11,
    12,
    8,
    11,
    6,
    11,
    12,
    16,
    12,
    4,
    18,
    12,
    18,
    10,
    14,
    12,
    10,
    10,
    8,
    7,
    17,
    16,
    22,
    14,
    8,
    18,
    12,
    11,
    12,
    20,
    10,
    8,
    14,
    12,
    17,
    15,
    12,
    14,
    15,
    11,
    11,
    10,
    9,
    11,
    9,
    12,
    10,
    12,
    10,
    12,
    13,
    12,
    8,
    17,
    10,
    15,
    10,
    11,
    14,
    9,
    8,
    11,
    13,
    11,
    11,
    18,
    10,
    10,
    13,
    11,
    8,
    16,
    10,
    6,
    13,
    14,
    14,
    7,
    17,
    10,
    9,
    11,
    7,
    13,
    9,
    11,
    17,
    18,
    12,
    15,
    17,
    15,
    9,
    11,
    16,
    12,
    12,
    12,
    18,
    12,
    12,
    15,
    17,
    8,
    12,
    13,
    7,
    15,
    11,
    14
  ],
  "diversity":true,
  "p_split":0.3,
  "split_reliability_mode":"identical_active_pool",
  "mechanism":null,
  "fixed_sfc_len":null,
  "fixed_reliability":0.992,
  "max_backup_level":2,
  "explicit_split_replicas":true,
  "split_enforce_distinct":false,
  "strict_split_resource_ablation":false,
  "split_replica_resource_scale":1.0,
  "cap_base_min":500,
  "cap_base_max":700,
  "cap_scale":0.2,
  "total_arrivals":1451,
  "total_accepted":1429,
  "total_rejected":22,
  "acceptance_ratio":0.9848380427,
  "avg_cost_per_arrival":40.0038951629,
  "total_cost":58045.6518814371,
  "total_cost_resource":37310.6518814371,
  "avg_cost_per_accepted":40.6197703859,
  "final_utilization":0.4050208114,
  "avg_utilization_over_time":0.3573743605,
  "avg_leftover_capacity_sum_over_time":242900.5388888889,
  "final_leftover_capacity_sum":224891.0666666667,
  "final_leftover_capacity_min":0.4666666667,
  "final_leftover_capacity_max":2416.8,
  "final_leftover_capacity_avg":716.2135881104,
  "avg_e2e_delay_accepted":0.0724954699,
  "p95_e2e_delay_accepted":0.1390199045,
  "avg_access_delay_accepted":0.0081280153,
  "avg_processing_delay_accepted":0.0453288426,
  "avg_network_delay_accepted":0.0151527377,
  "avg_split_proc_overhead_accepted":6.570462431e-19,
  "avg_split_net_overhead_accepted":0.0,
  "total_transmitted_bits_accepted":2691544799.7790107727,
  "avg_transmitted_bits_per_accepted":1883516.3049538215,
  "total_split_transmitted_bits_accepted":625040449.7120913267,
  "avg_split_transmitted_bits_per_accepted":437397.095669763,
  "avg_split_overhead_ratio_accepted":7.913751198e-18,
  "p95_split_overhead_ratio_accepted":5.293038123e-17,
  "rga_accepted_total":1451,
  "rga_rejected_total":0,
  "rga_rejection_ratio":0.0,
  "mdca_rejected_total":22,
  "mdca_capacity_rejected_total":0,
  "mdca_reliability_rejected_total":0,
  "mdca_qos_rejected_total":22,
  "mdca_rejection_ratio":0.0151619573,
  "capacity_rejection_ratio":0.0,
  "reliability_rejection_ratio":0.0,
  "qos_rejected_total":22,
  "qos_rejection_ratio":0.0151619573
}