{
  "algo":"mdca",
  "region":"Arizona",
  "time_slots":120,
  "arrival_rate":30.0,
  "mean_service_time":9.0,
  "seed":1,
  "trace_seed":11720802870195743146,
  "algo_seed":3737587677167370884,
  "trace_hash":"fea02cd201bea47b82e2d1a35870ef39b4bb376236c75a82ae07fd01e985f43b",
  "arrivals_per_slot":[
    35,
    35,
    29,
    31,
    33,
    27,
    28,
    30,
    33,
    45,
    19,
    31,
    29,
    32,
    30,
    32,
    31,
    23,
    29,
    23,
    28,
    23,
    25,
    31,
    37,
    31,
    27,
    24,
    35,
    36,
    26,
    27,
    25,
    37,
    27,
    17,
    28,
    30,
    33,
    32,
    26,
    22,
    32,
    24,
    25,
    33,
    25,
    37,
    38,
    23,
    35,
    22,
    31,
    24,
    31,
    37,
    34,
    30,
    33,
    22,
    23,
    35,
    26,
    34,
    31,
    31,
    30,
    30,
    21,
    21,
    39,
    24,
    39,
    26,
    24,
    31,
    24,
    34,
    22,
    36,
    19,
    40,
    25,
    24,
    36,
    21,
    33,
    25,
    36,
    35,
    35,
    43,
    31,
    30,
    37,
    34,
    21,
    31,
    22,
    30,
    34,
    36,
    22,
    34,
    38,
    24,
    29,
    30,
    26,
    19,
    30,
    37,
    28,
    24,
    29,
    45,
    34,
    29,
    34,
    26
  ],
  "diversity":false,
  "p_split":null,
  "split_reliability_mode":null,
  "split_recovery_coverage":null,
  "split_workload_shares":null,
  "mechanism":null,
  "fixed_sfc_len":3,
  "fixed_reliability":0.999,
  "max_backup_level":2,
  "explicit_split_replicas":false,
  "split_enforce_distinct":false,
  "strict_split_resource_ablation":false,
  "split_replica_resource_scale":1.0,
  "backhaul_knn_k":4,
  "backhaul_use_device_bw":true,
  "backhaul_bw_scale":0.5,
  "fiber_speed_mps":200000000.0,
  "switch_delay_s":0.0002,
  "region_cloudlet_count":50,
  "cap_base_min":500,
  "cap_base_max":700,
  "cap_scale":0.2,
  "total_arrivals":3565,
  "total_accepted":684,
  "total_rejected":2881,
  "acceptance_ratio":0.1918653576,
  "avg_cost_per_arrival":11.2172431167,
  "total_cost":39989.4717110785,
  "total_cost_resource":28522.4717110784,
  "avg_cost_per_accepted":58.4641399285,
  "final_utilization":0.950376163,
  "avg_utilization_over_time":0.9575268089,
  "avg_leftover_capacity_sum_over_time":2633.1,
  "final_leftover_capacity_sum":3076.4,
  "final_leftover_capacity_min":0.8,
  "final_leftover_capacity_max":830.0,
  "final_leftover_capacity_avg":61.528,
  "avg_e2e_delay_accepted":0.0797991471,
  "p95_e2e_delay_accepted":0.1262584371,
  "avg_access_delay_accepted":0.0081287373,
  "avg_processing_delay_accepted":0.0663566127,
  "avg_network_delay_accepted":0.0053137972,
  "avg_split_proc_overhead_accepted":0.0,
  "avg_split_net_overhead_accepted":0.0,
  "total_transmitted_bits_accepted":793858986.4938325882,
  "avg_transmitted_bits_per_accepted":1160612.5533535564,
  "total_split_transmitted_bits_accepted":0.0,
  "avg_split_transmitted_bits_per_accepted":0.0,
  "avg_split_overhead_ratio_accepted":0.0,
  "p95_split_overhead_ratio_accepted":0.0,
  "rga_accepted_total":2347,
  "rga_rejected_total":1218,
  "rga_rejection_ratio":0.341654979,
  "mdca_rejected_total":1663,
  "mdca_capacity_rejected_total":1660,
  "mdca_reliability_rejected_total":0,
  "mdca_qos_rejected_total":3,
  "mdca_rejection_ratio":0.4664796634,
  "capacity_rejection_ratio":0.4656381487,
  "reliability_rejection_ratio":0.0,
  "qos_rejected_total":3,
  "qos_rejection_ratio":0.0008415147
}