{
  "algo":"mdca",
  "region":"Alabama",
  "time_slots":120,
  "arrival_rate":12.0,
  "mean_service_time":9.0,
  "seed":5,
  "trace_seed":13453296925202207706,
  "algo_seed":6041356402655296302,
  "trace_hash":"9833bc4068c71308d8be5a36dfd6b0d2abdd0d72bf16993814190550d31e0dba",
  "arrivals_per_slot":[
    11,
    11,
    20,
    15,
    16,
    23,
    14,
    17,
    12,
    10,
    15,
    9,
    7,
    10,
    18,
    17,
    17,
    16,
    12,
    10,
    9,
    18,
    10,
    10,
    14,
    10,
    11,
    12,
    13,
    14,
    20,
    17,
    13,
    11,
    11,
    17,
    7,
    14,
    11,
    11,
    6,
    17,
    11,
    12,
    15,
    14,
    11,
    11,
    15,
    7,
    12,
    7,
    15,
    11,
    6,
    8,
    13,
    12,
    11,
    8,
    14,
    13,
    7,
    7,
    14,
    7,
    11,
    10,
    11,
    9,
    17,
    10,
    12,
    14,
    9,
    9,
    10,
    14,
    11,
    6,
    14,
    10,
    14,
    16,
    12,
    13,
    11,
    16,
    15,
    14,
    9,
    15,
    5,
    18,
    12,
    5,
    8,
    20,
    14,
    13,
    14,
    10,
    19,
    5,
    10,
    11,
    12,
    16,
    8,
    10,
    8,
    13,
    13,
    7,
    17,
    9,
    19,
    12,
    8,
    16
  ],
  "diversity":true,
  "p_split":0.3,
  "split_reliability_mode":"identical_active_pool",
  "mechanism":null,
  "fixed_sfc_len":null,
  "fixed_reliability":0.992,
  "max_backup_level":2,
  "explicit_split_replicas":true,
  "split_enforce_distinct":false,
  "strict_split_resource_ablation":false,
  "split_replica_resource_scale":1.0,
  "cap_base_min":500,
  "cap_base_max":700,
  "cap_scale":0.2,
  "total_arrivals":1461,
  "total_accepted":1442,
  "total_rejected":19,
  "acceptance_ratio":0.9869952088,
  "avg_cost_per_arrival":49.4331255385,
  "total_cost":72221.7964117208,
  "total_cost_resource":51752.7964117209,
  "avg_cost_per_accepted":50.084463531,
  "final_utilization":0.7543843853,
  "avg_utilization_over_time":0.7835443218,
  "avg_leftover_capacity_sum_over_time":37022.3194444445,
  "final_leftover_capacity_sum":42009.8,
  "final_leftover_capacity_min":0.0,
  "final_leftover_capacity_max":1855.0,
  "final_leftover_capacity_avg":306.6408759124,
  "avg_e2e_delay_accepted":0.0676751862,
  "p95_e2e_delay_accepted":0.1373457832,
  "avg_access_delay_accepted":0.0080995463,
  "avg_processing_delay_accepted":0.0436736057,
  "avg_network_delay_accepted":0.0123631793,
  "avg_split_proc_overhead_accepted":5.960856327e-19,
  "avg_split_net_overhead_accepted":0.0,
  "total_transmitted_bits_accepted":2541203273.0764293671,
  "avg_transmitted_bits_per_accepted":1762276.888402517,
  "total_split_transmitted_bits_accepted":577081727.704978466,
  "avg_split_transmitted_bits_per_accepted":400195.3728883346,
  "avg_split_overhead_ratio_accepted":7.887131563e-18,
  "p95_split_overhead_ratio_accepted":5.339590431e-17,
  "rga_accepted_total":1461,
  "rga_rejected_total":0,
  "rga_rejection_ratio":0.0,
  "mdca_rejected_total":19,
  "mdca_capacity_rejected_total":2,
  "mdca_reliability_rejected_total":0,
  "mdca_qos_rejected_total":17,
  "mdca_rejection_ratio":0.0130047912,
  "capacity_rejection_ratio":0.0013689254,
  "reliability_rejection_ratio":0.0,
  "qos_rejected_total":17,
  "qos_rejection_ratio":0.0116358658
}