{
  "algo":"mdca",
  "region":"Arizona",
  "time_slots":120,
  "arrival_rate":25.0,
  "mean_service_time":9.0,
  "seed":1,
  "trace_seed":6326038976300761834,
  "algo_seed":9475761514817476165,
  "trace_hash":"80f6aa240c326405cf660200976ce0538bdfe50c6312c1f04c3028383beef223",
  "arrivals_per_slot":[
    28,
    30,
    26,
    24,
    28,
    28,
    20,
    18,
    24,
    20,
    24,
    17,
    26,
    34,
    22,
    24,
    28,
    27,
    29,
    30,
    27,
    27,
    19,
    30,
    19,
    22,
    20,
    18,
    21,
    24,
    19,
    20,
    24,
    27,
    33,
    32,
    28,
    21,
    29,
    24,
    25,
    28,
    21,
    35,
    23,
    28,
    28,
    24,
    30,
    25,
    30,
    21,
    23,
    20,
    26,
    32,
    32,
    28,
    26,
    25,
    35,
    32,
    24,
    18,
    11,
    27,
    37,
    25,
    24,
    30,
    16,
    30,
    26,
    21,
    28,
    30,
    27,
    23,
    22,
    29,
    20,
    22,
    29,
    33,
    20,
    25,
    27,
    29,
    23,
    29,
    26,
    24,
    21,
    26,
    28,
    28,
    36,
    23,
    27,
    22,
    28,
    23,
    26,
    36,
    22,
    27,
    24,
    27,
    31,
    28,
    30,
    20,
    28,
    33,
    23,
    30,
    28,
    32,
    14,
    20
  ],
  "diversity":true,
  "p_split":0.3,
  "split_reliability_mode":"identical_active_pool",
  "mechanism":null,
  "fixed_sfc_len":null,
  "fixed_reliability":null,
  "max_backup_level":2,
  "explicit_split_replicas":true,
  "split_enforce_distinct":false,
  "strict_split_resource_ablation":false,
  "split_replica_resource_scale":1.0,
  "cap_base_min":500,
  "cap_base_max":700,
  "cap_scale":0.2,
  "total_arrivals":3084,
  "total_accepted":3036,
  "total_rejected":48,
  "acceptance_ratio":0.9844357977,
  "avg_cost_per_arrival":33.8146730385,
  "total_cost":104284.4516508698,
  "total_cost_resource":71526.4516508698,
  "avg_cost_per_accepted":34.3492923751,
  "final_utilization":0.6471997647,
  "avg_utilization_over_time":0.5597690371,
  "avg_leftover_capacity_sum_over_time":165741.9388888889,
  "final_leftover_capacity_sum":132825.2666666667,
  "final_leftover_capacity_min":0.2,
  "final_leftover_capacity_max":2572.6,
  "final_leftover_capacity_avg":423.010403397,
  "avg_e2e_delay_accepted":0.0698900998,
  "p95_e2e_delay_accepted":0.136280246,
  "avg_access_delay_accepted":0.0080565338,
  "avg_processing_delay_accepted":0.0441782796,
  "avg_network_delay_accepted":0.0143365122,
  "avg_split_proc_overhead_accepted":4.833913243e-19,
  "avg_split_net_overhead_accepted":0.0,
  "total_transmitted_bits_accepted":5405637198.0120592117,
  "avg_transmitted_bits_per_accepted":1780512.9110711657,
  "total_split_transmitted_bits_accepted":1143364241.9096064568,
  "avg_split_transmitted_bits_per_accepted":376602.1877172617,
  "avg_split_overhead_ratio_accepted":5.733285541e-18,
  "p95_split_overhead_ratio_accepted":3.74735316e-17,
  "rga_accepted_total":3084,
  "rga_rejected_total":0,
  "rga_rejection_ratio":0.0,
  "mdca_rejected_total":48,
  "mdca_capacity_rejected_total":0,
  "mdca_reliability_rejected_total":0,
  "mdca_qos_rejected_total":48,
  "mdca_rejection_ratio":0.0155642023,
  "capacity_rejection_ratio":0.0,
  "reliability_rejection_ratio":0.0,
  "qos_rejected_total":48,
  "qos_rejection_ratio":0.0155642023
}