{
  "algo":"mdca",
  "region":"Arizona",
  "time_slots":120,
  "arrival_rate":12.0,
  "mean_service_time":9.0,
  "seed":4,
  "trace_seed":16707068173538783098,
  "algo_seed":9674260753106199870,
  "trace_hash":"c5d4cf64f89c549094607b0ba48289f3d80ef88839bcacc95dda2bf52aa9edcb",
  "arrivals_per_slot":[
    10,
    12,
    12,
    11,
    9,
    16,
    11,
    11,
    9,
    10,
    8,
    16,
    10,
    14,
    13,
    7,
    14,
    12,
    15,
    12,
    19,
    15,
    12,
    8,
    11,
    9,
    9,
    16,
    9,
    13,
    15,
    13,
    16,
    13,
    18,
    8,
    10,
    18,
    10,
    10,
    10,
    14,
    14,
    17,
    13,
    11,
    11,
    13,
    9,
    14,
    10,
    15,
    12,
    16,
    13,
    10,
    10,
    7,
    8,
    10,
    21,
    12,
    13,
    11,
    13,
    8,
    3,
    16,
    11,
    12,
    22,
    10,
    5,
    11,
    9,
    5,
    13,
    11,
    16,
    10,
    12,
    7,
    13,
    22,
    11,
    9,
    10,
    19,
    16,
    10,
    10,
    14,
    7,
    9,
    11,
    8,
    6,
    6,
    12,
    8,
    12,
    11,
    15,
    16,
    10,
    17,
    7,
    15,
    10,
    14,
    10,
    12,
    14,
    11,
    10,
    15,
    8,
    16,
    12,
    10
  ],
  "diversity":true,
  "p_split":0.3,
  "split_reliability_mode":"identical_active_pool",
  "mechanism":null,
  "fixed_sfc_len":null,
  "fixed_reliability":0.999,
  "max_backup_level":2,
  "explicit_split_replicas":true,
  "split_enforce_distinct":false,
  "strict_split_resource_ablation":false,
  "split_replica_resource_scale":1.0,
  "cap_base_min":500,
  "cap_base_max":700,
  "cap_scale":0.2,
  "total_arrivals":1418,
  "total_accepted":1135,
  "total_rejected":283,
  "acceptance_ratio":0.8004231312,
  "avg_cost_per_arrival":33.8391384852,
  "total_cost":47983.8983719756,
  "total_cost_resource":27634.8983719756,
  "avg_cost_per_accepted":42.2765624423,
  "final_utilization":0.3308426982,
  "avg_utilization_over_time":0.2857745243,
  "avg_leftover_capacity_sum_over_time":271279.12,
  "final_leftover_capacity_sum":254161.2,
  "final_leftover_capacity_min":0.0,
  "final_leftover_capacity_max":2240.0,
  "final_leftover_capacity_avg":809.4305732484,
  "avg_e2e_delay_accepted":0.06865276,
  "p95_e2e_delay_accepted":0.1370977782,
  "avg_access_delay_accepted":0.0080839183,
  "avg_processing_delay_accepted":0.0381273061,
  "avg_network_delay_accepted":0.0168693836,
  "avg_split_proc_overhead_accepted":3.725452399e-19,
  "avg_split_net_overhead_accepted":0.0,
  "total_transmitted_bits_accepted":2221153661.5024991035,
  "avg_transmitted_bits_per_accepted":1956963.5784162988,
  "total_split_transmitted_bits_accepted":802637744.276042223,
  "avg_split_transmitted_bits_per_accepted":707169.8187454117,
  "avg_split_overhead_ratio_accepted":4.59768471e-18,
  "p95_split_overhead_ratio_accepted":3.312576066e-17,
  "rga_accepted_total":1146,
  "rga_rejected_total":272,
  "rga_rejection_ratio":0.191819464,
  "mdca_rejected_total":11,
  "mdca_capacity_rejected_total":0,
  "mdca_reliability_rejected_total":0,
  "mdca_qos_rejected_total":11,
  "mdca_rejection_ratio":0.0077574048,
  "capacity_rejection_ratio":0.0,
  "reliability_rejection_ratio":0.0,
  "qos_rejected_total":11,
  "qos_rejection_ratio":0.0077574048
}