{
  "algo":"hspa",
  "region":"Alabama",
  "time_slots":120,
  "arrival_rate":12.0,
  "mean_service_time":9.0,
  "seed":3,
  "trace_seed":17495476113175136934,
  "algo_seed":4555249616615268742,
  "trace_hash":"832effd45389236aa7e55f34699242db68fadc282a7002a9b2ed7e0bbf11c3d1",
  "arrivals_per_slot":[
    10,
    12,
    13,
    12,
    16,
    12,
    15,
    11,
    12,
    12,
    11,
    14,
    6,
    9,
    12,
    11,
    11,
    10,
    8,
    14,
    9,
    9,
    15,
    13,
    8,
    9,
    12,
    12,
    7,
    8,
    10,
    12,
    10,
    5,
    12,
    13,
    15,
    13,
    17,
    7,
    11,
    12,
    10,
    9,
    13,
    13,
    12,
    8,
    9,
    11,
    13,
    16,
    8,
    17,
    7,
    11,
    8,
    9,
    10,
    14,
    11,
    14,
    14,
    13,
    15,
    12,
    5,
    11,
    9,
    13,
    11,
    15,
    13,
    17,
    8,
    14,
    8,
    15,
    12,
    17,
    9,
    8,
    7,
    15,
    16,
    14,
    10,
    11,
    8,
    13,
    14,
    22,
    15,
    12,
    14,
    9,
    13,
    14,
    13,
    12,
    13,
    11,
    10,
    17,
    13,
    19,
    13,
    13,
    10,
    12,
    11,
    17,
    8,
    7,
    10,
    19,
    7,
    16,
    13,
    15
  ],
  "diversity":false,
  "p_split":null,
  "split_reliability_mode":null,
  "mechanism":null,
  "fixed_sfc_len":null,
  "fixed_reliability":0.994,
  "max_backup_level":2,
  "explicit_split_replicas":false,
  "split_enforce_distinct":false,
  "strict_split_resource_ablation":false,
  "split_replica_resource_scale":1.0,
  "cap_base_min":500,
  "cap_base_max":700,
  "cap_scale":0.2,
  "total_arrivals":1418,
  "total_accepted":1279,
  "total_rejected":139,
  "acceptance_ratio":0.9019746121,
  "avg_cost_per_arrival":59.6992061844,
  "total_cost":84653.4743694839,
  "total_cost_resource":64331.474369484,
  "avg_cost_per_accepted":66.187235629,
  "final_utilization":0.955151013,
  "avg_utilization_over_time":0.8824587138,
  "avg_leftover_capacity_sum_over_time":20541.4916666667,
  "final_leftover_capacity_sum":7837.8,
  "final_leftover_capacity_min":0.0,
  "final_leftover_capacity_max":786.2,
  "final_leftover_capacity_avg":57.2102189781,
  "avg_e2e_delay_accepted":0.0613285042,
  "p95_e2e_delay_accepted":0.1225786544,
  "avg_access_delay_accepted":0.0080790604,
  "avg_processing_delay_accepted":0.0464753813,
  "avg_network_delay_accepted":0.0067740625,
  "avg_split_proc_overhead_accepted":0.0,
  "avg_split_net_overhead_accepted":0.0,
  "total_transmitted_bits_accepted":1632558551.6136064529,
  "avg_transmitted_bits_per_accepted":1276433.5821842114,
  "total_split_transmitted_bits_accepted":0.0,
  "avg_split_transmitted_bits_per_accepted":0.0,
  "avg_split_overhead_ratio_accepted":0.0,
  "p95_split_overhead_ratio_accepted":0.0,
  "rga_accepted_total":1418,
  "rga_rejected_total":0,
  "rga_rejection_ratio":0.0,
  "mdca_rejected_total":139,
  "mdca_capacity_rejected_total":125,
  "mdca_reliability_rejected_total":0,
  "mdca_qos_rejected_total":14,
  "mdca_rejection_ratio":0.0980253879,
  "capacity_rejection_ratio":0.0881523272,
  "reliability_rejection_ratio":0.0,
  "qos_rejected_total":14,
  "qos_rejection_ratio":0.0098730606
}