{
  "algo":"mdca",
  "region":"Arizona",
  "time_slots":120,
  "arrival_rate":20.0,
  "mean_service_time":9.0,
  "seed":4,
  "trace_seed":885083003266149278,
  "algo_seed":14420759781778004277,
  "trace_hash":"fb80e9776ec9809ea30b068136cf7c5c2a4fed8a3efa5c002ec3df106b4528c4",
  "arrivals_per_slot":[
    25,
    15,
    22,
    16,
    17,
    27,
    24,
    28,
    11,
    15,
    23,
    22,
    21,
    16,
    27,
    23,
    11,
    11,
    15,
    18,
    22,
    17,
    24,
    20,
    19,
    15,
    23,
    25,
    23,
    15,
    13,
    28,
    21,
    27,
    17,
    21,
    13,
    33,
    22,
    23,
    21,
    24,
    22,
    33,
    27,
    29,
    26,
    28,
    27,
    26,
    24,
    22,
    19,
    25,
    24,
    16,
    25,
    22,
    21,
    27,
    17,
    17,
    25,
    19,
    23,
    12,
    20,
    20,
    16,
    18,
    22,
    22,
    23,
    25,
    25,
    22,
    24,
    27,
    24,
    24,
    31,
    21,
    31,
    11,
    24,
    19,
    22,
    21,
    25,
    17,
    19,
    21,
    16,
    23,
    19,
    21,
    22,
    25,
    17,
    31,
    21,
    18,
    22,
    23,
    22,
    23,
    27,
    17,
    17,
    20,
    21,
    25,
    21,
    22,
    24,
    19,
    24,
    26,
    27,
    17
  ],
  "diversity":false,
  "p_split":null,
  "split_reliability_mode":null,
  "mechanism":null,
  "fixed_sfc_len":null,
  "fixed_reliability":null,
  "max_backup_level":2,
  "explicit_split_replicas":false,
  "split_enforce_distinct":false,
  "strict_split_resource_ablation":false,
  "split_replica_resource_scale":1.0,
  "cap_base_min":500,
  "cap_base_max":700,
  "cap_scale":0.2,
  "total_arrivals":2593,
  "total_accepted":2569,
  "total_rejected":24,
  "acceptance_ratio":0.9907443116,
  "avg_cost_per_arrival":33.4777133171,
  "total_cost":86807.7106313618,
  "total_cost_resource":59382.7106313618,
  "avg_cost_per_accepted":33.7904673536,
  "final_utilization":0.5743546489,
  "avg_utilization_over_time":0.5122547172,
  "avg_leftover_capacity_sum_over_time":183772.3749999999,
  "final_leftover_capacity_sum":160374.4,
  "final_leftover_capacity_min":0.0,
  "final_leftover_capacity_max":2192.6,
  "final_leftover_capacity_avg":510.7464968153,
  "avg_e2e_delay_accepted":0.0639530868,
  "p95_e2e_delay_accepted":0.1233000215,
  "avg_access_delay_accepted":0.0080776452,
  "avg_processing_delay_accepted":0.0468854222,
  "avg_network_delay_accepted":0.0089900193,
  "avg_split_proc_overhead_accepted":0.0,
  "avg_split_net_overhead_accepted":0.0,
  "total_transmitted_bits_accepted":3494032759.3990116119,
  "avg_transmitted_bits_per_accepted":1360075.0328528655,
  "total_split_transmitted_bits_accepted":0.0,
  "avg_split_transmitted_bits_per_accepted":0.0,
  "avg_split_overhead_ratio_accepted":0.0,
  "p95_split_overhead_ratio_accepted":0.0,
  "rga_accepted_total":2593,
  "rga_rejected_total":0,
  "rga_rejection_ratio":0.0,
  "mdca_rejected_total":24,
  "mdca_capacity_rejected_total":0,
  "mdca_reliability_rejected_total":0,
  "mdca_qos_rejected_total":24,
  "mdca_rejection_ratio":0.0092556884,
  "capacity_rejection_ratio":0.0,
  "reliability_rejection_ratio":0.0,
  "qos_rejected_total":24,
  "qos_rejection_ratio":0.0092556884
}