region,fixed_reliability,seed,method,share,share_tag,domain_count,domain_failure_prob,total_accepted,expected_target_satisfaction_ratio,expected_reliability,expected_reliability_loss
Arizona,0.998,5,DMDCA,"0.5,0.5",0p5_0p5,6,0.0,1390,1.0,0.9988325682616502,1.1102230246251565e-16
Arizona,0.998,5,DMDCA,"0.5,0.5",0p5_0p5,6,0.01,1390,0.9640053509327288,0.9926321358147349,0.0062004324469154826
Arizona,0.998,5,DMDCA,"0.5,0.5",0p5_0p5,6,0.03,1390,0.8952881467863281,0.9796154390148928,0.01921712924675756
Arizona,0.998,5,DMDCA,"0.5,0.5",0p5_0p5,6,0.05,1390,0.8307520972684352,0.9657958219426611,0.03303674631898923
Arizona,0.998,5,MDCA,nan,nan,6,0.0,1350,1.0,0.9988412797816343,0.0
Arizona,0.998,5,MDCA,nan,nan,6,0.01,1350,0.964743947392793,0.9917031129116998,0.007138166869934515
Arizona,0.998,5,MDCA,nan,nan,6,0.03,1350,0.8973725793632281,0.97686808859376,0.02197319118787433
Arizona,0.998,5,MDCA,nan,nan,6,0.05,1350,0.8340184735069439,0.9613076279441845,0.03753365183744983
