{
  "algo":"random",
  "region":"Arizona",
  "time_slots":120,
  "arrival_rate":35.0,
  "mean_service_time":9.0,
  "seed":1,
  "trace_seed":6190730063433753006,
  "algo_seed":7453658633815173617,
  "trace_hash":"9a18ac9fcb2127dc606778382b2fb72bd32025a5e0b416895ad67923c80e5455",
  "arrivals_per_slot":[
    26,
    27,
    34,
    30,
    24,
    33,
    22,
    34,
    37,
    32,
    29,
    37,
    33,
    31,
    44,
    39,
    26,
    38,
    30,
    37,
    35,
    48,
    33,
    34,
    48,
    38,
    40,
    28,
    38,
    37,
    36,
    30,
    26,
    47,
    42,
    26,
    25,
    32,
    31,
    37,
    30,
    27,
    32,
    39,
    31,
    36,
    27,
    41,
    31,
    45,
    30,
    26,
    40,
    34,
    29,
    33,
    39,
    34,
    34,
    35,
    35,
    36,
    40,
    48,
    39,
    34,
    36,
    29,
    26,
    46,
    29,
    36,
    42,
    28,
    36,
    42,
    40,
    39,
    34,
    31,
    35,
    23,
    28,
    35,
    35,
    31,
    36,
    32,
    21,
    33,
    35,
    37,
    44,
    40,
    35,
    39,
    35,
    29,
    39,
    52,
    35,
    43,
    32,
    33,
    36,
    30,
    37,
    33,
    34,
    40,
    32,
    38,
    37,
    43,
    34,
    24,
    37,
    29,
    32,
    34
  ],
  "diversity":false,
  "p_split":null,
  "split_reliability_mode":null,
  "mechanism":null,
  "fixed_sfc_len":null,
  "fixed_reliability":null,
  "max_backup_level":2,
  "explicit_split_replicas":false,
  "split_enforce_distinct":false,
  "strict_split_resource_ablation":false,
  "split_replica_resource_scale":1.0,
  "cap_base_min":500,
  "cap_base_max":700,
  "cap_scale":0.2,
  "total_arrivals":4140,
  "total_accepted":3424,
  "total_rejected":716,
  "acceptance_ratio":0.8270531401,
  "avg_cost_per_arrival":45.8182298228,
  "total_cost":189687.4714665415,
  "total_cost_resource":144061.4714665415,
  "avg_cost_per_accepted":55.3993783489,
  "final_utilization":0.9210359438,
  "avg_utilization_over_time":0.8856804381,
  "avg_leftover_capacity_sum_over_time":43266.3416666667,
  "final_leftover_capacity_sum":29885.4,
  "final_leftover_capacity_min":1.0,
  "final_leftover_capacity_max":1517.2,
  "final_leftover_capacity_avg":95.176433121,
  "avg_e2e_delay_accepted":0.0653350095,
  "p95_e2e_delay_accepted":0.1289850057,
  "avg_access_delay_accepted":0.0080484257,
  "avg_processing_delay_accepted":0.0481510551,
  "avg_network_delay_accepted":0.0091355286,
  "avg_split_proc_overhead_accepted":0.0,
  "avg_split_net_overhead_accepted":0.0,
  "total_transmitted_bits_accepted":4927634983.1861057281,
  "avg_transmitted_bits_per_accepted":1439145.7310707085,
  "total_split_transmitted_bits_accepted":0.0,
  "avg_split_transmitted_bits_per_accepted":0.0,
  "avg_split_overhead_ratio_accepted":0.0,
  "p95_split_overhead_ratio_accepted":0.0,
  "rga_accepted_total":4140,
  "rga_rejected_total":0,
  "rga_rejection_ratio":0.0,
  "mdca_rejected_total":716,
  "mdca_capacity_rejected_total":686,
  "mdca_reliability_rejected_total":0,
  "mdca_qos_rejected_total":30,
  "mdca_rejection_ratio":0.1729468599,
  "capacity_rejection_ratio":0.1657004831,
  "reliability_rejection_ratio":0.0,
  "qos_rejected_total":30,
  "qos_rejection_ratio":0.0072463768
}