{
  "algo":"hspa",
  "region":"Alabama",
  "time_slots":120,
  "arrival_rate":12.0,
  "mean_service_time":9.0,
  "seed":1,
  "trace_seed":4677591059417297600,
  "algo_seed":15883823183653897534,
  "trace_hash":"ccb3b94d1e818118a6810c364186b49d6e604d7245b52e3c10b2f1eefc068937",
  "arrivals_per_slot":[
    11,
    14,
    14,
    8,
    11,
    13,
    20,
    16,
    10,
    13,
    9,
    12,
    10,
    11,
    14,
    8,
    15,
    17,
    11,
    8,
    12,
    15,
    13,
    8,
    17,
    9,
    10,
    16,
    11,
    14,
    15,
    11,
    6,
    14,
    14,
    10,
    9,
    9,
    16,
    9,
    7,
    16,
    8,
    19,
    9,
    9,
    12,
    7,
    20,
    12,
    12,
    12,
    7,
    8,
    5,
    6,
    12,
    13,
    10,
    9,
    21,
    4,
    12,
    15,
    10,
    8,
    12,
    12,
    20,
    15,
    8,
    13,
    8,
    8,
    6,
    18,
    15,
    11,
    18,
    12,
    14,
    10,
    10,
    9,
    19,
    12,
    15,
    12,
    18,
    11,
    13,
    11,
    10,
    10,
    8,
    12,
    12,
    13,
    12,
    11,
    4,
    15,
    7,
    13,
    9,
    13,
    12,
    12,
    18,
    11,
    5,
    15,
    11,
    11,
    20,
    22,
    11,
    10,
    16,
    7
  ],
  "diversity":false,
  "p_split":null,
  "split_reliability_mode":null,
  "mechanism":null,
  "fixed_sfc_len":null,
  "fixed_reliability":0.994,
  "max_backup_level":2,
  "explicit_split_replicas":false,
  "split_enforce_distinct":false,
  "strict_split_resource_ablation":false,
  "split_replica_resource_scale":1.0,
  "cap_base_min":500,
  "cap_base_max":700,
  "cap_scale":0.2,
  "total_arrivals":1426,
  "total_accepted":1307,
  "total_rejected":119,
  "acceptance_ratio":0.9165497896,
  "avg_cost_per_arrival":63.9118890065,
  "total_cost":91138.3537233109,
  "total_cost_resource":69744.3537233109,
  "avg_cost_per_accepted":69.7309515863,
  "final_utilization":0.9425292545,
  "avg_utilization_over_time":0.8688175463,
  "avg_leftover_capacity_sum_over_time":22665.2583333333,
  "final_leftover_capacity_sum":9929.6,
  "final_leftover_capacity_min":0.0,
  "final_leftover_capacity_max":1026.2,
  "final_leftover_capacity_avg":72.4788321168,
  "avg_e2e_delay_accepted":0.063398978,
  "p95_e2e_delay_accepted":0.1210035881,
  "avg_access_delay_accepted":0.0080816267,
  "avg_processing_delay_accepted":0.0481496762,
  "avg_network_delay_accepted":0.0071676751,
  "avg_split_proc_overhead_accepted":0.0,
  "avg_split_net_overhead_accepted":0.0,
  "total_transmitted_bits_accepted":1711359523.5497181416,
  "avg_transmitted_bits_per_accepted":1309379.8956003964,
  "total_split_transmitted_bits_accepted":0.0,
  "avg_split_transmitted_bits_per_accepted":0.0,
  "avg_split_overhead_ratio_accepted":0.0,
  "p95_split_overhead_ratio_accepted":0.0,
  "rga_accepted_total":1426,
  "rga_rejected_total":0,
  "rga_rejection_ratio":0.0,
  "mdca_rejected_total":119,
  "mdca_capacity_rejected_total":107,
  "mdca_reliability_rejected_total":0,
  "mdca_qos_rejected_total":12,
  "mdca_rejection_ratio":0.0834502104,
  "capacity_rejection_ratio":0.0750350631,
  "reliability_rejection_ratio":0.0,
  "qos_rejected_total":12,
  "qos_rejection_ratio":0.0084151473
}