{
  "algo":"mdca",
  "region":"Arizona",
  "time_slots":120,
  "arrival_rate":12.0,
  "mean_service_time":9.0,
  "seed":4,
  "trace_seed":18161765676341238694,
  "algo_seed":15765551763204123708,
  "trace_hash":"eb778035eccc50dd61851e611dcf76fea4c13140421f2db3d3f97b843f8afc16",
  "arrivals_per_slot":[
    12,
    13,
    7,
    11,
    16,
    15,
    12,
    17,
    11,
    15,
    17,
    11,
    12,
    18,
    14,
    10,
    12,
    16,
    15,
    11,
    10,
    12,
    17,
    14,
    12,
    9,
    5,
    12,
    13,
    13,
    14,
    7,
    10,
    15,
    18,
    13,
    11,
    6,
    12,
    16,
    13,
    12,
    13,
    15,
    7,
    11,
    14,
    16,
    11,
    19,
    5,
    11,
    16,
    9,
    10,
    13,
    15,
    13,
    11,
    15,
    13,
    8,
    13,
    16,
    12,
    19,
    17,
    14,
    14,
    17,
    10,
    14,
    14,
    13,
    12,
    12,
    13,
    11,
    11,
    11,
    14,
    13,
    8,
    6,
    16,
    8,
    15,
    11,
    16,
    12,
    13,
    11,
    14,
    13,
    16,
    9,
    12,
    20,
    13,
    10,
    10,
    10,
    14,
    7,
    11,
    17,
    15,
    10,
    10,
    14,
    8,
    11,
    10,
    10,
    12,
    14,
    11,
    16,
    9,
    9
  ],
  "diversity":false,
  "p_split":null,
  "split_reliability_mode":null,
  "mechanism":null,
  "fixed_sfc_len":null,
  "fixed_reliability":0.996,
  "max_backup_level":1,
  "explicit_split_replicas":false,
  "split_enforce_distinct":false,
  "strict_split_resource_ablation":false,
  "split_replica_resource_scale":1.0,
  "cap_base_min":500,
  "cap_base_max":700,
  "cap_scale":0.2,
  "total_arrivals":1495,
  "total_accepted":177,
  "total_rejected":1318,
  "acceptance_ratio":0.1183946488,
  "avg_cost_per_arrival":1.8903620225,
  "total_cost":2826.0912236048,
  "total_cost_resource":1544.0912236048,
  "avg_cost_per_accepted":15.9666170825,
  "final_utilization":0.0306602316,
  "avg_utilization_over_time":0.0251072282,
  "avg_leftover_capacity_sum_over_time":365852.3,
  "final_leftover_capacity_sum":363768.4,
  "final_leftover_capacity_min":12.6,
  "final_leftover_capacity_max":2565.0,
  "final_leftover_capacity_avg":1158.498089172,
  "avg_e2e_delay_accepted":0.0393015221,
  "p95_e2e_delay_accepted":0.0850430465,
  "avg_access_delay_accepted":0.0081837366,
  "avg_processing_delay_accepted":0.0282486184,
  "avg_network_delay_accepted":0.0028691671,
  "avg_split_proc_overhead_accepted":0.0,
  "avg_split_net_overhead_accepted":0.0,
  "total_transmitted_bits_accepted":78084060.1528880298,
  "avg_transmitted_bits_per_accepted":441152.8822197064,
  "total_split_transmitted_bits_accepted":0.0,
  "avg_split_transmitted_bits_per_accepted":0.0,
  "avg_split_overhead_ratio_accepted":0.0,
  "p95_split_overhead_ratio_accepted":0.0,
  "rga_accepted_total":177,
  "rga_rejected_total":1318,
  "rga_rejection_ratio":0.8816053512,
  "mdca_rejected_total":0,
  "mdca_capacity_rejected_total":0,
  "mdca_reliability_rejected_total":0,
  "mdca_qos_rejected_total":0,
  "mdca_rejection_ratio":0.0,
  "capacity_rejection_ratio":0.0,
  "reliability_rejection_ratio":0.0,
  "qos_rejected_total":0,
  "qos_rejection_ratio":0.0
}