{
  "algo":"random",
  "region":"Alabama",
  "time_slots":120,
  "arrival_rate":12.0,
  "mean_service_time":9.0,
  "seed":3,
  "trace_seed":3375088047670688214,
  "algo_seed":4656111156961261414,
  "trace_hash":"3faa9ee1d08cb03cc2cfe2a4a8fb37f525e62851270f6bf70b1a0ec748150f01",
  "arrivals_per_slot":[
    15,
    12,
    15,
    14,
    12,
    11,
    10,
    11,
    11,
    15,
    10,
    16,
    13,
    13,
    13,
    13,
    10,
    9,
    13,
    11,
    9,
    7,
    10,
    10,
    13,
    15,
    12,
    12,
    15,
    19,
    13,
    12,
    11,
    9,
    13,
    12,
    11,
    9,
    14,
    10,
    14,
    16,
    12,
    12,
    10,
    10,
    18,
    13,
    9,
    14,
    10,
    10,
    10,
    10,
    17,
    14,
    10,
    12,
    14,
    10,
    14,
    12,
    12,
    17,
    10,
    9,
    16,
    18,
    11,
    16,
    9,
    9,
    5,
    15,
    10,
    18,
    5,
    17,
    15,
    12,
    20,
    16,
    14,
    15,
    15,
    11,
    13,
    17,
    11,
    8,
    11,
    13,
    18,
    8,
    13,
    10,
    11,
    9,
    14,
    13,
    13,
    9,
    11,
    10,
    12,
    11,
    11,
    13,
    8,
    17,
    12,
    15,
    15,
    11,
    12,
    19,
    8,
    10,
    13,
    10
  ],
  "diversity":false,
  "p_split":null,
  "split_reliability_mode":null,
  "mechanism":null,
  "fixed_sfc_len":null,
  "fixed_reliability":0.98,
  "max_backup_level":2,
  "explicit_split_replicas":false,
  "split_enforce_distinct":false,
  "strict_split_resource_ablation":false,
  "split_replica_resource_scale":1.0,
  "cap_base_min":500,
  "cap_base_max":700,
  "cap_scale":0.2,
  "total_arrivals":1478,
  "total_accepted":1346,
  "total_rejected":132,
  "acceptance_ratio":0.9106901218,
  "avg_cost_per_arrival":60.8783773673,
  "total_cost":89978.2417489166,
  "total_cost_resource":69066.2417489166,
  "avg_cost_per_accepted":66.8486194271,
  "final_utilization":0.9241564663,
  "avg_utilization_over_time":0.8552440192,
  "avg_leftover_capacity_sum_over_time":24969.625,
  "final_leftover_capacity_sum":13082.6,
  "final_leftover_capacity_min":0.0,
  "final_leftover_capacity_max":711.0,
  "final_leftover_capacity_avg":95.4934306569,
  "avg_e2e_delay_accepted":0.0635441836,
  "p95_e2e_delay_accepted":0.1229483349,
  "avg_access_delay_accepted":0.0080885964,
  "avg_processing_delay_accepted":0.047709518,
  "avg_network_delay_accepted":0.0077460692,
  "avg_split_proc_overhead_accepted":0.0,
  "avg_split_net_overhead_accepted":0.0,
  "total_transmitted_bits_accepted":1994442812.6378474236,
  "avg_transmitted_bits_per_accepted":1481755.432866157,
  "total_split_transmitted_bits_accepted":0.0,
  "avg_split_transmitted_bits_per_accepted":0.0,
  "avg_split_overhead_ratio_accepted":0.0,
  "p95_split_overhead_ratio_accepted":0.0,
  "rga_accepted_total":1478,
  "rga_rejected_total":0,
  "rga_rejection_ratio":0.0,
  "mdca_rejected_total":132,
  "mdca_capacity_rejected_total":123,
  "mdca_reliability_rejected_total":0,
  "mdca_qos_rejected_total":9,
  "mdca_rejection_ratio":0.0893098782,
  "capacity_rejection_ratio":0.0832205683,
  "reliability_rejection_ratio":0.0,
  "qos_rejected_total":9,
  "qos_rejection_ratio":0.0060893099
}