{
  "algo":"mdca",
  "region":"Arizona",
  "time_slots":120,
  "arrival_rate":20.0,
  "mean_service_time":9.0,
  "seed":4,
  "trace_seed":7405844102591128548,
  "algo_seed":14420759781778004277,
  "trace_hash":"b50ca390c82e66c805066bd381d8ddbcacc461a1be33f1e9c103d5a039ec4884",
  "arrivals_per_slot":[
    18,
    17,
    21,
    17,
    21,
    15,
    13,
    18,
    18,
    15,
    21,
    29,
    17,
    22,
    14,
    20,
    29,
    15,
    19,
    24,
    23,
    23,
    17,
    19,
    19,
    22,
    28,
    22,
    15,
    13,
    13,
    16,
    22,
    25,
    12,
    24,
    18,
    26,
    22,
    14,
    18,
    18,
    18,
    24,
    18,
    16,
    27,
    16,
    20,
    20,
    15,
    26,
    16,
    14,
    20,
    19,
    30,
    25,
    16,
    19,
    18,
    21,
    14,
    19,
    17,
    27,
    32,
    29,
    14,
    16,
    21,
    26,
    24,
    16,
    22,
    17,
    16,
    21,
    22,
    12,
    23,
    31,
    13,
    20,
    20,
    22,
    25,
    23,
    23,
    29,
    15,
    26,
    17,
    18,
    21,
    17,
    23,
    18,
    22,
    21,
    16,
    15,
    14,
    17,
    24,
    20,
    19,
    18,
    22,
    21,
    25,
    21,
    15,
    18,
    16,
    17,
    18,
    20,
    23,
    18
  ],
  "diversity":false,
  "p_split":null,
  "split_reliability_mode":null,
  "split_recovery_coverage":null,
  "split_workload_shares":null,
  "mechanism":null,
  "fixed_sfc_len":3,
  "fixed_reliability":0.999,
  "max_backup_level":2,
  "explicit_split_replicas":false,
  "split_enforce_distinct":false,
  "strict_split_resource_ablation":false,
  "split_replica_resource_scale":1.0,
  "backhaul_knn_k":4,
  "backhaul_use_device_bw":true,
  "backhaul_bw_scale":0.5,
  "fiber_speed_mps":200000000.0,
  "switch_delay_s":0.0002,
  "region_cloudlet_count":314,
  "cap_base_min":500,
  "cap_base_max":700,
  "cap_scale":0.2,
  "total_arrivals":2379,
  "total_accepted":1501,
  "total_rejected":878,
  "acceptance_ratio":0.6309373686,
  "avg_cost_per_arrival":37.4545101065,
  "total_cost":89104.2795432775,
  "total_cost_resource":63411.2795432775,
  "avg_cost_per_accepted":59.3632775105,
  "final_utilization":0.6057141756,
  "avg_utilization_over_time":0.5108842236,
  "avg_leftover_capacity_sum_over_time":182687.775,
  "final_leftover_capacity_sum":147268.2,
  "final_leftover_capacity_min":0.0,
  "final_leftover_capacity_max":2160.0,
  "final_leftover_capacity_avg":469.0070063694,
  "avg_e2e_delay_accepted":0.0651201365,
  "p95_e2e_delay_accepted":0.1094851377,
  "avg_access_delay_accepted":0.0080761795,
  "avg_processing_delay_accepted":0.0483655249,
  "avg_network_delay_accepted":0.008678432,
  "avg_split_proc_overhead_accepted":0.0,
  "avg_split_net_overhead_accepted":0.0,
  "total_transmitted_bits_accepted":1943689599.4194321632,
  "avg_transmitted_bits_per_accepted":1294929.7797597817,
  "total_split_transmitted_bits_accepted":0.0,
  "avg_split_transmitted_bits_per_accepted":0.0,
  "avg_split_overhead_ratio_accepted":0.0,
  "p95_split_overhead_ratio_accepted":0.0,
  "rga_accepted_total":1506,
  "rga_rejected_total":873,
  "rga_rejection_ratio":0.3669609079,
  "mdca_rejected_total":5,
  "mdca_capacity_rejected_total":0,
  "mdca_reliability_rejected_total":0,
  "mdca_qos_rejected_total":5,
  "mdca_rejection_ratio":0.0021017234,
  "capacity_rejection_ratio":0.0,
  "reliability_rejection_ratio":0.0,
  "qos_rejected_total":5,
  "qos_rejection_ratio":0.0021017234
}