{
  "algo":"mdca",
  "region":"Alabama",
  "time_slots":120,
  "arrival_rate":12.0,
  "mean_service_time":9.0,
  "seed":5,
  "trace_seed":10695890487994639630,
  "algo_seed":6041356402655296302,
  "trace_hash":"73a5613a5e1f74c5e48b4b937145fb8e9e2563ba4a9baaf58098f458324dbc9f",
  "arrivals_per_slot":[
    17,
    9,
    9,
    6,
    6,
    15,
    13,
    8,
    18,
    10,
    15,
    10,
    10,
    18,
    11,
    15,
    9,
    14,
    13,
    10,
    8,
    17,
    11,
    10,
    9,
    13,
    11,
    14,
    11,
    14,
    14,
    12,
    11,
    14,
    17,
    13,
    12,
    12,
    12,
    14,
    8,
    12,
    13,
    14,
    6,
    13,
    11,
    10,
    11,
    12,
    6,
    22,
    15,
    15,
    7,
    11,
    15,
    10,
    16,
    7,
    21,
    10,
    14,
    11,
    10,
    9,
    8,
    12,
    15,
    8,
    11,
    10,
    16,
    16,
    16,
    7,
    7,
    11,
    11,
    11,
    10,
    12,
    12,
    14,
    11,
    14,
    17,
    8,
    14,
    14,
    15,
    15,
    20,
    9,
    13,
    12,
    7,
    12,
    11,
    8,
    12,
    11,
    14,
    14,
    15,
    8,
    9,
    15,
    12,
    10,
    12,
    10,
    13,
    10,
    13,
    13,
    9,
    7,
    18,
    16
  ],
  "diversity":true,
  "p_split":0.3,
  "split_reliability_mode":"identical_active_pool",
  "mechanism":null,
  "fixed_sfc_len":null,
  "fixed_reliability":0.99,
  "max_backup_level":2,
  "explicit_split_replicas":true,
  "split_enforce_distinct":false,
  "strict_split_resource_ablation":false,
  "split_replica_resource_scale":1.0,
  "cap_base_min":500,
  "cap_base_max":700,
  "cap_scale":0.2,
  "total_arrivals":1442,
  "total_accepted":1423,
  "total_rejected":19,
  "acceptance_ratio":0.9868238558,
  "avg_cost_per_arrival":46.6431186173,
  "total_cost":67259.3770461418,
  "total_cost_resource":47973.3770461418,
  "avg_cost_per_accepted":47.265900946,
  "final_utilization":0.75703604,
  "avg_utilization_over_time":0.7322717537,
  "avg_leftover_capacity_sum_over_time":45666.8888888889,
  "final_leftover_capacity_sum":41442.8,
  "final_leftover_capacity_min":0.2,
  "final_leftover_capacity_max":1796.6,
  "final_leftover_capacity_avg":302.502189781,
  "avg_e2e_delay_accepted":0.0665766723,
  "p95_e2e_delay_accepted":0.1280311714,
  "avg_access_delay_accepted":0.0080862705,
  "avg_processing_delay_accepted":0.0424361137,
  "avg_network_delay_accepted":0.0123846189,
  "avg_split_proc_overhead_accepted":6.116637414e-19,
  "avg_split_net_overhead_accepted":0.0,
  "total_transmitted_bits_accepted":2515890633.6184158325,
  "avg_transmitted_bits_per_accepted":1768018.7165273477,
  "total_split_transmitted_bits_accepted":589608565.7891303301,
  "avg_split_transmitted_bits_per_accepted":414341.9295777444,
  "avg_split_overhead_ratio_accepted":7.619702843e-18,
  "p95_split_overhead_ratio_accepted":5.064865514e-17,
  "rga_accepted_total":1442,
  "rga_rejected_total":0,
  "rga_rejection_ratio":0.0,
  "mdca_rejected_total":19,
  "mdca_capacity_rejected_total":1,
  "mdca_reliability_rejected_total":0,
  "mdca_qos_rejected_total":18,
  "mdca_rejection_ratio":0.0131761442,
  "capacity_rejection_ratio":0.0006934813,
  "reliability_rejection_ratio":0.0,
  "qos_rejected_total":18,
  "qos_rejection_ratio":0.012482663
}