{
  "algo":"mdca",
  "region":"Alabama",
  "time_slots":120,
  "arrival_rate":12.0,
  "mean_service_time":9.0,
  "seed":2,
  "trace_seed":16757585547385223833,
  "algo_seed":11669654172036368971,
  "trace_hash":"e9b970547369bfe3c6268c5de4c9eb2d59b601ca027c81068239a49ab5109db1",
  "arrivals_per_slot":[
    9,
    10,
    9,
    11,
    11,
    16,
    11,
    4,
    6,
    15,
    14,
    11,
    12,
    14,
    11,
    10,
    11,
    12,
    12,
    17,
    12,
    14,
    8,
    9,
    13,
    12,
    10,
    10,
    10,
    15,
    14,
    11,
    14,
    14,
    13,
    12,
    10,
    16,
    10,
    12,
    11,
    17,
    11,
    15,
    15,
    14,
    10,
    7,
    14,
    12,
    9,
    14,
    13,
    13,
    17,
    8,
    12,
    12,
    7,
    13,
    15,
    7,
    12,
    12,
    9,
    7,
    6,
    8,
    13,
    13,
    13,
    13,
    17,
    14,
    11,
    9,
    9,
    12,
    14,
    13,
    10,
    17,
    12,
    16,
    11,
    17,
    16,
    6,
    9,
    8,
    11,
    12,
    13,
    11,
    11,
    14,
    12,
    20,
    9,
    11,
    11,
    15,
    10,
    9,
    19,
    13,
    12,
    9,
    9,
    12,
    21,
    14,
    18,
    10,
    17,
    12,
    12,
    9,
    11,
    12
  ],
  "diversity":true,
  "p_split":0.3,
  "split_reliability_mode":"identical_active_pool",
  "mechanism":null,
  "fixed_sfc_len":null,
  "fixed_reliability":0.998,
  "max_backup_level":2,
  "explicit_split_replicas":true,
  "split_enforce_distinct":false,
  "strict_split_resource_ablation":false,
  "split_replica_resource_scale":1.0,
  "cap_base_min":500,
  "cap_base_max":700,
  "cap_scale":0.2,
  "total_arrivals":1437,
  "total_accepted":1366,
  "total_rejected":71,
  "acceptance_ratio":0.9505915101,
  "avg_cost_per_arrival":56.6014374916,
  "total_cost":81336.2656754846,
  "total_cost_resource":56533.2656754846,
  "avg_cost_per_accepted":59.5433862924,
  "final_utilization":0.8069391181,
  "avg_utilization_over_time":0.819952966,
  "avg_leftover_capacity_sum_over_time":30892.11,
  "final_leftover_capacity_sum":33125.0,
  "final_leftover_capacity_min":0.0,
  "final_leftover_capacity_max":1726.0,
  "final_leftover_capacity_avg":241.7883211679,
  "avg_e2e_delay_accepted":0.068329742,
  "p95_e2e_delay_accepted":0.1307072375,
  "avg_access_delay_accepted":0.0080242197,
  "avg_processing_delay_accepted":0.0407266307,
  "avg_network_delay_accepted":0.0144234258,
  "avg_split_proc_overhead_accepted":3.48278121e-19,
  "avg_split_net_overhead_accepted":0.0,
  "total_transmitted_bits_accepted":2707856822.9388694763,
  "avg_transmitted_bits_per_accepted":1982325.6390474886,
  "total_split_transmitted_bits_accepted":875471935.1600794792,
  "avg_split_transmitted_bits_per_accepted":640901.8559004974,
  "avg_split_overhead_ratio_accepted":4.621940956e-18,
  "p95_split_overhead_ratio_accepted":3.479833437e-17,
  "rga_accepted_total":1421,
  "rga_rejected_total":16,
  "rga_rejection_ratio":0.0111343076,
  "mdca_rejected_total":55,
  "mdca_capacity_rejected_total":38,
  "mdca_reliability_rejected_total":0,
  "mdca_qos_rejected_total":17,
  "mdca_rejection_ratio":0.0382741823,
  "capacity_rejection_ratio":0.0264439805,
  "reliability_rejection_ratio":0.0,
  "qos_rejected_total":17,
  "qos_rejection_ratio":0.0118302018
}