{
  "algo":"dtsp",
  "region":"Arizona",
  "time_slots":120,
  "arrival_rate":12.0,
  "mean_service_time":9.0,
  "seed":3,
  "trace_seed":6768744189916696028,
  "algo_seed":372199317212216405,
  "trace_hash":"172140b5d47e2ab3f79b37dd07d0c8ca01ac7dfaaddb1e4e84cc5f2c1bb572fe",
  "arrivals_per_slot":[
    8,
    12,
    15,
    13,
    14,
    9,
    10,
    11,
    15,
    9,
    9,
    15,
    19,
    13,
    15,
    12,
    12,
    7,
    9,
    11,
    11,
    17,
    15,
    13,
    12,
    14,
    16,
    7,
    18,
    10,
    7,
    13,
    14,
    14,
    14,
    15,
    12,
    8,
    14,
    15,
    10,
    11,
    11,
    14,
    7,
    14,
    11,
    5,
    14,
    13,
    9,
    13,
    17,
    19,
    14,
    12,
    7,
    10,
    13,
    7,
    20,
    14,
    13,
    9,
    11,
    14,
    12,
    11,
    12,
    18,
    12,
    7,
    10,
    14,
    13,
    13,
    16,
    13,
    14,
    11,
    9,
    13,
    8,
    10,
    19,
    17,
    12,
    15,
    11,
    8,
    16,
    14,
    11,
    22,
    13,
    15,
    16,
    12,
    13,
    15,
    14,
    8,
    7,
    11,
    8,
    19,
    11,
    10,
    15,
    11,
    9,
    16,
    16,
    14,
    5,
    8,
    17,
    11,
    9,
    8
  ],
  "diversity":false,
  "p_split":null,
  "split_reliability_mode":null,
  "mechanism":null,
  "fixed_sfc_len":null,
  "fixed_reliability":0.996,
  "max_backup_level":2,
  "explicit_split_replicas":false,
  "split_enforce_distinct":false,
  "strict_split_resource_ablation":false,
  "split_replica_resource_scale":1.0,
  "cap_base_min":500,
  "cap_base_max":700,
  "cap_scale":0.2,
  "total_arrivals":1481,
  "total_accepted":1468,
  "total_rejected":13,
  "acceptance_ratio":0.9912221472,
  "avg_cost_per_arrival":54.9187172459,
  "total_cost":81334.6202411513,
  "total_cost_resource":57387.6202411513,
  "avg_cost_per_accepted":55.4050546602,
  "final_utilization":0.49492589,
  "avg_utilization_over_time":0.4966570266,
  "avg_leftover_capacity_sum_over_time":188595.7666666666,
  "final_leftover_capacity_sum":189244.4,
  "final_leftover_capacity_min":0.6,
  "final_leftover_capacity_max":2073.6,
  "final_leftover_capacity_avg":602.6891719745,
  "avg_e2e_delay_accepted":0.0651866041,
  "p95_e2e_delay_accepted":0.1298033115,
  "avg_access_delay_accepted":0.00808576,
  "avg_processing_delay_accepted":0.0474146683,
  "avg_network_delay_accepted":0.0096861757,
  "avg_split_proc_overhead_accepted":0.0,
  "avg_split_net_overhead_accepted":0.0,
  "total_transmitted_bits_accepted":2187741749.8604898453,
  "avg_transmitted_bits_per_accepted":1490287.2955452928,
  "total_split_transmitted_bits_accepted":0.0,
  "avg_split_transmitted_bits_per_accepted":0.0,
  "avg_split_overhead_ratio_accepted":0.0,
  "p95_split_overhead_ratio_accepted":0.0,
  "rga_accepted_total":1481,
  "rga_rejected_total":0,
  "rga_rejection_ratio":0.0,
  "mdca_rejected_total":13,
  "mdca_capacity_rejected_total":0,
  "mdca_reliability_rejected_total":0,
  "mdca_qos_rejected_total":13,
  "mdca_rejection_ratio":0.0087778528,
  "capacity_rejection_ratio":0.0,
  "reliability_rejection_ratio":0.0,
  "qos_rejected_total":13,
  "qos_rejection_ratio":0.0087778528
}