{
  "algo":"mdca",
  "region":"Arizona",
  "time_slots":120,
  "arrival_rate":20.0,
  "mean_service_time":9.0,
  "seed":3,
  "trace_seed":13418271207744893210,
  "algo_seed":18185845460186161846,
  "trace_hash":"b683d704ad747642856500a5ed6907456039f69ebbff1d7042ea00370e7ec260",
  "arrivals_per_slot":[
    19,
    18,
    18,
    21,
    22,
    27,
    22,
    19,
    31,
    23,
    21,
    25,
    20,
    18,
    26,
    20,
    27,
    20,
    21,
    17,
    17,
    22,
    21,
    19,
    19,
    24,
    12,
    23,
    23,
    16,
    12,
    19,
    18,
    19,
    18,
    17,
    24,
    15,
    17,
    15,
    21,
    20,
    21,
    20,
    16,
    15,
    12,
    24,
    25,
    25,
    13,
    19,
    23,
    20,
    30,
    24,
    20,
    22,
    18,
    20,
    20,
    17,
    18,
    23,
    25,
    16,
    21,
    19,
    11,
    17,
    22,
    27,
    22,
    14,
    27,
    27,
    17,
    21,
    13,
    15,
    20,
    21,
    15,
    24,
    19,
    31,
    12,
    24,
    28,
    22,
    19,
    25,
    19,
    21,
    15,
    24,
    26,
    14,
    20,
    26,
    20,
    27,
    17,
    23,
    21,
    17,
    20,
    23,
    13,
    24,
    20,
    14,
    23,
    17,
    23,
    17,
    20,
    26,
    23,
    25
  ],
  "diversity":false,
  "p_split":null,
  "split_reliability_mode":null,
  "split_recovery_coverage":null,
  "split_workload_shares":null,
  "mechanism":null,
  "fixed_sfc_len":3,
  "fixed_reliability":0.999,
  "max_backup_level":2,
  "explicit_split_replicas":false,
  "split_enforce_distinct":false,
  "strict_split_resource_ablation":false,
  "split_replica_resource_scale":1.0,
  "backhaul_knn_k":4,
  "backhaul_use_device_bw":true,
  "backhaul_bw_scale":0.5,
  "fiber_speed_mps":200000000.0,
  "switch_delay_s":0.0002,
  "region_cloudlet_count":50,
  "cap_base_min":500,
  "cap_base_max":700,
  "cap_scale":0.2,
  "total_arrivals":2443,
  "total_accepted":639,
  "total_rejected":1804,
  "acceptance_ratio":0.2615636512,
  "avg_cost_per_arrival":14.7271708183,
  "total_cost":35978.4783091829,
  "total_cost_resource":25321.4783091829,
  "avg_cost_per_accepted":56.3043479017,
  "final_utilization":0.9544783205,
  "avg_utilization_over_time":0.9464762567,
  "avg_leftover_capacity_sum_over_time":3247.05,
  "final_leftover_capacity_sum":2761.6,
  "final_leftover_capacity_min":0.0,
  "final_leftover_capacity_max":431.6,
  "final_leftover_capacity_avg":55.232,
  "avg_e2e_delay_accepted":0.074880283,
  "p95_e2e_delay_accepted":0.1160647182,
  "avg_access_delay_accepted":0.0079929415,
  "avg_processing_delay_accepted":0.0618399704,
  "avg_network_delay_accepted":0.0050473711,
  "avg_split_proc_overhead_accepted":0.0,
  "avg_split_net_overhead_accepted":0.0,
  "total_transmitted_bits_accepted":738426635.2422846556,
  "avg_transmitted_bits_per_accepted":1155597.2382508367,
  "total_split_transmitted_bits_accepted":0.0,
  "avg_split_transmitted_bits_per_accepted":0.0,
  "avg_split_overhead_ratio_accepted":0.0,
  "p95_split_overhead_ratio_accepted":0.0,
  "rga_accepted_total":1594,
  "rga_rejected_total":849,
  "rga_rejection_ratio":0.3475235366,
  "mdca_rejected_total":955,
  "mdca_capacity_rejected_total":949,
  "mdca_reliability_rejected_total":0,
  "mdca_qos_rejected_total":6,
  "mdca_rejection_ratio":0.3909128121,
  "capacity_rejection_ratio":0.3884568154,
  "reliability_rejection_ratio":0.0,
  "qos_rejected_total":6,
  "qos_rejection_ratio":0.0024559967
}