{
  "algo":"mdca",
  "region":"Arizona",
  "time_slots":120,
  "arrival_rate":12.0,
  "mean_service_time":9.0,
  "seed":5,
  "trace_seed":2744663835794892979,
  "algo_seed":8713146723775295805,
  "trace_hash":"709d6e4e23703e603668db3ec044fdc1592152971c2a8ac0578303543b777469",
  "arrivals_per_slot":[
    11,
    11,
    17,
    10,
    14,
    16,
    6,
    11,
    12,
    9,
    10,
    15,
    11,
    11,
    11,
    13,
    6,
    11,
    11,
    7,
    21,
    12,
    14,
    15,
    11,
    12,
    12,
    14,
    11,
    12,
    16,
    17,
    16,
    16,
    11,
    7,
    13,
    13,
    7,
    20,
    12,
    13,
    11,
    9,
    15,
    9,
    10,
    9,
    13,
    14,
    17,
    5,
    14,
    19,
    14,
    13,
    14,
    14,
    18,
    11,
    11,
    6,
    11,
    10,
    7,
    15,
    11,
    14,
    9,
    20,
    7,
    10,
    11,
    8,
    10,
    11,
    6,
    9,
    5,
    8,
    13,
    14,
    12,
    16,
    20,
    8,
    9,
    17,
    20,
    12,
    9,
    11,
    8,
    12,
    15,
    17,
    8,
    10,
    9,
    9,
    7,
    8,
    10,
    13,
    17,
    12,
    11,
    11,
    9,
    14,
    19,
    15,
    18,
    5,
    9,
    10,
    13,
    5,
    16,
    18
  ],
  "diversity":true,
  "p_split":0.3,
  "split_reliability_mode":"identical_active_pool",
  "mechanism":null,
  "fixed_sfc_len":null,
  "fixed_reliability":0.98,
  "max_backup_level":2,
  "explicit_split_replicas":true,
  "split_enforce_distinct":false,
  "strict_split_resource_ablation":false,
  "split_replica_resource_scale":1.0,
  "cap_base_min":500,
  "cap_base_max":700,
  "cap_scale":0.2,
  "total_arrivals":1435,
  "total_accepted":1416,
  "total_rejected":19,
  "acceptance_ratio":0.9867595819,
  "avg_cost_per_arrival":28.7911890619,
  "total_cost":41315.3563037726,
  "total_cost_resource":24515.3563037726,
  "avg_cost_per_accepted":29.177511514,
  "final_utilization":0.3218526171,
  "avg_utilization_over_time":0.275231928,
  "avg_leftover_capacity_sum_over_time":274721.3083333334,
  "final_leftover_capacity_sum":257049.8666666667,
  "final_leftover_capacity_min":0.9333333333,
  "final_leftover_capacity_max":2553.6,
  "final_leftover_capacity_avg":818.63014862,
  "avg_e2e_delay_accepted":0.0696977546,
  "p95_e2e_delay_accepted":0.1341952977,
  "avg_access_delay_accepted":0.0080456977,
  "avg_processing_delay_accepted":0.0442239995,
  "avg_network_delay_accepted":0.013755479,
  "avg_split_proc_overhead_accepted":6.333700827e-19,
  "avg_split_net_overhead_accepted":0.0,
  "total_transmitted_bits_accepted":2431589849.874751091,
  "avg_transmitted_bits_per_accepted":1717224.4702505304,
  "total_split_transmitted_bits_accepted":575797153.8656659126,
  "avg_split_transmitted_bits_per_accepted":406636.4080972217,
  "avg_split_overhead_ratio_accepted":7.414803148e-18,
  "p95_split_overhead_ratio_accepted":5.180603807e-17,
  "rga_accepted_total":1435,
  "rga_rejected_total":0,
  "rga_rejection_ratio":0.0,
  "mdca_rejected_total":19,
  "mdca_capacity_rejected_total":0,
  "mdca_reliability_rejected_total":0,
  "mdca_qos_rejected_total":19,
  "mdca_rejection_ratio":0.0132404181,
  "capacity_rejection_ratio":0.0,
  "reliability_rejection_ratio":0.0,
  "qos_rejected_total":19,
  "qos_rejection_ratio":0.0132404181
}