{
  "algo":"hspa",
  "region":"Arizona",
  "time_slots":120,
  "arrival_rate":45.0,
  "mean_service_time":9.0,
  "seed":1,
  "trace_seed":6139546628779328738,
  "algo_seed":2824623555250726674,
  "trace_hash":"b71b0ccd36c2a3f18a90721ffb4ccbeaede3a07e9d4ee8e9320452d1bd5ca512",
  "arrivals_per_slot":[
    42,
    42,
    50,
    42,
    51,
    45,
    40,
    42,
    31,
    54,
    34,
    57,
    51,
    48,
    40,
    50,
    56,
    32,
    53,
    47,
    46,
    30,
    42,
    42,
    47,
    40,
    43,
    45,
    38,
    37,
    37,
    42,
    33,
    45,
    42,
    47,
    49,
    44,
    47,
    40,
    40,
    44,
    43,
    59,
    48,
    54,
    36,
    54,
    55,
    41,
    42,
    27,
    46,
    36,
    50,
    36,
    49,
    39,
    42,
    41,
    47,
    41,
    43,
    44,
    50,
    50,
    27,
    40,
    52,
    44,
    35,
    65,
    45,
    51,
    44,
    44,
    44,
    38,
    50,
    43,
    49,
    48,
    44,
    45,
    45,
    41,
    38,
    44,
    40,
    40,
    56,
    53,
    50,
    43,
    38,
    36,
    46,
    46,
    50,
    50,
    38,
    51,
    41,
    48,
    52,
    45,
    54,
    60,
    48,
    41,
    38,
    56,
    53,
    39,
    35,
    32,
    41,
    39,
    47,
    49
  ],
  "diversity":false,
  "p_split":null,
  "split_reliability_mode":null,
  "mechanism":null,
  "fixed_sfc_len":null,
  "fixed_reliability":null,
  "max_backup_level":2,
  "explicit_split_replicas":false,
  "split_enforce_distinct":false,
  "strict_split_resource_ablation":false,
  "split_replica_resource_scale":1.0,
  "cap_base_min":500,
  "cap_base_max":700,
  "cap_scale":0.2,
  "total_arrivals":5331,
  "total_accepted":4158,
  "total_rejected":1173,
  "acceptance_ratio":0.7799662352,
  "avg_cost_per_arrival":40.1146633837,
  "total_cost":213851.2704985259,
  "total_cost_resource":163978.2704985258,
  "avg_cost_per_accepted":51.4312819862,
  "final_utilization":0.9699945855,
  "avg_utilization_over_time":0.9418152165,
  "avg_leftover_capacity_sum_over_time":21965.0583333333,
  "final_leftover_capacity_sum":11327.2,
  "final_leftover_capacity_min":0.2,
  "final_leftover_capacity_max":314.4,
  "final_leftover_capacity_avg":36.0738853503,
  "avg_e2e_delay_accepted":0.0648989605,
  "p95_e2e_delay_accepted":0.1274240438,
  "avg_access_delay_accepted":0.0080673434,
  "avg_processing_delay_accepted":0.0482711654,
  "avg_network_delay_accepted":0.0085604517,
  "avg_split_proc_overhead_accepted":0.0,
  "avg_split_net_overhead_accepted":0.0,
  "total_transmitted_bits_accepted":5643826570.9831371307,
  "avg_transmitted_bits_per_accepted":1357341.6476630922,
  "total_split_transmitted_bits_accepted":0.0,
  "avg_split_transmitted_bits_per_accepted":0.0,
  "avg_split_overhead_ratio_accepted":0.0,
  "p95_split_overhead_ratio_accepted":0.0,
  "rga_accepted_total":5331,
  "rga_rejected_total":0,
  "rga_rejection_ratio":0.0,
  "mdca_rejected_total":1173,
  "mdca_capacity_rejected_total":1135,
  "mdca_reliability_rejected_total":0,
  "mdca_qos_rejected_total":38,
  "mdca_rejection_ratio":0.2200337648,
  "capacity_rejection_ratio":0.2129056462,
  "reliability_rejection_ratio":0.0,
  "qos_rejected_total":38,
  "qos_rejection_ratio":0.0071281186
}