{
  "algo":"dtsp",
  "region":"Arizona",
  "time_slots":120,
  "arrival_rate":12.0,
  "mean_service_time":9.0,
  "seed":3,
  "trace_seed":1519946876301457842,
  "algo_seed":372199317212216405,
  "trace_hash":"e37c626d6833e78e84ff7fdcfc8c67633a6dea5c72f89900c6206dd8812c3f5d",
  "arrivals_per_slot":[
    12,
    11,
    7,
    10,
    12,
    7,
    11,
    14,
    18,
    13,
    10,
    18,
    15,
    16,
    16,
    7,
    15,
    12,
    11,
    15,
    10,
    8,
    8,
    11,
    17,
    13,
    7,
    11,
    7,
    9,
    15,
    23,
    11,
    16,
    9,
    12,
    7,
    8,
    8,
    12,
    13,
    12,
    11,
    8,
    12,
    10,
    21,
    17,
    9,
    16,
    10,
    11,
    14,
    9,
    12,
    13,
    13,
    11,
    9,
    12,
    12,
    8,
    12,
    12,
    20,
    13,
    10,
    12,
    8,
    16,
    11,
    7,
    12,
    9,
    14,
    15,
    10,
    10,
    16,
    10,
    14,
    8,
    12,
    16,
    13,
    16,
    15,
    17,
    20,
    3,
    15,
    7,
    15,
    16,
    8,
    16,
    9,
    8,
    12,
    13,
    7,
    15,
    20,
    8,
    9,
    9,
    7,
    5,
    4,
    5,
    15,
    16,
    14,
    14,
    11,
    9,
    15,
    7,
    15,
    6
  ],
  "diversity":false,
  "p_split":null,
  "split_reliability_mode":null,
  "mechanism":null,
  "fixed_sfc_len":null,
  "fixed_reliability":0.98,
  "max_backup_level":2,
  "explicit_split_replicas":false,
  "split_enforce_distinct":false,
  "strict_split_resource_ablation":false,
  "split_replica_resource_scale":1.0,
  "cap_base_min":500,
  "cap_base_max":700,
  "cap_scale":0.2,
  "total_arrivals":1416,
  "total_accepted":1403,
  "total_rejected":13,
  "acceptance_ratio":0.990819209,
  "avg_cost_per_arrival":34.0542237273,
  "total_cost":48220.7807978551,
  "total_cost_resource":31205.7807978551,
  "avg_cost_per_accepted":34.3697653584,
  "final_utilization":0.3103703427,
  "avg_utilization_over_time":0.3254744679,
  "avg_leftover_capacity_sum_over_time":255976.9083333333,
  "final_leftover_capacity_sum":261708.8,
  "final_leftover_capacity_min":0.2,
  "final_leftover_capacity_max":2230.6,
  "final_leftover_capacity_avg":833.4675159236,
  "avg_e2e_delay_accepted":0.0651184466,
  "p95_e2e_delay_accepted":0.1268152108,
  "avg_access_delay_accepted":0.0080635803,
  "avg_processing_delay_accepted":0.047913129,
  "avg_network_delay_accepted":0.0091417373,
  "avg_split_proc_overhead_accepted":0.0,
  "avg_split_net_overhead_accepted":0.0,
  "total_transmitted_bits_accepted":2078570976.1896986961,
  "avg_transmitted_bits_per_accepted":1481518.8711259435,
  "total_split_transmitted_bits_accepted":0.0,
  "avg_split_transmitted_bits_per_accepted":0.0,
  "avg_split_overhead_ratio_accepted":0.0,
  "p95_split_overhead_ratio_accepted":0.0,
  "rga_accepted_total":1416,
  "rga_rejected_total":0,
  "rga_rejection_ratio":0.0,
  "mdca_rejected_total":13,
  "mdca_capacity_rejected_total":0,
  "mdca_reliability_rejected_total":0,
  "mdca_qos_rejected_total":13,
  "mdca_rejection_ratio":0.009180791,
  "capacity_rejection_ratio":0.0,
  "reliability_rejection_ratio":0.0,
  "qos_rejected_total":13,
  "qos_rejection_ratio":0.009180791
}