{
  "algo":"mdca",
  "region":"Arizona",
  "time_slots":120,
  "arrival_rate":20.0,
  "mean_service_time":9.0,
  "seed":2,
  "trace_seed":17858764866285890077,
  "algo_seed":4836232127056779440,
  "trace_hash":"9715884fe7d22c6c612bf5a21b7df5d2dcc56d9995a2d423acf74fd55dd192bc",
  "arrivals_per_slot":[
    21,
    17,
    29,
    20,
    21,
    16,
    27,
    21,
    15,
    21,
    14,
    15,
    23,
    22,
    18,
    25,
    18,
    21,
    18,
    17,
    26,
    22,
    26,
    14,
    23,
    17,
    17,
    21,
    17,
    22,
    17,
    17,
    20,
    20,
    23,
    18,
    16,
    16,
    23,
    25,
    23,
    21,
    16,
    13,
    22,
    13,
    16,
    14,
    17,
    17,
    24,
    20,
    37,
    23,
    18,
    26,
    23,
    16,
    11,
    22,
    18,
    22,
    16,
    21,
    17,
    21,
    14,
    25,
    21,
    27,
    27,
    21,
    13,
    23,
    15,
    26,
    24,
    18,
    22,
    16,
    26,
    27,
    22,
    15,
    18,
    23,
    18,
    31,
    18,
    19,
    16,
    22,
    18,
    23,
    21,
    20,
    21,
    16,
    20,
    13,
    24,
    24,
    20,
    22,
    27,
    17,
    21,
    19,
    23,
    17,
    13,
    18,
    19,
    34,
    19,
    22,
    26,
    20,
    19,
    20
  ],
  "diversity":true,
  "p_split":0.3,
  "split_reliability_mode":"identical_active_pool",
  "mechanism":null,
  "fixed_sfc_len":2,
  "fixed_reliability":null,
  "max_backup_level":2,
  "explicit_split_replicas":true,
  "split_enforce_distinct":false,
  "strict_split_resource_ablation":false,
  "split_replica_resource_scale":1.0,
  "cap_base_min":500,
  "cap_base_max":700,
  "cap_scale":0.2,
  "total_arrivals":2429,
  "total_accepted":2427,
  "total_rejected":2,
  "acceptance_ratio":0.9991766159,
  "avg_cost_per_arrival":17.5579492627,
  "total_cost":42648.2587590863,
  "total_cost_resource":26519.2587590863,
  "avg_cost_per_accepted":17.5724181125,
  "final_utilization":0.2967640683,
  "avg_utilization_over_time":0.2797924823,
  "avg_leftover_capacity_sum_over_time":273659.4111111111,
  "final_leftover_capacity_sum":267210.6666666667,
  "final_leftover_capacity_min":0.0,
  "final_leftover_capacity_max":2257.2,
  "final_leftover_capacity_avg":850.9893842887,
  "avg_e2e_delay_accepted":0.0477843706,
  "p95_e2e_delay_accepted":0.0875472388,
  "avg_access_delay_accepted":0.0080153893,
  "avg_processing_delay_accepted":0.0299888776,
  "avg_network_delay_accepted":0.007877792,
  "avg_split_proc_overhead_accepted":2.884058189e-19,
  "avg_split_net_overhead_accepted":0.0,
  "total_transmitted_bits_accepted":2158384626.3987464905,
  "avg_transmitted_bits_per_accepted":889322.0545524296,
  "total_split_transmitted_bits_accepted":593758329.8476419449,
  "avg_split_transmitted_bits_per_accepted":244647.0250711339,
  "avg_split_overhead_ratio_accepted":5.40932106e-18,
  "p95_split_overhead_ratio_accepted":4.51065721e-17,
  "rga_accepted_total":2429,
  "rga_rejected_total":0,
  "rga_rejection_ratio":0.0,
  "mdca_rejected_total":2,
  "mdca_capacity_rejected_total":0,
  "mdca_reliability_rejected_total":0,
  "mdca_qos_rejected_total":2,
  "mdca_rejection_ratio":0.0008233841,
  "capacity_rejection_ratio":0.0,
  "reliability_rejection_ratio":0.0,
  "qos_rejected_total":2,
  "qos_rejection_ratio":0.0008233841
}