{
  "algo":"dtsp",
  "region":"Arizona",
  "time_slots":120,
  "arrival_rate":20.0,
  "mean_service_time":9.0,
  "seed":5,
  "trace_seed":1880796262115292889,
  "algo_seed":13274000025865092566,
  "trace_hash":"8a9cb4e95762d75499a36c1d5598f0416e66c5648bc8c81ebb35c3ad2473a2ea",
  "arrivals_per_slot":[
    15,
    17,
    26,
    18,
    12,
    18,
    18,
    25,
    20,
    16,
    15,
    22,
    23,
    18,
    20,
    15,
    16,
    21,
    17,
    12,
    12,
    18,
    18,
    29,
    30,
    21,
    19,
    31,
    21,
    23,
    22,
    20,
    18,
    20,
    24,
    24,
    29,
    18,
    20,
    21,
    19,
    11,
    22,
    16,
    15,
    19,
    19,
    31,
    20,
    26,
    16,
    20,
    17,
    26,
    15,
    19,
    20,
    30,
    14,
    20,
    35,
    20,
    17,
    19,
    16,
    22,
    18,
    20,
    11,
    19,
    19,
    18,
    20,
    21,
    17,
    13,
    12,
    19,
    18,
    24,
    16,
    22,
    11,
    16,
    29,
    17,
    21,
    18,
    19,
    17,
    20,
    17,
    21,
    14,
    20,
    21,
    23,
    10,
    25,
    23,
    18,
    23,
    14,
    15,
    19,
    17,
    16,
    15,
    22,
    24,
    20,
    21,
    16,
    13,
    17,
    12,
    24,
    22,
    21,
    19
  ],
  "diversity":false,
  "p_split":null,
  "split_reliability_mode":null,
  "mechanism":null,
  "fixed_sfc_len":3,
  "fixed_reliability":null,
  "max_backup_level":2,
  "explicit_split_replicas":false,
  "split_enforce_distinct":false,
  "strict_split_resource_ablation":false,
  "split_replica_resource_scale":1.0,
  "cap_base_min":500,
  "cap_base_max":700,
  "cap_scale":0.2,
  "total_arrivals":2323,
  "total_accepted":2309,
  "total_rejected":14,
  "acceptance_ratio":0.9939733104,
  "avg_cost_per_arrival":37.5370930984,
  "total_cost":87198.6672675149,
  "total_cost_resource":62142.6672675149,
  "avg_cost_per_accepted":37.7646891587,
  "final_utilization":0.5488812448,
  "avg_utilization_over_time":0.5110444484,
  "avg_leftover_capacity_sum_over_time":182513.4166666667,
  "final_leftover_capacity_sum":168390.0,
  "final_leftover_capacity_min":0.0,
  "final_leftover_capacity_max":2112.0,
  "final_leftover_capacity_avg":536.2738853503,
  "avg_e2e_delay_accepted":0.0659657113,
  "p95_e2e_delay_accepted":0.11041487,
  "avg_access_delay_accepted":0.0080186891,
  "avg_processing_delay_accepted":0.0485298868,
  "avg_network_delay_accepted":0.0094171354,
  "avg_split_proc_overhead_accepted":0.0,
  "avg_split_net_overhead_accepted":0.0,
  "total_transmitted_bits_accepted":3445072665.166560173,
  "avg_transmitted_bits_per_accepted":1492019.3439439412,
  "total_split_transmitted_bits_accepted":0.0,
  "avg_split_transmitted_bits_per_accepted":0.0,
  "avg_split_overhead_ratio_accepted":0.0,
  "p95_split_overhead_ratio_accepted":0.0,
  "rga_accepted_total":2323,
  "rga_rejected_total":0,
  "rga_rejection_ratio":0.0,
  "mdca_rejected_total":14,
  "mdca_capacity_rejected_total":0,
  "mdca_reliability_rejected_total":0,
  "mdca_qos_rejected_total":14,
  "mdca_rejection_ratio":0.0060266896,
  "capacity_rejection_ratio":0.0,
  "reliability_rejection_ratio":0.0,
  "qos_rejected_total":14,
  "qos_rejection_ratio":0.0060266896
}