region,fixed_reliability,seed,method,share,share_tag,domain_count,domain_failure_prob,total_accepted,expected_target_satisfaction_ratio,expected_reliability,expected_reliability_loss
Arizona,0.998,4,DMDCA,"0.5,0.5",0p5_0p5,6,0.0,1358,1.0,0.9988089522705462,3.3306690738754696e-16
Arizona,0.998,4,DMDCA,"0.5,0.5",0p5_0p5,6,0.01,1358,0.9646956832990955,0.992204932573302,0.006604019697244556
Arizona,0.998,4,DMDCA,"0.5,0.5",0p5_0p5,6,0.03,1358,0.897220044371714,0.9784227528953744,0.020386199375172165
Arizona,0.998,4,DMDCA,"0.5,0.5",0p5_0p5,6,0.05,1358,0.8337525967875544,0.9638926982929762,0.034916253977570366
Arizona,0.998,4,MDCA,nan,nan,6,0.0,1331,1.0,0.9988139028141225,3.3306690738754696e-16
Arizona,0.998,4,MDCA,nan,nan,6,0.01,1331,0.9648991493857935,0.9913948359183673,0.007419066895755555
Arizona,0.998,4,MDCA,nan,nan,6,0.03,1331,0.8978224462205402,0.976020048839091,0.022793853975031864
Arizona,0.998,4,MDCA,nan,nan,6,0.05,1331,0.8347409486640681,0.9599487853164478,0.03886511749767507
