{
  "algo":"random",
  "region":"Arizona",
  "time_slots":120,
  "arrival_rate":20.0,
  "mean_service_time":9.0,
  "seed":5,
  "trace_seed":15712469171497204994,
  "algo_seed":1537971742767984452,
  "trace_hash":"a83eec62c6faf711788a91cf07e078fd82e6fc6d3ca7ce92f4c82435c1af9d63",
  "arrivals_per_slot":[
    21,
    24,
    20,
    16,
    16,
    26,
    17,
    16,
    18,
    18,
    16,
    21,
    23,
    20,
    22,
    27,
    21,
    33,
    14,
    22,
    17,
    24,
    21,
    13,
    22,
    19,
    18,
    20,
    22,
    19,
    12,
    16,
    16,
    18,
    19,
    22,
    17,
    22,
    22,
    19,
    27,
    22,
    30,
    11,
    23,
    28,
    20,
    17,
    20,
    19,
    11,
    26,
    21,
    21,
    13,
    13,
    27,
    22,
    16,
    16,
    23,
    14,
    18,
    20,
    27,
    17,
    18,
    18,
    13,
    20,
    21,
    22,
    20,
    21,
    22,
    19,
    22,
    20,
    27,
    23,
    20,
    28,
    16,
    20,
    18,
    22,
    19,
    18,
    22,
    20,
    15,
    22,
    19,
    21,
    24,
    24,
    22,
    16,
    26,
    17,
    20,
    18,
    21,
    13,
    13,
    23,
    17,
    22,
    20,
    20,
    22,
    25,
    18,
    28,
    17,
    17,
    19,
    20,
    15,
    17
  ],
  "diversity":false,
  "p_split":null,
  "split_reliability_mode":null,
  "mechanism":null,
  "fixed_sfc_len":2,
  "fixed_reliability":null,
  "max_backup_level":2,
  "explicit_split_replicas":false,
  "split_enforce_distinct":false,
  "strict_split_resource_ablation":false,
  "split_replica_resource_scale":1.0,
  "cap_base_min":500,
  "cap_base_max":700,
  "cap_scale":0.2,
  "total_arrivals":2391,
  "total_accepted":2390,
  "total_rejected":1,
  "acceptance_ratio":0.999581765,
  "avg_cost_per_arrival":33.8289048079,
  "total_cost":80884.9113958056,
  "total_cost_resource":61978.9113958055,
  "avg_cost_per_accepted":33.8430591614,
  "final_utilization":0.4395410937,
  "avg_utilization_over_time":0.3733995469,
  "avg_leftover_capacity_sum_over_time":235267.5416666667,
  "final_leftover_capacity_sum":210433.6,
  "final_leftover_capacity_min":2.0,
  "final_leftover_capacity_max":2148.8,
  "final_leftover_capacity_avg":670.1707006369,
  "avg_e2e_delay_accepted":0.045247758,
  "p95_e2e_delay_accepted":0.085693445,
  "avg_access_delay_accepted":0.0080746628,
  "avg_processing_delay_accepted":0.0324725274,
  "avg_network_delay_accepted":0.0047005678,
  "avg_split_proc_overhead_accepted":0.0,
  "avg_split_net_overhead_accepted":0.0,
  "total_transmitted_bits_accepted":1790689635.3812646866,
  "avg_transmitted_bits_per_accepted":749242.5252641275,
  "total_split_transmitted_bits_accepted":0.0,
  "avg_split_transmitted_bits_per_accepted":0.0,
  "avg_split_overhead_ratio_accepted":0.0,
  "p95_split_overhead_ratio_accepted":0.0,
  "rga_accepted_total":2391,
  "rga_rejected_total":0,
  "rga_rejection_ratio":0.0,
  "mdca_rejected_total":1,
  "mdca_capacity_rejected_total":0,
  "mdca_reliability_rejected_total":0,
  "mdca_qos_rejected_total":1,
  "mdca_rejection_ratio":0.000418235,
  "capacity_rejection_ratio":0.0,
  "reliability_rejection_ratio":0.0,
  "qos_rejected_total":1,
  "qos_rejection_ratio":0.000418235
}