{
  "algo":"mdca",
  "region":"Arizona",
  "time_slots":120,
  "arrival_rate":50.0,
  "mean_service_time":9.0,
  "seed":1,
  "trace_seed":11221336802290901096,
  "algo_seed":9475761514817476165,
  "trace_hash":"a46f88684a6726b3e0b69669f6959243ecfc2039be819c758cdf3898feb203f3",
  "arrivals_per_slot":[
    51,
    40,
    59,
    56,
    53,
    58,
    48,
    53,
    68,
    52,
    50,
    53,
    53,
    52,
    60,
    57,
    55,
    43,
    53,
    55,
    47,
    62,
    41,
    49,
    58,
    53,
    56,
    53,
    54,
    55,
    33,
    60,
    53,
    53,
    40,
    46,
    48,
    37,
    55,
    46,
    46,
    54,
    52,
    50,
    46,
    65,
    61,
    56,
    55,
    52,
    41,
    44,
    35,
    50,
    42,
    45,
    39,
    51,
    63,
    48,
    39,
    62,
    60,
    50,
    63,
    53,
    52,
    57,
    47,
    46,
    46,
    58,
    42,
    42,
    53,
    52,
    49,
    47,
    53,
    58,
    59,
    57,
    50,
    49,
    67,
    55,
    48,
    52,
    42,
    46,
    50,
    59,
    39,
    55,
    41,
    52,
    57,
    49,
    53,
    47,
    48,
    49,
    55,
    49,
    39,
    62,
    57,
    42,
    56,
    50,
    50,
    55,
    51,
    50,
    51,
    46,
    57,
    42,
    47,
    49
  ],
  "diversity":true,
  "p_split":0.3,
  "split_reliability_mode":"identical_active_pool",
  "split_recovery_coverage":1.0,
  "split_workload_shares":"0.5,0.5",
  "mechanism":null,
  "fixed_sfc_len":3,
  "fixed_reliability":0.999,
  "max_backup_level":2,
  "explicit_split_replicas":true,
  "split_enforce_distinct":false,
  "strict_split_resource_ablation":false,
  "split_replica_resource_scale":1.0,
  "backhaul_knn_k":4,
  "backhaul_use_device_bw":true,
  "backhaul_bw_scale":0.5,
  "fiber_speed_mps":200000000.0,
  "switch_delay_s":0.0002,
  "region_cloudlet_count":314,
  "cap_base_min":500,
  "cap_base_max":700,
  "cap_scale":0.2,
  "total_arrivals":6124,
  "total_accepted":3435,
  "total_rejected":2689,
  "acceptance_ratio":0.5609079033,
  "avg_cost_per_arrival":35.5921361123,
  "total_cost":217966.2415514596,
  "total_cost_resource":157790.2415514595,
  "avg_cost_per_accepted":63.4545099131,
  "final_utilization":0.9756151304,
  "avg_utilization_over_time":0.9489220984,
  "avg_leftover_capacity_sum_over_time":19162.8861111111,
  "final_leftover_capacity_sum":9148.4666666667,
  "final_leftover_capacity_min":0.0,
  "final_leftover_capacity_max":252.6666666667,
  "final_leftover_capacity_avg":29.1352441614,
  "avg_e2e_delay_accepted":0.0771661316,
  "p95_e2e_delay_accepted":0.1226812768,
  "avg_access_delay_accepted":0.0080382956,
  "avg_processing_delay_accepted":0.0487133062,
  "avg_network_delay_accepted":0.0156959638,
  "avg_split_proc_overhead_accepted":7.933771705e-19,
  "avg_split_net_overhead_accepted":0.0,
  "total_transmitted_bits_accepted":6465583039.2482643127,
  "avg_transmitted_bits_per_accepted":1882265.8047302079,
  "total_split_transmitted_bits_accepted":1702174387.1507487297,
  "avg_split_transmitted_bits_per_accepted":495538.3950948322,
  "avg_split_overhead_ratio_accepted":9.793142851e-18,
  "p95_split_overhead_ratio_accepted":5.507298394e-17,
  "rga_accepted_total":5009,
  "rga_rejected_total":1115,
  "rga_rejection_ratio":0.1820705421,
  "mdca_rejected_total":1574,
  "mdca_capacity_rejected_total":1538,
  "mdca_reliability_rejected_total":1,
  "mdca_qos_rejected_total":35,
  "mdca_rejection_ratio":0.2570215545,
  "capacity_rejection_ratio":0.2511430438,
  "reliability_rejection_ratio":0.000163292,
  "qos_rejected_total":35,
  "qos_rejection_ratio":0.0057152188
}