{
  "algo":"hspa",
  "region":"Alabama",
  "time_slots":120,
  "arrival_rate":12.0,
  "mean_service_time":9.0,
  "seed":5,
  "trace_seed":11771557698972552127,
  "algo_seed":1071169149524359896,
  "trace_hash":"d94f40369acb052d092390cf5555602a25813bc778b14ed5a3bee697897c33f0",
  "arrivals_per_slot":[
    19,
    10,
    13,
    13,
    9,
    10,
    11,
    21,
    5,
    8,
    7,
    15,
    21,
    8,
    16,
    12,
    11,
    13,
    10,
    13,
    20,
    10,
    9,
    9,
    11,
    11,
    12,
    14,
    15,
    13,
    9,
    17,
    10,
    9,
    11,
    7,
    10,
    17,
    9,
    10,
    10,
    6,
    15,
    10,
    14,
    11,
    15,
    12,
    11,
    9,
    6,
    21,
    14,
    10,
    10,
    11,
    12,
    13,
    15,
    14,
    12,
    12,
    17,
    8,
    9,
    9,
    17,
    11,
    9,
    16,
    16,
    9,
    14,
    9,
    8,
    22,
    10,
    12,
    11,
    18,
    11,
    8,
    18,
    2,
    16,
    14,
    15,
    13,
    21,
    17,
    10,
    20,
    17,
    9,
    8,
    13,
    10,
    11,
    17,
    12,
    14,
    11,
    6,
    10,
    10,
    15,
    18,
    9,
    4,
    15,
    11,
    23,
    9,
    12,
    12,
    20,
    14,
    11,
    9,
    9
  ],
  "diversity":false,
  "p_split":null,
  "split_reliability_mode":null,
  "mechanism":null,
  "fixed_sfc_len":null,
  "fixed_reliability":0.9,
  "max_backup_level":2,
  "explicit_split_replicas":false,
  "split_enforce_distinct":false,
  "strict_split_resource_ablation":false,
  "split_replica_resource_scale":1.0,
  "cap_base_min":500,
  "cap_base_max":700,
  "cap_scale":0.2,
  "total_arrivals":1470,
  "total_accepted":1456,
  "total_rejected":14,
  "acceptance_ratio":0.9904761905,
  "avg_cost_per_arrival":36.2495904384,
  "total_cost":53286.8979443919,
  "total_cost_resource":38769.8979443919,
  "avg_cost_per_accepted":36.5981441926,
  "final_utilization":0.6511822875,
  "avg_utilization_over_time":0.6349997524,
  "avg_leftover_capacity_sum_over_time":63390.25,
  "final_leftover_capacity_sum":60579.8,
  "final_leftover_capacity_min":2.0,
  "final_leftover_capacity_max":2041.6,
  "final_leftover_capacity_avg":442.1883211679,
  "avg_e2e_delay_accepted":0.0640360481,
  "p95_e2e_delay_accepted":0.1238726741,
  "avg_access_delay_accepted":0.0081136874,
  "avg_processing_delay_accepted":0.0487847171,
  "avg_network_delay_accepted":0.0071376436,
  "avg_split_proc_overhead_accepted":0.0,
  "avg_split_net_overhead_accepted":0.0,
  "total_transmitted_bits_accepted":1936633111.7229008675,
  "avg_transmitted_bits_per_accepted":1330105.1591503441,
  "total_split_transmitted_bits_accepted":0.0,
  "avg_split_transmitted_bits_per_accepted":0.0,
  "avg_split_overhead_ratio_accepted":0.0,
  "p95_split_overhead_ratio_accepted":0.0,
  "rga_accepted_total":1470,
  "rga_rejected_total":0,
  "rga_rejection_ratio":0.0,
  "mdca_rejected_total":14,
  "mdca_capacity_rejected_total":0,
  "mdca_reliability_rejected_total":0,
  "mdca_qos_rejected_total":14,
  "mdca_rejection_ratio":0.0095238095,
  "capacity_rejection_ratio":0.0,
  "reliability_rejection_ratio":0.0,
  "qos_rejected_total":14,
  "qos_rejection_ratio":0.0095238095
}