{
  "algo":"mdca",
  "region":"Arizona",
  "time_slots":120,
  "arrival_rate":20.0,
  "mean_service_time":9.0,
  "seed":3,
  "trace_seed":12517108952218681986,
  "algo_seed":18185845460186161846,
  "trace_hash":"ce92923f853b17e332f46a8cec76a43ad6796003a56adda1e0f5782ac825bdd8",
  "arrivals_per_slot":[
    17,
    25,
    30,
    14,
    22,
    19,
    21,
    16,
    33,
    26,
    22,
    19,
    21,
    20,
    21,
    25,
    22,
    30,
    20,
    19,
    15,
    20,
    20,
    22,
    18,
    22,
    25,
    13,
    26,
    19,
    23,
    20,
    21,
    16,
    22,
    18,
    15,
    20,
    18,
    17,
    24,
    29,
    22,
    23,
    25,
    16,
    11,
    23,
    29,
    19,
    23,
    19,
    17,
    26,
    18,
    26,
    24,
    18,
    16,
    27,
    23,
    17,
    23,
    19,
    22,
    17,
    22,
    16,
    21,
    21,
    13,
    18,
    27,
    22,
    26,
    13,
    16,
    30,
    16,
    17,
    15,
    13,
    20,
    19,
    16,
    16,
    17,
    19,
    18,
    22,
    16,
    18,
    22,
    26,
    27,
    31,
    19,
    26,
    17,
    27,
    20,
    20,
    19,
    17,
    22,
    25,
    20,
    14,
    24,
    15,
    28,
    18,
    10,
    13,
    21,
    15,
    20,
    20,
    15,
    19
  ],
  "diversity":false,
  "p_split":null,
  "split_reliability_mode":null,
  "split_recovery_coverage":null,
  "split_workload_shares":null,
  "mechanism":null,
  "fixed_sfc_len":3,
  "fixed_reliability":null,
  "max_backup_level":2,
  "explicit_split_replicas":false,
  "split_enforce_distinct":false,
  "strict_split_resource_ablation":false,
  "split_replica_resource_scale":1.0,
  "cap_base_min":500,
  "cap_base_max":700,
  "cap_scale":0.2,
  "total_arrivals":2445,
  "total_accepted":2434,
  "total_rejected":11,
  "acceptance_ratio":0.9955010225,
  "avg_cost_per_arrival":34.4117214989,
  "total_cost":84136.6590647631,
  "total_cost_resource":58307.6590647632,
  "avg_cost_per_accepted":34.5672387283,
  "final_utilization":0.4994648884,
  "avg_utilization_over_time":0.5083931903,
  "avg_leftover_capacity_sum_over_time":185669.175,
  "final_leftover_capacity_sum":189041.2,
  "final_leftover_capacity_min":0.0,
  "final_leftover_capacity_max":2192.0,
  "final_leftover_capacity_avg":602.0420382166,
  "avg_e2e_delay_accepted":0.0646343978,
  "p95_e2e_delay_accepted":0.1101717711,
  "avg_access_delay_accepted":0.008046694,
  "avg_processing_delay_accepted":0.0477962011,
  "avg_network_delay_accepted":0.0087915028,
  "avg_split_proc_overhead_accepted":0.0,
  "avg_split_net_overhead_accepted":0.0,
  "total_transmitted_bits_accepted":3129736925.5311326981,
  "avg_transmitted_bits_per_accepted":1285840.9718698163,
  "total_split_transmitted_bits_accepted":0.0,
  "avg_split_transmitted_bits_per_accepted":0.0,
  "avg_split_overhead_ratio_accepted":0.0,
  "p95_split_overhead_ratio_accepted":0.0,
  "rga_accepted_total":2445,
  "rga_rejected_total":0,
  "rga_rejection_ratio":0.0,
  "mdca_rejected_total":11,
  "mdca_capacity_rejected_total":0,
  "mdca_reliability_rejected_total":0,
  "mdca_qos_rejected_total":11,
  "mdca_rejection_ratio":0.0044989775,
  "capacity_rejection_ratio":0.0,
  "reliability_rejection_ratio":0.0,
  "qos_rejected_total":11,
  "qos_rejection_ratio":0.0044989775,
  "placement_trace_path":"D:\\Study\\Code_1\\paper_data\\large_scale_lb_reference\\split_enabled\\length\\Arizona\\fixed_sfc_len_3\\MDCA\\seed3\\placement_trace_Arizona_mdca_seed3.json"
}