{
  "algo":"mdca",
  "region":"Arizona",
  "time_slots":120,
  "arrival_rate":20.0,
  "mean_service_time":9.0,
  "seed":1,
  "trace_seed":855821846281305560,
  "algo_seed":3737587677167370884,
  "trace_hash":"0dfd6c8317ade8f9896a1bba9e4c51408e9fd90efbd4fa78bf98a92ac261bbd2",
  "arrivals_per_slot":[
    15,
    21,
    21,
    12,
    24,
    17,
    23,
    15,
    20,
    16,
    22,
    13,
    19,
    14,
    19,
    24,
    18,
    26,
    18,
    28,
    16,
    21,
    16,
    21,
    21,
    27,
    17,
    16,
    24,
    19,
    20,
    24,
    20,
    18,
    26,
    14,
    29,
    14,
    14,
    16,
    27,
    20,
    23,
    24,
    28,
    21,
    21,
    18,
    27,
    20,
    13,
    18,
    17,
    12,
    22,
    25,
    25,
    22,
    17,
    32,
    19,
    23,
    15,
    20,
    26,
    28,
    16,
    13,
    16,
    15,
    14,
    21,
    25,
    19,
    22,
    24,
    17,
    17,
    23,
    22,
    15,
    19,
    25,
    24,
    18,
    16,
    23,
    15,
    21,
    29,
    18,
    15,
    26,
    17,
    16,
    21,
    22,
    18,
    17,
    26,
    13,
    21,
    18,
    23,
    21,
    19,
    19,
    17,
    19,
    20,
    20,
    22,
    13,
    27,
    23,
    20,
    18,
    20,
    20,
    22
  ],
  "diversity":false,
  "p_split":null,
  "split_reliability_mode":null,
  "split_recovery_coverage":null,
  "split_workload_shares":null,
  "mechanism":null,
  "fixed_sfc_len":null,
  "fixed_reliability":null,
  "max_backup_level":2,
  "explicit_split_replicas":false,
  "split_enforce_distinct":false,
  "strict_split_resource_ablation":false,
  "split_replica_resource_scale":1.0,
  "cap_base_min":500,
  "cap_base_max":700,
  "cap_scale":0.2,
  "total_arrivals":2401,
  "total_accepted":2372,
  "total_rejected":29,
  "acceptance_ratio":0.9879216993,
  "avg_cost_per_arrival":34.1402156389,
  "total_cost":81970.6577490291,
  "total_cost_resource":56861.6577490291,
  "avg_cost_per_accepted":34.557612879,
  "final_utilization":0.5282904256,
  "avg_utilization_over_time":0.4758570806,
  "avg_leftover_capacity_sum_over_time":195180.55,
  "final_leftover_capacity_sum":175655.4,
  "final_leftover_capacity_min":0.4,
  "final_leftover_capacity_max":2226.8,
  "final_leftover_capacity_avg":559.4121019108,
  "avg_e2e_delay_accepted":0.0643921542,
  "p95_e2e_delay_accepted":0.1269369921,
  "avg_access_delay_accepted":0.0080472975,
  "avg_processing_delay_accepted":0.0474485131,
  "avg_network_delay_accepted":0.0088963435,
  "avg_split_proc_overhead_accepted":0.0,
  "avg_split_net_overhead_accepted":0.0,
  "total_transmitted_bits_accepted":3148014254.4715967178,
  "avg_transmitted_bits_per_accepted":1327156.0937907237,
  "total_split_transmitted_bits_accepted":0.0,
  "avg_split_transmitted_bits_per_accepted":0.0,
  "avg_split_overhead_ratio_accepted":0.0,
  "p95_split_overhead_ratio_accepted":0.0,
  "rga_accepted_total":2401,
  "rga_rejected_total":0,
  "rga_rejection_ratio":0.0,
  "mdca_rejected_total":29,
  "mdca_capacity_rejected_total":0,
  "mdca_reliability_rejected_total":0,
  "mdca_qos_rejected_total":29,
  "mdca_rejection_ratio":0.0120783007,
  "capacity_rejection_ratio":0.0,
  "reliability_rejection_ratio":0.0,
  "qos_rejected_total":29,
  "qos_rejection_ratio":0.0120783007,
  "placement_trace_path":"D:\\Study\\Code_1\\paper_data\\large_scale_lb_reference\\split_enabled\\load\\Arizona\\arrival_rate_20\\MDCA\\seed1\\placement_trace_Arizona_mdca_seed1.json"
}