{
  "algo":"dtsp",
  "region":"Arizona",
  "time_slots":120,
  "arrival_rate":12.0,
  "mean_service_time":9.0,
  "seed":2,
  "trace_seed":16059812220896726231,
  "algo_seed":17643830267334769152,
  "trace_hash":"7161ea1ad08510fb24a2f7021d2ac47fd8c01a44396d28f3ed11488900ffae2b",
  "arrivals_per_slot":[
    15,
    8,
    23,
    9,
    9,
    11,
    12,
    11,
    9,
    10,
    14,
    9,
    10,
    11,
    13,
    10,
    12,
    12,
    10,
    18,
    14,
    11,
    10,
    13,
    8,
    10,
    14,
    13,
    12,
    9,
    11,
    11,
    16,
    13,
    9,
    12,
    17,
    14,
    8,
    7,
    18,
    14,
    9,
    11,
    12,
    14,
    8,
    12,
    9,
    8,
    15,
    9,
    12,
    12,
    14,
    16,
    9,
    15,
    15,
    19,
    10,
    15,
    12,
    17,
    7,
    9,
    7,
    12,
    17,
    9,
    13,
    18,
    8,
    12,
    10,
    7,
    11,
    11,
    11,
    8,
    14,
    14,
    12,
    17,
    11,
    16,
    10,
    9,
    14,
    13,
    16,
    10,
    12,
    14,
    13,
    6,
    10,
    12,
    8,
    12,
    15,
    9,
    15,
    6,
    10,
    8,
    11,
    12,
    7,
    12,
    25,
    14,
    12,
    10,
    13,
    9,
    19,
    8,
    13,
    19
  ],
  "diversity":false,
  "p_split":null,
  "split_reliability_mode":null,
  "mechanism":null,
  "fixed_sfc_len":null,
  "fixed_reliability":0.99,
  "max_backup_level":2,
  "explicit_split_replicas":false,
  "split_enforce_distinct":false,
  "strict_split_resource_ablation":false,
  "split_replica_resource_scale":1.0,
  "cap_base_min":500,
  "cap_base_max":700,
  "cap_scale":0.2,
  "total_arrivals":1433,
  "total_accepted":1407,
  "total_rejected":26,
  "acceptance_ratio":0.9818562456,
  "avg_cost_per_arrival":43.5006132539,
  "total_cost":62336.3787927813,
  "total_cost_resource":42885.3787927813,
  "avg_cost_per_accepted":44.3044625393,
  "final_utilization":0.4320624636,
  "avg_utilization_over_time":0.3877560693,
  "avg_leftover_capacity_sum_over_time":230910.1249999999,
  "final_leftover_capacity_sum":214199.8,
  "final_leftover_capacity_min":0.0,
  "final_leftover_capacity_max":2236.8,
  "final_leftover_capacity_avg":682.1649681529,
  "avg_e2e_delay_accepted":0.0644904298,
  "p95_e2e_delay_accepted":0.1310328495,
  "avg_access_delay_accepted":0.0080723225,
  "avg_processing_delay_accepted":0.0470962651,
  "avg_network_delay_accepted":0.0093218422,
  "avg_split_proc_overhead_accepted":0.0,
  "avg_split_net_overhead_accepted":0.0,
  "total_transmitted_bits_accepted":2047908987.585185051,
  "avg_transmitted_bits_per_accepted":1455514.5611835003,
  "total_split_transmitted_bits_accepted":0.0,
  "avg_split_transmitted_bits_per_accepted":0.0,
  "avg_split_overhead_ratio_accepted":0.0,
  "p95_split_overhead_ratio_accepted":0.0,
  "rga_accepted_total":1433,
  "rga_rejected_total":0,
  "rga_rejection_ratio":0.0,
  "mdca_rejected_total":26,
  "mdca_capacity_rejected_total":0,
  "mdca_reliability_rejected_total":0,
  "mdca_qos_rejected_total":26,
  "mdca_rejection_ratio":0.0181437544,
  "capacity_rejection_ratio":0.0,
  "reliability_rejection_ratio":0.0,
  "qos_rejected_total":26,
  "qos_rejection_ratio":0.0181437544
}