{
  "algo":"dtsp",
  "region":"Arizona",
  "time_slots":120,
  "arrival_rate":15.0,
  "mean_service_time":9.0,
  "seed":4,
  "trace_seed":9628400084957567261,
  "algo_seed":12873430469308396488,
  "trace_hash":"9a53599111fea9c3405b5213dcc19da5a4dd6f9e850a8daa198b684d97251ba3",
  "arrivals_per_slot":[
    14,
    11,
    15,
    12,
    13,
    11,
    15,
    14,
    22,
    11,
    14,
    19,
    12,
    18,
    18,
    11,
    9,
    13,
    12,
    14,
    17,
    13,
    16,
    21,
    19,
    17,
    17,
    10,
    14,
    16,
    19,
    12,
    15,
    14,
    9,
    16,
    10,
    17,
    11,
    19,
    12,
    15,
    15,
    16,
    17,
    13,
    22,
    15,
    23,
    18,
    19,
    15,
    14,
    8,
    19,
    10,
    19,
    22,
    13,
    17,
    16,
    21,
    9,
    19,
    11,
    12,
    14,
    17,
    9,
    15,
    11,
    13,
    12,
    8,
    14,
    13,
    18,
    11,
    12,
    12,
    12,
    13,
    12,
    18,
    19,
    14,
    18,
    20,
    9,
    19,
    17,
    9,
    18,
    11,
    12,
    14,
    13,
    11,
    7,
    19,
    10,
    10,
    17,
    14,
    15,
    12,
    12,
    13,
    16,
    13,
    19,
    19,
    19,
    11,
    13,
    26,
    17,
    9,
    13,
    11
  ],
  "diversity":false,
  "p_split":null,
  "split_reliability_mode":null,
  "mechanism":null,
  "fixed_sfc_len":null,
  "fixed_reliability":null,
  "max_backup_level":2,
  "explicit_split_replicas":false,
  "split_enforce_distinct":false,
  "strict_split_resource_ablation":false,
  "split_replica_resource_scale":1.0,
  "cap_base_min":500,
  "cap_base_max":700,
  "cap_scale":0.2,
  "total_arrivals":1743,
  "total_accepted":1726,
  "total_rejected":17,
  "acceptance_ratio":0.9902467011,
  "avg_cost_per_arrival":35.1138795847,
  "total_cost":61203.4921160557,
  "total_cost_resource":41564.4921160557,
  "avg_cost_per_accepted":35.4597289201,
  "final_utilization":0.4198358216,
  "avg_utilization_over_time":0.409120068,
  "avg_leftover_capacity_sum_over_time":222260.55,
  "final_leftover_capacity_sum":218229.8,
  "final_leftover_capacity_min":0.0,
  "final_leftover_capacity_max":2553.6,
  "final_leftover_capacity_avg":694.9993630573,
  "avg_e2e_delay_accepted":0.0653448806,
  "p95_e2e_delay_accepted":0.1269847176,
  "avg_access_delay_accepted":0.0080049777,
  "avg_processing_delay_accepted":0.0474441523,
  "avg_network_delay_accepted":0.0098957506,
  "avg_split_proc_overhead_accepted":0.0,
  "avg_split_net_overhead_accepted":0.0,
  "total_transmitted_bits_accepted":2631482986.5840725899,
  "avg_transmitted_bits_per_accepted":1524613.5495852102,
  "total_split_transmitted_bits_accepted":0.0,
  "avg_split_transmitted_bits_per_accepted":0.0,
  "avg_split_overhead_ratio_accepted":0.0,
  "p95_split_overhead_ratio_accepted":0.0,
  "rga_accepted_total":1743,
  "rga_rejected_total":0,
  "rga_rejection_ratio":0.0,
  "mdca_rejected_total":17,
  "mdca_capacity_rejected_total":0,
  "mdca_reliability_rejected_total":0,
  "mdca_qos_rejected_total":17,
  "mdca_rejection_ratio":0.0097532989,
  "capacity_rejection_ratio":0.0,
  "reliability_rejection_ratio":0.0,
  "qos_rejected_total":17,
  "qos_rejection_ratio":0.0097532989
}