region,fixed_reliability,seed,method,share,share_tag,domain_count,domain_failure_prob,total_accepted,expected_target_satisfaction_ratio,expected_reliability,expected_reliability_loss
Arizona,0.996,3,DMDCA,"0.5,0.5",0p5_0p5,6,0.0,1464,1.0,0.9979215113802484,1.5543122344752192e-15
Arizona,0.996,3,DMDCA,"0.5,0.5",0p5_0p5,6,0.01,1464,0.9653065036831165,0.9907403624845822,0.007181148895667788
Arizona,0.996,3,DMDCA,"0.5,0.5",0p5_0p5,6,0.03,1464,0.8989926954757561,0.9757927451352625,0.022128766244987497
Arizona,0.996,3,DMDCA,"0.5,0.5",0p5_0p5,6,0.05,1464,0.8366087269787399,0.9600880111447245,0.03783350023552545
Arizona,0.996,3,MDCA,nan,nan,6,0.0,1466,1.0,0.9979214966186373,1.5543122344752192e-15
Arizona,0.996,3,MDCA,nan,nan,6,0.01,1466,0.9656100336588579,0.9897364773872905,0.00818501923134829
Arizona,0.996,3,MDCA,nan,nan,6,0.03,1466,0.8998423769209373,0.9728749043111731,0.025046592307465754
Arizona,0.996,3,MDCA,nan,nan,6,0.05,1466,0.837928479344304,0.9553802563680253,0.042541240250613566
