{
  "algo":"mdca",
  "region":"Alabama",
  "time_slots":120,
  "arrival_rate":20.0,
  "mean_service_time":9.0,
  "seed":1,
  "trace_seed":12276374999881683688,
  "algo_seed":1274429512653363058,
  "trace_hash":"7c6fa11c84bb18b3767a052f8c526784b08983ca047bb09274f0800d6ee29664",
  "arrivals_per_slot":[
    14,
    20,
    30,
    20,
    23,
    18,
    31,
    26,
    31,
    22,
    18,
    22,
    18,
    19,
    14,
    16,
    19,
    16,
    25,
    18,
    24,
    18,
    26,
    20,
    18,
    18,
    19,
    14,
    24,
    14,
    18,
    19,
    14,
    20,
    15,
    28,
    19,
    20,
    17,
    25,
    18,
    23,
    16,
    26,
    22,
    18,
    19,
    23,
    23,
    22,
    20,
    21,
    22,
    13,
    26,
    27,
    17,
    14,
    18,
    20,
    14,
    24,
    24,
    19,
    14,
    25,
    18,
    27,
    13,
    19,
    24,
    20,
    19,
    17,
    16,
    20,
    9,
    16,
    24,
    18,
    19,
    18,
    17,
    13,
    24,
    15,
    17,
    19,
    20,
    26,
    18,
    19,
    17,
    14,
    23,
    20,
    17,
    19,
    24,
    34,
    16,
    14,
    32,
    12,
    21,
    19,
    16,
    22,
    17,
    24,
    19,
    22,
    18,
    25,
    16,
    16,
    23,
    23,
    13,
    23
  ],
  "diversity":true,
  "p_split":0.3,
  "split_reliability_mode":"identical_active_pool",
  "mechanism":null,
  "fixed_sfc_len":2,
  "fixed_reliability":null,
  "max_backup_level":2,
  "explicit_split_replicas":true,
  "split_enforce_distinct":false,
  "strict_split_resource_ablation":false,
  "split_replica_resource_scale":1.0,
  "cap_base_min":500,
  "cap_base_max":700,
  "cap_scale":0.2,
  "total_arrivals":2382,
  "total_accepted":2375,
  "total_rejected":7,
  "acceptance_ratio":0.997061293,
  "avg_cost_per_arrival":22.592697462,
  "total_cost":53815.8053544401,
  "total_cost_resource":37772.8053544401,
  "avg_cost_per_accepted":22.659286465,
  "final_utilization":0.6867888655,
  "avg_utilization_over_time":0.6022530903,
  "avg_leftover_capacity_sum_over_time":69399.1194444445,
  "final_leftover_capacity_sum":54649.2666666667,
  "final_leftover_capacity_min":0.0,
  "final_leftover_capacity_max":1788.8,
  "final_leftover_capacity_avg":398.899756691,
  "avg_e2e_delay_accepted":0.046831661,
  "p95_e2e_delay_accepted":0.0887346946,
  "avg_access_delay_accepted":0.0080309812,
  "avg_processing_delay_accepted":0.029760627,
  "avg_network_delay_accepted":0.0070229972,
  "avg_split_proc_overhead_accepted":3.232063739e-19,
  "avg_split_net_overhead_accepted":0.0,
  "total_transmitted_bits_accepted":2128504031.0459725857,
  "avg_transmitted_bits_per_accepted":896212.2235983042,
  "total_split_transmitted_bits_accepted":606457677.3465294838,
  "avg_split_transmitted_bits_per_accepted":255350.6009880124,
  "avg_split_overhead_ratio_accepted":5.865360467e-18,
  "p95_split_overhead_ratio_accepted":4.672210524e-17,
  "rga_accepted_total":2382,
  "rga_rejected_total":0,
  "rga_rejection_ratio":0.0,
  "mdca_rejected_total":7,
  "mdca_capacity_rejected_total":0,
  "mdca_reliability_rejected_total":0,
  "mdca_qos_rejected_total":7,
  "mdca_rejection_ratio":0.002938707,
  "capacity_rejection_ratio":0.0,
  "reliability_rejection_ratio":0.0,
  "qos_rejected_total":7,
  "qos_rejection_ratio":0.002938707
}