{
  "algo":"mdca",
  "region":"Arizona",
  "time_slots":120,
  "arrival_rate":5.0,
  "mean_service_time":9.0,
  "seed":2,
  "trace_seed":16691003406660797827,
  "algo_seed":4836232127056779440,
  "trace_hash":"0ab51692f6691c318017612b29e738f004733fe6ea2454e81c66e23af1ab3b0a",
  "arrivals_per_slot":[
    5,
    2,
    7,
    3,
    3,
    5,
    6,
    2,
    5,
    6,
    2,
    3,
    7,
    8,
    3,
    4,
    7,
    6,
    2,
    10,
    4,
    7,
    6,
    8,
    6,
    11,
    3,
    5,
    2,
    5,
    7,
    5,
    8,
    6,
    7,
    3,
    7,
    6,
    6,
    4,
    7,
    2,
    4,
    6,
    3,
    6,
    1,
    7,
    10,
    3,
    3,
    1,
    5,
    1,
    8,
    6,
    8,
    2,
    8,
    6,
    2,
    6,
    3,
    3,
    5,
    9,
    5,
    3,
    5,
    4,
    3,
    10,
    5,
    2,
    4,
    9,
    2,
    6,
    7,
    5,
    6,
    6,
    3,
    4,
    3,
    4,
    5,
    9,
    2,
    4,
    6,
    3,
    5,
    5,
    3,
    0,
    5,
    7,
    6,
    5,
    9,
    4,
    10,
    6,
    9,
    6,
    8,
    5,
    5,
    4,
    5,
    6,
    7,
    5,
    2,
    5,
    3,
    0,
    8,
    6
  ],
  "diversity":true,
  "p_split":0.3,
  "split_reliability_mode":"identical_active_pool",
  "mechanism":null,
  "fixed_sfc_len":null,
  "fixed_reliability":null,
  "max_backup_level":2,
  "explicit_split_replicas":true,
  "split_enforce_distinct":false,
  "strict_split_resource_ablation":false,
  "split_replica_resource_scale":1.0,
  "cap_base_min":500,
  "cap_base_max":700,
  "cap_scale":0.2,
  "total_arrivals":611,
  "total_accepted":603,
  "total_rejected":8,
  "acceptance_ratio":0.9869067103,
  "avg_cost_per_arrival":24.0310833497,
  "total_cost":14682.9919266645,
  "total_cost_resource":7995.9919266645,
  "avg_cost_per_accepted":24.3499036926,
  "final_utilization":0.109945405,
  "avg_utilization_over_time":0.100246286,
  "avg_leftover_capacity_sum_over_time":341827.9527777778,
  "final_leftover_capacity_sum":338143.1333333334,
  "final_leftover_capacity_min":0.8,
  "final_leftover_capacity_max":2261.0,
  "final_leftover_capacity_avg":1076.8889596603,
  "avg_e2e_delay_accepted":0.069770473,
  "p95_e2e_delay_accepted":0.1339445801,
  "avg_access_delay_accepted":0.0079618669,
  "avg_processing_delay_accepted":0.0454256163,
  "avg_network_delay_accepted":0.0127075808,
  "avg_split_proc_overhead_accepted":6.652650146e-19,
  "avg_split_net_overhead_accepted":0.0,
  "total_transmitted_bits_accepted":1023856500.5306777954,
  "avg_transmitted_bits_per_accepted":1697937.8118253364,
  "total_split_transmitted_bits_accepted":218488005.0579867363,
  "avg_split_transmitted_bits_per_accepted":362335.0000961638,
  "avg_split_overhead_ratio_accepted":7.98414823e-18,
  "p95_split_overhead_ratio_accepted":5.18557721e-17,
  "rga_accepted_total":611,
  "rga_rejected_total":0,
  "rga_rejection_ratio":0.0,
  "mdca_rejected_total":8,
  "mdca_capacity_rejected_total":0,
  "mdca_reliability_rejected_total":0,
  "mdca_qos_rejected_total":8,
  "mdca_rejection_ratio":0.0130932897,
  "capacity_rejection_ratio":0.0,
  "reliability_rejection_ratio":0.0,
  "qos_rejected_total":8,
  "qos_rejection_ratio":0.0130932897
}