{
  "algo":"mdca",
  "region":"Arizona",
  "time_slots":120,
  "arrival_rate":20.0,
  "mean_service_time":9.0,
  "seed":4,
  "trace_seed":885083003266149278,
  "algo_seed":9982702643186365209,
  "trace_hash":"fb80e9776ec9809ea30b068136cf7c5c2a4fed8a3efa5c002ec3df106b4528c4",
  "arrivals_per_slot":[
    25,
    15,
    22,
    16,
    17,
    27,
    24,
    28,
    11,
    15,
    23,
    22,
    21,
    16,
    27,
    23,
    11,
    11,
    15,
    18,
    22,
    17,
    24,
    20,
    19,
    15,
    23,
    25,
    23,
    15,
    13,
    28,
    21,
    27,
    17,
    21,
    13,
    33,
    22,
    23,
    21,
    24,
    22,
    33,
    27,
    29,
    26,
    28,
    27,
    26,
    24,
    22,
    19,
    25,
    24,
    16,
    25,
    22,
    21,
    27,
    17,
    17,
    25,
    19,
    23,
    12,
    20,
    20,
    16,
    18,
    22,
    22,
    23,
    25,
    25,
    22,
    24,
    27,
    24,
    24,
    31,
    21,
    31,
    11,
    24,
    19,
    22,
    21,
    25,
    17,
    19,
    21,
    16,
    23,
    19,
    21,
    22,
    25,
    17,
    31,
    21,
    18,
    22,
    23,
    22,
    23,
    27,
    17,
    17,
    20,
    21,
    25,
    21,
    22,
    24,
    19,
    24,
    26,
    27,
    17
  ],
  "diversity":true,
  "p_split":0.3,
  "split_reliability_mode":"identical_active_pool",
  "mechanism":null,
  "fixed_sfc_len":null,
  "fixed_reliability":null,
  "max_backup_level":2,
  "explicit_split_replicas":true,
  "split_enforce_distinct":false,
  "strict_split_resource_ablation":false,
  "split_replica_resource_scale":1.0,
  "cap_base_min":500,
  "cap_base_max":700,
  "cap_scale":0.2,
  "total_arrivals":2593,
  "total_accepted":2556,
  "total_rejected":37,
  "acceptance_ratio":0.9857308137,
  "avg_cost_per_arrival":30.7063270378,
  "total_cost":79621.5060089777,
  "total_cost_resource":51986.5060089777,
  "avg_cost_per_accepted":31.1508239472,
  "final_utilization":0.5310737972,
  "avg_utilization_over_time":0.4716588363,
  "avg_leftover_capacity_sum_over_time":199068.0666666667,
  "final_leftover_capacity_sum":176681.7333333334,
  "final_leftover_capacity_min":0.0,
  "final_leftover_capacity_max":2192.6,
  "final_leftover_capacity_avg":562.6806794055,
  "avg_e2e_delay_accepted":0.0682439747,
  "p95_e2e_delay_accepted":0.1328557445,
  "avg_access_delay_accepted":0.0080727331,
  "avg_processing_delay_accepted":0.0434378431,
  "avg_network_delay_accepted":0.0135125892,
  "avg_split_proc_overhead_accepted":4.835643492e-19,
  "avg_split_net_overhead_accepted":0.0,
  "total_transmitted_bits_accepted":4450521476.5297260284,
  "avg_transmitted_bits_per_accepted":1741205.585496763,
  "total_split_transmitted_bits_accepted":909046528.5196951628,
  "avg_split_transmitted_bits_per_accepted":355652.0064631045,
  "avg_split_overhead_ratio_accepted":6.11952361e-18,
  "p95_split_overhead_ratio_accepted":4.252846997e-17,
  "rga_accepted_total":2593,
  "rga_rejected_total":0,
  "rga_rejection_ratio":0.0,
  "mdca_rejected_total":37,
  "mdca_capacity_rejected_total":0,
  "mdca_reliability_rejected_total":0,
  "mdca_qos_rejected_total":37,
  "mdca_rejection_ratio":0.0142691863,
  "capacity_rejection_ratio":0.0,
  "reliability_rejection_ratio":0.0,
  "qos_rejected_total":37,
  "qos_rejection_ratio":0.0142691863
}