{
  "algo":"mdca",
  "region":"Alabama",
  "time_slots":120,
  "arrival_rate":12.0,
  "mean_service_time":9.0,
  "seed":5,
  "trace_seed":5608125887345209314,
  "algo_seed":3068919915162646381,
  "trace_hash":"25f8a5d2d4c20d874e49b75b37a195c3860a66093ec7d7471633ff76f7b46ab6",
  "arrivals_per_slot":[
    17,
    9,
    20,
    8,
    17,
    11,
    10,
    8,
    10,
    8,
    3,
    14,
    14,
    7,
    14,
    12,
    14,
    9,
    8,
    19,
    11,
    22,
    11,
    8,
    14,
    16,
    11,
    14,
    14,
    15,
    15,
    13,
    8,
    10,
    13,
    14,
    11,
    15,
    11,
    13,
    8,
    14,
    7,
    9,
    20,
    14,
    12,
    11,
    22,
    13,
    11,
    11,
    11,
    8,
    15,
    12,
    10,
    14,
    13,
    19,
    16,
    15,
    13,
    9,
    16,
    13,
    12,
    8,
    15,
    9,
    13,
    11,
    13,
    11,
    13,
    13,
    10,
    8,
    19,
    12,
    8,
    12,
    10,
    13,
    15,
    15,
    17,
    10,
    9,
    6,
    13,
    15,
    7,
    13,
    21,
    8,
    9,
    7,
    13,
    13,
    11,
    11,
    14,
    13,
    9,
    9,
    17,
    8,
    12,
    6,
    9,
    9,
    18,
    10,
    7,
    9,
    9,
    14,
    9,
    10
  ],
  "diversity":true,
  "p_split":0.3,
  "split_reliability_mode":"identical_active_pool",
  "mechanism":null,
  "fixed_sfc_len":null,
  "fixed_reliability":0.996,
  "max_backup_level":2,
  "explicit_split_replicas":true,
  "split_enforce_distinct":false,
  "strict_split_resource_ablation":false,
  "split_replica_resource_scale":1.0,
  "cap_base_min":500,
  "cap_base_max":700,
  "cap_scale":0.2,
  "total_arrivals":1442,
  "total_accepted":1411,
  "total_rejected":31,
  "acceptance_ratio":0.9785020804,
  "avg_cost_per_arrival":58.1666735097,
  "total_cost":83876.3432009281,
  "total_cost_resource":57306.3432009281,
  "avg_cost_per_accepted":59.4446089305,
  "final_utilization":0.6902654423,
  "avg_utilization_over_time":0.8128093182,
  "avg_leftover_capacity_sum_over_time":32348.1222222222,
  "final_leftover_capacity_sum":53524.7333333333,
  "final_leftover_capacity_min":0.3333333333,
  "final_leftover_capacity_max":2147.2,
  "final_leftover_capacity_avg":390.6914841849,
  "avg_e2e_delay_accepted":0.0697158444,
  "p95_e2e_delay_accepted":0.1315037358,
  "avg_access_delay_accepted":0.0080206681,
  "avg_processing_delay_accepted":0.0413646625,
  "avg_network_delay_accepted":0.014899407,
  "avg_split_proc_overhead_accepted":6.555926957e-19,
  "avg_split_net_overhead_accepted":0.0,
  "total_transmitted_bits_accepted":2819137266.0064983368,
  "avg_transmitted_bits_per_accepted":1997971.1311172915,
  "total_split_transmitted_bits_accepted":931505227.1246156693,
  "avg_split_transmitted_bits_per_accepted":660173.7966864746,
  "avg_split_overhead_ratio_accepted":7.853224842e-18,
  "p95_split_overhead_ratio_accepted":4.943414045e-17,
  "rga_accepted_total":1442,
  "rga_rejected_total":0,
  "rga_rejection_ratio":0.0,
  "mdca_rejected_total":31,
  "mdca_capacity_rejected_total":11,
  "mdca_reliability_rejected_total":2,
  "mdca_qos_rejected_total":18,
  "mdca_rejection_ratio":0.0214979196,
  "capacity_rejection_ratio":0.007628294,
  "reliability_rejection_ratio":0.0013869626,
  "qos_rejected_total":18,
  "qos_rejection_ratio":0.012482663
}