{
  "algo":"mdca",
  "region":"Arizona",
  "time_slots":120,
  "arrival_rate":12.0,
  "mean_service_time":9.0,
  "seed":3,
  "trace_seed":267331371754759733,
  "algo_seed":18087234375462464239,
  "trace_hash":"495a83f6d61080abe94f23900eea91ae8443f3d505ec321577d3acf537aaab51",
  "arrivals_per_slot":[
    12,
    11,
    15,
    16,
    8,
    13,
    10,
    6,
    15,
    10,
    7,
    15,
    11,
    15,
    9,
    7,
    15,
    10,
    12,
    14,
    7,
    11,
    6,
    9,
    5,
    11,
    8,
    13,
    10,
    8,
    11,
    9,
    11,
    10,
    11,
    10,
    12,
    11,
    11,
    24,
    8,
    16,
    8,
    19,
    10,
    9,
    11,
    16,
    17,
    9,
    18,
    8,
    10,
    13,
    15,
    15,
    16,
    11,
    6,
    13,
    13,
    12,
    10,
    14,
    15,
    9,
    9,
    21,
    19,
    14,
    12,
    10,
    16,
    10,
    11,
    11,
    15,
    17,
    12,
    10,
    11,
    10,
    6,
    10,
    11,
    14,
    15,
    6,
    16,
    8,
    12,
    7,
    12,
    8,
    21,
    15,
    15,
    9,
    18,
    12,
    8,
    12,
    9,
    7,
    13,
    11,
    18,
    10,
    13,
    10,
    9,
    16,
    13,
    15,
    8,
    12,
    11,
    12,
    9,
    15
  ],
  "diversity":true,
  "p_split":0.3,
  "split_reliability_mode":"identical_active_pool",
  "mechanism":null,
  "fixed_sfc_len":null,
  "fixed_reliability":0.96,
  "max_backup_level":2,
  "explicit_split_replicas":true,
  "split_enforce_distinct":false,
  "strict_split_resource_ablation":false,
  "split_replica_resource_scale":1.0,
  "cap_base_min":500,
  "cap_base_max":700,
  "cap_scale":0.2,
  "total_arrivals":1414,
  "total_accepted":1402,
  "total_rejected":12,
  "acceptance_ratio":0.9915134371,
  "avg_cost_per_arrival":27.0987949626,
  "total_cost":38317.6960771592,
  "total_cost_resource":22617.6960771593,
  "avg_cost_per_accepted":27.3307389994,
  "final_utilization":0.3419137827,
  "avg_utilization_over_time":0.2726249547,
  "avg_leftover_capacity_sum_over_time":274398.7444444445,
  "final_leftover_capacity_sum":248259.8666666667,
  "final_leftover_capacity_min":0.4,
  "final_leftover_capacity_max":2542.2,
  "final_leftover_capacity_avg":790.6365180467,
  "avg_e2e_delay_accepted":0.0702045792,
  "p95_e2e_delay_accepted":0.1360766446,
  "avg_access_delay_accepted":0.0081074561,
  "avg_processing_delay_accepted":0.04384984,
  "avg_network_delay_accepted":0.0146633655,
  "avg_split_proc_overhead_accepted":5.725701059e-19,
  "avg_split_net_overhead_accepted":0.0,
  "total_transmitted_bits_accepted":2444501424.5913286209,
  "avg_transmitted_bits_per_accepted":1743581.6152577237,
  "total_split_transmitted_bits_accepted":550816307.4474300146,
  "avg_split_transmitted_bits_per_accepted":392878.9639425321,
  "avg_split_overhead_ratio_accepted":7.010982156e-18,
  "p95_split_overhead_ratio_accepted":4.835221535e-17,
  "rga_accepted_total":1414,
  "rga_rejected_total":0,
  "rga_rejection_ratio":0.0,
  "mdca_rejected_total":12,
  "mdca_capacity_rejected_total":0,
  "mdca_reliability_rejected_total":0,
  "mdca_qos_rejected_total":12,
  "mdca_rejection_ratio":0.0084865629,
  "capacity_rejection_ratio":0.0,
  "reliability_rejection_ratio":0.0,
  "qos_rejected_total":12,
  "qos_rejection_ratio":0.0084865629
}