region,fixed_reliability,seed,method,share,share_tag,domain_count,domain_failure_prob,total_accepted,expected_target_satisfaction_ratio,expected_reliability,expected_reliability_loss
Arizona,0.9,3,DMDCA,"0.5,0.5",0p5_0p5,6,0.0,1470,1.0,0.9318767935083185,-3.3306690738754696e-16
Arizona,0.9,3,DMDCA,"0.5,0.5",0p5_0p5,6,0.01,1470,0.9740619775407492,0.9167467266951356,0.01513006681318263
Arizona,0.9,3,DMDCA,"0.5,0.5",0p5_0p5,6,0.03,1470,0.9237580659533529,0.8867069243928674,0.045169869115450845
Arizona,0.9,3,DMDCA,"0.5,0.5",0p5_0p5,6,0.05,1470,0.8754971787946427,0.8569750414430634,0.07490175206525485
Arizona,0.9,3,MDCA,nan,nan,6,0.0,1471,1.0,0.9325975356556836,-1.6653345369377348e-15
Arizona,0.9,3,MDCA,nan,nan,6,0.01,1471,0.9744366649014329,0.9169494559406853,0.0156480797149966
Arizona,0.9,3,MDCA,nan,nan,6,0.03,1471,0.9248607383112383,0.8859588236255966,0.046638712030085294
Arizona,0.9,3,MDCA,nan,nan,6,0.05,1471,0.8772975995071375,0.8553854000017421,0.0772121356539398
