region,fixed_reliability,seed,method,share,share_tag,domain_count,domain_failure_prob,total_accepted,expected_target_satisfaction_ratio,expected_reliability,expected_reliability_loss
Alabama,0.95,4,DMDCA,"0.5,0.5",0p5_0p5,6,0.0,1434,1.0,0.9754069261760691,9.992007221626409e-16
Alabama,0.95,4,DMDCA,"0.5,0.5",0p5_0p5,6,0.01,1434,0.9715747114515438,0.9632468979789631,0.012160028197106931
Alabama,0.95,4,DMDCA,"0.5,0.5",0p5_0p5,6,0.03,1434,0.9166878849056523,0.938785577847671,0.03662134832839903
Alabama,0.95,4,DMDCA,"0.5,0.5",0p5_0p5,6,0.05,1434,0.8643389765733962,0.9141617354099242,0.061245190766145874
Alabama,0.95,4,MDCA,nan,nan,6,0.0,1443,1.0,0.9738039496707228,1.1102230246251565e-16
Alabama,0.95,4,MDCA,nan,nan,6,0.01,1443,0.9713813306236403,0.9599970654161478,0.013806884254575102
Alabama,0.95,4,MDCA,nan,nan,6,0.03,1443,0.9161562148545924,0.9323976613507496,0.04140628831997328
Alabama,0.95,4,MDCA,nan,nan,6,0.05,1443,0.8635294567849101,0.9048398554438839,0.06896409422683902
