{
  "algo":"random",
  "region":"Arizona",
  "time_slots":120,
  "arrival_rate":12.0,
  "mean_service_time":9.0,
  "seed":1,
  "trace_seed":11501364009196022035,
  "algo_seed":7453658633815173617,
  "trace_hash":"4576f635e0ac4943e01714656a873e12cdf476e406c490c074229536d9706c0e",
  "arrivals_per_slot":[
    11,
    11,
    6,
    12,
    17,
    16,
    12,
    10,
    7,
    8,
    7,
    14,
    9,
    12,
    9,
    15,
    15,
    10,
    11,
    11,
    12,
    10,
    11,
    10,
    11,
    13,
    13,
    10,
    16,
    15,
    14,
    10,
    15,
    12,
    15,
    7,
    10,
    4,
    9,
    12,
    12,
    9,
    9,
    16,
    13,
    12,
    13,
    7,
    15,
    5,
    11,
    8,
    11,
    6,
    11,
    9,
    11,
    10,
    17,
    13,
    10,
    5,
    13,
    11,
    9,
    12,
    16,
    13,
    10,
    10,
    10,
    16,
    9,
    15,
    10,
    10,
    20,
    17,
    19,
    14,
    10,
    7,
    10,
    11,
    9,
    9,
    12,
    10,
    6,
    10,
    19,
    10,
    11,
    12,
    13,
    13,
    10,
    10,
    13,
    18,
    10,
    16,
    12,
    18,
    21,
    14,
    14,
    12,
    13,
    12,
    13,
    14,
    10,
    16,
    8,
    9,
    11,
    10,
    13,
    9
  ],
  "diversity":false,
  "p_split":null,
  "split_reliability_mode":null,
  "mechanism":null,
  "fixed_sfc_len":null,
  "fixed_reliability":0.98,
  "max_backup_level":2,
  "explicit_split_replicas":false,
  "split_enforce_distinct":false,
  "strict_split_resource_ablation":false,
  "split_replica_resource_scale":1.0,
  "cap_base_min":500,
  "cap_base_max":700,
  "cap_scale":0.2,
  "total_arrivals":1397,
  "total_accepted":1385,
  "total_rejected":12,
  "acceptance_ratio":0.9914101646,
  "avg_cost_per_arrival":65.0849945419,
  "total_cost":90923.737374965,
  "total_cost_resource":69962.737374965,
  "avg_cost_per_accepted":65.648907852,
  "final_utilization":0.450353822,
  "avg_utilization_over_time":0.4245206302,
  "avg_leftover_capacity_sum_over_time":215474.2083333334,
  "final_leftover_capacity_sum":205801.6,
  "final_leftover_capacity_min":4.2,
  "final_leftover_capacity_max":1939.2,
  "final_leftover_capacity_avg":655.4191082803,
  "avg_e2e_delay_accepted":0.0641145757,
  "p95_e2e_delay_accepted":0.1269533188,
  "avg_access_delay_accepted":0.0080588108,
  "avg_processing_delay_accepted":0.0468834112,
  "avg_network_delay_accepted":0.0091723538,
  "avg_split_proc_overhead_accepted":0.0,
  "avg_split_net_overhead_accepted":0.0,
  "total_transmitted_bits_accepted":2000645649.2105405331,
  "avg_transmitted_bits_per_accepted":1444509.4940148308,
  "total_split_transmitted_bits_accepted":0.0,
  "avg_split_transmitted_bits_per_accepted":0.0,
  "avg_split_overhead_ratio_accepted":0.0,
  "p95_split_overhead_ratio_accepted":0.0,
  "rga_accepted_total":1397,
  "rga_rejected_total":0,
  "rga_rejection_ratio":0.0,
  "mdca_rejected_total":12,
  "mdca_capacity_rejected_total":0,
  "mdca_reliability_rejected_total":0,
  "mdca_qos_rejected_total":12,
  "mdca_rejection_ratio":0.0085898354,
  "capacity_rejection_ratio":0.0,
  "reliability_rejection_ratio":0.0,
  "qos_rejected_total":12,
  "qos_rejection_ratio":0.0085898354
}