{
  "algo":"mdca",
  "region":"Alabama",
  "time_slots":120,
  "arrival_rate":12.0,
  "mean_service_time":9.0,
  "seed":4,
  "trace_seed":17578525410051175883,
  "algo_seed":4574233998141395180,
  "trace_hash":"0e01fc30136272f667096976373c298805b3e3f28898d4bd09653a8fe3769148",
  "arrivals_per_slot":[
    15,
    9,
    15,
    9,
    15,
    15,
    13,
    7,
    11,
    18,
    10,
    13,
    16,
    12,
    16,
    9,
    10,
    9,
    10,
    20,
    8,
    14,
    11,
    10,
    9,
    10,
    6,
    19,
    9,
    7,
    18,
    9,
    8,
    16,
    19,
    15,
    13,
    5,
    9,
    7,
    16,
    16,
    18,
    15,
    13,
    11,
    13,
    16,
    10,
    13,
    10,
    11,
    13,
    12,
    11,
    10,
    5,
    12,
    9,
    10,
    8,
    12,
    12,
    11,
    11,
    14,
    9,
    12,
    8,
    10,
    12,
    15,
    15,
    7,
    11,
    4,
    17,
    4,
    7,
    9,
    10,
    14,
    14,
    10,
    14,
    16,
    13,
    10,
    17,
    16,
    7,
    15,
    7,
    14,
    13,
    12,
    18,
    15,
    7,
    5,
    16,
    7,
    10,
    12,
    7,
    18,
    11,
    11,
    10,
    9,
    11,
    17,
    12,
    11,
    13,
    14,
    7,
    16,
    12,
    9
  ],
  "diversity":true,
  "p_split":0.3,
  "split_reliability_mode":"identical_active_pool",
  "mechanism":null,
  "fixed_sfc_len":null,
  "fixed_reliability":0.98,
  "max_backup_level":2,
  "explicit_split_replicas":true,
  "split_enforce_distinct":false,
  "strict_split_resource_ablation":false,
  "split_replica_resource_scale":1.0,
  "cap_base_min":500,
  "cap_base_max":700,
  "cap_scale":0.2,
  "total_arrivals":1406,
  "total_accepted":1392,
  "total_rejected":14,
  "acceptance_ratio":0.9900426743,
  "avg_cost_per_arrival":39.8743722117,
  "total_cost":56063.3673296607,
  "total_cost_resource":38946.3673296607,
  "avg_cost_per_accepted":40.2754075644,
  "final_utilization":0.7330378997,
  "avg_utilization_over_time":0.6439140632,
  "avg_leftover_capacity_sum_over_time":61614.9027777778,
  "final_leftover_capacity_sum":46193.4666666667,
  "final_leftover_capacity_min":1.7333333333,
  "final_leftover_capacity_max":2408.0,
  "final_leftover_capacity_avg":337.1785888078,
  "avg_e2e_delay_accepted":0.0687626606,
  "p95_e2e_delay_accepted":0.1342864444,
  "avg_access_delay_accepted":0.0080760104,
  "avg_processing_delay_accepted":0.0444933334,
  "avg_network_delay_accepted":0.0127407096,
  "avg_split_proc_overhead_accepted":5.109458514e-19,
  "avg_split_net_overhead_accepted":0.0,
  "total_transmitted_bits_accepted":2460896387.9330239296,
  "avg_transmitted_bits_per_accepted":1767885.3361587815,
  "total_split_transmitted_bits_accepted":553894771.6128611565,
  "avg_split_transmitted_bits_per_accepted":397912.9106414233,
  "avg_split_overhead_ratio_accepted":6.717022788e-18,
  "p95_split_overhead_ratio_accepted":4.317541739e-17,
  "rga_accepted_total":1406,
  "rga_rejected_total":0,
  "rga_rejection_ratio":0.0,
  "mdca_rejected_total":14,
  "mdca_capacity_rejected_total":0,
  "mdca_reliability_rejected_total":0,
  "mdca_qos_rejected_total":14,
  "mdca_rejection_ratio":0.0099573257,
  "capacity_rejection_ratio":0.0,
  "reliability_rejection_ratio":0.0,
  "qos_rejected_total":14,
  "qos_rejection_ratio":0.0099573257
}