{
  "algo":"random",
  "region":"Alabama",
  "time_slots":120,
  "arrival_rate":5.0,
  "mean_service_time":9.0,
  "seed":2,
  "trace_seed":14635432700816786615,
  "algo_seed":13852390656172401847,
  "trace_hash":"be1c8a0622da0de199c2b5663ccf65c8f96ae8e6e9a7ae3f0db265c31b19052b",
  "arrivals_per_slot":[
    3,
    6,
    6,
    4,
    7,
    3,
    5,
    2,
    3,
    5,
    3,
    7,
    2,
    7,
    6,
    3,
    2,
    5,
    7,
    9,
    8,
    6,
    2,
    5,
    7,
    2,
    5,
    5,
    3,
    7,
    7,
    4,
    4,
    8,
    5,
    3,
    4,
    4,
    5,
    7,
    7,
    4,
    5,
    4,
    7,
    3,
    3,
    5,
    4,
    5,
    10,
    4,
    1,
    5,
    5,
    4,
    5,
    0,
    6,
    8,
    5,
    7,
    6,
    1,
    7,
    3,
    4,
    4,
    7,
    5,
    2,
    5,
    5,
    1,
    8,
    3,
    9,
    2,
    8,
    7,
    3,
    4,
    5,
    6,
    8,
    10,
    7,
    5,
    4,
    4,
    3,
    6,
    6,
    2,
    2,
    12,
    8,
    4,
    6,
    7,
    7,
    4,
    6,
    5,
    4,
    4,
    3,
    6,
    5,
    12,
    5,
    3,
    13,
    5,
    3,
    6,
    2,
    3,
    6,
    3
  ],
  "diversity":false,
  "p_split":null,
  "split_reliability_mode":null,
  "mechanism":null,
  "fixed_sfc_len":null,
  "fixed_reliability":null,
  "max_backup_level":2,
  "explicit_split_replicas":false,
  "split_enforce_distinct":false,
  "strict_split_resource_ablation":false,
  "split_replica_resource_scale":1.0,
  "cap_base_min":500,
  "cap_base_max":700,
  "cap_scale":0.2,
  "total_arrivals":607,
  "total_accepted":599,
  "total_rejected":8,
  "acceptance_ratio":0.9868204283,
  "avg_cost_per_arrival":61.4413968282,
  "total_cost":37294.9278747221,
  "total_cost_resource":28707.9278747221,
  "avg_cost_per_accepted":62.2619830964,
  "final_utilization":0.3445737669,
  "avg_utilization_over_time":0.3359239704,
  "avg_leftover_capacity_sum_over_time":116291.5333333334,
  "final_leftover_capacity_sum":114776.8,
  "final_leftover_capacity_min":8.2,
  "final_leftover_capacity_max":2153.6,
  "final_leftover_capacity_avg":837.7868613139,
  "avg_e2e_delay_accepted":0.063622055,
  "p95_e2e_delay_accepted":0.121154398,
  "avg_access_delay_accepted":0.0079659512,
  "avg_processing_delay_accepted":0.0474266314,
  "avg_network_delay_accepted":0.0082294724,
  "avg_split_proc_overhead_accepted":0.0,
  "avg_split_net_overhead_accepted":0.0,
  "total_transmitted_bits_accepted":918652194.4782574177,
  "avg_transmitted_bits_per_accepted":1533643.0625680424,
  "total_split_transmitted_bits_accepted":0.0,
  "avg_split_transmitted_bits_per_accepted":0.0,
  "avg_split_overhead_ratio_accepted":0.0,
  "p95_split_overhead_ratio_accepted":0.0,
  "rga_accepted_total":607,
  "rga_rejected_total":0,
  "rga_rejection_ratio":0.0,
  "mdca_rejected_total":8,
  "mdca_capacity_rejected_total":0,
  "mdca_reliability_rejected_total":0,
  "mdca_qos_rejected_total":8,
  "mdca_rejection_ratio":0.0131795717,
  "capacity_rejection_ratio":0.0,
  "reliability_rejection_ratio":0.0,
  "qos_rejected_total":8,
  "qos_rejection_ratio":0.0131795717
}