{
  "algo":"random",
  "region":"Arizona",
  "time_slots":120,
  "arrival_rate":20.0,
  "mean_service_time":9.0,
  "seed":2,
  "trace_seed":16968534855460299654,
  "algo_seed":8689418211928376907,
  "trace_hash":"aec8defc56581ba43590c2980f8c42ca02e150b537da20ec652a59d57a74e320",
  "arrivals_per_slot":[
    13,
    15,
    22,
    18,
    24,
    23,
    18,
    17,
    25,
    32,
    25,
    26,
    26,
    19,
    31,
    13,
    22,
    14,
    23,
    21,
    19,
    30,
    16,
    31,
    17,
    22,
    23,
    33,
    25,
    21,
    17,
    14,
    19,
    17,
    18,
    25,
    26,
    15,
    19,
    21,
    21,
    21,
    18,
    27,
    24,
    16,
    22,
    15,
    29,
    23,
    19,
    26,
    26,
    20,
    17,
    17,
    15,
    16,
    21,
    15,
    23,
    25,
    25,
    16,
    23,
    25,
    19,
    18,
    31,
    18,
    20,
    15,
    25,
    18,
    21,
    36,
    17,
    22,
    11,
    17,
    19,
    25,
    23,
    18,
    23,
    13,
    15,
    15,
    18,
    17,
    18,
    17,
    19,
    15,
    19,
    26,
    23,
    32,
    28,
    23,
    15,
    26,
    27,
    12,
    19,
    12,
    23,
    17,
    15,
    26,
    18,
    22,
    23,
    18,
    23,
    16,
    37,
    18,
    23,
    24
  ],
  "diversity":false,
  "p_split":null,
  "split_reliability_mode":null,
  "mechanism":null,
  "fixed_sfc_len":null,
  "fixed_reliability":null,
  "max_backup_level":2,
  "explicit_split_replicas":false,
  "split_enforce_distinct":false,
  "strict_split_resource_ablation":false,
  "split_replica_resource_scale":1.0,
  "cap_base_min":500,
  "cap_base_max":700,
  "cap_scale":0.2,
  "total_arrivals":2508,
  "total_accepted":2482,
  "total_rejected":26,
  "acceptance_ratio":0.9896331738,
  "avg_cost_per_arrival":57.8065547053,
  "total_cost":144978.8392007741,
  "total_cost_resource":110939.839200774,
  "avg_cost_per_accepted":58.4121028206,
  "final_utilization":0.7602724936,
  "avg_utilization_over_time":0.6779430611,
  "avg_leftover_capacity_sum_over_time":122301.7666666667,
  "final_leftover_capacity_sum":91037.0,
  "final_leftover_capacity_min":2.0,
  "final_leftover_capacity_max":1288.0,
  "final_leftover_capacity_avg":289.9267515924,
  "avg_e2e_delay_accepted":0.0643372156,
  "p95_e2e_delay_accepted":0.1262847164,
  "avg_access_delay_accepted":0.0080881071,
  "avg_processing_delay_accepted":0.0469000665,
  "avg_network_delay_accepted":0.0093490421,
  "avg_split_proc_overhead_accepted":0.0,
  "avg_split_net_overhead_accepted":0.0,
  "total_transmitted_bits_accepted":3700998081.3402471542,
  "avg_transmitted_bits_per_accepted":1491135.4074698819,
  "total_split_transmitted_bits_accepted":0.0,
  "avg_split_transmitted_bits_per_accepted":0.0,
  "avg_split_overhead_ratio_accepted":0.0,
  "p95_split_overhead_ratio_accepted":0.0,
  "rga_accepted_total":2508,
  "rga_rejected_total":0,
  "rga_rejection_ratio":0.0,
  "mdca_rejected_total":26,
  "mdca_capacity_rejected_total":0,
  "mdca_reliability_rejected_total":0,
  "mdca_qos_rejected_total":26,
  "mdca_rejection_ratio":0.0103668262,
  "capacity_rejection_ratio":0.0,
  "reliability_rejection_ratio":0.0,
  "qos_rejected_total":26,
  "qos_rejection_ratio":0.0103668262
}