{
  "algo":"random",
  "region":"Arizona",
  "time_slots":120,
  "arrival_rate":25.0,
  "mean_service_time":9.0,
  "seed":2,
  "trace_seed":3336211089843640872,
  "algo_seed":8689418211928376907,
  "trace_hash":"a5664ca5ac225b2ae2292522c14e59c66667db8d23f26d4230399b06d0d43a1f",
  "arrivals_per_slot":[
    27,
    19,
    28,
    15,
    28,
    25,
    34,
    31,
    25,
    23,
    19,
    28,
    18,
    31,
    25,
    18,
    22,
    32,
    28,
    18,
    24,
    35,
    27,
    24,
    35,
    21,
    20,
    22,
    21,
    34,
    23,
    20,
    31,
    22,
    33,
    26,
    21,
    26,
    25,
    26,
    19,
    23,
    26,
    29,
    29,
    27,
    20,
    18,
    25,
    28,
    29,
    24,
    26,
    29,
    35,
    24,
    20,
    26,
    25,
    23,
    24,
    26,
    27,
    21,
    18,
    25,
    20,
    37,
    22,
    26,
    19,
    26,
    25,
    19,
    33,
    27,
    28,
    16,
    25,
    23,
    23,
    36,
    19,
    32,
    28,
    26,
    26,
    20,
    18,
    26,
    20,
    26,
    30,
    23,
    29,
    27,
    18,
    25,
    24,
    24,
    27,
    25,
    29,
    31,
    31,
    22,
    25,
    25,
    23,
    34,
    20,
    34,
    22,
    26,
    30,
    25,
    20,
    21,
    17,
    28
  ],
  "diversity":false,
  "p_split":null,
  "split_reliability_mode":null,
  "mechanism":null,
  "fixed_sfc_len":null,
  "fixed_reliability":null,
  "max_backup_level":2,
  "explicit_split_replicas":false,
  "split_enforce_distinct":false,
  "strict_split_resource_ablation":false,
  "split_replica_resource_scale":1.0,
  "cap_base_min":500,
  "cap_base_max":700,
  "cap_scale":0.2,
  "total_arrivals":3017,
  "total_accepted":2951,
  "total_rejected":66,
  "acceptance_ratio":0.9781239642,
  "avg_cost_per_arrival":58.76477986,
  "total_cost":177293.3408375735,
  "total_cost_resource":136430.3408375735,
  "avg_cost_per_accepted":60.079071785,
  "final_utilization":0.842554743,
  "avg_utilization_over_time":0.8018998208,
  "avg_leftover_capacity_sum_over_time":75629.6166666667,
  "final_leftover_capacity_sum":60108.6,
  "final_leftover_capacity_min":0.4,
  "final_leftover_capacity_max":1158.0,
  "final_leftover_capacity_avg":191.4286624204,
  "avg_e2e_delay_accepted":0.0652576159,
  "p95_e2e_delay_accepted":0.1289408262,
  "avg_access_delay_accepted":0.007998947,
  "avg_processing_delay_accepted":0.0479682143,
  "avg_network_delay_accepted":0.0092904545,
  "avg_split_proc_overhead_accepted":0.0,
  "avg_split_net_overhead_accepted":0.0,
  "total_transmitted_bits_accepted":4395638171.3219089508,
  "avg_transmitted_bits_per_accepted":1489541.9082758077,
  "total_split_transmitted_bits_accepted":0.0,
  "avg_split_transmitted_bits_per_accepted":0.0,
  "avg_split_overhead_ratio_accepted":0.0,
  "p95_split_overhead_ratio_accepted":0.0,
  "rga_accepted_total":3017,
  "rga_rejected_total":0,
  "rga_rejection_ratio":0.0,
  "mdca_rejected_total":66,
  "mdca_capacity_rejected_total":48,
  "mdca_reliability_rejected_total":0,
  "mdca_qos_rejected_total":18,
  "mdca_rejection_ratio":0.0218760358,
  "capacity_rejection_ratio":0.0159098442,
  "reliability_rejection_ratio":0.0,
  "qos_rejected_total":18,
  "qos_rejection_ratio":0.0059661916
}