{
  "algo":"mdca",
  "region":"Arizona",
  "time_slots":120,
  "arrival_rate":20.0,
  "mean_service_time":9.0,
  "seed":2,
  "trace_seed":5832469114256066500,
  "algo_seed":12017847392608320075,
  "trace_hash":"777fe8c147678823f90c1b0f343d1361a9195e52c3666fab1fcf01fa625ebb52",
  "arrivals_per_slot":[
    19,
    28,
    18,
    17,
    22,
    24,
    27,
    18,
    24,
    12,
    24,
    25,
    13,
    30,
    18,
    22,
    21,
    34,
    23,
    22,
    22,
    22,
    19,
    22,
    16,
    15,
    17,
    27,
    17,
    18,
    25,
    19,
    20,
    20,
    18,
    19,
    14,
    21,
    18,
    15,
    25,
    14,
    17,
    22,
    23,
    25,
    19,
    19,
    29,
    16,
    25,
    23,
    21,
    22,
    18,
    26,
    28,
    31,
    23,
    27,
    25,
    26,
    14,
    19,
    13,
    21,
    21,
    16,
    22,
    28,
    21,
    19,
    13,
    22,
    16,
    17,
    21,
    20,
    19,
    19,
    15,
    18,
    18,
    17,
    22,
    20,
    13,
    18,
    23,
    16,
    23,
    23,
    21,
    15,
    19,
    25,
    22,
    16,
    21,
    25,
    22,
    23,
    26,
    18,
    18,
    21,
    18,
    17,
    20,
    16,
    22,
    21,
    18,
    28,
    28,
    19,
    15,
    21,
    23,
    21
  ],
  "diversity":false,
  "p_split":null,
  "split_reliability_mode":null,
  "mechanism":null,
  "fixed_sfc_len":1,
  "fixed_reliability":null,
  "max_backup_level":2,
  "explicit_split_replicas":false,
  "split_enforce_distinct":false,
  "strict_split_resource_ablation":false,
  "split_replica_resource_scale":1.0,
  "cap_base_min":500,
  "cap_base_max":700,
  "cap_scale":0.2,
  "total_arrivals":2475,
  "total_accepted":2475,
  "total_rejected":0,
  "acceptance_ratio":1.0,
  "avg_cost_per_arrival":7.3082927591,
  "total_cost":18088.0245788392,
  "total_cost_resource":10745.0245788392,
  "avg_cost_per_accepted":7.3082927591,
  "final_utilization":0.156095386,
  "avg_utilization_over_time":0.1434203912,
  "avg_leftover_capacity_sum_over_time":325828.15,
  "final_leftover_capacity_sum":321006.8,
  "final_leftover_capacity_min":7.4,
  "final_leftover_capacity_max":2500.4,
  "final_leftover_capacity_avg":1022.3146496815,
  "avg_e2e_delay_accepted":0.0242774958,
  "p95_e2e_delay_accepted":0.0538010633,
  "avg_access_delay_accepted":0.0080325737,
  "avg_processing_delay_accepted":0.0162449221,
  "avg_network_delay_accepted":0.0,
  "avg_split_proc_overhead_accepted":0.0,
  "avg_split_net_overhead_accepted":0.0,
  "total_transmitted_bits_accepted":0.0,
  "avg_transmitted_bits_per_accepted":0.0,
  "total_split_transmitted_bits_accepted":0.0,
  "avg_split_transmitted_bits_per_accepted":0.0,
  "avg_split_overhead_ratio_accepted":0.0,
  "p95_split_overhead_ratio_accepted":0.0,
  "rga_accepted_total":2475,
  "rga_rejected_total":0,
  "rga_rejection_ratio":0.0,
  "mdca_rejected_total":0,
  "mdca_capacity_rejected_total":0,
  "mdca_reliability_rejected_total":0,
  "mdca_qos_rejected_total":0,
  "mdca_rejection_ratio":0.0,
  "capacity_rejection_ratio":0.0,
  "reliability_rejection_ratio":0.0,
  "qos_rejected_total":0,
  "qos_rejection_ratio":0.0
}