{
  "algo":"dtsp",
  "region":"Arizona",
  "time_slots":120,
  "arrival_rate":50.0,
  "mean_service_time":9.0,
  "seed":4,
  "trace_seed":15549959129633825643,
  "algo_seed":12873430469308396488,
  "trace_hash":"4a78f5a7663c9be6f39faf7a29aeeb6dae396931e0fa2ef14aedd5ee835a9196",
  "arrivals_per_slot":[
    46,
    49,
    57,
    43,
    50,
    47,
    54,
    53,
    50,
    47,
    51,
    44,
    48,
    42,
    46,
    52,
    62,
    58,
    53,
    44,
    52,
    48,
    47,
    58,
    51,
    62,
    49,
    44,
    54,
    61,
    47,
    47,
    54,
    61,
    50,
    56,
    56,
    39,
    51,
    38,
    54,
    47,
    47,
    58,
    48,
    52,
    58,
    48,
    47,
    53,
    48,
    53,
    49,
    60,
    62,
    45,
    48,
    47,
    52,
    49,
    39,
    66,
    52,
    57,
    40,
    58,
    49,
    34,
    56,
    61,
    50,
    70,
    42,
    50,
    41,
    61,
    46,
    41,
    51,
    42,
    57,
    41,
    41,
    45,
    50,
    47,
    55,
    41,
    45,
    70,
    50,
    42,
    49,
    54,
    52,
    46,
    60,
    60,
    51,
    50,
    47,
    54,
    40,
    45,
    53,
    44,
    55,
    58,
    45,
    56,
    55,
    50,
    44,
    62,
    41,
    62,
    53,
    64,
    56,
    44
  ],
  "diversity":false,
  "p_split":null,
  "split_reliability_mode":null,
  "mechanism":null,
  "fixed_sfc_len":null,
  "fixed_reliability":null,
  "max_backup_level":2,
  "explicit_split_replicas":false,
  "split_enforce_distinct":false,
  "strict_split_resource_ablation":false,
  "split_replica_resource_scale":1.0,
  "cap_base_min":500,
  "cap_base_max":700,
  "cap_scale":0.2,
  "total_arrivals":6086,
  "total_accepted":4514,
  "total_rejected":1572,
  "acceptance_ratio":0.7417022675,
  "avg_cost_per_arrival":34.4773342067,
  "total_cost":209829.0559817916,
  "total_cost_resource":162861.0559817915,
  "avg_cost_per_accepted":46.4840620252,
  "final_utilization":0.9696372846,
  "avg_utilization_over_time":0.942351365,
  "avg_leftover_capacity_sum_over_time":21506.9416666667,
  "final_leftover_capacity_sum":11327.4,
  "final_leftover_capacity_min":0.0,
  "final_leftover_capacity_max":238.2,
  "final_leftover_capacity_avg":36.074522293,
  "avg_e2e_delay_accepted":0.0647371712,
  "p95_e2e_delay_accepted":0.1274484595,
  "avg_access_delay_accepted":0.0080507134,
  "avg_processing_delay_accepted":0.0477381604,
  "avg_network_delay_accepted":0.0089482974,
  "avg_split_proc_overhead_accepted":0.0,
  "avg_split_net_overhead_accepted":0.0,
  "total_transmitted_bits_accepted":6500805661.171462059,
  "avg_transmitted_bits_per_accepted":1440143.0352617328,
  "total_split_transmitted_bits_accepted":0.0,
  "avg_split_transmitted_bits_per_accepted":0.0,
  "avg_split_overhead_ratio_accepted":0.0,
  "p95_split_overhead_ratio_accepted":0.0,
  "rga_accepted_total":6086,
  "rga_rejected_total":0,
  "rga_rejection_ratio":0.0,
  "mdca_rejected_total":1572,
  "mdca_capacity_rejected_total":1538,
  "mdca_reliability_rejected_total":0,
  "mdca_qos_rejected_total":34,
  "mdca_rejection_ratio":0.2582977325,
  "capacity_rejection_ratio":0.2527111403,
  "reliability_rejection_ratio":0.0,
  "qos_rejected_total":34,
  "qos_rejection_ratio":0.0055865922
}