{
  "algo":"mdca",
  "region":"Arizona",
  "time_slots":120,
  "arrival_rate":45.0,
  "mean_service_time":9.0,
  "seed":3,
  "trace_seed":14103769527571417009,
  "algo_seed":18185845460186161846,
  "trace_hash":"79fcd89a236fad666c2c82a07884cd4475d68b68b6b045e8f2a59e6d313b1c33",
  "arrivals_per_slot":[
    46,
    42,
    50,
    52,
    52,
    44,
    46,
    52,
    42,
    47,
    43,
    52,
    50,
    43,
    43,
    40,
    55,
    38,
    46,
    38,
    46,
    55,
    48,
    42,
    52,
    37,
    41,
    38,
    61,
    49,
    45,
    33,
    37,
    42,
    36,
    42,
    50,
    40,
    47,
    48,
    37,
    48,
    47,
    51,
    52,
    45,
    63,
    57,
    32,
    49,
    44,
    43,
    37,
    44,
    42,
    48,
    45,
    34,
    44,
    33,
    48,
    51,
    42,
    31,
    38,
    36,
    41,
    49,
    44,
    49,
    59,
    38,
    53,
    58,
    46,
    40,
    34,
    46,
    33,
    47,
    44,
    56,
    43,
    40,
    53,
    34,
    56,
    38,
    51,
    38,
    55,
    48,
    49,
    53,
    55,
    36,
    37,
    44,
    48,
    49,
    43,
    38,
    34,
    53,
    50,
    44,
    61,
    43,
    60,
    49,
    50,
    53,
    56,
    39,
    34,
    51,
    44,
    48,
    48,
    41
  ],
  "diversity":false,
  "p_split":null,
  "split_reliability_mode":null,
  "mechanism":null,
  "fixed_sfc_len":null,
  "fixed_reliability":null,
  "max_backup_level":2,
  "explicit_split_replicas":false,
  "split_enforce_distinct":false,
  "strict_split_resource_ablation":false,
  "split_replica_resource_scale":1.0,
  "cap_base_min":500,
  "cap_base_max":700,
  "cap_scale":0.2,
  "total_arrivals":5454,
  "total_accepted":4923,
  "total_rejected":531,
  "acceptance_ratio":0.902640264,
  "avg_cost_per_arrival":36.8068295806,
  "total_cost":200744.4485324541,
  "total_cost_resource":151344.4485324541,
  "avg_cost_per_accepted":40.7768532465,
  "final_utilization":0.9666583628,
  "avg_utilization_over_time":0.9274336842,
  "avg_leftover_capacity_sum_over_time":27381.8833333333,
  "final_leftover_capacity_sum":12581.0,
  "final_leftover_capacity_min":0.0,
  "final_leftover_capacity_max":783.4,
  "final_leftover_capacity_avg":40.0668789809,
  "avg_e2e_delay_accepted":0.0628831997,
  "p95_e2e_delay_accepted":0.1255800319,
  "avg_access_delay_accepted":0.0080505961,
  "avg_processing_delay_accepted":0.0467542917,
  "avg_network_delay_accepted":0.0080783119,
  "avg_split_proc_overhead_accepted":0.0,
  "avg_split_net_overhead_accepted":0.0,
  "total_transmitted_bits_accepted":6258431951.1070833206,
  "avg_transmitted_bits_per_accepted":1271263.8535663383,
  "total_split_transmitted_bits_accepted":0.0,
  "avg_split_transmitted_bits_per_accepted":0.0,
  "avg_split_overhead_ratio_accepted":0.0,
  "p95_split_overhead_ratio_accepted":0.0,
  "rga_accepted_total":5454,
  "rga_rejected_total":0,
  "rga_rejection_ratio":0.0,
  "mdca_rejected_total":531,
  "mdca_capacity_rejected_total":486,
  "mdca_reliability_rejected_total":0,
  "mdca_qos_rejected_total":45,
  "mdca_rejection_ratio":0.097359736,
  "capacity_rejection_ratio":0.0891089109,
  "reliability_rejection_ratio":0.0,
  "qos_rejected_total":45,
  "qos_rejection_ratio":0.0082508251
}