{
  "algo":"mdca",
  "region":"Alabama",
  "time_slots":120,
  "arrival_rate":12.0,
  "mean_service_time":9.0,
  "seed":5,
  "trace_seed":10695890487994639630,
  "algo_seed":10056931585136477576,
  "trace_hash":"73a5613a5e1f74c5e48b4b937145fb8e9e2563ba4a9baaf58098f458324dbc9f",
  "arrivals_per_slot":[
    17,
    9,
    9,
    6,
    6,
    15,
    13,
    8,
    18,
    10,
    15,
    10,
    10,
    18,
    11,
    15,
    9,
    14,
    13,
    10,
    8,
    17,
    11,
    10,
    9,
    13,
    11,
    14,
    11,
    14,
    14,
    12,
    11,
    14,
    17,
    13,
    12,
    12,
    12,
    14,
    8,
    12,
    13,
    14,
    6,
    13,
    11,
    10,
    11,
    12,
    6,
    22,
    15,
    15,
    7,
    11,
    15,
    10,
    16,
    7,
    21,
    10,
    14,
    11,
    10,
    9,
    8,
    12,
    15,
    8,
    11,
    10,
    16,
    16,
    16,
    7,
    7,
    11,
    11,
    11,
    10,
    12,
    12,
    14,
    11,
    14,
    17,
    8,
    14,
    14,
    15,
    15,
    20,
    9,
    13,
    12,
    7,
    12,
    11,
    8,
    12,
    11,
    14,
    14,
    15,
    8,
    9,
    15,
    12,
    10,
    12,
    10,
    13,
    10,
    13,
    13,
    9,
    7,
    18,
    16
  ],
  "diversity":false,
  "p_split":null,
  "split_reliability_mode":null,
  "mechanism":null,
  "fixed_sfc_len":null,
  "fixed_reliability":0.99,
  "max_backup_level":2,
  "explicit_split_replicas":false,
  "split_enforce_distinct":false,
  "strict_split_resource_ablation":false,
  "split_replica_resource_scale":1.0,
  "cap_base_min":500,
  "cap_base_max":700,
  "cap_scale":0.2,
  "total_arrivals":1442,
  "total_accepted":1408,
  "total_rejected":34,
  "acceptance_ratio":0.9764216366,
  "avg_cost_per_arrival":50.5432996485,
  "total_cost":72883.438093116,
  "total_cost_resource":53914.4380931159,
  "avg_cost_per_accepted":51.7638054639,
  "final_utilization":0.832007401,
  "avg_utilization_over_time":0.7942697738,
  "avg_leftover_capacity_sum_over_time":35091.775,
  "final_leftover_capacity_sum":28654.8,
  "final_leftover_capacity_min":0.0,
  "final_leftover_capacity_max":1684.8,
  "final_leftover_capacity_avg":209.1591240876,
  "avg_e2e_delay_accepted":0.0618978384,
  "p95_e2e_delay_accepted":0.1220624101,
  "avg_access_delay_accepted":0.0080971656,
  "avg_processing_delay_accepted":0.0461713955,
  "avg_network_delay_accepted":0.0076292772,
  "avg_split_proc_overhead_accepted":0.0,
  "avg_split_net_overhead_accepted":0.0,
  "total_transmitted_bits_accepted":1851183728.5953977108,
  "avg_transmitted_bits_per_accepted":1314761.1708774131,
  "total_split_transmitted_bits_accepted":0.0,
  "avg_split_transmitted_bits_per_accepted":0.0,
  "avg_split_overhead_ratio_accepted":0.0,
  "p95_split_overhead_ratio_accepted":0.0,
  "rga_accepted_total":1442,
  "rga_rejected_total":0,
  "rga_rejection_ratio":0.0,
  "mdca_rejected_total":34,
  "mdca_capacity_rejected_total":20,
  "mdca_reliability_rejected_total":0,
  "mdca_qos_rejected_total":14,
  "mdca_rejection_ratio":0.0235783634,
  "capacity_rejection_ratio":0.0138696255,
  "reliability_rejection_ratio":0.0,
  "qos_rejected_total":14,
  "qos_rejection_ratio":0.0097087379
}