{
  "algo":"random",
  "region":"Alabama",
  "time_slots":120,
  "arrival_rate":20.0,
  "mean_service_time":9.0,
  "seed":1,
  "trace_seed":16768760097479525272,
  "algo_seed":882721028417214257,
  "trace_hash":"9f17194f3c1e1a51d84a2df6a97a8ede46624f8394f28d6a927293c518ae834c",
  "arrivals_per_slot":[
    23,
    23,
    21,
    14,
    23,
    24,
    25,
    22,
    24,
    25,
    24,
    18,
    13,
    21,
    19,
    23,
    31,
    24,
    9,
    12,
    26,
    24,
    22,
    21,
    18,
    26,
    21,
    21,
    22,
    25,
    25,
    20,
    16,
    24,
    14,
    27,
    25,
    19,
    29,
    25,
    19,
    16,
    12,
    21,
    23,
    16,
    26,
    12,
    26,
    17,
    10,
    20,
    16,
    22,
    19,
    17,
    25,
    21,
    19,
    21,
    16,
    25,
    24,
    16,
    29,
    24,
    18,
    19,
    20,
    12,
    18,
    19,
    24,
    20,
    16,
    14,
    20,
    19,
    19,
    26,
    13,
    22,
    27,
    16,
    18,
    18,
    18,
    20,
    15,
    16,
    11,
    14,
    21,
    20,
    12,
    23,
    17,
    19,
    14,
    21,
    24,
    19,
    20,
    16,
    21,
    12,
    11,
    11,
    22,
    19,
    21,
    16,
    18,
    29,
    18,
    19,
    15,
    30,
    20,
    20
  ],
  "diversity":false,
  "p_split":null,
  "split_reliability_mode":null,
  "mechanism":null,
  "fixed_sfc_len":3,
  "fixed_reliability":null,
  "max_backup_level":2,
  "explicit_split_replicas":false,
  "split_enforce_distinct":false,
  "strict_split_resource_ablation":false,
  "split_replica_resource_scale":1.0,
  "cap_base_min":500,
  "cap_base_max":700,
  "cap_scale":0.2,
  "total_arrivals":2380,
  "total_accepted":1656,
  "total_rejected":724,
  "acceptance_ratio":0.6957983193,
  "avg_cost_per_arrival":38.5927460295,
  "total_cost":91850.7355502336,
  "total_cost_resource":69282.7355502337,
  "avg_cost_per_accepted":55.4654200183,
  "final_utilization":0.9372202103,
  "avg_utilization_over_time":0.9123734445,
  "avg_leftover_capacity_sum_over_time":15248.3,
  "final_leftover_capacity_sum":10924.6,
  "final_leftover_capacity_min":0.2,
  "final_leftover_capacity_max":267.0,
  "final_leftover_capacity_avg":79.7416058394,
  "avg_e2e_delay_accepted":0.0651934664,
  "p95_e2e_delay_accepted":0.1105399123,
  "avg_access_delay_accepted":0.0080504588,
  "avg_processing_delay_accepted":0.049150894,
  "avg_network_delay_accepted":0.0079921136,
  "avg_split_proc_overhead_accepted":0.0,
  "avg_split_net_overhead_accepted":0.0,
  "total_transmitted_bits_accepted":2460003714.8229174614,
  "avg_transmitted_bits_per_accepted":1485509.4896273657,
  "total_split_transmitted_bits_accepted":0.0,
  "avg_split_transmitted_bits_per_accepted":0.0,
  "avg_split_overhead_ratio_accepted":0.0,
  "p95_split_overhead_ratio_accepted":0.0,
  "rga_accepted_total":2380,
  "rga_rejected_total":0,
  "rga_rejection_ratio":0.0,
  "mdca_rejected_total":724,
  "mdca_capacity_rejected_total":716,
  "mdca_reliability_rejected_total":0,
  "mdca_qos_rejected_total":8,
  "mdca_rejection_ratio":0.3042016807,
  "capacity_rejection_ratio":0.3008403361,
  "reliability_rejection_ratio":0.0,
  "qos_rejected_total":8,
  "qos_rejection_ratio":0.0033613445
}