{
  "algo":"mdca",
  "region":"Arizona",
  "time_slots":120,
  "arrival_rate":12.0,
  "mean_service_time":9.0,
  "seed":4,
  "trace_seed":18161765676341238694,
  "algo_seed":15539578603428215943,
  "trace_hash":"eb778035eccc50dd61851e611dcf76fea4c13140421f2db3d3f97b843f8afc16",
  "arrivals_per_slot":[
    12,
    13,
    7,
    11,
    16,
    15,
    12,
    17,
    11,
    15,
    17,
    11,
    12,
    18,
    14,
    10,
    12,
    16,
    15,
    11,
    10,
    12,
    17,
    14,
    12,
    9,
    5,
    12,
    13,
    13,
    14,
    7,
    10,
    15,
    18,
    13,
    11,
    6,
    12,
    16,
    13,
    12,
    13,
    15,
    7,
    11,
    14,
    16,
    11,
    19,
    5,
    11,
    16,
    9,
    10,
    13,
    15,
    13,
    11,
    15,
    13,
    8,
    13,
    16,
    12,
    19,
    17,
    14,
    14,
    17,
    10,
    14,
    14,
    13,
    12,
    12,
    13,
    11,
    11,
    11,
    14,
    13,
    8,
    6,
    16,
    8,
    15,
    11,
    16,
    12,
    13,
    11,
    14,
    13,
    16,
    9,
    12,
    20,
    13,
    10,
    10,
    10,
    14,
    7,
    11,
    17,
    15,
    10,
    10,
    14,
    8,
    11,
    10,
    10,
    12,
    14,
    11,
    16,
    9,
    9
  ],
  "diversity":true,
  "p_split":0.3,
  "split_reliability_mode":"identical_active_pool",
  "mechanism":null,
  "fixed_sfc_len":null,
  "fixed_reliability":0.996,
  "max_backup_level":5,
  "explicit_split_replicas":true,
  "split_enforce_distinct":false,
  "strict_split_resource_ablation":false,
  "split_replica_resource_scale":1.0,
  "cap_base_min":500,
  "cap_base_max":700,
  "cap_scale":0.2,
  "total_arrivals":1495,
  "total_accepted":1463,
  "total_rejected":32,
  "acceptance_ratio":0.9785953177,
  "avg_cost_per_arrival":46.6283296962,
  "total_cost":69709.3528958758,
  "total_cost_resource":46810.3528958758,
  "avg_cost_per_accepted":47.6482248092,
  "final_utilization":0.4699201438,
  "avg_utilization_over_time":0.4090464945,
  "avg_leftover_capacity_sum_over_time":221769.7222222222,
  "final_leftover_capacity_sum":198925.4,
  "final_leftover_capacity_min":0.0666666667,
  "final_leftover_capacity_max":2086.4,
  "final_leftover_capacity_avg":633.5203821656,
  "avg_e2e_delay_accepted":0.0706967447,
  "p95_e2e_delay_accepted":0.135152,
  "avg_access_delay_accepted":0.0080781051,
  "avg_processing_delay_accepted":0.0444281731,
  "avg_network_delay_accepted":0.0146585904,
  "avg_split_proc_overhead_accepted":5.315036214e-19,
  "avg_split_net_overhead_accepted":0.0,
  "total_transmitted_bits_accepted":2635047249.255739212,
  "avg_transmitted_bits_per_accepted":1801125.9393409018,
  "total_split_transmitted_bits_accepted":593967531.9514548779,
  "avg_split_transmitted_bits_per_accepted":405992.8448061892,
  "avg_split_overhead_ratio_accepted":6.736366739e-18,
  "p95_split_overhead_ratio_accepted":4.382599694e-17,
  "rga_accepted_total":1495,
  "rga_rejected_total":0,
  "rga_rejection_ratio":0.0,
  "mdca_rejected_total":32,
  "mdca_capacity_rejected_total":0,
  "mdca_reliability_rejected_total":0,
  "mdca_qos_rejected_total":32,
  "mdca_rejection_ratio":0.0214046823,
  "capacity_rejection_ratio":0.0,
  "reliability_rejection_ratio":0.0,
  "qos_rejected_total":32,
  "qos_rejection_ratio":0.0214046823
}