{
  "algo":"dtsp",
  "region":"Alabama",
  "time_slots":120,
  "arrival_rate":20.0,
  "mean_service_time":9.0,
  "seed":4,
  "trace_seed":2441335318451625423,
  "algo_seed":10631498835370800008,
  "trace_hash":"c67127c0cab69ee5f0995873906b7724101267e01d8ee16a891ebe0cf01d2611",
  "arrivals_per_slot":[
    15,
    27,
    17,
    23,
    29,
    21,
    22,
    11,
    19,
    27,
    29,
    19,
    19,
    18,
    20,
    26,
    23,
    23,
    19,
    18,
    22,
    19,
    25,
    18,
    21,
    17,
    31,
    19,
    23,
    26,
    27,
    22,
    24,
    23,
    20,
    19,
    10,
    28,
    24,
    19,
    14,
    17,
    30,
    26,
    8,
    19,
    15,
    20,
    27,
    26,
    16,
    19,
    13,
    15,
    21,
    26,
    17,
    22,
    19,
    18,
    27,
    18,
    8,
    23,
    21,
    10,
    21,
    27,
    15,
    22,
    27,
    16,
    15,
    19,
    22,
    19,
    21,
    13,
    19,
    12,
    21,
    24,
    24,
    22,
    20,
    29,
    16,
    13,
    20,
    13,
    22,
    15,
    21,
    15,
    12,
    20,
    25,
    22,
    26,
    20,
    23,
    20,
    18,
    15,
    13,
    22,
    20,
    21,
    21,
    20,
    23,
    22,
    24,
    26,
    22,
    26,
    21,
    22,
    27,
    25
  ],
  "diversity":false,
  "p_split":null,
  "split_reliability_mode":null,
  "mechanism":null,
  "fixed_sfc_len":2,
  "fixed_reliability":null,
  "max_backup_level":2,
  "explicit_split_replicas":false,
  "split_enforce_distinct":false,
  "strict_split_resource_ablation":false,
  "split_replica_resource_scale":1.0,
  "cap_base_min":500,
  "cap_base_max":700,
  "cap_scale":0.2,
  "total_arrivals":2456,
  "total_accepted":2454,
  "total_rejected":2,
  "acceptance_ratio":0.9991856678,
  "avg_cost_per_arrival":26.7317297138,
  "total_cost":65653.1281771863,
  "total_cost_resource":48928.1281771863,
  "avg_cost_per_accepted":26.7535159646,
  "final_utilization":0.867422702,
  "avg_utilization_over_time":0.7145024732,
  "avg_leftover_capacity_sum_over_time":49564.4833333334,
  "final_leftover_capacity_sum":23016.4,
  "final_leftover_capacity_min":0.2,
  "final_leftover_capacity_max":2372.0,
  "final_leftover_capacity_avg":168.002919708,
  "avg_e2e_delay_accepted":0.0437415212,
  "p95_e2e_delay_accepted":0.0832066482,
  "avg_access_delay_accepted":0.0080718054,
  "avg_processing_delay_accepted":0.0316336838,
  "avg_network_delay_accepted":0.004036032,
  "avg_split_proc_overhead_accepted":0.0,
  "avg_split_net_overhead_accepted":0.0,
  "total_transmitted_bits_accepted":1840569791.0617604256,
  "avg_transmitted_bits_per_accepted":750028.4397154688,
  "total_split_transmitted_bits_accepted":0.0,
  "avg_split_transmitted_bits_per_accepted":0.0,
  "avg_split_overhead_ratio_accepted":0.0,
  "p95_split_overhead_ratio_accepted":0.0,
  "rga_accepted_total":2456,
  "rga_rejected_total":0,
  "rga_rejection_ratio":0.0,
  "mdca_rejected_total":2,
  "mdca_capacity_rejected_total":0,
  "mdca_reliability_rejected_total":0,
  "mdca_qos_rejected_total":2,
  "mdca_rejection_ratio":0.0008143322,
  "capacity_rejection_ratio":0.0,
  "reliability_rejection_ratio":0.0,
  "qos_rejected_total":2,
  "qos_rejection_ratio":0.0008143322
}