{
  "algo":"mdca",
  "region":"Arizona",
  "time_slots":120,
  "arrival_rate":25.0,
  "mean_service_time":9.0,
  "seed":4,
  "trace_seed":933736550052531695,
  "algo_seed":14420759781778004277,
  "trace_hash":"f6c15a5db648f4e6f3ceb7437499f6184b96ef47eae7594a3b9d516001570c7d",
  "arrivals_per_slot":[
    34,
    22,
    26,
    18,
    31,
    31,
    35,
    31,
    24,
    15,
    25,
    25,
    20,
    28,
    28,
    20,
    24,
    18,
    21,
    29,
    29,
    23,
    21,
    22,
    14,
    25,
    22,
    24,
    20,
    29,
    30,
    22,
    23,
    35,
    32,
    23,
    23,
    21,
    22,
    30,
    30,
    35,
    29,
    26,
    33,
    20,
    20,
    16,
    25,
    24,
    18,
    31,
    16,
    23,
    29,
    31,
    29,
    25,
    34,
    22,
    25,
    31,
    20,
    31,
    27,
    27,
    28,
    22,
    25,
    28,
    25,
    20,
    29,
    35,
    16,
    32,
    19,
    22,
    25,
    30,
    21,
    28,
    21,
    34,
    17,
    25,
    28,
    19,
    26,
    20,
    26,
    30,
    28,
    30,
    29,
    24,
    21,
    31,
    24,
    35,
    28,
    28,
    27,
    25,
    19,
    25,
    20,
    28,
    24,
    26,
    25,
    27,
    28,
    31,
    27,
    32,
    25,
    21,
    27,
    20
  ],
  "diversity":false,
  "p_split":null,
  "split_reliability_mode":null,
  "mechanism":null,
  "fixed_sfc_len":null,
  "fixed_reliability":null,
  "max_backup_level":2,
  "explicit_split_replicas":false,
  "split_enforce_distinct":false,
  "strict_split_resource_ablation":false,
  "split_replica_resource_scale":1.0,
  "cap_base_min":500,
  "cap_base_max":700,
  "cap_scale":0.2,
  "total_arrivals":3058,
  "total_accepted":3037,
  "total_rejected":21,
  "acceptance_ratio":0.9931327665,
  "avg_cost_per_arrival":36.1019709052,
  "total_cost":110399.8270279838,
  "total_cost_resource":77692.8270279838,
  "avg_cost_per_accepted":36.3516058703,
  "final_utilization":0.6335214431,
  "avg_utilization_over_time":0.5928302474,
  "avg_leftover_capacity_sum_over_time":154388.9166666667,
  "final_leftover_capacity_sum":138959.8,
  "final_leftover_capacity_min":0.0,
  "final_leftover_capacity_max":2012.8,
  "final_leftover_capacity_avg":442.547133758,
  "avg_e2e_delay_accepted":0.0645213802,
  "p95_e2e_delay_accepted":0.1239558105,
  "avg_access_delay_accepted":0.008083262,
  "avg_processing_delay_accepted":0.0479108111,
  "avg_network_delay_accepted":0.0085273072,
  "avg_split_proc_overhead_accepted":0.0,
  "avg_split_net_overhead_accepted":0.0,
  "total_transmitted_bits_accepted":4108183061.2012453079,
  "avg_transmitted_bits_per_accepted":1352710.9190652766,
  "total_split_transmitted_bits_accepted":0.0,
  "avg_split_transmitted_bits_per_accepted":0.0,
  "avg_split_overhead_ratio_accepted":0.0,
  "p95_split_overhead_ratio_accepted":0.0,
  "rga_accepted_total":3058,
  "rga_rejected_total":0,
  "rga_rejection_ratio":0.0,
  "mdca_rejected_total":21,
  "mdca_capacity_rejected_total":0,
  "mdca_reliability_rejected_total":0,
  "mdca_qos_rejected_total":21,
  "mdca_rejection_ratio":0.0068672335,
  "capacity_rejection_ratio":0.0,
  "reliability_rejection_ratio":0.0,
  "qos_rejected_total":21,
  "qos_rejection_ratio":0.0068672335
}