{
  "algo":"mdca",
  "region":"Arizona",
  "time_slots":120,
  "arrival_rate":12.0,
  "mean_service_time":9.0,
  "seed":1,
  "trace_seed":14522583464663214432,
  "algo_seed":10019704269365662029,
  "trace_hash":"ab436247d448ea617d3a5398fb4f74bc7adb79425366f0140e55632e04e7a18d",
  "arrivals_per_slot":[
    8,
    13,
    16,
    19,
    16,
    15,
    14,
    14,
    11,
    17,
    9,
    16,
    10,
    7,
    8,
    10,
    13,
    13,
    10,
    16,
    21,
    10,
    10,
    9,
    13,
    12,
    6,
    9,
    12,
    13,
    14,
    11,
    5,
    8,
    15,
    14,
    5,
    13,
    15,
    11,
    9,
    10,
    13,
    19,
    6,
    15,
    9,
    11,
    18,
    8,
    11,
    14,
    13,
    10,
    13,
    16,
    17,
    4,
    8,
    13,
    15,
    6,
    15,
    12,
    11,
    12,
    12,
    16,
    11,
    10,
    12,
    17,
    11,
    12,
    14,
    15,
    9,
    8,
    18,
    8,
    14,
    9,
    15,
    14,
    10,
    9,
    11,
    11,
    13,
    15,
    13,
    14,
    18,
    11,
    9,
    17,
    12,
    9,
    14,
    21,
    6,
    5,
    8,
    12,
    13,
    13,
    18,
    6,
    13,
    5,
    13,
    15,
    12,
    4,
    7,
    9,
    9,
    17,
    12,
    7
  ],
  "diversity":true,
  "p_split":0.3,
  "split_reliability_mode":"identical_active_pool",
  "mechanism":null,
  "fixed_sfc_len":null,
  "fixed_reliability":0.996,
  "max_backup_level":3,
  "explicit_split_replicas":true,
  "split_enforce_distinct":false,
  "strict_split_resource_ablation":false,
  "split_replica_resource_scale":1.0,
  "cap_base_min":500,
  "cap_base_max":700,
  "cap_scale":0.2,
  "total_arrivals":1425,
  "total_accepted":1404,
  "total_rejected":21,
  "acceptance_ratio":0.9852631579,
  "avg_cost_per_arrival":45.0313740428,
  "total_cost":64169.7080110368,
  "total_cost_resource":42601.7080110368,
  "avg_cost_per_accepted":45.7049202358,
  "final_utilization":0.3833217221,
  "avg_utilization_over_time":0.416410467,
  "avg_leftover_capacity_sum_over_time":219137.4027777778,
  "final_leftover_capacity_sum":231562.2000000001,
  "final_leftover_capacity_min":0.1333333333,
  "final_leftover_capacity_max":2473.8,
  "final_leftover_capacity_avg":737.4592356688,
  "avg_e2e_delay_accepted":0.0701849527,
  "p95_e2e_delay_accepted":0.1330487969,
  "avg_access_delay_accepted":0.0080857315,
  "avg_processing_delay_accepted":0.0436890238,
  "avg_network_delay_accepted":0.0147166042,
  "avg_split_proc_overhead_accepted":6.221034688e-19,
  "avg_split_net_overhead_accepted":0.0,
  "total_transmitted_bits_accepted":2559250549.7072820663,
  "avg_transmitted_bits_per_accepted":1822828.0268570385,
  "total_split_transmitted_bits_accepted":584618057.6132819653,
  "avg_split_transmitted_bits_per_accepted":416394.627929688,
  "avg_split_overhead_ratio_accepted":7.67391984e-18,
  "p95_split_overhead_ratio_accepted":4.910998323e-17,
  "rga_accepted_total":1425,
  "rga_rejected_total":0,
  "rga_rejection_ratio":0.0,
  "mdca_rejected_total":21,
  "mdca_capacity_rejected_total":0,
  "mdca_reliability_rejected_total":0,
  "mdca_qos_rejected_total":21,
  "mdca_rejection_ratio":0.0147368421,
  "capacity_rejection_ratio":0.0,
  "reliability_rejection_ratio":0.0,
  "qos_rejected_total":21,
  "qos_rejection_ratio":0.0147368421
}