{
  "algo":"dtsp",
  "region":"Alabama",
  "time_slots":120,
  "arrival_rate":20.0,
  "mean_service_time":9.0,
  "seed":2,
  "trace_seed":6284556952252802705,
  "algo_seed":13203952052646951863,
  "trace_hash":"51195e1b87a21fb64ab86a26e290bb53dddd8a3507eb1b1ebcc29b234e70aa63",
  "arrivals_per_slot":[
    26,
    19,
    24,
    19,
    23,
    17,
    14,
    24,
    16,
    22,
    24,
    20,
    29,
    13,
    21,
    22,
    24,
    25,
    19,
    30,
    23,
    22,
    14,
    19,
    23,
    22,
    17,
    26,
    20,
    19,
    27,
    9,
    14,
    24,
    16,
    22,
    27,
    19,
    24,
    19,
    19,
    23,
    27,
    21,
    17,
    24,
    17,
    28,
    23,
    22,
    16,
    24,
    19,
    24,
    18,
    15,
    19,
    27,
    17,
    26,
    20,
    22,
    30,
    25,
    15,
    17,
    23,
    21,
    21,
    23,
    21,
    17,
    29,
    26,
    11,
    19,
    17,
    28,
    19,
    21,
    27,
    17,
    26,
    24,
    15,
    17,
    22,
    14,
    18,
    14,
    17,
    21,
    17,
    20,
    29,
    18,
    25,
    23,
    20,
    19,
    27,
    21,
    33,
    21,
    28,
    20,
    15,
    27,
    21,
    18,
    33,
    14,
    20,
    18,
    28,
    14,
    10,
    18,
    21,
    19
  ],
  "diversity":false,
  "p_split":null,
  "split_reliability_mode":null,
  "mechanism":null,
  "fixed_sfc_len":3,
  "fixed_reliability":null,
  "max_backup_level":2,
  "explicit_split_replicas":false,
  "split_enforce_distinct":false,
  "strict_split_resource_ablation":false,
  "split_replica_resource_scale":1.0,
  "cap_base_min":500,
  "cap_base_max":700,
  "cap_scale":0.2,
  "total_arrivals":2517,
  "total_accepted":2043,
  "total_rejected":474,
  "acceptance_ratio":0.8116805721,
  "avg_cost_per_arrival":35.2217423488,
  "total_cost":88653.1254918342,
  "total_cost_resource":66627.1254918342,
  "avg_cost_per_accepted":43.3936003386,
  "final_utilization":0.9706529477,
  "avg_utilization_over_time":0.9243303286,
  "avg_leftover_capacity_sum_over_time":13117.05,
  "final_leftover_capacity_sum":5087.2,
  "final_leftover_capacity_min":0.0,
  "final_leftover_capacity_max":170.0,
  "final_leftover_capacity_avg":37.1328467153,
  "avg_e2e_delay_accepted":0.0654490941,
  "p95_e2e_delay_accepted":0.1150459408,
  "avg_access_delay_accepted":0.008081976,
  "avg_processing_delay_accepted":0.0492874426,
  "avg_network_delay_accepted":0.0080796755,
  "avg_split_proc_overhead_accepted":0.0,
  "avg_split_net_overhead_accepted":0.0,
  "total_transmitted_bits_accepted":3071419003.8077349663,
  "avg_transmitted_bits_per_accepted":1503386.6881095129,
  "total_split_transmitted_bits_accepted":0.0,
  "avg_split_transmitted_bits_per_accepted":0.0,
  "avg_split_overhead_ratio_accepted":0.0,
  "p95_split_overhead_ratio_accepted":0.0,
  "rga_accepted_total":2517,
  "rga_rejected_total":0,
  "rga_rejection_ratio":0.0,
  "mdca_rejected_total":474,
  "mdca_capacity_rejected_total":462,
  "mdca_reliability_rejected_total":0,
  "mdca_qos_rejected_total":12,
  "mdca_rejection_ratio":0.1883194279,
  "capacity_rejection_ratio":0.1835518474,
  "reliability_rejection_ratio":0.0,
  "qos_rejected_total":12,
  "qos_rejection_ratio":0.0047675805
}