{
  "algo":"mdca",
  "region":"Arizona",
  "time_slots":120,
  "arrival_rate":20.0,
  "mean_service_time":9.0,
  "seed":4,
  "trace_seed":7610253428199730607,
  "algo_seed":9982702643186365209,
  "trace_hash":"6854f14eca566bed6747b06403f8640f03277a89808ea48b109383ec93e48589",
  "arrivals_per_slot":[
    20,
    22,
    19,
    16,
    23,
    15,
    30,
    12,
    18,
    19,
    18,
    12,
    18,
    18,
    17,
    24,
    13,
    23,
    14,
    30,
    21,
    22,
    19,
    21,
    19,
    15,
    16,
    12,
    18,
    20,
    19,
    22,
    21,
    16,
    18,
    28,
    19,
    14,
    22,
    18,
    17,
    19,
    19,
    22,
    21,
    20,
    28,
    19,
    18,
    18,
    17,
    18,
    16,
    22,
    19,
    31,
    31,
    20,
    17,
    17,
    19,
    17,
    24,
    15,
    15,
    23,
    21,
    23,
    22,
    20,
    27,
    19,
    24,
    15,
    20,
    17,
    15,
    20,
    28,
    23,
    15,
    17,
    19,
    19,
    22,
    26,
    28,
    20,
    25,
    22,
    29,
    17,
    24,
    27,
    17,
    22,
    13,
    15,
    17,
    21,
    22,
    18,
    23,
    20,
    21,
    19,
    15,
    21,
    23,
    17,
    7,
    26,
    17,
    17,
    24,
    31,
    19,
    22,
    21,
    18
  ],
  "diversity":true,
  "p_split":0.3,
  "split_reliability_mode":"identical_active_pool",
  "mechanism":null,
  "fixed_sfc_len":5,
  "fixed_reliability":null,
  "max_backup_level":2,
  "explicit_split_replicas":true,
  "split_enforce_distinct":false,
  "strict_split_resource_ablation":false,
  "split_replica_resource_scale":1.0,
  "cap_base_min":500,
  "cap_base_max":700,
  "cap_scale":0.2,
  "total_arrivals":2393,
  "total_accepted":2270,
  "total_rejected":123,
  "acceptance_ratio":0.9486000836,
  "avg_cost_per_arrival":63.5081131803,
  "total_cost":151974.9148403657,
  "total_cost_resource":108670.9148403657,
  "avg_cost_per_accepted":66.9493016918,
  "final_utilization":0.8644072628,
  "avg_utilization_over_time":0.768095446,
  "avg_leftover_capacity_sum_over_time":88402.8972222223,
  "final_leftover_capacity_sum":51688.4666666667,
  "final_leftover_capacity_min":0.0,
  "final_leftover_capacity_max":1683.2,
  "final_leftover_capacity_avg":164.6129511677,
  "avg_e2e_delay_accepted":0.1116418759,
  "p95_e2e_delay_accepted":0.1684879511,
  "avg_access_delay_accepted":0.0080849512,
  "avg_processing_delay_accepted":0.0718143207,
  "avg_network_delay_accepted":0.026051601,
  "avg_split_proc_overhead_accepted":8.650691519e-19,
  "avg_split_net_overhead_accepted":0.0,
  "total_transmitted_bits_accepted":7537433896.7624931335,
  "avg_transmitted_bits_per_accepted":3320455.4611288514,
  "total_split_transmitted_bits_accepted":1311150461.9341366291,
  "avg_split_transmitted_bits_per_accepted":577599.3224379456,
  "avg_split_overhead_ratio_accepted":7.387028313e-18,
  "p95_split_overhead_ratio_accepted":3.88122426e-17,
  "rga_accepted_total":2393,
  "rga_rejected_total":0,
  "rga_rejection_ratio":0.0,
  "mdca_rejected_total":123,
  "mdca_capacity_rejected_total":0,
  "mdca_reliability_rejected_total":0,
  "mdca_qos_rejected_total":123,
  "mdca_rejection_ratio":0.0513999164,
  "capacity_rejection_ratio":0.0,
  "reliability_rejection_ratio":0.0,
  "qos_rejected_total":123,
  "qos_rejection_ratio":0.0513999164
}