{
  "algo":"mdca",
  "region":"Arizona",
  "time_slots":120,
  "arrival_rate":10.0,
  "mean_service_time":9.0,
  "seed":2,
  "trace_seed":5633066817210829523,
  "algo_seed":4836232127056779440,
  "trace_hash":"21984a77591ce023cb30f1e88ab86e7923399c021b4dce2b6d131e3871b2906c",
  "arrivals_per_slot":[
    9,
    11,
    8,
    6,
    9,
    5,
    9,
    9,
    4,
    5,
    5,
    10,
    7,
    9,
    7,
    11,
    10,
    6,
    11,
    8,
    8,
    3,
    8,
    2,
    10,
    17,
    6,
    15,
    12,
    15,
    14,
    13,
    9,
    10,
    11,
    9,
    10,
    11,
    9,
    9,
    13,
    8,
    11,
    9,
    4,
    14,
    5,
    11,
    9,
    7,
    3,
    15,
    12,
    7,
    11,
    8,
    10,
    10,
    10,
    12,
    10,
    5,
    13,
    11,
    6,
    10,
    7,
    14,
    9,
    8,
    8,
    9,
    11,
    8,
    6,
    11,
    10,
    8,
    8,
    12,
    9,
    6,
    11,
    8,
    12,
    8,
    7,
    13,
    10,
    8,
    14,
    7,
    11,
    8,
    7,
    9,
    10,
    14,
    9,
    7,
    12,
    9,
    10,
    15,
    8,
    7,
    8,
    9,
    12,
    9,
    8,
    11,
    8,
    13,
    10,
    15,
    10,
    9,
    8,
    10
  ],
  "diversity":true,
  "p_split":0.3,
  "split_reliability_mode":"identical_active_pool",
  "mechanism":null,
  "fixed_sfc_len":null,
  "fixed_reliability":null,
  "max_backup_level":2,
  "explicit_split_replicas":true,
  "split_enforce_distinct":false,
  "strict_split_resource_ablation":false,
  "split_replica_resource_scale":1.0,
  "cap_base_min":500,
  "cap_base_max":700,
  "cap_scale":0.2,
  "total_arrivals":1122,
  "total_accepted":1108,
  "total_rejected":14,
  "acceptance_ratio":0.9875222816,
  "avg_cost_per_arrival":26.3179616464,
  "total_cost":29528.7529672486,
  "total_cost_resource":17481.7529672486,
  "avg_cost_per_accepted":26.6504990679,
  "final_utilization":0.2394481592,
  "avg_utilization_over_time":0.1986867094,
  "avg_leftover_capacity_sum_over_time":301303.2527777778,
  "final_leftover_capacity_sum":285976.4666666667,
  "final_leftover_capacity_min":0.9333333333,
  "final_leftover_capacity_max":2240.0,
  "final_leftover_capacity_avg":910.7530785563,
  "avg_e2e_delay_accepted":0.0717236249,
  "p95_e2e_delay_accepted":0.1383698918,
  "avg_access_delay_accepted":0.0080025362,
  "avg_processing_delay_accepted":0.046177552,
  "avg_network_delay_accepted":0.0140429152,
  "avg_split_proc_overhead_accepted":6.133374745e-19,
  "avg_split_net_overhead_accepted":0.0,
  "total_transmitted_bits_accepted":1945856442.4120879173,
  "avg_transmitted_bits_per_accepted":1756188.1249206569,
  "total_split_transmitted_bits_accepted":421511529.5987170935,
  "avg_split_transmitted_bits_per_accepted":380425.5682298891,
  "avg_split_overhead_ratio_accepted":7.374764056e-18,
  "p95_split_overhead_ratio_accepted":4.82976601e-17,
  "rga_accepted_total":1122,
  "rga_rejected_total":0,
  "rga_rejection_ratio":0.0,
  "mdca_rejected_total":14,
  "mdca_capacity_rejected_total":0,
  "mdca_reliability_rejected_total":0,
  "mdca_qos_rejected_total":14,
  "mdca_rejection_ratio":0.0124777184,
  "capacity_rejection_ratio":0.0,
  "reliability_rejection_ratio":0.0,
  "qos_rejected_total":14,
  "qos_rejection_ratio":0.0124777184
}