region,fixed_reliability,seed,method,share,share_tag,domain_count,domain_failure_prob,total_accepted,expected_target_satisfaction_ratio,expected_reliability,expected_reliability_loss
Alabama,0.95,1,DMDCA,"0.5,0.5",0p5_0p5,6,0.0,1410,1.0,0.9756473522193786,-1.1102230246251565e-16
Alabama,0.95,1,DMDCA,"0.5,0.5",0p5_0p5,6,0.01,1410,0.9715642290772466,0.9633118443887831,0.012335507830595338
Alabama,0.95,1,DMDCA,"0.5,0.5",0p5_0p5,6,0.03,1410,0.9166780081601572,0.938502956883722,0.0371443953356565
Alabama,0.95,1,DMDCA,"0.5,0.5",0p5_0p5,6,0.05,1410,0.8643551927969857,0.9135360601018425,0.062111292117535966
Alabama,0.95,1,MDCA,nan,nan,6,0.0,1415,1.0,0.9739087319646716,2.220446049250313e-16
Alabama,0.95,1,MDCA,nan,nan,6,0.01,1415,0.97207292441181,0.9604911456092114,0.01341758635546042
Alabama,0.95,1,MDCA,nan,nan,6,0.03,1415,0.9181461601866562,0.9336316636082185,0.040277068356453394
Alabama,0.95,1,MDCA,nan,nan,6,0.05,1415,0.8667091756956712,0.9067628143082378,0.06714591765643407
