{
  "algo":"mdca",
  "region":"Alabama",
  "time_slots":120,
  "arrival_rate":5.0,
  "mean_service_time":9.0,
  "seed":1,
  "trace_seed":2492526553802010561,
  "algo_seed":1274429512653363058,
  "trace_hash":"f1418e0c54eb1b56d8d08622a33b0f5b49eb15e44b19e45d10816a6d18141fb9",
  "arrivals_per_slot":[
    1,
    2,
    6,
    4,
    3,
    5,
    4,
    6,
    7,
    7,
    7,
    9,
    5,
    5,
    4,
    8,
    8,
    7,
    4,
    6,
    7,
    1,
    3,
    3,
    4,
    9,
    11,
    1,
    6,
    6,
    5,
    3,
    3,
    2,
    3,
    4,
    8,
    6,
    3,
    6,
    7,
    2,
    5,
    2,
    4,
    2,
    3,
    3,
    5,
    3,
    4,
    5,
    10,
    5,
    0,
    3,
    3,
    7,
    8,
    7,
    1,
    4,
    4,
    4,
    4,
    7,
    7,
    3,
    6,
    4,
    5,
    6,
    6,
    6,
    6,
    3,
    6,
    3,
    5,
    9,
    5,
    5,
    6,
    6,
    4,
    5,
    9,
    4,
    5,
    4,
    4,
    4,
    5,
    6,
    2,
    4,
    4,
    5,
    2,
    6,
    6,
    3,
    8,
    6,
    6,
    3,
    6,
    4,
    10,
    4,
    10,
    7,
    8,
    3,
    5,
    7,
    6,
    3,
    7,
    4
  ],
  "diversity":true,
  "p_split":0.3,
  "split_reliability_mode":"identical_active_pool",
  "mechanism":null,
  "fixed_sfc_len":null,
  "fixed_reliability":null,
  "max_backup_level":2,
  "explicit_split_replicas":true,
  "split_enforce_distinct":false,
  "strict_split_resource_ablation":false,
  "split_replica_resource_scale":1.0,
  "cap_base_min":500,
  "cap_base_max":700,
  "cap_scale":0.2,
  "total_arrivals":600,
  "total_accepted":588,
  "total_rejected":12,
  "acceptance_ratio":0.98,
  "avg_cost_per_arrival":27.8162443423,
  "total_cost":16689.7466053955,
  "total_cost_resource":10243.7466053955,
  "avg_cost_per_accepted":28.3839227983,
  "final_utilization":0.3279839022,
  "avg_utilization_over_time":0.2360418895,
  "avg_leftover_capacity_sum_over_time":132804.7972222222,
  "final_leftover_capacity_sum":116821.8,
  "final_leftover_capacity_min":0.0,
  "final_leftover_capacity_max":2776.0,
  "final_leftover_capacity_avg":852.7138686131,
  "avg_e2e_delay_accepted":0.0688406644,
  "p95_e2e_delay_accepted":0.1278131867,
  "avg_access_delay_accepted":0.0080037589,
  "avg_processing_delay_accepted":0.0454089053,
  "avg_network_delay_accepted":0.0117443759,
  "avg_split_proc_overhead_accepted":6.018428386e-19,
  "avg_split_net_overhead_accepted":0.0,
  "total_transmitted_bits_accepted":998391031.2710282803,
  "avg_transmitted_bits_per_accepted":1697943.9307330414,
  "total_split_transmitted_bits_accepted":213811764.5897244513,
  "avg_split_transmitted_bits_per_accepted":363625.4499825246,
  "avg_split_overhead_ratio_accepted":6.917613325e-18,
  "p95_split_overhead_ratio_accepted":4.781342636e-17,
  "rga_accepted_total":600,
  "rga_rejected_total":0,
  "rga_rejection_ratio":0.0,
  "mdca_rejected_total":12,
  "mdca_capacity_rejected_total":0,
  "mdca_reliability_rejected_total":0,
  "mdca_qos_rejected_total":12,
  "mdca_rejection_ratio":0.02,
  "capacity_rejection_ratio":0.0,
  "reliability_rejection_ratio":0.0,
  "qos_rejected_total":12,
  "qos_rejection_ratio":0.02
}