{
  "algo":"mdca",
  "region":"Alabama",
  "time_slots":120,
  "arrival_rate":12.0,
  "mean_service_time":9.0,
  "seed":2,
  "trace_seed":7461094369609534314,
  "algo_seed":1988428424119012433,
  "trace_hash":"be028981673a1b2d3e55243dccc8e2d6c95510c773c1d0694295c77fbb9f667d",
  "arrivals_per_slot":[
    11,
    10,
    11,
    16,
    14,
    10,
    7,
    11,
    12,
    12,
    10,
    11,
    8,
    13,
    14,
    7,
    10,
    6,
    12,
    12,
    15,
    11,
    17,
    10,
    14,
    14,
    13,
    7,
    17,
    16,
    7,
    16,
    15,
    10,
    6,
    16,
    13,
    9,
    5,
    13,
    6,
    15,
    7,
    12,
    12,
    12,
    14,
    10,
    12,
    14,
    12,
    13,
    9,
    19,
    13,
    11,
    14,
    13,
    9,
    13,
    13,
    15,
    10,
    8,
    12,
    18,
    13,
    9,
    14,
    13,
    17,
    13,
    6,
    8,
    16,
    8,
    9,
    8,
    7,
    13,
    11,
    9,
    15,
    10,
    15,
    10,
    16,
    8,
    6,
    11,
    12,
    15,
    12,
    8,
    10,
    9,
    12,
    13,
    12,
    15,
    7,
    10,
    15,
    19,
    8,
    11,
    10,
    15,
    14,
    15,
    12,
    7,
    11,
    11,
    10,
    9,
    15,
    7,
    12,
    14
  ],
  "diversity":true,
  "p_split":0.3,
  "split_reliability_mode":"identical_active_pool",
  "mechanism":null,
  "fixed_sfc_len":null,
  "fixed_reliability":0.93,
  "max_backup_level":2,
  "explicit_split_replicas":true,
  "split_enforce_distinct":false,
  "strict_split_resource_ablation":false,
  "split_replica_resource_scale":1.0,
  "cap_base_min":500,
  "cap_base_max":700,
  "cap_scale":0.2,
  "total_arrivals":1392,
  "total_accepted":1375,
  "total_rejected":17,
  "acceptance_ratio":0.9877873563,
  "avg_cost_per_arrival":29.6163336946,
  "total_cost":41225.9365028664,
  "total_cost_resource":27483.9365028664,
  "avg_cost_per_accepted":29.9824992748,
  "final_utilization":0.4764208965,
  "avg_utilization_over_time":0.5332952884,
  "avg_leftover_capacity_sum_over_time":81017.9777777778,
  "final_leftover_capacity_sum":90891.1333333333,
  "final_leftover_capacity_min":0.6666666667,
  "final_leftover_capacity_max":2039.3333333333,
  "final_leftover_capacity_avg":663.4389294404,
  "avg_e2e_delay_accepted":0.0662692848,
  "p95_e2e_delay_accepted":0.1332844963,
  "avg_access_delay_accepted":0.0080723493,
  "avg_processing_delay_accepted":0.0433484824,
  "avg_network_delay_accepted":0.0116023616,
  "avg_split_proc_overhead_accepted":5.465955971e-19,
  "avg_split_net_overhead_accepted":0.0,
  "total_transmitted_bits_accepted":2311580496.0672092438,
  "avg_transmitted_bits_per_accepted":1681149.4516852431,
  "total_split_transmitted_bits_accepted":485274932.3154965639,
  "avg_split_transmitted_bits_per_accepted":352927.2235021793,
  "avg_split_overhead_ratio_accepted":7.064542044e-18,
  "p95_split_overhead_ratio_accepted":4.700951914e-17,
  "rga_accepted_total":1392,
  "rga_rejected_total":0,
  "rga_rejection_ratio":0.0,
  "mdca_rejected_total":17,
  "mdca_capacity_rejected_total":0,
  "mdca_reliability_rejected_total":0,
  "mdca_qos_rejected_total":17,
  "mdca_rejection_ratio":0.0122126437,
  "capacity_rejection_ratio":0.0,
  "reliability_rejection_ratio":0.0,
  "qos_rejected_total":17,
  "qos_rejection_ratio":0.0122126437
}