{
  "algo":"dtsp",
  "region":"Alabama",
  "time_slots":120,
  "arrival_rate":5.0,
  "mean_service_time":9.0,
  "seed":1,
  "trace_seed":2492526553802010561,
  "algo_seed":14894763211395462469,
  "trace_hash":"babd3ad6b4d74048db58683ec831a27c5d2c738bee78157473b3dd90ce3d41fa",
  "arrivals_per_slot":[
    1,
    2,
    6,
    4,
    3,
    5,
    4,
    6,
    7,
    7,
    7,
    9,
    5,
    5,
    4,
    8,
    8,
    7,
    4,
    6,
    7,
    1,
    3,
    3,
    4,
    9,
    11,
    1,
    6,
    6,
    5,
    3,
    3,
    2,
    3,
    4,
    8,
    6,
    3,
    6,
    7,
    2,
    5,
    2,
    4,
    2,
    3,
    3,
    5,
    3,
    4,
    5,
    10,
    5,
    0,
    3,
    3,
    7,
    8,
    7,
    1,
    4,
    4,
    4,
    4,
    7,
    7,
    3,
    6,
    4,
    5,
    6,
    6,
    6,
    6,
    3,
    6,
    3,
    5,
    9,
    5,
    5,
    6,
    6,
    4,
    5,
    9,
    4,
    5,
    4,
    4,
    4,
    5,
    6,
    2,
    4,
    4,
    5,
    2,
    6,
    6,
    3,
    8,
    6,
    6,
    3,
    6,
    4,
    10,
    4,
    10,
    7,
    8,
    3,
    5,
    7,
    6,
    3,
    7,
    4
  ],
  "diversity":false,
  "p_split":null,
  "split_reliability_mode":null,
  "mechanism":null,
  "fixed_sfc_len":null,
  "fixed_reliability":null,
  "max_backup_level":2,
  "explicit_split_replicas":false,
  "split_enforce_distinct":false,
  "strict_split_resource_ablation":false,
  "split_replica_resource_scale":1.0,
  "cap_base_min":500,
  "cap_base_max":700,
  "cap_scale":0.2,
  "total_arrivals":600,
  "total_accepted":590,
  "total_rejected":10,
  "acceptance_ratio":0.9833333333,
  "avg_cost_per_arrival":33.6739033728,
  "total_cost":20204.342023654,
  "total_cost_resource":13507.342023654,
  "avg_cost_per_accepted":34.2446474977,
  "final_utilization":0.3929352534,
  "avg_utilization_over_time":0.2854719553,
  "avg_leftover_capacity_sum_over_time":124211.9833333334,
  "final_leftover_capacity_sum":105530.8,
  "final_leftover_capacity_min":0.0,
  "final_leftover_capacity_max":2776.0,
  "final_leftover_capacity_avg":770.297810219,
  "avg_e2e_delay_accepted":0.0657445009,
  "p95_e2e_delay_accepted":0.1236844614,
  "avg_access_delay_accepted":0.0080072554,
  "avg_processing_delay_accepted":0.0495402583,
  "avg_network_delay_accepted":0.0081969873,
  "avg_split_proc_overhead_accepted":0.0,
  "avg_split_net_overhead_accepted":0.0,
  "total_transmitted_bits_accepted":911235142.4417414665,
  "avg_transmitted_bits_per_accepted":1544466.3431215957,
  "total_split_transmitted_bits_accepted":0.0,
  "avg_split_transmitted_bits_per_accepted":0.0,
  "avg_split_overhead_ratio_accepted":0.0,
  "p95_split_overhead_ratio_accepted":0.0,
  "rga_accepted_total":600,
  "rga_rejected_total":0,
  "rga_rejection_ratio":0.0,
  "mdca_rejected_total":10,
  "mdca_capacity_rejected_total":0,
  "mdca_reliability_rejected_total":0,
  "mdca_qos_rejected_total":10,
  "mdca_rejection_ratio":0.0166666667,
  "capacity_rejection_ratio":0.0,
  "reliability_rejection_ratio":0.0,
  "qos_rejected_total":10,
  "qos_rejection_ratio":0.0166666667
}