{
  "algo":"hspa",
  "region":"Alabama",
  "time_slots":120,
  "arrival_rate":12.0,
  "mean_service_time":9.0,
  "seed":1,
  "trace_seed":6922640222845706487,
  "algo_seed":15883823183653897534,
  "trace_hash":"4bd4ba667af8f85da4ac918b23c1acf5cb2bb0ea5cbad763971320b4e8e90f8f",
  "arrivals_per_slot":[
    18,
    12,
    9,
    16,
    8,
    18,
    9,
    11,
    11,
    7,
    12,
    8,
    13,
    13,
    12,
    9,
    13,
    15,
    8,
    19,
    12,
    10,
    15,
    4,
    12,
    16,
    15,
    12,
    16,
    9,
    16,
    14,
    11,
    11,
    9,
    14,
    9,
    11,
    12,
    9,
    5,
    10,
    11,
    17,
    10,
    7,
    12,
    11,
    10,
    17,
    9,
    15,
    16,
    11,
    13,
    12,
    14,
    23,
    7,
    4,
    11,
    13,
    6,
    18,
    11,
    9,
    13,
    14,
    14,
    6,
    9,
    7,
    11,
    11,
    9,
    18,
    15,
    16,
    4,
    12,
    8,
    13,
    8,
    20,
    6,
    12,
    13,
    16,
    7,
    11,
    12,
    11,
    14,
    10,
    13,
    8,
    8,
    20,
    8,
    11,
    11,
    18,
    17,
    15,
    9,
    7,
    13,
    19,
    9,
    6,
    10,
    12,
    13,
    5,
    12,
    22,
    8,
    3,
    18,
    8
  ],
  "diversity":false,
  "p_split":null,
  "split_reliability_mode":null,
  "mechanism":null,
  "fixed_sfc_len":null,
  "fixed_reliability":0.99,
  "max_backup_level":2,
  "explicit_split_replicas":false,
  "split_enforce_distinct":false,
  "strict_split_resource_ablation":false,
  "split_replica_resource_scale":1.0,
  "cap_base_min":500,
  "cap_base_max":700,
  "cap_scale":0.2,
  "total_arrivals":1403,
  "total_accepted":1288,
  "total_rejected":115,
  "acceptance_ratio":0.9180327869,
  "avg_cost_per_arrival":57.0530648071,
  "total_cost":80045.4499243662,
  "total_cost_resource":59592.4499243661,
  "avg_cost_per_accepted":62.1470884506,
  "final_utilization":0.9013288567,
  "avg_utilization_over_time":0.8608461136,
  "avg_leftover_capacity_sum_over_time":24436.7583333333,
  "final_leftover_capacity_sum":17327.6,
  "final_leftover_capacity_min":0.0,
  "final_leftover_capacity_max":1910.4,
  "final_leftover_capacity_avg":126.4788321168,
  "avg_e2e_delay_accepted":0.0621858517,
  "p95_e2e_delay_accepted":0.1263261919,
  "avg_access_delay_accepted":0.008044201,
  "avg_processing_delay_accepted":0.0473814826,
  "avg_network_delay_accepted":0.0067601681,
  "avg_split_proc_overhead_accepted":0.0,
  "avg_split_net_overhead_accepted":0.0,
  "total_transmitted_bits_accepted":1618131396.0851604939,
  "avg_transmitted_bits_per_accepted":1256313.1957182924,
  "total_split_transmitted_bits_accepted":0.0,
  "avg_split_transmitted_bits_per_accepted":0.0,
  "avg_split_overhead_ratio_accepted":0.0,
  "p95_split_overhead_ratio_accepted":0.0,
  "rga_accepted_total":1403,
  "rga_rejected_total":0,
  "rga_rejection_ratio":0.0,
  "mdca_rejected_total":115,
  "mdca_capacity_rejected_total":101,
  "mdca_reliability_rejected_total":0,
  "mdca_qos_rejected_total":14,
  "mdca_rejection_ratio":0.0819672131,
  "capacity_rejection_ratio":0.0719885959,
  "reliability_rejection_ratio":0.0,
  "qos_rejected_total":14,
  "qos_rejection_ratio":0.0099786172
}