{
  "algo":"mdca",
  "region":"Alabama",
  "time_slots":120,
  "arrival_rate":50.0,
  "mean_service_time":9.0,
  "seed":5,
  "trace_seed":13842603951528395421,
  "algo_seed":6041356402655296302,
  "trace_hash":"679971228ea31aeec5d39e531b95f276ef69f43338ea4d177f58420708156392",
  "arrivals_per_slot":[
    48,
    40,
    48,
    51,
    54,
    56,
    41,
    42,
    56,
    50,
    45,
    46,
    47,
    43,
    50,
    50,
    53,
    51,
    53,
    44,
    51,
    37,
    42,
    50,
    50,
    48,
    52,
    44,
    53,
    53,
    46,
    51,
    65,
    49,
    52,
    54,
    49,
    48,
    51,
    52,
    57,
    49,
    54,
    37,
    48,
    56,
    38,
    52,
    42,
    37,
    60,
    53,
    51,
    41,
    53,
    52,
    54,
    53,
    43,
    47,
    45,
    56,
    51,
    49,
    58,
    49,
    57,
    45,
    55,
    67,
    57,
    45,
    41,
    45,
    53,
    47,
    42,
    54,
    55,
    57,
    50,
    46,
    55,
    41,
    49,
    55,
    48,
    54,
    55,
    53,
    55,
    50,
    38,
    42,
    47,
    39,
    49,
    41,
    51,
    42,
    44,
    46,
    45,
    44,
    58,
    51,
    41,
    58,
    64,
    57,
    48,
    44,
    49,
    47,
    45,
    58,
    52,
    54,
    49,
    32
  ],
  "diversity":true,
  "p_split":0.3,
  "split_reliability_mode":"identical_active_pool",
  "split_recovery_coverage":1.0,
  "split_workload_shares":"0.5,0.5",
  "mechanism":null,
  "fixed_sfc_len":null,
  "fixed_reliability":null,
  "max_backup_level":2,
  "explicit_split_replicas":true,
  "split_enforce_distinct":false,
  "strict_split_resource_ablation":false,
  "split_replica_resource_scale":1.0,
  "cap_base_min":500,
  "cap_base_max":700,
  "cap_scale":0.2,
  "total_arrivals":5916,
  "total_accepted":3597,
  "total_rejected":2319,
  "acceptance_ratio":0.6080121704,
  "avg_cost_per_arrival":17.0707817152,
  "total_cost":100990.7446271025,
  "total_cost_resource":71563.7446271025,
  "avg_cost_per_accepted":28.0763816033,
  "final_utilization":0.9701776107,
  "avg_utilization_over_time":0.9605719471,
  "avg_leftover_capacity_sum_over_time":6827.5666666667,
  "final_leftover_capacity_sum":5164.2,
  "final_leftover_capacity_min":0.6,
  "final_leftover_capacity_max":236.0,
  "final_leftover_capacity_avg":37.6948905109,
  "avg_e2e_delay_accepted":0.0610081765,
  "p95_e2e_delay_accepted":0.1258436786,
  "avg_access_delay_accepted":0.0080864012,
  "avg_processing_delay_accepted":0.0403726541,
  "avg_network_delay_accepted":0.009449078,
  "avg_split_proc_overhead_accepted":5.024042761e-19,
  "avg_split_net_overhead_accepted":0.0,
  "total_transmitted_bits_accepted":4764390931.0601387024,
  "avg_transmitted_bits_per_accepted":1324545.7133889738,
  "total_split_transmitted_bits_accepted":1215035912.5609126091,
  "avg_split_transmitted_bits_per_accepted":337791.4686018662,
  "avg_split_overhead_ratio_accepted":6.646316911e-18,
  "p95_split_overhead_ratio_accepted":4.655808819e-17,
  "rga_accepted_total":5916,
  "rga_rejected_total":0,
  "rga_rejection_ratio":0.0,
  "mdca_rejected_total":2319,
  "mdca_capacity_rejected_total":2279,
  "mdca_reliability_rejected_total":4,
  "mdca_qos_rejected_total":36,
  "mdca_rejection_ratio":0.3919878296,
  "capacity_rejection_ratio":0.3852265044,
  "reliability_rejection_ratio":0.0006761325,
  "qos_rejected_total":36,
  "qos_rejection_ratio":0.0060851927,
  "placement_trace_path":"D:\\Study\\Code_1\\paper_data\\large_scale_lb_reference\\split_enabled\\load\\Alabama\\arrival_rate_50\\DMDCA\\seed5\\placement_trace_Alabama_mdca_seed5.json"
}