{
  "algo":"hspa",
  "region":"Arizona",
  "time_slots":120,
  "arrival_rate":20.0,
  "mean_service_time":9.0,
  "seed":2,
  "trace_seed":9158134210787811553,
  "algo_seed":3829126596154728036,
  "trace_hash":"2dc20c2f14f6b2cb950e0eec54425c1647c3a1daa6a21ce59466a660e37f8b15",
  "arrivals_per_slot":[
    19,
    16,
    21,
    16,
    19,
    18,
    19,
    18,
    22,
    18,
    20,
    12,
    17,
    18,
    19,
    20,
    16,
    19,
    15,
    24,
    20,
    16,
    15,
    26,
    22,
    23,
    20,
    18,
    15,
    19,
    22,
    17,
    17,
    18,
    14,
    24,
    12,
    21,
    21,
    13,
    24,
    28,
    17,
    21,
    22,
    15,
    19,
    19,
    17,
    14,
    17,
    21,
    19,
    19,
    15,
    10,
    15,
    26,
    22,
    21,
    25,
    30,
    18,
    12,
    13,
    26,
    15,
    19,
    23,
    21,
    19,
    16,
    15,
    20,
    23,
    27,
    22,
    21,
    27,
    25,
    15,
    17,
    20,
    18,
    19,
    21,
    20,
    24,
    22,
    26,
    22,
    15,
    15,
    25,
    17,
    18,
    36,
    23,
    34,
    19,
    23,
    16,
    21,
    18,
    22,
    20,
    20,
    22,
    23,
    18,
    20,
    20,
    16,
    20,
    19,
    25,
    25,
    18,
    11,
    17
  ],
  "diversity":false,
  "p_split":null,
  "split_reliability_mode":null,
  "mechanism":null,
  "fixed_sfc_len":4,
  "fixed_reliability":null,
  "max_backup_level":2,
  "explicit_split_replicas":false,
  "split_enforce_distinct":false,
  "strict_split_resource_ablation":false,
  "split_replica_resource_scale":1.0,
  "cap_base_min":500,
  "cap_base_max":700,
  "cap_scale":0.2,
  "total_arrivals":2357,
  "total_accepted":2287,
  "total_rejected":70,
  "acceptance_ratio":0.9703012304,
  "avg_cost_per_arrival":69.0913026565,
  "total_cost":162848.2003612666,
  "total_cost_resource":123358.2003612666,
  "avg_cost_per_accepted":71.2060342638,
  "final_utilization":0.8797717145,
  "avg_utilization_over_time":0.8048771511,
  "avg_leftover_capacity_sum_over_time":72809.4666666667,
  "final_leftover_capacity_sum":44862.8,
  "final_leftover_capacity_min":0.0,
  "final_leftover_capacity_max":1524.0,
  "final_leftover_capacity_avg":142.8751592357,
  "avg_e2e_delay_accepted":0.0840872158,
  "p95_e2e_delay_accepted":0.1344339107,
  "avg_access_delay_accepted":0.0081034328,
  "avg_processing_delay_accepted":0.0632400055,
  "avg_network_delay_accepted":0.0127437775,
  "avg_split_proc_overhead_accepted":0.0,
  "avg_split_net_overhead_accepted":0.0,
  "total_transmitted_bits_accepted":4666178828.0788879395,
  "avg_transmitted_bits_per_accepted":2040305.5654039737,
  "total_split_transmitted_bits_accepted":0.0,
  "avg_split_transmitted_bits_per_accepted":0.0,
  "avg_split_overhead_ratio_accepted":0.0,
  "p95_split_overhead_ratio_accepted":0.0,
  "rga_accepted_total":2357,
  "rga_rejected_total":0,
  "rga_rejection_ratio":0.0,
  "mdca_rejected_total":70,
  "mdca_capacity_rejected_total":31,
  "mdca_reliability_rejected_total":0,
  "mdca_qos_rejected_total":39,
  "mdca_rejection_ratio":0.0296987696,
  "capacity_rejection_ratio":0.0131523123,
  "reliability_rejection_ratio":0.0,
  "qos_rejected_total":39,
  "qos_rejection_ratio":0.0165464574
}