{
  "algo":"mdca",
  "region":"Arizona",
  "time_slots":120,
  "arrival_rate":15.0,
  "mean_service_time":9.0,
  "seed":4,
  "trace_seed":9628400084957567261,
  "algo_seed":14420759781778004277,
  "trace_hash":"4abc41e189c2a7213797b3298f2fd7e808627e3f0a7de62dfa7af0c430e46ef6",
  "arrivals_per_slot":[
    14,
    11,
    15,
    12,
    13,
    11,
    15,
    14,
    22,
    11,
    14,
    19,
    12,
    18,
    18,
    11,
    9,
    13,
    12,
    14,
    17,
    13,
    16,
    21,
    19,
    17,
    17,
    10,
    14,
    16,
    19,
    12,
    15,
    14,
    9,
    16,
    10,
    17,
    11,
    19,
    12,
    15,
    15,
    16,
    17,
    13,
    22,
    15,
    23,
    18,
    19,
    15,
    14,
    8,
    19,
    10,
    19,
    22,
    13,
    17,
    16,
    21,
    9,
    19,
    11,
    12,
    14,
    17,
    9,
    15,
    11,
    13,
    12,
    8,
    14,
    13,
    18,
    11,
    12,
    12,
    12,
    13,
    12,
    18,
    19,
    14,
    18,
    20,
    9,
    19,
    17,
    9,
    18,
    11,
    12,
    14,
    13,
    11,
    7,
    19,
    10,
    10,
    17,
    14,
    15,
    12,
    12,
    13,
    16,
    13,
    19,
    19,
    19,
    11,
    13,
    26,
    17,
    9,
    13,
    11
  ],
  "diversity":false,
  "p_split":null,
  "split_reliability_mode":null,
  "mechanism":null,
  "fixed_sfc_len":null,
  "fixed_reliability":null,
  "max_backup_level":2,
  "explicit_split_replicas":false,
  "split_enforce_distinct":false,
  "strict_split_resource_ablation":false,
  "split_replica_resource_scale":1.0,
  "cap_base_min":500,
  "cap_base_max":700,
  "cap_scale":0.2,
  "total_arrivals":1743,
  "total_accepted":1723,
  "total_rejected":20,
  "acceptance_ratio":0.9885255307,
  "avg_cost_per_arrival":31.5247903512,
  "total_cost":54947.709582218,
  "total_cost_resource":36088.709582218,
  "avg_cost_per_accepted":31.8907194325,
  "final_utilization":0.3868969921,
  "avg_utilization_over_time":0.3712419427,
  "avg_leftover_capacity_sum_over_time":236508.4749999999,
  "final_leftover_capacity_sum":230619.8,
  "final_leftover_capacity_min":1.0,
  "final_leftover_capacity_max":2553.6,
  "final_leftover_capacity_avg":734.4579617834,
  "avg_e2e_delay_accepted":0.0646863562,
  "p95_e2e_delay_accepted":0.1275011257,
  "avg_access_delay_accepted":0.0080004236,
  "avg_processing_delay_accepted":0.0473626871,
  "avg_network_delay_accepted":0.0093232455,
  "avg_split_proc_overhead_accepted":0.0,
  "avg_split_net_overhead_accepted":0.0,
  "total_transmitted_bits_accepted":2326231474.284617424,
  "avg_transmitted_bits_per_accepted":1350105.3245993135,
  "total_split_transmitted_bits_accepted":0.0,
  "avg_split_transmitted_bits_per_accepted":0.0,
  "avg_split_overhead_ratio_accepted":0.0,
  "p95_split_overhead_ratio_accepted":0.0,
  "rga_accepted_total":1743,
  "rga_rejected_total":0,
  "rga_rejection_ratio":0.0,
  "mdca_rejected_total":20,
  "mdca_capacity_rejected_total":0,
  "mdca_reliability_rejected_total":0,
  "mdca_qos_rejected_total":20,
  "mdca_rejection_ratio":0.0114744693,
  "capacity_rejection_ratio":0.0,
  "reliability_rejection_ratio":0.0,
  "qos_rejected_total":20,
  "qos_rejection_ratio":0.0114744693
}