region,fixed_reliability,seed,method,share,share_tag,domain_count,domain_failure_prob,total_accepted,expected_target_satisfaction_ratio,expected_reliability,expected_reliability_loss
Arizona,0.996,5,DMDCA,"0.5,0.5",0p5_0p5,6,0.0,1401,1.0,0.9978960924551371,-3.4416913763379853e-15
Arizona,0.996,5,DMDCA,"0.5,0.5",0p5_0p5,6,0.01,1401,0.965103011480203,0.990451444437509,0.007444648017624678
Arizona,0.996,5,DMDCA,"0.5,0.5",0p5_0p5,6,0.03,1401,0.898357935108126,0.9750193724293827,0.02287672002575092
Arizona,0.996,5,DMDCA,"0.5,0.5",0p5_0p5,6,0.05,1401,0.8355162473791041,0.958884904655774,0.03901118779935964
Arizona,0.996,5,MDCA,nan,nan,6,0.0,1404,1.0,0.9978984944638307,-3.3306690738754696e-15
Arizona,0.996,5,MDCA,nan,nan,6,0.01,1404,0.965400909989788,0.9898389331862433,0.008059561277584115
Arizona,0.996,5,MDCA,nan,nan,6,0.03,1404,0.8992183214292918,0.9732324593351827,0.024666035128644737
Arizona,0.996,5,MDCA,nan,nan,6,0.05,1404,0.836896621071492,0.9559966262649335,0.041901868198893855
