region,fixed_reliability,seed,method,share,share_tag,domain_count,domain_failure_prob,total_accepted,expected_target_satisfaction_ratio,expected_reliability,expected_reliability_loss
Alabama,0.95,3,DMDCA,"0.5,0.5",0p5_0p5,6,0.0,1464,1.0,0.9759409361143158,1.9984014443252818e-15
Alabama,0.95,3,DMDCA,"0.5,0.5",0p5_0p5,6,0.01,1464,0.9717602226204956,0.9637781136005392,0.012162822513778537
Alabama,0.95,3,DMDCA,"0.5,0.5",0p5_0p5,6,0.03,1464,0.9172009282988889,0.9392869135400684,0.03665402257424932
Alabama,0.95,3,DMDCA,"0.5,0.5",0p5_0p5,6,0.05,1464,0.8651264780353479,0.9146028014949088,0.06133813461940896
Alabama,0.95,3,MDCA,nan,nan,6,0.0,1467,1.0,0.9740289805719468,2.220446049250313e-15
Alabama,0.95,3,MDCA,nan,nan,6,0.01,1467,0.9717112634509267,0.9604215393436502,0.013607441228298822
Alabama,0.95,3,MDCA,nan,nan,6,0.03,1467,0.9171022476169463,0.9331986911990235,0.04083028937292543
Alabama,0.95,3,MDCA,nan,nan,6,0.05,1467,0.8650362187819524,0.9059878740625519,0.0680411065093971
