{
  "algo":"hspa",
  "region":"Alabama",
  "time_slots":120,
  "arrival_rate":12.0,
  "mean_service_time":9.0,
  "seed":5,
  "trace_seed":13453296925202207706,
  "algo_seed":1071169149524359896,
  "trace_hash":"5060fa7de3ace904646bbcbaa7fd03fd52ebc7dc8d40b8d54a5067fa9f76fa4d",
  "arrivals_per_slot":[
    11,
    11,
    20,
    15,
    16,
    23,
    14,
    17,
    12,
    10,
    15,
    9,
    7,
    10,
    18,
    17,
    17,
    16,
    12,
    10,
    9,
    18,
    10,
    10,
    14,
    10,
    11,
    12,
    13,
    14,
    20,
    17,
    13,
    11,
    11,
    17,
    7,
    14,
    11,
    11,
    6,
    17,
    11,
    12,
    15,
    14,
    11,
    11,
    15,
    7,
    12,
    7,
    15,
    11,
    6,
    8,
    13,
    12,
    11,
    8,
    14,
    13,
    7,
    7,
    14,
    7,
    11,
    10,
    11,
    9,
    17,
    10,
    12,
    14,
    9,
    9,
    10,
    14,
    11,
    6,
    14,
    10,
    14,
    16,
    12,
    13,
    11,
    16,
    15,
    14,
    9,
    15,
    5,
    18,
    12,
    5,
    8,
    20,
    14,
    13,
    14,
    10,
    19,
    5,
    10,
    11,
    12,
    16,
    8,
    10,
    8,
    13,
    13,
    7,
    17,
    9,
    19,
    12,
    8,
    16
  ],
  "diversity":false,
  "p_split":null,
  "split_reliability_mode":null,
  "mechanism":null,
  "fixed_sfc_len":null,
  "fixed_reliability":0.992,
  "max_backup_level":2,
  "explicit_split_replicas":false,
  "split_enforce_distinct":false,
  "strict_split_resource_ablation":false,
  "split_replica_resource_scale":1.0,
  "cap_base_min":500,
  "cap_base_max":700,
  "cap_scale":0.2,
  "total_arrivals":1461,
  "total_accepted":1348,
  "total_rejected":113,
  "acceptance_ratio":0.9226557153,
  "avg_cost_per_arrival":60.238981527,
  "total_cost":88009.1520109857,
  "total_cost_resource":66453.1520109857,
  "avg_cost_per_accepted":65.2886884354,
  "final_utilization":0.93907932,
  "avg_utilization_over_time":0.8869565463,
  "avg_leftover_capacity_sum_over_time":19334.8166666667,
  "final_leftover_capacity_sum":10419.8,
  "final_leftover_capacity_min":0.0,
  "final_leftover_capacity_max":1204.0,
  "final_leftover_capacity_avg":76.0569343066,
  "avg_e2e_delay_accepted":0.0624332708,
  "p95_e2e_delay_accepted":0.1264369053,
  "avg_access_delay_accepted":0.008090921,
  "avg_processing_delay_accepted":0.0474748489,
  "avg_network_delay_accepted":0.0068675009,
  "avg_split_proc_overhead_accepted":0.0,
  "avg_split_net_overhead_accepted":0.0,
  "total_transmitted_bits_accepted":1734639925.4885904789,
  "avg_transmitted_bits_per_accepted":1286824.8705404974,
  "total_split_transmitted_bits_accepted":0.0,
  "avg_split_transmitted_bits_per_accepted":0.0,
  "avg_split_overhead_ratio_accepted":0.0,
  "p95_split_overhead_ratio_accepted":0.0,
  "rga_accepted_total":1461,
  "rga_rejected_total":0,
  "rga_rejection_ratio":0.0,
  "mdca_rejected_total":113,
  "mdca_capacity_rejected_total":101,
  "mdca_reliability_rejected_total":0,
  "mdca_qos_rejected_total":12,
  "mdca_rejection_ratio":0.0773442847,
  "capacity_rejection_ratio":0.0691307324,
  "reliability_rejection_ratio":0.0,
  "qos_rejected_total":12,
  "qos_rejection_ratio":0.0082135524
}