{
  "algo":"mdca",
  "region":"Arizona",
  "time_slots":120,
  "arrival_rate":12.0,
  "mean_service_time":9.0,
  "seed":4,
  "trace_seed":13245136875329534179,
  "algo_seed":9982702643186365209,
  "trace_hash":"9097448086d491b01953a88732df672f9c8c1b21eeee1ccd9c46076e9c521f6a",
  "arrivals_per_slot":[
    11,
    16,
    16,
    10,
    14,
    13,
    11,
    6,
    13,
    15,
    11,
    7,
    13,
    15,
    12,
    21,
    5,
    8,
    15,
    10,
    7,
    14,
    10,
    11,
    12,
    21,
    17,
    13,
    8,
    12,
    15,
    11,
    11,
    17,
    17,
    14,
    14,
    9,
    7,
    12,
    13,
    10,
    12,
    14,
    11,
    8,
    7,
    15,
    11,
    12,
    12,
    18,
    12,
    8,
    15,
    7,
    12,
    13,
    10,
    11,
    6,
    12,
    16,
    10,
    14,
    12,
    14,
    12,
    15,
    11,
    5,
    15,
    9,
    8,
    21,
    12,
    15,
    18,
    10,
    6,
    9,
    18,
    12,
    8,
    12,
    10,
    11,
    9,
    16,
    13,
    10,
    8,
    12,
    10,
    10,
    14,
    13,
    18,
    10,
    9,
    11,
    7,
    9,
    10,
    10,
    11,
    10,
    13,
    5,
    10,
    8,
    14,
    15,
    9,
    7,
    13,
    13,
    14,
    11,
    7
  ],
  "diversity":true,
  "p_split":0.3,
  "split_reliability_mode":"identical_active_pool",
  "split_recovery_coverage":1.0,
  "split_workload_shares":"0.5,0.5",
  "mechanism":null,
  "fixed_sfc_len":null,
  "fixed_reliability":0.95,
  "max_backup_level":2,
  "explicit_split_replicas":true,
  "split_enforce_distinct":false,
  "strict_split_resource_ablation":false,
  "split_replica_resource_scale":1.0,
  "backhaul_knn_k":4,
  "backhaul_use_device_bw":true,
  "backhaul_bw_scale":0.5,
  "fiber_speed_mps":200000000.0,
  "switch_delay_s":0.0002,
  "region_cloudlet_count":314,
  "cap_base_min":500,
  "cap_base_max":700,
  "cap_scale":0.2,
  "total_arrivals":1405,
  "total_accepted":1384,
  "total_rejected":21,
  "acceptance_ratio":0.9850533808,
  "avg_cost_per_arrival":27.6270323011,
  "total_cost":38815.980383028,
  "total_cost_resource":23883.980383028,
  "avg_cost_per_accepted":28.0462286005,
  "final_utilization":0.2363058453,
  "avg_utilization_over_time":0.2708571977,
  "avg_leftover_capacity_sum_over_time":274176.2138888889,
  "final_leftover_capacity_sum":287168.4,
  "final_leftover_capacity_min":0.1333333333,
  "final_leftover_capacity_max":2211.2,
  "final_leftover_capacity_avg":914.549044586,
  "avg_e2e_delay_accepted":0.0684465873,
  "p95_e2e_delay_accepted":0.1323777597,
  "avg_access_delay_accepted":0.0080392226,
  "avg_processing_delay_accepted":0.0437181455,
  "avg_network_delay_accepted":0.0134968046,
  "avg_split_proc_overhead_accepted":5.063788181e-19,
  "avg_split_net_overhead_accepted":0.0,
  "total_transmitted_bits_accepted":2347381755.1817712784,
  "avg_transmitted_bits_per_accepted":1696085.0832238232,
  "total_split_transmitted_bits_accepted":500857802.0812345147,
  "avg_split_transmitted_bits_per_accepted":361891.4754922215,
  "avg_split_overhead_ratio_accepted":6.528108093e-18,
  "p95_split_overhead_ratio_accepted":4.447746486e-17,
  "rga_accepted_total":1405,
  "rga_rejected_total":0,
  "rga_rejection_ratio":0.0,
  "mdca_rejected_total":21,
  "mdca_capacity_rejected_total":0,
  "mdca_reliability_rejected_total":0,
  "mdca_qos_rejected_total":21,
  "mdca_rejection_ratio":0.0149466192,
  "capacity_rejection_ratio":0.0,
  "reliability_rejection_ratio":0.0,
  "qos_rejected_total":21,
  "qos_rejection_ratio":0.0149466192,
  "placement_trace_path":"D:\\Study\\Code_1\\paper_data\\workload_sharing_sensitivity\\Arizona\\R0p950\\DMDCA_share0p5_0p5\\seed4\\placement_trace_Arizona_mdca_seed4.json"
}