{
  "algo":"mdca",
  "region":"Arizona",
  "time_slots":120,
  "arrival_rate":20.0,
  "mean_service_time":9.0,
  "seed":1,
  "trace_seed":164892135199795970,
  "algo_seed":9475761514817476165,
  "trace_hash":"f93fbd24f05903861fafd78c66658704f75cca1efbe6d43bcd0d69338d81aebb",
  "arrivals_per_slot":[
    15,
    19,
    26,
    25,
    17,
    25,
    24,
    24,
    18,
    18,
    28,
    14,
    18,
    23,
    22,
    25,
    18,
    23,
    20,
    11,
    18,
    16,
    22,
    14,
    22,
    14,
    25,
    22,
    23,
    18,
    19,
    28,
    21,
    17,
    19,
    12,
    24,
    24,
    15,
    26,
    24,
    23,
    18,
    20,
    23,
    23,
    22,
    17,
    16,
    22,
    19,
    26,
    15,
    21,
    20,
    28,
    17,
    20,
    21,
    21,
    21,
    19,
    23,
    23,
    19,
    19,
    8,
    20,
    22,
    21,
    21,
    18,
    22,
    18,
    21,
    21,
    18,
    14,
    22,
    31,
    20,
    24,
    16,
    14,
    20,
    24,
    17,
    16,
    25,
    12,
    21,
    22,
    22,
    16,
    20,
    20,
    24,
    17,
    18,
    18,
    24,
    17,
    18,
    20,
    23,
    18,
    18,
    12,
    21,
    23,
    25,
    15,
    19,
    11,
    24,
    19,
    29,
    26,
    16,
    28
  ],
  "diversity":true,
  "p_split":0.3,
  "split_reliability_mode":"identical_active_pool",
  "split_recovery_coverage":1.0,
  "split_workload_shares":"0.5,0.5",
  "mechanism":null,
  "fixed_sfc_len":3,
  "fixed_reliability":0.999,
  "max_backup_level":2,
  "explicit_split_replicas":true,
  "split_enforce_distinct":false,
  "strict_split_resource_ablation":false,
  "split_replica_resource_scale":1.0,
  "backhaul_knn_k":4,
  "backhaul_use_device_bw":true,
  "backhaul_bw_scale":0.5,
  "fiber_speed_mps":200000000.0,
  "switch_delay_s":0.0002,
  "region_cloudlet_count":50,
  "cap_base_min":500,
  "cap_base_max":700,
  "cap_scale":0.2,
  "total_arrivals":2421,
  "total_accepted":663,
  "total_rejected":1758,
  "acceptance_ratio":0.2738537794,
  "avg_cost_per_arrival":14.3432052836,
  "total_cost":34724.8999915062,
  "total_cost_resource":23305.8999915062,
  "avg_cost_per_accepted":52.3754147685,
  "final_utilization":0.9563679232,
  "avg_utilization_over_time":0.9540717463,
  "avg_leftover_capacity_sum_over_time":2732.3361111111,
  "final_leftover_capacity_sum":2595.7333333333,
  "final_leftover_capacity_min":1.4,
  "final_leftover_capacity_max":348.8,
  "final_leftover_capacity_avg":51.9146666667,
  "avg_e2e_delay_accepted":0.0814122789,
  "p95_e2e_delay_accepted":0.130209885,
  "avg_access_delay_accepted":0.0081274082,
  "avg_processing_delay_accepted":0.056870711,
  "avg_network_delay_accepted":0.0101738184,
  "avg_split_proc_overhead_accepted":1.013230266e-18,
  "avg_split_net_overhead_accepted":0.0,
  "total_transmitted_bits_accepted":1232343131.5186929703,
  "avg_transmitted_bits_per_accepted":1858737.7549301554,
  "total_split_transmitted_bits_accepted":346817488.7081449032,
  "avg_split_transmitted_bits_per_accepted":523103.3012189214,
  "avg_split_overhead_ratio_accepted":1.206864842e-17,
  "p95_split_overhead_ratio_accepted":7.079952775e-17,
  "rga_accepted_total":1991,
  "rga_rejected_total":430,
  "rga_rejection_ratio":0.1776125568,
  "mdca_rejected_total":1328,
  "mdca_capacity_rejected_total":1325,
  "mdca_reliability_rejected_total":1,
  "mdca_qos_rejected_total":2,
  "mdca_rejection_ratio":0.5485336638,
  "capacity_rejection_ratio":0.5472945064,
  "reliability_rejection_ratio":0.0004130525,
  "qos_rejected_total":2,
  "qos_rejection_ratio":0.0008261049
}