{
  "algo":"mdca",
  "region":"Alabama",
  "time_slots":120,
  "arrival_rate":45.0,
  "mean_service_time":9.0,
  "seed":5,
  "trace_seed":7950144239450411793,
  "algo_seed":10056931585136477576,
  "trace_hash":"3bd1c60931dec1cc3dadd77f171e107bbeec04ee21e1bf8c9c52d7a31dd43cc5",
  "arrivals_per_slot":[
    40,
    40,
    29,
    42,
    43,
    36,
    42,
    34,
    49,
    39,
    56,
    43,
    38,
    41,
    36,
    46,
    47,
    41,
    53,
    50,
    60,
    32,
    41,
    36,
    29,
    56,
    52,
    39,
    38,
    46,
    30,
    48,
    40,
    43,
    50,
    58,
    30,
    40,
    49,
    47,
    34,
    39,
    52,
    42,
    48,
    50,
    50,
    28,
    46,
    49,
    38,
    33,
    41,
    48,
    43,
    37,
    47,
    40,
    43,
    49,
    49,
    40,
    34,
    42,
    43,
    51,
    49,
    57,
    37,
    42,
    37,
    43,
    41,
    44,
    49,
    42,
    44,
    53,
    51,
    43,
    55,
    55,
    49,
    50,
    50,
    51,
    41,
    55,
    42,
    57,
    43,
    42,
    52,
    44,
    44,
    37,
    43,
    48,
    38,
    60,
    45,
    48,
    42,
    37,
    39,
    45,
    41,
    46,
    49,
    40,
    35,
    44,
    48,
    41,
    57,
    42,
    40,
    49,
    35,
    43
  ],
  "diversity":false,
  "p_split":null,
  "split_reliability_mode":null,
  "mechanism":null,
  "fixed_sfc_len":null,
  "fixed_reliability":null,
  "max_backup_level":2,
  "explicit_split_replicas":false,
  "split_enforce_distinct":false,
  "strict_split_resource_ablation":false,
  "split_replica_resource_scale":1.0,
  "cap_base_min":500,
  "cap_base_max":700,
  "cap_scale":0.2,
  "total_arrivals":5279,
  "total_accepted":3219,
  "total_rejected":2060,
  "acceptance_ratio":0.6097745785,
  "avg_cost_per_arrival":17.8745586107,
  "total_cost":94359.7949059902,
  "total_cost_resource":68409.7949059902,
  "avg_cost_per_accepted":29.3133876688,
  "final_utilization":0.9677880377,
  "avg_utilization_over_time":0.9530033198,
  "avg_leftover_capacity_sum_over_time":8188.1,
  "final_leftover_capacity_sum":5612.2,
  "final_leftover_capacity_min":0.0,
  "final_leftover_capacity_max":233.2,
  "final_leftover_capacity_avg":40.9649635036,
  "avg_e2e_delay_accepted":0.0571272446,
  "p95_e2e_delay_accepted":0.1215295325,
  "avg_access_delay_accepted":0.0080559483,
  "avg_processing_delay_accepted":0.0440461819,
  "avg_network_delay_accepted":0.0050251144,
  "avg_split_proc_overhead_accepted":0.0,
  "avg_split_net_overhead_accepted":0.0,
  "total_transmitted_bits_accepted":3059258355.8136281967,
  "avg_transmitted_bits_per_accepted":950375.3823590023,
  "total_split_transmitted_bits_accepted":0.0,
  "avg_split_transmitted_bits_per_accepted":0.0,
  "avg_split_overhead_ratio_accepted":0.0,
  "p95_split_overhead_ratio_accepted":0.0,
  "rga_accepted_total":5279,
  "rga_rejected_total":0,
  "rga_rejection_ratio":0.0,
  "mdca_rejected_total":2060,
  "mdca_capacity_rejected_total":2036,
  "mdca_reliability_rejected_total":0,
  "mdca_qos_rejected_total":24,
  "mdca_rejection_ratio":0.3902254215,
  "capacity_rejection_ratio":0.3856791059,
  "reliability_rejection_ratio":0.0,
  "qos_rejected_total":24,
  "qos_rejection_ratio":0.0045463156
}