{
  "algo":"mdca",
  "region":"Alabama",
  "time_slots":120,
  "arrival_rate":12.0,
  "mean_service_time":9.0,
  "seed":5,
  "trace_seed":5608125887345209314,
  "algo_seed":17347754373514051730,
  "trace_hash":"25f8a5d2d4c20d874e49b75b37a195c3860a66093ec7d7471633ff76f7b46ab6",
  "arrivals_per_slot":[
    17,
    9,
    20,
    8,
    17,
    11,
    10,
    8,
    10,
    8,
    3,
    14,
    14,
    7,
    14,
    12,
    14,
    9,
    8,
    19,
    11,
    22,
    11,
    8,
    14,
    16,
    11,
    14,
    14,
    15,
    15,
    13,
    8,
    10,
    13,
    14,
    11,
    15,
    11,
    13,
    8,
    14,
    7,
    9,
    20,
    14,
    12,
    11,
    22,
    13,
    11,
    11,
    11,
    8,
    15,
    12,
    10,
    14,
    13,
    19,
    16,
    15,
    13,
    9,
    16,
    13,
    12,
    8,
    15,
    9,
    13,
    11,
    13,
    11,
    13,
    13,
    10,
    8,
    19,
    12,
    8,
    12,
    10,
    13,
    15,
    15,
    17,
    10,
    9,
    6,
    13,
    15,
    7,
    13,
    21,
    8,
    9,
    7,
    13,
    13,
    11,
    11,
    14,
    13,
    9,
    9,
    17,
    8,
    12,
    6,
    9,
    9,
    18,
    10,
    7,
    9,
    9,
    14,
    9,
    10
  ],
  "diversity":true,
  "p_split":0.3,
  "split_reliability_mode":"identical_active_pool",
  "mechanism":null,
  "fixed_sfc_len":null,
  "fixed_reliability":0.996,
  "max_backup_level":1,
  "explicit_split_replicas":true,
  "split_enforce_distinct":false,
  "strict_split_resource_ablation":false,
  "split_replica_resource_scale":1.0,
  "cap_base_min":500,
  "cap_base_max":700,
  "cap_scale":0.2,
  "total_arrivals":1442,
  "total_accepted":453,
  "total_rejected":989,
  "acceptance_ratio":0.314147018,
  "avg_cost_per_arrival":7.1780554913,
  "total_cost":10350.7560184496,
  "total_cost_resource":5731.7560184496,
  "avg_cost_per_accepted":22.8493510341,
  "final_utilization":0.1928455638,
  "avg_utilization_over_time":0.1577325588,
  "avg_leftover_capacity_sum_over_time":145550.8888888889,
  "final_leftover_capacity_sum":139483.0666666667,
  "final_leftover_capacity_min":5.0,
  "final_leftover_capacity_max":2788.0,
  "final_leftover_capacity_avg":1018.1245742092,
  "avg_e2e_delay_accepted":0.0533374714,
  "p95_e2e_delay_accepted":0.1109032747,
  "avg_access_delay_accepted":0.0079565276,
  "avg_processing_delay_accepted":0.0314023149,
  "avg_network_delay_accepted":0.009835858,
  "avg_split_proc_overhead_accepted":7.792852701e-19,
  "avg_split_net_overhead_accepted":0.0,
  "total_transmitted_bits_accepted":588819261.7777533531,
  "avg_transmitted_bits_per_accepted":1299821.7699288153,
  "total_split_transmitted_bits_accepted":216060407.4765878618,
  "avg_split_transmitted_bits_per_accepted":476954.5418909224,
  "avg_split_overhead_ratio_accepted":1.222285891e-17,
  "p95_split_overhead_ratio_accepted":6.490164494e-17,
  "rga_accepted_total":456,
  "rga_rejected_total":986,
  "rga_rejection_ratio":0.6837725381,
  "mdca_rejected_total":3,
  "mdca_capacity_rejected_total":0,
  "mdca_reliability_rejected_total":0,
  "mdca_qos_rejected_total":3,
  "mdca_rejection_ratio":0.0020804438,
  "capacity_rejection_ratio":0.0,
  "reliability_rejection_ratio":0.0,
  "qos_rejected_total":3,
  "qos_rejection_ratio":0.0020804438
}