{
  "algo":"random",
  "region":"Arizona",
  "time_slots":120,
  "arrival_rate":12.0,
  "mean_service_time":9.0,
  "seed":3,
  "trace_seed":749333843108848763,
  "algo_seed":16411256898775438693,
  "trace_hash":"896122615128bf4a973be61630578beabbc50ae2f587eccb2b22416cd947b6c2",
  "arrivals_per_slot":[
    5,
    7,
    7,
    11,
    13,
    15,
    7,
    9,
    17,
    12,
    10,
    11,
    8,
    15,
    14,
    17,
    17,
    10,
    13,
    14,
    6,
    15,
    12,
    11,
    6,
    17,
    6,
    11,
    7,
    10,
    12,
    9,
    18,
    8,
    7,
    16,
    8,
    12,
    10,
    9,
    15,
    9,
    12,
    8,
    9,
    16,
    13,
    6,
    12,
    10,
    17,
    14,
    11,
    8,
    7,
    14,
    12,
    13,
    15,
    10,
    7,
    12,
    11,
    8,
    16,
    13,
    11,
    14,
    13,
    13,
    12,
    12,
    14,
    14,
    15,
    12,
    10,
    20,
    17,
    13,
    10,
    11,
    12,
    5,
    13,
    7,
    12,
    15,
    14,
    10,
    11,
    12,
    14,
    8,
    13,
    12,
    11,
    14,
    15,
    11,
    8,
    14,
    11,
    12,
    11,
    11,
    8,
    11,
    16,
    14,
    16,
    15,
    17,
    9,
    8,
    10,
    5,
    10,
    16,
    13
  ],
  "diversity":false,
  "p_split":null,
  "split_reliability_mode":null,
  "mechanism":null,
  "fixed_sfc_len":null,
  "fixed_reliability":0.93,
  "max_backup_level":2,
  "explicit_split_replicas":false,
  "split_enforce_distinct":false,
  "strict_split_resource_ablation":false,
  "split_replica_resource_scale":1.0,
  "cap_base_min":500,
  "cap_base_max":700,
  "cap_scale":0.2,
  "total_arrivals":1395,
  "total_accepted":1380,
  "total_rejected":15,
  "acceptance_ratio":0.9892473118,
  "avg_cost_per_arrival":56.8080602157,
  "total_cost":79247.2440008397,
  "total_cost_resource":60915.2440008397,
  "avg_cost_per_accepted":57.425539131,
  "final_utilization":0.4209932854,
  "avg_utilization_over_time":0.3620498692,
  "avg_leftover_capacity_sum_over_time":240905.0250000001,
  "final_leftover_capacity_sum":218646.6,
  "final_leftover_capacity_min":6.2,
  "final_leftover_capacity_max":2141.6,
  "final_leftover_capacity_avg":696.3267515924,
  "avg_e2e_delay_accepted":0.064860132,
  "p95_e2e_delay_accepted":0.1271659516,
  "avg_access_delay_accepted":0.0080574481,
  "avg_processing_delay_accepted":0.0475266035,
  "avg_network_delay_accepted":0.0092760805,
  "avg_split_proc_overhead_accepted":0.0,
  "avg_split_net_overhead_accepted":0.0,
  "total_transmitted_bits_accepted":2073679797.4427022934,
  "avg_transmitted_bits_per_accepted":1502666.5198860161,
  "total_split_transmitted_bits_accepted":0.0,
  "avg_split_transmitted_bits_per_accepted":0.0,
  "avg_split_overhead_ratio_accepted":0.0,
  "p95_split_overhead_ratio_accepted":0.0,
  "rga_accepted_total":1395,
  "rga_rejected_total":0,
  "rga_rejection_ratio":0.0,
  "mdca_rejected_total":15,
  "mdca_capacity_rejected_total":0,
  "mdca_reliability_rejected_total":0,
  "mdca_qos_rejected_total":15,
  "mdca_rejection_ratio":0.0107526882,
  "capacity_rejection_ratio":0.0,
  "reliability_rejection_ratio":0.0,
  "qos_rejected_total":15,
  "qos_rejection_ratio":0.0107526882
}