region,fixed_reliability,seed,method,share,share_tag,domain_count,domain_failure_prob,total_accepted,expected_target_satisfaction_ratio,expected_reliability,expected_reliability_loss
Alabama,0.996,5,DMDCA,"0.5,0.5",0p5_0p5,6,0.0,1395,1.0,0.9978938718985423,1.3322676295501878e-15
Alabama,0.996,5,DMDCA,"0.5,0.5",0p5_0p5,6,0.01,1395,0.9655906901067224,0.9904909720981466,0.007402899800396989
Alabama,0.996,5,DMDCA,"0.5,0.5",0p5_0p5,6,0.03,1395,0.8997896968639871,0.9751279949559906,0.022765876942553054
Alabama,0.996,5,DMDCA,"0.5,0.5",0p5_0p5,6,0.05,1395,0.8378496487231181,0.9590440730936123,0.038849798804931335
Alabama,0.996,5,MDCA,nan,nan,6,0.0,1352,1.0,0.9979241069383799,1.1102230246251565e-15
Alabama,0.996,5,MDCA,nan,nan,6,0.01,1352,0.9663080782533017,0.9899850836423991,0.00793902329598184
Alabama,0.996,5,MDCA,nan,nan,6,0.03,1352,0.9018204273208992,0.9735936745481125,0.02433043239026844
Alabama,0.996,5,MDCA,nan,nan,6,0.05,1352,0.8410410288461542,0.956539996355466,0.04138411058291491
