{
  "algo":"dtsp",
  "region":"Alabama",
  "time_slots":120,
  "arrival_rate":12.0,
  "mean_service_time":9.0,
  "seed":1,
  "trace_seed":4151998564921826748,
  "algo_seed":14894763211395462469,
  "trace_hash":"cbe15f484fdfd42e53e7ac861a224d8e0275f0c972b426cb801bd3301deb401b",
  "arrivals_per_slot":[
    8,
    16,
    7,
    12,
    7,
    13,
    12,
    5,
    10,
    14,
    6,
    12,
    12,
    10,
    11,
    13,
    10,
    17,
    15,
    16,
    10,
    12,
    6,
    9,
    14,
    11,
    15,
    9,
    19,
    12,
    12,
    12,
    9,
    5,
    15,
    9,
    19,
    9,
    12,
    12,
    15,
    14,
    9,
    11,
    8,
    16,
    11,
    9,
    12,
    9,
    5,
    12,
    13,
    14,
    13,
    23,
    8,
    9,
    15,
    15,
    9,
    12,
    16,
    12,
    8,
    9,
    15,
    8,
    17,
    15,
    12,
    16,
    12,
    17,
    10,
    12,
    15,
    10,
    10,
    8,
    14,
    15,
    12,
    15,
    15,
    9,
    10,
    11,
    11,
    14,
    10,
    15,
    12,
    9,
    19,
    18,
    16,
    9,
    13,
    15,
    7,
    13,
    8,
    12,
    20,
    12,
    14,
    12,
    7,
    14,
    8,
    9,
    10,
    10,
    16,
    11,
    13,
    8,
    15,
    14
  ],
  "diversity":false,
  "p_split":null,
  "split_reliability_mode":null,
  "mechanism":null,
  "fixed_sfc_len":null,
  "fixed_reliability":0.996,
  "max_backup_level":2,
  "explicit_split_replicas":false,
  "split_enforce_distinct":false,
  "strict_split_resource_ablation":false,
  "split_replica_resource_scale":1.0,
  "cap_base_min":500,
  "cap_base_max":700,
  "cap_scale":0.2,
  "total_arrivals":1436,
  "total_accepted":1295,
  "total_rejected":141,
  "acceptance_ratio":0.901810585,
  "avg_cost_per_arrival":62.2774295976,
  "total_cost":89430.3889021001,
  "total_cost_resource":68460.3889021001,
  "avg_cost_per_accepted":69.0582153684,
  "final_utilization":0.8472313164,
  "avg_utilization_over_time":0.8582829698,
  "avg_leftover_capacity_sum_over_time":24846.5666666667,
  "final_leftover_capacity_sum":26784.2,
  "final_leftover_capacity_min":0.4,
  "final_leftover_capacity_max":1734.2,
  "final_leftover_capacity_avg":195.5051094891,
  "avg_e2e_delay_accepted":0.063475874,
  "p95_e2e_delay_accepted":0.1232170346,
  "avg_access_delay_accepted":0.0080395293,
  "avg_processing_delay_accepted":0.0476421837,
  "avg_network_delay_accepted":0.007794161,
  "avg_split_proc_overhead_accepted":0.0,
  "avg_split_net_overhead_accepted":0.0,
  "total_transmitted_bits_accepted":1889669864.6058597565,
  "avg_transmitted_bits_per_accepted":1459204.5286531735,
  "total_split_transmitted_bits_accepted":0.0,
  "avg_split_transmitted_bits_per_accepted":0.0,
  "avg_split_overhead_ratio_accepted":0.0,
  "p95_split_overhead_ratio_accepted":0.0,
  "rga_accepted_total":1436,
  "rga_rejected_total":0,
  "rga_rejection_ratio":0.0,
  "mdca_rejected_total":141,
  "mdca_capacity_rejected_total":131,
  "mdca_reliability_rejected_total":0,
  "mdca_qos_rejected_total":10,
  "mdca_rejection_ratio":0.098189415,
  "capacity_rejection_ratio":0.0912256267,
  "reliability_rejection_ratio":0.0,
  "qos_rejected_total":10,
  "qos_rejection_ratio":0.0069637883
}