{
  "algo":"random",
  "region":"Alabama",
  "time_slots":120,
  "arrival_rate":20.0,
  "mean_service_time":9.0,
  "seed":2,
  "trace_seed":12973337267159549668,
  "algo_seed":13852390656172401847,
  "trace_hash":"a419825d4f9f0bd25481a45ac613b2716e170243ccf4831f83f55496a884688e",
  "arrivals_per_slot":[
    17,
    17,
    25,
    15,
    12,
    13,
    17,
    21,
    22,
    22,
    32,
    15,
    19,
    18,
    16,
    23,
    16,
    18,
    20,
    22,
    21,
    29,
    22,
    27,
    20,
    20,
    18,
    27,
    23,
    25,
    26,
    18,
    21,
    21,
    14,
    14,
    16,
    26,
    22,
    19,
    19,
    25,
    20,
    20,
    14,
    25,
    24,
    24,
    18,
    15,
    27,
    15,
    16,
    21,
    12,
    20,
    21,
    21,
    17,
    24,
    18,
    14,
    23,
    14,
    18,
    16,
    22,
    18,
    21,
    27,
    16,
    10,
    22,
    18,
    23,
    24,
    17,
    19,
    18,
    17,
    19,
    21,
    22,
    18,
    17,
    18,
    21,
    22,
    23,
    24,
    20,
    17,
    24,
    16,
    26,
    13,
    21,
    24,
    24,
    20,
    14,
    25,
    16,
    14,
    22,
    17,
    17,
    22,
    16,
    16,
    18,
    12,
    27,
    22,
    22,
    24,
    22,
    18,
    20,
    16
  ],
  "diversity":false,
  "p_split":null,
  "split_reliability_mode":null,
  "mechanism":null,
  "fixed_sfc_len":6,
  "fixed_reliability":null,
  "max_backup_level":2,
  "explicit_split_replicas":false,
  "split_enforce_distinct":false,
  "strict_split_resource_ablation":false,
  "split_replica_resource_scale":1.0,
  "cap_base_min":500,
  "cap_base_max":700,
  "cap_scale":0.2,
  "total_arrivals":2372,
  "total_accepted":715,
  "total_rejected":1657,
  "acceptance_ratio":0.3014333895,
  "avg_cost_per_arrival":40.7685036673,
  "total_cost":96702.8906989017,
  "total_cost_resource":74042.8906989017,
  "avg_cost_per_accepted":135.2487981803,
  "final_utilization":0.9277640289,
  "avg_utilization_over_time":0.929088985,
  "avg_leftover_capacity_sum_over_time":12269.35,
  "final_leftover_capacity_sum":12498.6,
  "final_leftover_capacity_min":0.0,
  "final_leftover_capacity_max":751.0,
  "final_leftover_capacity_avg":91.2306569343,
  "avg_e2e_delay_accepted":0.1261091119,
  "p95_e2e_delay_accepted":0.194451319,
  "avg_access_delay_accepted":0.0079386612,
  "avg_processing_delay_accepted":0.0983698776,
  "avg_network_delay_accepted":0.0198005731,
  "avg_split_proc_overhead_accepted":0.0,
  "avg_split_net_overhead_accepted":0.0,
  "total_transmitted_bits_accepted":2626896409.0536022186,
  "avg_transmitted_bits_per_accepted":3673980.9916833597,
  "total_split_transmitted_bits_accepted":0.0,
  "avg_split_transmitted_bits_per_accepted":0.0,
  "avg_split_overhead_ratio_accepted":0.0,
  "p95_split_overhead_ratio_accepted":0.0,
  "rga_accepted_total":2372,
  "rga_rejected_total":0,
  "rga_rejection_ratio":0.0,
  "mdca_rejected_total":1657,
  "mdca_capacity_rejected_total":1592,
  "mdca_reliability_rejected_total":0,
  "mdca_qos_rejected_total":65,
  "mdca_rejection_ratio":0.6985666105,
  "capacity_rejection_ratio":0.671163575,
  "reliability_rejection_ratio":0.0,
  "qos_rejected_total":65,
  "qos_rejection_ratio":0.0274030354
}