{
  "algo":"mdca",
  "region":"Alabama",
  "time_slots":120,
  "arrival_rate":12.0,
  "mean_service_time":9.0,
  "seed":5,
  "trace_seed":11771557698972552127,
  "algo_seed":6041356402655296302,
  "trace_hash":"6b94ae428a93cd58d37f432831b10491dab037e807d2f2090f8cc327527363c8",
  "arrivals_per_slot":[
    19,
    10,
    13,
    13,
    9,
    10,
    11,
    21,
    5,
    8,
    7,
    15,
    21,
    8,
    16,
    12,
    11,
    13,
    10,
    13,
    20,
    10,
    9,
    9,
    11,
    11,
    12,
    14,
    15,
    13,
    9,
    17,
    10,
    9,
    11,
    7,
    10,
    17,
    9,
    10,
    10,
    6,
    15,
    10,
    14,
    11,
    15,
    12,
    11,
    9,
    6,
    21,
    14,
    10,
    10,
    11,
    12,
    13,
    15,
    14,
    12,
    12,
    17,
    8,
    9,
    9,
    17,
    11,
    9,
    16,
    16,
    9,
    14,
    9,
    8,
    22,
    10,
    12,
    11,
    18,
    11,
    8,
    18,
    2,
    16,
    14,
    15,
    13,
    21,
    17,
    10,
    20,
    17,
    9,
    8,
    13,
    10,
    11,
    17,
    12,
    14,
    11,
    6,
    10,
    10,
    15,
    18,
    9,
    4,
    15,
    11,
    23,
    9,
    12,
    12,
    20,
    14,
    11,
    9,
    9
  ],
  "diversity":true,
  "p_split":0.3,
  "split_reliability_mode":"identical_active_pool",
  "mechanism":null,
  "fixed_sfc_len":null,
  "fixed_reliability":0.9,
  "max_backup_level":2,
  "explicit_split_replicas":true,
  "split_enforce_distinct":false,
  "strict_split_resource_ablation":false,
  "split_replica_resource_scale":1.0,
  "cap_base_min":500,
  "cap_base_max":700,
  "cap_scale":0.2,
  "total_arrivals":1470,
  "total_accepted":1450,
  "total_rejected":20,
  "acceptance_ratio":0.9863945578,
  "avg_cost_per_arrival":28.5401055017,
  "total_cost":41953.9550875264,
  "total_cost_resource":28420.9550875264,
  "avg_cost_per_accepted":28.9337621293,
  "final_utilization":0.5054245997,
  "avg_utilization_over_time":0.5148615889,
  "avg_leftover_capacity_sum_over_time":84254.8611111111,
  "final_leftover_capacity_sum":85893.8,
  "final_leftover_capacity_min":0.4666666667,
  "final_leftover_capacity_max":2041.6,
  "final_leftover_capacity_avg":626.9620437956,
  "avg_e2e_delay_accepted":0.0681214123,
  "p95_e2e_delay_accepted":0.1309850569,
  "avg_access_delay_accepted":0.0081148711,
  "avg_processing_delay_accepted":0.0458166183,
  "avg_network_delay_accepted":0.0113691106,
  "avg_split_proc_overhead_accepted":4.809371292e-19,
  "avg_split_net_overhead_accepted":0.0,
  "total_transmitted_bits_accepted":2419047966.136133194,
  "avg_transmitted_bits_per_accepted":1668308.9421628504,
  "total_split_transmitted_bits_accepted":448703210.4066404104,
  "avg_split_transmitted_bits_per_accepted":309450.4899356141,
  "avg_split_overhead_ratio_accepted":5.829612827e-18,
  "p95_split_overhead_ratio_accepted":3.862435597e-17,
  "rga_accepted_total":1470,
  "rga_rejected_total":0,
  "rga_rejection_ratio":0.0,
  "mdca_rejected_total":20,
  "mdca_capacity_rejected_total":0,
  "mdca_reliability_rejected_total":0,
  "mdca_qos_rejected_total":20,
  "mdca_rejection_ratio":0.0136054422,
  "capacity_rejection_ratio":0.0,
  "reliability_rejection_ratio":0.0,
  "qos_rejected_total":20,
  "qos_rejection_ratio":0.0136054422
}