{
  "algo":"mdca",
  "region":"Arizona",
  "time_slots":120,
  "arrival_rate":12.0,
  "mean_service_time":9.0,
  "seed":1,
  "trace_seed":5164437648294652990,
  "algo_seed":3737587677167370884,
  "trace_hash":"b844375112058538b0e8da39d91bc3ce49ba6b1ffe31eb111cdff5e9311d935c",
  "arrivals_per_slot":[
    11,
    14,
    13,
    15,
    13,
    8,
    12,
    6,
    12,
    8,
    8,
    15,
    17,
    8,
    17,
    13,
    16,
    17,
    8,
    16,
    11,
    12,
    14,
    14,
    14,
    17,
    11,
    9,
    10,
    12,
    7,
    9,
    11,
    10,
    14,
    9,
    7,
    11,
    9,
    10,
    10,
    17,
    5,
    8,
    13,
    12,
    13,
    5,
    15,
    13,
    13,
    17,
    10,
    13,
    18,
    13,
    13,
    17,
    9,
    10,
    10,
    18,
    12,
    12,
    14,
    15,
    14,
    8,
    12,
    9,
    10,
    14,
    6,
    10,
    10,
    15,
    20,
    19,
    9,
    14,
    14,
    6,
    15,
    12,
    12,
    18,
    16,
    16,
    16,
    12,
    14,
    11,
    17,
    15,
    10,
    11,
    17,
    16,
    17,
    5,
    13,
    10,
    18,
    14,
    9,
    13,
    15,
    21,
    10,
    4,
    13,
    16,
    14,
    16,
    7,
    17,
    9,
    21,
    13,
    18
  ],
  "diversity":false,
  "p_split":null,
  "split_reliability_mode":null,
  "mechanism":null,
  "fixed_sfc_len":null,
  "fixed_reliability":0.93,
  "max_backup_level":2,
  "explicit_split_replicas":false,
  "split_enforce_distinct":false,
  "strict_split_resource_ablation":false,
  "split_replica_resource_scale":1.0,
  "cap_base_min":500,
  "cap_base_max":700,
  "cap_scale":0.2,
  "total_arrivals":1504,
  "total_accepted":1491,
  "total_rejected":13,
  "acceptance_ratio":0.991356383,
  "avg_cost_per_arrival":26.5072464208,
  "total_cost":39866.8986168489,
  "total_cost_resource":24984.898616849,
  "avg_cost_per_accepted":26.7383625868,
  "final_utilization":0.2847639508,
  "avg_utilization_over_time":0.2857679177,
  "avg_leftover_capacity_sum_over_time":268628.4,
  "final_leftover_capacity_sum":269006.0,
  "final_leftover_capacity_min":0.0,
  "final_leftover_capacity_max":2534.6,
  "final_leftover_capacity_avg":856.7070063694,
  "avg_e2e_delay_accepted":0.0647495261,
  "p95_e2e_delay_accepted":0.1297455853,
  "avg_access_delay_accepted":0.0080803502,
  "avg_processing_delay_accepted":0.0480338566,
  "avg_network_delay_accepted":0.0086353193,
  "avg_split_proc_overhead_accepted":0.0,
  "avg_split_net_overhead_accepted":0.0,
  "total_transmitted_bits_accepted":1963973121.5658912659,
  "avg_transmitted_bits_per_accepted":1317218.7267376869,
  "total_split_transmitted_bits_accepted":0.0,
  "avg_split_transmitted_bits_per_accepted":0.0,
  "avg_split_overhead_ratio_accepted":0.0,
  "p95_split_overhead_ratio_accepted":0.0,
  "rga_accepted_total":1504,
  "rga_rejected_total":0,
  "rga_rejection_ratio":0.0,
  "mdca_rejected_total":13,
  "mdca_capacity_rejected_total":0,
  "mdca_reliability_rejected_total":0,
  "mdca_qos_rejected_total":13,
  "mdca_rejection_ratio":0.008643617,
  "capacity_rejection_ratio":0.0,
  "reliability_rejection_ratio":0.0,
  "qos_rejected_total":13,
  "qos_rejection_ratio":0.008643617
}