{
  "algo":"hspa",
  "region":"Alabama",
  "time_slots":120,
  "arrival_rate":12.0,
  "mean_service_time":9.0,
  "seed":2,
  "trace_seed":7461094369609534314,
  "algo_seed":3824945755291777617,
  "trace_hash":"b47ec6c02477cccaa82492cede9e65099598482565a4aac9d7533e2393906d49",
  "arrivals_per_slot":[
    11,
    10,
    11,
    16,
    14,
    10,
    7,
    11,
    12,
    12,
    10,
    11,
    8,
    13,
    14,
    7,
    10,
    6,
    12,
    12,
    15,
    11,
    17,
    10,
    14,
    14,
    13,
    7,
    17,
    16,
    7,
    16,
    15,
    10,
    6,
    16,
    13,
    9,
    5,
    13,
    6,
    15,
    7,
    12,
    12,
    12,
    14,
    10,
    12,
    14,
    12,
    13,
    9,
    19,
    13,
    11,
    14,
    13,
    9,
    13,
    13,
    15,
    10,
    8,
    12,
    18,
    13,
    9,
    14,
    13,
    17,
    13,
    6,
    8,
    16,
    8,
    9,
    8,
    7,
    13,
    11,
    9,
    15,
    10,
    15,
    10,
    16,
    8,
    6,
    11,
    12,
    15,
    12,
    8,
    10,
    9,
    12,
    13,
    12,
    15,
    7,
    10,
    15,
    19,
    8,
    11,
    10,
    15,
    14,
    15,
    12,
    7,
    11,
    11,
    10,
    9,
    15,
    7,
    12,
    14
  ],
  "diversity":false,
  "p_split":null,
  "split_reliability_mode":null,
  "mechanism":null,
  "fixed_sfc_len":null,
  "fixed_reliability":0.93,
  "max_backup_level":2,
  "explicit_split_replicas":false,
  "split_enforce_distinct":false,
  "strict_split_resource_ablation":false,
  "split_replica_resource_scale":1.0,
  "cap_base_min":500,
  "cap_base_max":700,
  "cap_scale":0.2,
  "total_arrivals":1392,
  "total_accepted":1377,
  "total_rejected":15,
  "acceptance_ratio":0.9892241379,
  "avg_cost_per_arrival":40.0031058986,
  "total_cost":55684.3234108372,
  "total_cost_resource":40406.3234108372,
  "avg_cost_per_accepted":40.4388695794,
  "final_utilization":0.6238860618,
  "avg_utilization_over_time":0.6737411946,
  "avg_leftover_capacity_sum_over_time":56637.1583333333,
  "final_leftover_capacity_sum":65291.8,
  "final_leftover_capacity_min":1.0,
  "final_leftover_capacity_max":1770.6,
  "final_leftover_capacity_avg":476.5824817518,
  "avg_e2e_delay_accepted":0.0615216831,
  "p95_e2e_delay_accepted":0.125222356,
  "avg_access_delay_accepted":0.008072854,
  "avg_processing_delay_accepted":0.0466321485,
  "avg_network_delay_accepted":0.0068166806,
  "avg_split_proc_overhead_accepted":0.0,
  "avg_split_net_overhead_accepted":0.0,
  "total_transmitted_bits_accepted":1745908123.3967847824,
  "avg_transmitted_bits_per_accepted":1267907.1339119715,
  "total_split_transmitted_bits_accepted":0.0,
  "avg_split_transmitted_bits_per_accepted":0.0,
  "avg_split_overhead_ratio_accepted":0.0,
  "p95_split_overhead_ratio_accepted":0.0,
  "rga_accepted_total":1392,
  "rga_rejected_total":0,
  "rga_rejection_ratio":0.0,
  "mdca_rejected_total":15,
  "mdca_capacity_rejected_total":0,
  "mdca_reliability_rejected_total":0,
  "mdca_qos_rejected_total":15,
  "mdca_rejection_ratio":0.0107758621,
  "capacity_rejection_ratio":0.0,
  "reliability_rejection_ratio":0.0,
  "qos_rejected_total":15,
  "qos_rejection_ratio":0.0107758621
}