region,fixed_reliability,seed,method,share,share_tag,domain_count,domain_failure_prob,total_accepted,expected_target_satisfaction_ratio,expected_reliability,expected_reliability_loss
Arizona,0.996,4,DMDCA,"0.5,0.5",0p5_0p5,6,0.0,1463,1.0,0.9978679941228592,5.551115123125783e-16
Arizona,0.996,4,DMDCA,"0.5,0.5",0p5_0p5,6,0.01,1463,0.9647941516528874,0.9909749624827189,0.006893031640140879
Arizona,0.996,4,DMDCA,"0.5,0.5",0p5_0p5,6,0.03,1463,0.8974801994000309,0.9765835832384938,0.021284410884365945
Arizona,0.996,4,DMDCA,"0.5,0.5",0p5_0p5,6,0.05,1463,0.834131742288961,0.9614080424929934,0.03645995162986637
Arizona,0.996,4,MDCA,nan,nan,6,0.0,1471,1.0,0.997873197605648,4.440892098500626e-16
Arizona,0.996,4,MDCA,nan,nan,6,0.01,1471,0.9649272229588574,0.9900314888768281,0.007841708728820285
Arizona,0.996,4,MDCA,nan,nan,6,0.03,1471,0.8979165018700143,0.9738120775201214,0.024061120085526966
Arizona,0.996,4,MDCA,nan,nan,6,0.05,1471,0.8349139462844153,0.9569003391385794,0.040972858467068995
