{
  "algo":"mdca",
  "region":"Alabama",
  "time_slots":120,
  "arrival_rate":12.0,
  "mean_service_time":9.0,
  "seed":3,
  "trace_seed":16822749361596586808,
  "algo_seed":1512138191858803878,
  "trace_hash":"32c151d9d483db53d83a78bb52cbf0e0f11fcc4ec06f818bcca35f5a09c67cca",
  "arrivals_per_slot":[
    9,
    20,
    9,
    8,
    12,
    14,
    11,
    9,
    14,
    11,
    12,
    13,
    7,
    13,
    19,
    18,
    13,
    15,
    10,
    13,
    8,
    12,
    12,
    6,
    12,
    7,
    12,
    8,
    12,
    6,
    14,
    11,
    10,
    19,
    12,
    13,
    10,
    17,
    17,
    13,
    18,
    10,
    10,
    12,
    14,
    11,
    13,
    12,
    9,
    13,
    9,
    7,
    12,
    14,
    10,
    12,
    16,
    15,
    12,
    15,
    16,
    7,
    15,
    14,
    11,
    16,
    11,
    12,
    10,
    9,
    8,
    14,
    8,
    9,
    12,
    14,
    11,
    10,
    12,
    16,
    11,
    7,
    14,
    10,
    19,
    12,
    14,
    12,
    11,
    10,
    14,
    15,
    11,
    12,
    13,
    14,
    11,
    9,
    8,
    12,
    20,
    19,
    19,
    9,
    11,
    6,
    10,
    10,
    15,
    9,
    14,
    16,
    9,
    16,
    11,
    12,
    13,
    9,
    6,
    12
  ],
  "diversity":false,
  "p_split":null,
  "split_reliability_mode":null,
  "mechanism":null,
  "fixed_sfc_len":null,
  "fixed_reliability":0.996,
  "max_backup_level":4,
  "explicit_split_replicas":false,
  "split_enforce_distinct":false,
  "strict_split_resource_ablation":false,
  "split_replica_resource_scale":1.0,
  "cap_base_min":500,
  "cap_base_max":700,
  "cap_scale":0.2,
  "total_arrivals":1445,
  "total_accepted":1364,
  "total_rejected":81,
  "acceptance_ratio":0.9439446367,
  "avg_cost_per_arrival":55.5597255777,
  "total_cost":80283.8034598108,
  "total_cost_resource":59917.8034598108,
  "avg_cost_per_accepted":58.8590934456,
  "final_utilization":0.9543136949,
  "avg_utilization_over_time":0.8670775085,
  "avg_leftover_capacity_sum_over_time":23019.65,
  "final_leftover_capacity_sum":7912.0,
  "final_leftover_capacity_min":0.0,
  "final_leftover_capacity_max":388.2,
  "final_leftover_capacity_avg":57.7518248175,
  "avg_e2e_delay_accepted":0.0632577292,
  "p95_e2e_delay_accepted":0.1258914683,
  "avg_access_delay_accepted":0.0080332373,
  "avg_processing_delay_accepted":0.0476062088,
  "avg_network_delay_accepted":0.0076182831,
  "avg_split_proc_overhead_accepted":0.0,
  "avg_split_net_overhead_accepted":0.0,
  "total_transmitted_bits_accepted":1749278111.7164061069,
  "avg_transmitted_bits_per_accepted":1282461.9587363682,
  "total_split_transmitted_bits_accepted":0.0,
  "avg_split_transmitted_bits_per_accepted":0.0,
  "avg_split_overhead_ratio_accepted":0.0,
  "p95_split_overhead_ratio_accepted":0.0,
  "rga_accepted_total":1445,
  "rga_rejected_total":0,
  "rga_rejection_ratio":0.0,
  "mdca_rejected_total":81,
  "mdca_capacity_rejected_total":70,
  "mdca_reliability_rejected_total":0,
  "mdca_qos_rejected_total":11,
  "mdca_rejection_ratio":0.0560553633,
  "capacity_rejection_ratio":0.0484429066,
  "reliability_rejection_ratio":0.0,
  "qos_rejected_total":11,
  "qos_rejection_ratio":0.0076124567
}