{
  "algo":"mdca",
  "region":"Alabama",
  "time_slots":120,
  "arrival_rate":40.0,
  "mean_service_time":9.0,
  "seed":3,
  "trace_seed":825356781172228160,
  "algo_seed":8021305762253439011,
  "trace_hash":"11c75f903eaead8e495a79640f619af14716de3df1e7a4c64085ca7c16ed50d1",
  "arrivals_per_slot":[
    45,
    30,
    38,
    39,
    53,
    41,
    51,
    42,
    35,
    32,
    43,
    39,
    51,
    37,
    36,
    33,
    40,
    43,
    53,
    46,
    33,
    44,
    35,
    48,
    38,
    36,
    40,
    39,
    46,
    48,
    38,
    32,
    41,
    41,
    36,
    35,
    38,
    46,
    41,
    47,
    41,
    45,
    40,
    33,
    43,
    37,
    34,
    39,
    45,
    50,
    39,
    40,
    42,
    36,
    42,
    38,
    39,
    33,
    35,
    41,
    46,
    29,
    49,
    35,
    42,
    39,
    40,
    39,
    43,
    38,
    45,
    34,
    40,
    40,
    41,
    57,
    44,
    47,
    42,
    45,
    45,
    43,
    35,
    49,
    45,
    41,
    37,
    42,
    41,
    41,
    55,
    48,
    43,
    43,
    42,
    36,
    47,
    44,
    38,
    41,
    42,
    50,
    47,
    39,
    32,
    43,
    46,
    40,
    36,
    44,
    33,
    52,
    34,
    47,
    49,
    35,
    44,
    40,
    39,
    36
  ],
  "diversity":false,
  "p_split":null,
  "split_reliability_mode":null,
  "mechanism":null,
  "fixed_sfc_len":null,
  "fixed_reliability":null,
  "max_backup_level":2,
  "explicit_split_replicas":false,
  "split_enforce_distinct":false,
  "strict_split_resource_ablation":false,
  "split_replica_resource_scale":1.0,
  "cap_base_min":500,
  "cap_base_max":700,
  "cap_scale":0.2,
  "total_arrivals":4940,
  "total_accepted":3116,
  "total_rejected":1824,
  "acceptance_ratio":0.6307692308,
  "avg_cost_per_arrival":20.2103365429,
  "total_cost":99839.0625217887,
  "total_cost_resource":73625.0625217887,
  "avg_cost_per_accepted":32.040777446,
  "final_utilization":0.9711340322,
  "avg_utilization_over_time":0.9543095327,
  "avg_leftover_capacity_sum_over_time":8115.2666666667,
  "final_leftover_capacity_sum":5127.0,
  "final_leftover_capacity_min":0.0,
  "final_leftover_capacity_max":837.4,
  "final_leftover_capacity_avg":37.4233576642,
  "avg_e2e_delay_accepted":0.0581902064,
  "p95_e2e_delay_accepted":0.1223913848,
  "avg_access_delay_accepted":0.0080860043,
  "avg_processing_delay_accepted":0.044388883,
  "avg_network_delay_accepted":0.0057153192,
  "avg_split_proc_overhead_accepted":0.0,
  "avg_split_net_overhead_accepted":0.0,
  "total_transmitted_bits_accepted":3100069911.3427629471,
  "avg_transmitted_bits_per_accepted":994887.6480560857,
  "total_split_transmitted_bits_accepted":0.0,
  "avg_split_transmitted_bits_per_accepted":0.0,
  "avg_split_overhead_ratio_accepted":0.0,
  "p95_split_overhead_ratio_accepted":0.0,
  "rga_accepted_total":4940,
  "rga_rejected_total":0,
  "rga_rejection_ratio":0.0,
  "mdca_rejected_total":1824,
  "mdca_capacity_rejected_total":1802,
  "mdca_reliability_rejected_total":0,
  "mdca_qos_rejected_total":22,
  "mdca_rejection_ratio":0.3692307692,
  "capacity_rejection_ratio":0.3647773279,
  "reliability_rejection_ratio":0.0,
  "qos_rejected_total":22,
  "qos_rejection_ratio":0.0044534413
}