{
  "algo":"dtsp",
  "region":"Arizona",
  "time_slots":120,
  "arrival_rate":12.0,
  "mean_service_time":9.0,
  "seed":1,
  "trace_seed":16840283913898114547,
  "algo_seed":13714346850831613210,
  "trace_hash":"81c5c3139cc0427b625670b413b2cbcd3491f6fbfbd05d323657443732156dfd",
  "arrivals_per_slot":[
    21,
    13,
    18,
    12,
    13,
    8,
    10,
    12,
    9,
    13,
    9,
    13,
    15,
    11,
    15,
    13,
    10,
    12,
    9,
    11,
    16,
    14,
    15,
    11,
    12,
    17,
    16,
    10,
    7,
    7,
    13,
    7,
    14,
    12,
    11,
    12,
    12,
    8,
    14,
    11,
    10,
    13,
    11,
    12,
    8,
    14,
    14,
    16,
    13,
    10,
    8,
    10,
    15,
    11,
    10,
    8,
    13,
    11,
    13,
    10,
    11,
    16,
    17,
    10,
    9,
    10,
    8,
    16,
    14,
    11,
    10,
    16,
    9,
    19,
    11,
    9,
    13,
    10,
    12,
    16,
    10,
    14,
    13,
    11,
    12,
    12,
    17,
    13,
    14,
    8,
    12,
    12,
    10,
    17,
    9,
    14,
    11,
    13,
    12,
    12,
    15,
    10,
    8,
    11,
    13,
    14,
    16,
    11,
    14,
    12,
    11,
    14,
    11,
    15,
    13,
    7,
    9,
    17,
    14,
    11
  ],
  "diversity":false,
  "p_split":null,
  "split_reliability_mode":null,
  "mechanism":null,
  "fixed_sfc_len":null,
  "fixed_reliability":0.999,
  "max_backup_level":2,
  "explicit_split_replicas":false,
  "split_enforce_distinct":false,
  "strict_split_resource_ablation":false,
  "split_replica_resource_scale":1.0,
  "cap_base_min":500,
  "cap_base_max":700,
  "cap_scale":0.2,
  "total_arrivals":1455,
  "total_accepted":936,
  "total_rejected":519,
  "acceptance_ratio":0.6432989691,
  "avg_cost_per_arrival":28.1818449236,
  "total_cost":41004.5843638984,
  "total_cost_resource":26249.5843638984,
  "avg_cost_per_accepted":43.8083166281,
  "final_utilization":0.3106320143,
  "avg_utilization_over_time":0.2887394603,
  "avg_leftover_capacity_sum_over_time":268485.775,
  "final_leftover_capacity_sum":260221.8,
  "final_leftover_capacity_min":0.4,
  "final_leftover_capacity_max":2198.4,
  "final_leftover_capacity_avg":828.7318471338,
  "avg_e2e_delay_accepted":0.0594104018,
  "p95_e2e_delay_accepted":0.1255540957,
  "avg_access_delay_accepted":0.0080480608,
  "avg_processing_delay_accepted":0.0434349646,
  "avg_network_delay_accepted":0.0079273764,
  "avg_split_proc_overhead_accepted":0.0,
  "avg_split_net_overhead_accepted":0.0,
  "total_transmitted_bits_accepted":1174044002.1994092464,
  "avg_transmitted_bits_per_accepted":1254320.515170309,
  "total_split_transmitted_bits_accepted":0.0,
  "avg_split_transmitted_bits_per_accepted":0.0,
  "avg_split_overhead_ratio_accepted":0.0,
  "p95_split_overhead_ratio_accepted":0.0,
  "rga_accepted_total":944,
  "rga_rejected_total":511,
  "rga_rejection_ratio":0.3512027491,
  "mdca_rejected_total":8,
  "mdca_capacity_rejected_total":0,
  "mdca_reliability_rejected_total":0,
  "mdca_qos_rejected_total":8,
  "mdca_rejection_ratio":0.0054982818,
  "capacity_rejection_ratio":0.0,
  "reliability_rejection_ratio":0.0,
  "qos_rejected_total":8,
  "qos_rejection_ratio":0.0054982818
}