region,fixed_reliability,seed,method,share,share_tag,domain_count,domain_failure_prob,total_accepted,expected_target_satisfaction_ratio,expected_reliability,expected_reliability_loss
Alabama,0.998,5,DMDCA,"0.5,0.5",0p5_0p5,6,0.0,1356,1.0,0.9988403750083786,1.5543122344752192e-15
Alabama,0.998,5,DMDCA,"0.5,0.5",0p5_0p5,6,0.01,1356,0.9645727091113404,0.9925628916761616,0.006277483332218559
Alabama,0.998,5,DMDCA,"0.5,0.5",0p5_0p5,6,0.03,1356,0.8969138715616237,0.9794109105248996,0.019429464483480596
Alabama,0.998,5,DMDCA,"0.5,0.5",0p5_0p5,6,0.05,1356,0.8333398121543134,0.9654792391519705,0.03336113585640965
Alabama,0.998,5,MDCA,nan,nan,6,0.0,1306,1.0,0.9988468936153665,1.4432899320127035e-15
Alabama,0.998,5,MDCA,nan,nan,6,0.01,1306,0.9650913300854449,0.9915136289744783,0.007333264640889681
Alabama,0.998,5,MDCA,nan,nan,6,0.03,1306,0.8984061560190185,0.976321102509595,0.022525791105772908
Alabama,0.998,5,MDCA,nan,nan,6,0.05,1306,0.8357228080852792,0.9604444153872171,0.038402478228150794
