{
  "algo":"mdca",
  "region":"Alabama",
  "time_slots":120,
  "arrival_rate":12.0,
  "mean_service_time":9.0,
  "seed":1,
  "trace_seed":10394030818635337927,
  "algo_seed":10094360132914191487,
  "trace_hash":"fc9965c07e365791a2078e972ca9d51d2397b2d4003d615815392b9ad724a918",
  "arrivals_per_slot":[
    17,
    14,
    14,
    14,
    14,
    16,
    9,
    16,
    9,
    6,
    20,
    8,
    9,
    10,
    20,
    7,
    7,
    15,
    10,
    15,
    12,
    8,
    15,
    7,
    9,
    12,
    10,
    7,
    11,
    12,
    9,
    5,
    19,
    12,
    19,
    7,
    18,
    16,
    13,
    11,
    16,
    11,
    8,
    15,
    15,
    8,
    12,
    15,
    5,
    12,
    11,
    16,
    14,
    8,
    16,
    16,
    13,
    15,
    10,
    10,
    6,
    19,
    18,
    15,
    12,
    15,
    13,
    12,
    13,
    12,
    11,
    8,
    8,
    19,
    11,
    11,
    9,
    14,
    12,
    14,
    14,
    14,
    18,
    11,
    9,
    13,
    8,
    14,
    13,
    8,
    7,
    14,
    6,
    18,
    17,
    16,
    14,
    10,
    21,
    9,
    8,
    14,
    15,
    13,
    7,
    16,
    9,
    5,
    13,
    13,
    13,
    11,
    7,
    5,
    11,
    10,
    6,
    11,
    10,
    11
  ],
  "diversity":false,
  "p_split":null,
  "split_reliability_mode":null,
  "mechanism":null,
  "fixed_sfc_len":null,
  "fixed_reliability":0.998,
  "max_backup_level":3,
  "explicit_split_replicas":false,
  "split_enforce_distinct":false,
  "strict_split_resource_ablation":false,
  "split_replica_resource_scale":1.0,
  "cap_base_min":500,
  "cap_base_max":700,
  "cap_scale":0.2,
  "total_arrivals":1442,
  "total_accepted":1316,
  "total_rejected":126,
  "acceptance_ratio":0.9126213592,
  "avg_cost_per_arrival":57.5963831319,
  "total_cost":83053.9844761288,
  "total_cost_resource":62267.9844761289,
  "avg_cost_per_accepted":63.110930453,
  "final_utilization":0.9494991414,
  "avg_utilization_over_time":0.8932129527,
  "avg_leftover_capacity_sum_over_time":18681.2833333333,
  "final_leftover_capacity_sum":8834.6,
  "final_leftover_capacity_min":0.0,
  "final_leftover_capacity_max":1458.6,
  "final_leftover_capacity_avg":64.4861313869,
  "avg_e2e_delay_accepted":0.063208854,
  "p95_e2e_delay_accepted":0.1297632829,
  "avg_access_delay_accepted":0.0080246539,
  "avg_processing_delay_accepted":0.0480626176,
  "avg_network_delay_accepted":0.0071215825,
  "avg_split_proc_overhead_accepted":0.0,
  "avg_split_net_overhead_accepted":0.0,
  "total_transmitted_bits_accepted":1636713931.9654612541,
  "avg_transmitted_bits_per_accepted":1243703.5957184357,
  "total_split_transmitted_bits_accepted":0.0,
  "avg_split_transmitted_bits_per_accepted":0.0,
  "avg_split_overhead_ratio_accepted":0.0,
  "p95_split_overhead_ratio_accepted":0.0,
  "rga_accepted_total":1442,
  "rga_rejected_total":0,
  "rga_rejection_ratio":0.0,
  "mdca_rejected_total":126,
  "mdca_capacity_rejected_total":114,
  "mdca_reliability_rejected_total":0,
  "mdca_qos_rejected_total":12,
  "mdca_rejection_ratio":0.0873786408,
  "capacity_rejection_ratio":0.0790568655,
  "reliability_rejection_ratio":0.0,
  "qos_rejected_total":12,
  "qos_rejection_ratio":0.0083217753
}