region,fixed_reliability,seed,method,share,share_tag,domain_count,domain_failure_prob,total_accepted,expected_target_satisfaction_ratio,expected_reliability,expected_reliability_loss
Alabama,0.996,4,DMDCA,"0.5,0.5",0p5_0p5,6,0.0,1404,1.0,0.9978566326500405,8.881784197001252e-16
Alabama,0.996,4,DMDCA,"0.5,0.5",0p5_0p5,6,0.01,1404,0.9651448100194296,0.9904540169861995,0.007402615663841927
Alabama,0.996,4,DMDCA,"0.5,0.5",0p5_0p5,6,0.03,1404,0.8984925732957203,0.9750863864765795,0.022770246173461905
Alabama,0.996,4,DMDCA,"0.5,0.5",0p5_0p5,6,0.05,1404,0.835753640480324,0.9589926130723045,0.038864019577736886
Alabama,0.996,4,MDCA,nan,nan,6,0.0,1387,1.0,0.9978668176512167,8.881784197001252e-16
Alabama,0.996,4,MDCA,nan,nan,6,0.01,1387,0.9657842244589528,0.9896918115935956,0.008175006057621892
Alabama,0.996,4,MDCA,nan,nan,6,0.03,1387,0.9003198505573697,0.9728546755320933,0.02501214211912428
Alabama,0.996,4,MDCA,nan,nan,6,0.05,1387,0.8386538681506851,0.9553896139128483,0.042477203738369274
