{
  "algo":"mdca",
  "region":"Arizona",
  "time_slots":120,
  "arrival_rate":12.0,
  "mean_service_time":9.0,
  "seed":4,
  "trace_seed":16707068173538783098,
  "algo_seed":3422338492954534737,
  "trace_hash":"c5d4cf64f89c549094607b0ba48289f3d80ef88839bcacc95dda2bf52aa9edcb",
  "arrivals_per_slot":[
    10,
    12,
    12,
    11,
    9,
    16,
    11,
    11,
    9,
    10,
    8,
    16,
    10,
    14,
    13,
    7,
    14,
    12,
    15,
    12,
    19,
    15,
    12,
    8,
    11,
    9,
    9,
    16,
    9,
    13,
    15,
    13,
    16,
    13,
    18,
    8,
    10,
    18,
    10,
    10,
    10,
    14,
    14,
    17,
    13,
    11,
    11,
    13,
    9,
    14,
    10,
    15,
    12,
    16,
    13,
    10,
    10,
    7,
    8,
    10,
    21,
    12,
    13,
    11,
    13,
    8,
    3,
    16,
    11,
    12,
    22,
    10,
    5,
    11,
    9,
    5,
    13,
    11,
    16,
    10,
    12,
    7,
    13,
    22,
    11,
    9,
    10,
    19,
    16,
    10,
    10,
    14,
    7,
    9,
    11,
    8,
    6,
    6,
    12,
    8,
    12,
    11,
    15,
    16,
    10,
    17,
    7,
    15,
    10,
    14,
    10,
    12,
    14,
    11,
    10,
    15,
    8,
    16,
    12,
    10
  ],
  "diversity":true,
  "p_split":0.3,
  "split_reliability_mode":"identical_active_pool",
  "mechanism":null,
  "fixed_sfc_len":null,
  "fixed_reliability":0.999,
  "max_backup_level":2,
  "explicit_split_replicas":true,
  "split_enforce_distinct":false,
  "strict_split_resource_ablation":false,
  "split_replica_resource_scale":1.0,
  "cap_base_min":500,
  "cap_base_max":700,
  "cap_scale":0.2,
  "total_arrivals":1418,
  "total_accepted":1138,
  "total_rejected":280,
  "acceptance_ratio":0.802538787,
  "avg_cost_per_arrival":33.5471804288,
  "total_cost":47569.9018480534,
  "total_cost_resource":28702.9018480534,
  "avg_cost_per_accepted":41.8013197259,
  "final_utilization":0.3439511793,
  "avg_utilization_over_time":0.293686172,
  "avg_leftover_capacity_sum_over_time":268274.0958333333,
  "final_leftover_capacity_sum":249182.3,
  "final_leftover_capacity_min":0.2,
  "final_leftover_capacity_max":2240.0,
  "final_leftover_capacity_avg":793.5742038217,
  "avg_e2e_delay_accepted":0.0680214398,
  "p95_e2e_delay_accepted":0.1317125047,
  "avg_access_delay_accepted":0.0081063176,
  "avg_processing_delay_accepted":0.0387917653,
  "avg_network_delay_accepted":0.015979406,
  "avg_split_proc_overhead_accepted":1.105162144e-19,
  "avg_split_net_overhead_accepted":0.0,
  "total_transmitted_bits_accepted":2142120875.914955616,
  "avg_transmitted_bits_per_accepted":1882355.7784841438,
  "total_split_transmitted_bits_accepted":711724377.7020730972,
  "avg_split_transmitted_bits_per_accepted":625416.8521107849,
  "avg_split_overhead_ratio_accepted":1.494957433e-18,
  "p95_split_overhead_ratio_accepted":9.698005647e-18,
  "rga_accepted_total":1150,
  "rga_rejected_total":268,
  "rga_rejection_ratio":0.1889985896,
  "mdca_rejected_total":12,
  "mdca_capacity_rejected_total":0,
  "mdca_reliability_rejected_total":0,
  "mdca_qos_rejected_total":12,
  "mdca_rejection_ratio":0.0084626234,
  "capacity_rejection_ratio":0.0,
  "reliability_rejection_ratio":0.0,
  "qos_rejected_total":12,
  "qos_rejection_ratio":0.0084626234
}