{
  "algo":"dtsp",
  "region":"Alabama",
  "time_slots":120,
  "arrival_rate":20.0,
  "mean_service_time":9.0,
  "seed":2,
  "trace_seed":1837454419666909318,
  "algo_seed":13203952052646951863,
  "trace_hash":"df68e09b09a76e0481d175692cae6961d9561d6f40cc73e060077c6717bd99eb",
  "arrivals_per_slot":[
    22,
    17,
    27,
    25,
    30,
    24,
    13,
    14,
    12,
    15,
    13,
    17,
    18,
    22,
    17,
    13,
    24,
    22,
    14,
    18,
    21,
    28,
    31,
    21,
    20,
    19,
    19,
    17,
    17,
    23,
    21,
    14,
    21,
    25,
    23,
    20,
    23,
    22,
    28,
    17,
    30,
    27,
    26,
    22,
    17,
    22,
    12,
    26,
    23,
    22,
    16,
    18,
    19,
    28,
    22,
    23,
    23,
    25,
    26,
    21,
    19,
    20,
    20,
    20,
    24,
    27,
    29,
    22,
    20,
    23,
    23,
    20,
    23,
    15,
    20,
    21,
    16,
    20,
    14,
    26,
    17,
    20,
    14,
    23,
    20,
    27,
    23,
    14,
    23,
    20,
    25,
    28,
    15,
    18,
    19,
    19,
    21,
    19,
    23,
    16,
    27,
    21,
    18,
    18,
    19,
    22,
    21,
    16,
    12,
    12,
    22,
    25,
    16,
    21,
    17,
    13,
    17,
    19,
    18,
    20
  ],
  "diversity":false,
  "p_split":null,
  "split_reliability_mode":null,
  "mechanism":null,
  "fixed_sfc_len":4,
  "fixed_reliability":null,
  "max_backup_level":2,
  "explicit_split_replicas":false,
  "split_enforce_distinct":false,
  "strict_split_resource_ablation":false,
  "split_replica_resource_scale":1.0,
  "cap_base_min":500,
  "cap_base_max":700,
  "cap_scale":0.2,
  "total_arrivals":2455,
  "total_accepted":1511,
  "total_rejected":944,
  "acceptance_ratio":0.6154786151,
  "avg_cost_per_arrival":39.2911496521,
  "total_cost":96459.7723958303,
  "total_cost_resource":74258.7723958302,
  "avg_cost_per_accepted":63.8383669066,
  "final_utilization":0.9583296401,
  "avg_utilization_over_time":0.9427029193,
  "avg_leftover_capacity_sum_over_time":9954.7833333333,
  "final_leftover_capacity_sum":7239.8,
  "final_leftover_capacity_min":0.2,
  "final_leftover_capacity_max":247.0,
  "final_leftover_capacity_avg":52.8452554745,
  "avg_e2e_delay_accepted":0.0854723608,
  "p95_e2e_delay_accepted":0.1382741675,
  "avg_access_delay_accepted":0.008111418,
  "avg_processing_delay_accepted":0.0651728336,
  "avg_network_delay_accepted":0.0121881092,
  "avg_split_proc_overhead_accepted":0.0,
  "avg_split_net_overhead_accepted":0.0,
  "total_transmitted_bits_accepted":3419160690.4499115944,
  "avg_transmitted_bits_per_accepted":2262846.254434091,
  "total_split_transmitted_bits_accepted":0.0,
  "avg_split_transmitted_bits_per_accepted":0.0,
  "avg_split_overhead_ratio_accepted":0.0,
  "p95_split_overhead_ratio_accepted":0.0,
  "rga_accepted_total":2455,
  "rga_rejected_total":0,
  "rga_rejection_ratio":0.0,
  "mdca_rejected_total":944,
  "mdca_capacity_rejected_total":916,
  "mdca_reliability_rejected_total":0,
  "mdca_qos_rejected_total":28,
  "mdca_rejection_ratio":0.3845213849,
  "capacity_rejection_ratio":0.3731160896,
  "reliability_rejection_ratio":0.0,
  "qos_rejected_total":28,
  "qos_rejection_ratio":0.0114052953
}