{
  "algo":"mdca",
  "region":"Alabama",
  "time_slots":120,
  "arrival_rate":20.0,
  "mean_service_time":9.0,
  "seed":5,
  "trace_seed":8018029854763536747,
  "algo_seed":6041356402655296302,
  "trace_hash":"f88569b141a2cfd5fd98d94c78545be6d35b3cdcfd6e0228f78ef387f3d99ed6",
  "arrivals_per_slot":[
    11,
    19,
    23,
    23,
    24,
    18,
    16,
    21,
    19,
    20,
    20,
    21,
    15,
    19,
    21,
    21,
    27,
    22,
    21,
    30,
    27,
    11,
    25,
    16,
    21,
    18,
    26,
    13,
    20,
    18,
    23,
    16,
    21,
    31,
    22,
    24,
    13,
    20,
    21,
    23,
    19,
    19,
    25,
    21,
    23,
    23,
    23,
    22,
    18,
    20,
    13,
    15,
    19,
    26,
    16,
    23,
    21,
    25,
    22,
    22,
    16,
    21,
    15,
    15,
    13,
    14,
    15,
    28,
    16,
    14,
    15,
    18,
    20,
    13,
    19,
    13,
    17,
    27,
    18,
    17,
    22,
    28,
    21,
    24,
    20,
    19,
    13,
    22,
    27,
    21,
    22,
    19,
    20,
    23,
    24,
    22,
    18,
    18,
    20,
    12,
    14,
    24,
    13,
    22,
    17,
    23,
    20,
    19,
    23,
    25,
    20,
    12,
    25,
    24,
    15,
    14,
    17,
    15,
    20,
    21
  ],
  "diversity":true,
  "p_split":0.3,
  "split_reliability_mode":"identical_active_pool",
  "split_recovery_coverage":1.0,
  "split_workload_shares":"0.5,0.5",
  "mechanism":null,
  "fixed_sfc_len":6,
  "fixed_reliability":null,
  "max_backup_level":2,
  "explicit_split_replicas":true,
  "split_enforce_distinct":false,
  "strict_split_resource_ablation":false,
  "split_replica_resource_scale":1.0,
  "cap_base_min":500,
  "cap_base_max":700,
  "cap_scale":0.2,
  "total_arrivals":2377,
  "total_accepted":1267,
  "total_rejected":1110,
  "acceptance_ratio":0.5330248212,
  "avg_cost_per_arrival":43.7250140595,
  "total_cost":103934.3584195218,
  "total_cost_resource":75140.3584195218,
  "avg_cost_per_accepted":82.0318535276,
  "final_utilization":0.9732959827,
  "avg_utilization_over_time":0.953090851,
  "avg_leftover_capacity_sum_over_time":8185.2055555556,
  "final_leftover_capacity_sum":4659.6,
  "final_leftover_capacity_min":0.0,
  "final_leftover_capacity_max":583.0,
  "final_leftover_capacity_avg":34.0116788321,
  "avg_e2e_delay_accepted":0.1399988574,
  "p95_e2e_delay_accepted":0.2012036886,
  "avg_access_delay_accepted":0.00807989,
  "avg_processing_delay_accepted":0.0957628652,
  "avg_network_delay_accepted":0.0276192312,
  "avg_split_proc_overhead_accepted":1.307888398e-18,
  "avg_split_net_overhead_accepted":0.0,
  "total_transmitted_bits_accepted":5163260333.6764993668,
  "avg_transmitted_bits_per_accepted":4075185.7408654299,
  "total_split_transmitted_bits_accepted":892700657.4923353195,
  "avg_split_transmitted_bits_per_accepted":704578.2616356238,
  "avg_split_overhead_ratio_accepted":9.045275421e-18,
  "p95_split_overhead_ratio_accepted":4.10672131e-17,
  "rga_accepted_total":2377,
  "rga_rejected_total":0,
  "rga_rejection_ratio":0.0,
  "mdca_rejected_total":1110,
  "mdca_capacity_rejected_total":959,
  "mdca_reliability_rejected_total":5,
  "mdca_qos_rejected_total":146,
  "mdca_rejection_ratio":0.4669751788,
  "capacity_rejection_ratio":0.4034497265,
  "reliability_rejection_ratio":0.0021034918,
  "qos_rejected_total":146,
  "qos_rejection_ratio":0.0614219605,
  "placement_trace_path":"D:\\Study\\Code_1\\paper_data\\large_scale_lb_reference\\split_enabled\\length\\Alabama\\fixed_sfc_len_6\\DMDCA\\seed5\\placement_trace_Alabama_mdca_seed5.json"
}