{
  "algo":"mdca",
  "region":"Arizona",
  "time_slots":120,
  "arrival_rate":20.0,
  "mean_service_time":9.0,
  "seed":4,
  "trace_seed":3024544264696790898,
  "algo_seed":14420759781778004277,
  "trace_hash":"3ebaed4d473f7fe148bb680d6e4500b28f77a9a78cfaac673e76b6ed5f7d96fb",
  "arrivals_per_slot":[
    21,
    18,
    16,
    16,
    21,
    22,
    18,
    19,
    17,
    19,
    22,
    21,
    13,
    17,
    19,
    18,
    18,
    24,
    26,
    26,
    16,
    19,
    26,
    15,
    20,
    14,
    23,
    13,
    19,
    26,
    12,
    21,
    24,
    25,
    19,
    17,
    17,
    13,
    18,
    20,
    20,
    13,
    23,
    22,
    18,
    21,
    18,
    23,
    19,
    16,
    16,
    25,
    20,
    22,
    27,
    19,
    17,
    19,
    21,
    7,
    13,
    19,
    21,
    18,
    15,
    22,
    12,
    21,
    21,
    30,
    20,
    19,
    24,
    21,
    22,
    20,
    14,
    22,
    22,
    18,
    16,
    15,
    16,
    22,
    31,
    18,
    20,
    17,
    20,
    20,
    15,
    23,
    14,
    15,
    21,
    25,
    16,
    26,
    21,
    23,
    18,
    21,
    21,
    17,
    26,
    18,
    22,
    20,
    23,
    15,
    17,
    25,
    24,
    22,
    20,
    22,
    24,
    23,
    23,
    14
  ],
  "diversity":false,
  "p_split":null,
  "split_reliability_mode":null,
  "mechanism":null,
  "fixed_sfc_len":4,
  "fixed_reliability":null,
  "max_backup_level":2,
  "explicit_split_replicas":false,
  "split_enforce_distinct":false,
  "strict_split_resource_ablation":false,
  "split_replica_resource_scale":1.0,
  "cap_base_min":500,
  "cap_base_max":700,
  "cap_scale":0.2,
  "total_arrivals":2357,
  "total_accepted":2331,
  "total_rejected":26,
  "acceptance_ratio":0.9889690284,
  "avg_cost_per_arrival":51.0298833816,
  "total_cost":120277.4351303473,
  "total_cost_resource":86302.4351303473,
  "avg_cost_per_accepted":51.59907127,
  "final_utilization":0.7082751361,
  "avg_utilization_over_time":0.6327147442,
  "avg_leftover_capacity_sum_over_time":138790.2666666666,
  "final_leftover_capacity_sum":110237.4,
  "final_leftover_capacity_min":0.0,
  "final_leftover_capacity_max":2137.6,
  "final_leftover_capacity_avg":351.074522293,
  "avg_e2e_delay_accepted":0.0840917705,
  "p95_e2e_delay_accepted":0.1369201922,
  "avg_access_delay_accepted":0.0081362915,
  "avg_processing_delay_accepted":0.0638318143,
  "avg_network_delay_accepted":0.0121236647,
  "avg_split_proc_overhead_accepted":0.0,
  "avg_split_net_overhead_accepted":0.0,
  "total_transmitted_bits_accepted":4573252501.2097272873,
  "avg_transmitted_bits_per_accepted":1961927.2849462579,
  "total_split_transmitted_bits_accepted":0.0,
  "avg_split_transmitted_bits_per_accepted":0.0,
  "avg_split_overhead_ratio_accepted":0.0,
  "p95_split_overhead_ratio_accepted":0.0,
  "rga_accepted_total":2357,
  "rga_rejected_total":0,
  "rga_rejection_ratio":0.0,
  "mdca_rejected_total":26,
  "mdca_capacity_rejected_total":0,
  "mdca_reliability_rejected_total":0,
  "mdca_qos_rejected_total":26,
  "mdca_rejection_ratio":0.0110309716,
  "capacity_rejection_ratio":0.0,
  "reliability_rejection_ratio":0.0,
  "qos_rejected_total":26,
  "qos_rejection_ratio":0.0110309716
}