{
  "algo":"mdca",
  "region":"Alabama",
  "time_slots":120,
  "arrival_rate":45.0,
  "mean_service_time":9.0,
  "seed":3,
  "trace_seed":11514292769212086197,
  "algo_seed":8021305762253439011,
  "trace_hash":"c2891e91d766a5ea5d9ce9610c4be00d4bfb46843390736905bcfe754c2c12c8",
  "arrivals_per_slot":[
    37,
    33,
    54,
    44,
    34,
    56,
    49,
    47,
    43,
    46,
    48,
    49,
    39,
    44,
    43,
    34,
    42,
    32,
    43,
    49,
    33,
    40,
    62,
    44,
    48,
    36,
    31,
    37,
    43,
    45,
    39,
    46,
    36,
    48,
    51,
    40,
    39,
    51,
    44,
    51,
    47,
    52,
    52,
    41,
    29,
    47,
    52,
    52,
    44,
    29,
    53,
    48,
    31,
    48,
    63,
    40,
    47,
    37,
    33,
    49,
    46,
    47,
    41,
    45,
    51,
    48,
    41,
    49,
    52,
    42,
    42,
    51,
    47,
    47,
    43,
    49,
    49,
    52,
    44,
    33,
    56,
    35,
    41,
    47,
    37,
    51,
    54,
    42,
    48,
    41,
    49,
    43,
    50,
    42,
    43,
    37,
    30,
    46,
    51,
    45,
    42,
    26,
    44,
    46,
    40,
    38,
    53,
    45,
    53,
    39,
    49,
    45,
    43,
    59,
    58,
    33,
    47,
    52,
    40,
    49
  ],
  "diversity":false,
  "p_split":null,
  "split_reliability_mode":null,
  "mechanism":null,
  "fixed_sfc_len":null,
  "fixed_reliability":null,
  "max_backup_level":2,
  "explicit_split_replicas":false,
  "split_enforce_distinct":false,
  "strict_split_resource_ablation":false,
  "split_replica_resource_scale":1.0,
  "cap_base_min":500,
  "cap_base_max":700,
  "cap_scale":0.2,
  "total_arrivals":5332,
  "total_accepted":3223,
  "total_rejected":2109,
  "acceptance_ratio":0.6044636159,
  "avg_cost_per_arrival":18.7013190693,
  "total_cost":99715.4332776578,
  "total_cost_resource":73328.4332776579,
  "avg_cost_per_accepted":30.9387009859,
  "final_utilization":0.9701481295,
  "avg_utilization_over_time":0.955032682,
  "avg_leftover_capacity_sum_over_time":7761.0083333333,
  "final_leftover_capacity_sum":5152.2,
  "final_leftover_capacity_min":0.0,
  "final_leftover_capacity_max":603.0,
  "final_leftover_capacity_avg":37.6072992701,
  "avg_e2e_delay_accepted":0.0577121145,
  "p95_e2e_delay_accepted":0.1234064933,
  "avg_access_delay_accepted":0.0080569797,
  "avg_processing_delay_accepted":0.044604301,
  "avg_network_delay_accepted":0.0050508338,
  "avg_split_proc_overhead_accepted":0.0,
  "avg_split_net_overhead_accepted":0.0,
  "total_transmitted_bits_accepted":3057460535.6896114349,
  "avg_transmitted_bits_per_accepted":948638.0811944187,
  "total_split_transmitted_bits_accepted":0.0,
  "avg_split_transmitted_bits_per_accepted":0.0,
  "avg_split_overhead_ratio_accepted":0.0,
  "p95_split_overhead_ratio_accepted":0.0,
  "rga_accepted_total":5332,
  "rga_rejected_total":0,
  "rga_rejection_ratio":0.0,
  "mdca_rejected_total":2109,
  "mdca_capacity_rejected_total":2087,
  "mdca_reliability_rejected_total":0,
  "mdca_qos_rejected_total":22,
  "mdca_rejection_ratio":0.3955363841,
  "capacity_rejection_ratio":0.3914103526,
  "reliability_rejection_ratio":0.0,
  "qos_rejected_total":22,
  "qos_rejection_ratio":0.0041260315
}