{
  "algo":"mdca",
  "region":"Arizona",
  "time_slots":120,
  "arrival_rate":50.0,
  "mean_service_time":9.0,
  "seed":4,
  "trace_seed":12210011496033596136,
  "algo_seed":9982702643186365209,
  "trace_hash":"9cae24cfe38ce7a9e7661999f7ef5879c68213935da43f111946b66510203d35",
  "arrivals_per_slot":[
    53,
    49,
    46,
    41,
    53,
    46,
    43,
    48,
    48,
    43,
    61,
    47,
    60,
    54,
    40,
    47,
    49,
    46,
    47,
    57,
    53,
    52,
    49,
    40,
    55,
    44,
    52,
    54,
    56,
    48,
    59,
    44,
    53,
    55,
    40,
    45,
    55,
    44,
    38,
    45,
    53,
    48,
    47,
    51,
    47,
    66,
    41,
    49,
    53,
    60,
    51,
    52,
    48,
    39,
    51,
    51,
    59,
    51,
    49,
    49,
    64,
    58,
    66,
    49,
    58,
    53,
    50,
    48,
    52,
    45,
    49,
    65,
    44,
    52,
    47,
    48,
    54,
    52,
    47,
    69,
    44,
    66,
    48,
    40,
    59,
    49,
    57,
    56,
    51,
    59,
    52,
    62,
    50,
    44,
    51,
    49,
    59,
    53,
    41,
    66,
    41,
    47,
    66,
    39,
    68,
    49,
    55,
    28,
    54,
    57,
    43,
    49,
    51,
    47,
    51,
    56,
    46,
    41,
    44,
    57
  ],
  "diversity":true,
  "p_split":0.3,
  "split_reliability_mode":"identical_active_pool",
  "split_recovery_coverage":1.0,
  "split_workload_shares":"0.5,0.5",
  "mechanism":null,
  "fixed_sfc_len":3,
  "fixed_reliability":0.999,
  "max_backup_level":2,
  "explicit_split_replicas":true,
  "split_enforce_distinct":false,
  "strict_split_resource_ablation":false,
  "split_replica_resource_scale":1.0,
  "backhaul_knn_k":4,
  "backhaul_use_device_bw":true,
  "backhaul_bw_scale":0.5,
  "fiber_speed_mps":200000000.0,
  "switch_delay_s":0.0002,
  "region_cloudlet_count":314,
  "cap_base_min":500,
  "cap_base_max":700,
  "cap_scale":0.2,
  "total_arrivals":6089,
  "total_accepted":3447,
  "total_rejected":2642,
  "acceptance_ratio":0.5661028083,
  "avg_cost_per_arrival":36.5471345799,
  "total_cost":222535.5024568326,
  "total_cost_resource":162282.5024568327,
  "avg_cost_per_accepted":64.55918261,
  "final_utilization":0.9650303872,
  "avg_utilization_over_time":0.9469259415,
  "avg_leftover_capacity_sum_over_time":19906.5083333334,
  "final_leftover_capacity_sum":13116.0666666667,
  "final_leftover_capacity_min":0.0,
  "final_leftover_capacity_max":599.8,
  "final_leftover_capacity_avg":41.7709129512,
  "avg_e2e_delay_accepted":0.0774793298,
  "p95_e2e_delay_accepted":0.127085288,
  "avg_access_delay_accepted":0.0080679921,
  "avg_processing_delay_accepted":0.0492492769,
  "avg_network_delay_accepted":0.0154444139,
  "avg_split_proc_overhead_accepted":7.323633126e-19,
  "avg_split_net_overhead_accepted":0.0,
  "total_transmitted_bits_accepted":6493844801.7670574188,
  "avg_transmitted_bits_per_accepted":1883912.0399672345,
  "total_split_transmitted_bits_accepted":1661729240.0644829273,
  "avg_split_transmitted_bits_per_accepted":482079.8491628903,
  "avg_split_overhead_ratio_accepted":8.650888818e-18,
  "p95_split_overhead_ratio_accepted":5.287211316e-17,
  "rga_accepted_total":4926,
  "rga_rejected_total":1163,
  "rga_rejection_ratio":0.1910001642,
  "mdca_rejected_total":1479,
  "mdca_capacity_rejected_total":1449,
  "mdca_reliability_rejected_total":3,
  "mdca_qos_rejected_total":27,
  "mdca_rejection_ratio":0.2428970274,
  "capacity_rejection_ratio":0.23797011,
  "reliability_rejection_ratio":0.0004926917,
  "qos_rejected_total":27,
  "qos_rejection_ratio":0.0044342257
}