{
  "algo":"mdca",
  "region":"Arizona",
  "time_slots":120,
  "arrival_rate":12.0,
  "mean_service_time":9.0,
  "seed":3,
  "trace_seed":6768744189916696028,
  "algo_seed":3915757677227757507,
  "trace_hash":"4dd31115ff65b2f48495b908efcd0ed7b782ea706500412cf036968336fe97ad",
  "arrivals_per_slot":[
    8,
    12,
    15,
    13,
    14,
    9,
    10,
    11,
    15,
    9,
    9,
    15,
    19,
    13,
    15,
    12,
    12,
    7,
    9,
    11,
    11,
    17,
    15,
    13,
    12,
    14,
    16,
    7,
    18,
    10,
    7,
    13,
    14,
    14,
    14,
    15,
    12,
    8,
    14,
    15,
    10,
    11,
    11,
    14,
    7,
    14,
    11,
    5,
    14,
    13,
    9,
    13,
    17,
    19,
    14,
    12,
    7,
    10,
    13,
    7,
    20,
    14,
    13,
    9,
    11,
    14,
    12,
    11,
    12,
    18,
    12,
    7,
    10,
    14,
    13,
    13,
    16,
    13,
    14,
    11,
    9,
    13,
    8,
    10,
    19,
    17,
    12,
    15,
    11,
    8,
    16,
    14,
    11,
    22,
    13,
    15,
    16,
    12,
    13,
    15,
    14,
    8,
    7,
    11,
    8,
    19,
    11,
    10,
    15,
    11,
    9,
    16,
    16,
    14,
    5,
    8,
    17,
    11,
    9,
    8
  ],
  "diversity":true,
  "p_split":0.3,
  "split_reliability_mode":"identical_active_pool",
  "mechanism":null,
  "fixed_sfc_len":null,
  "fixed_reliability":0.996,
  "max_backup_level":2,
  "explicit_split_replicas":true,
  "split_enforce_distinct":false,
  "strict_split_resource_ablation":false,
  "split_replica_resource_scale":1.0,
  "cap_base_min":500,
  "cap_base_max":700,
  "cap_scale":0.2,
  "total_arrivals":1481,
  "total_accepted":1459,
  "total_rejected":22,
  "acceptance_ratio":0.9851451722,
  "avg_cost_per_arrival":44.5207352432,
  "total_cost":65935.2088951227,
  "total_cost_resource":40016.2088951227,
  "avg_cost_per_accepted":45.1920554456,
  "final_utilization":0.3890223931,
  "avg_utilization_over_time":0.3934615499,
  "avg_leftover_capacity_sum_over_time":227261.7083333333,
  "final_leftover_capacity_sum":228925.0,
  "final_leftover_capacity_min":0.4,
  "final_leftover_capacity_max":2073.6,
  "final_leftover_capacity_avg":729.0605095541,
  "avg_e2e_delay_accepted":0.0724617824,
  "p95_e2e_delay_accepted":0.138274608,
  "avg_access_delay_accepted":0.0080848253,
  "avg_processing_delay_accepted":0.0416717684,
  "avg_network_delay_accepted":0.0173315736,
  "avg_split_proc_overhead_accepted":4.384367935e-19,
  "avg_split_net_overhead_accepted":0.0,
  "total_transmitted_bits_accepted":2997366604.5297384262,
  "avg_transmitted_bits_per_accepted":2054397.9469018085,
  "total_split_transmitted_bits_accepted":958916418.2600080967,
  "avg_split_transmitted_bits_per_accepted":657242.2332145361,
  "avg_split_overhead_ratio_accepted":5.254543071e-18,
  "p95_split_overhead_ratio_accepted":3.71560046e-17,
  "rga_accepted_total":1481,
  "rga_rejected_total":0,
  "rga_rejection_ratio":0.0,
  "mdca_rejected_total":22,
  "mdca_capacity_rejected_total":0,
  "mdca_reliability_rejected_total":0,
  "mdca_qos_rejected_total":22,
  "mdca_rejection_ratio":0.0148548278,
  "capacity_rejection_ratio":0.0,
  "reliability_rejection_ratio":0.0,
  "qos_rejected_total":22,
  "qos_rejection_ratio":0.0148548278
}