{
  "algo":"random",
  "region":"Alabama",
  "time_slots":120,
  "arrival_rate":45.0,
  "mean_service_time":9.0,
  "seed":5,
  "trace_seed":7950144239450411793,
  "algo_seed":12524923256282916737,
  "trace_hash":"3bd1c60931dec1cc3dadd77f171e107bbeec04ee21e1bf8c9c52d7a31dd43cc5",
  "arrivals_per_slot":[
    40,
    40,
    29,
    42,
    43,
    36,
    42,
    34,
    49,
    39,
    56,
    43,
    38,
    41,
    36,
    46,
    47,
    41,
    53,
    50,
    60,
    32,
    41,
    36,
    29,
    56,
    52,
    39,
    38,
    46,
    30,
    48,
    40,
    43,
    50,
    58,
    30,
    40,
    49,
    47,
    34,
    39,
    52,
    42,
    48,
    50,
    50,
    28,
    46,
    49,
    38,
    33,
    41,
    48,
    43,
    37,
    47,
    40,
    43,
    49,
    49,
    40,
    34,
    42,
    43,
    51,
    49,
    57,
    37,
    42,
    37,
    43,
    41,
    44,
    49,
    42,
    44,
    53,
    51,
    43,
    55,
    55,
    49,
    50,
    50,
    51,
    41,
    55,
    42,
    57,
    43,
    42,
    52,
    44,
    44,
    37,
    43,
    48,
    38,
    60,
    45,
    48,
    42,
    37,
    39,
    45,
    41,
    46,
    49,
    40,
    35,
    44,
    48,
    41,
    57,
    42,
    40,
    49,
    35,
    43
  ],
  "diversity":false,
  "p_split":null,
  "split_reliability_mode":null,
  "mechanism":null,
  "fixed_sfc_len":null,
  "fixed_reliability":null,
  "max_backup_level":2,
  "explicit_split_replicas":false,
  "split_enforce_distinct":false,
  "strict_split_resource_ablation":false,
  "split_replica_resource_scale":1.0,
  "cap_base_min":500,
  "cap_base_max":700,
  "cap_scale":0.2,
  "total_arrivals":5279,
  "total_accepted":2116,
  "total_rejected":3163,
  "acceptance_ratio":0.4008334912,
  "avg_cost_per_arrival":17.8929214321,
  "total_cost":94456.7322398365,
  "total_cost_resource":70185.7322398365,
  "avg_cost_per_accepted":44.6392874479,
  "final_utilization":0.9574050435,
  "avg_utilization_over_time":0.9451444244,
  "avg_leftover_capacity_sum_over_time":9557.3333333333,
  "final_leftover_capacity_sum":7421.2,
  "final_leftover_capacity_min":0.6,
  "final_leftover_capacity_max":153.4,
  "final_leftover_capacity_avg":54.1693430657,
  "avg_e2e_delay_accepted":0.0615183228,
  "p95_e2e_delay_accepted":0.1242331685,
  "avg_access_delay_accepted":0.0080262023,
  "avg_processing_delay_accepted":0.0469353329,
  "avg_network_delay_accepted":0.0065567876,
  "avg_split_proc_overhead_accepted":0.0,
  "avg_split_net_overhead_accepted":0.0,
  "total_transmitted_bits_accepted":2568830032.8531494141,
  "avg_transmitted_bits_per_accepted":1214002.8510648154,
  "total_split_transmitted_bits_accepted":0.0,
  "avg_split_transmitted_bits_per_accepted":0.0,
  "avg_split_overhead_ratio_accepted":0.0,
  "p95_split_overhead_ratio_accepted":0.0,
  "rga_accepted_total":5279,
  "rga_rejected_total":0,
  "rga_rejection_ratio":0.0,
  "mdca_rejected_total":3163,
  "mdca_capacity_rejected_total":3142,
  "mdca_reliability_rejected_total":0,
  "mdca_qos_rejected_total":21,
  "mdca_rejection_ratio":0.5991665088,
  "capacity_rejection_ratio":0.5951884827,
  "reliability_rejection_ratio":0.0,
  "qos_rejected_total":21,
  "qos_rejection_ratio":0.0039780261
}