{
  "algo":"mdca",
  "region":"Alabama",
  "time_slots":120,
  "arrival_rate":12.0,
  "mean_service_time":9.0,
  "seed":1,
  "trace_seed":11147557052691875914,
  "algo_seed":1274429512653363058,
  "trace_hash":"1b14fa754274b47a1684d5cc2cdfee8c1f4ed83dedc22a9444c5cf1609c850af",
  "arrivals_per_slot":[
    13,
    13,
    13,
    24,
    8,
    12,
    4,
    11,
    18,
    10,
    15,
    16,
    9,
    12,
    19,
    12,
    6,
    10,
    18,
    14,
    7,
    6,
    15,
    14,
    9,
    11,
    9,
    12,
    12,
    10,
    9,
    7,
    12,
    11,
    17,
    6,
    15,
    12,
    9,
    15,
    14,
    17,
    17,
    7,
    10,
    12,
    3,
    12,
    12,
    12,
    8,
    19,
    12,
    9,
    6,
    19,
    11,
    15,
    20,
    11,
    11,
    10,
    7,
    9,
    15,
    13,
    14,
    9,
    12,
    13,
    16,
    11,
    13,
    11,
    15,
    13,
    10,
    10,
    14,
    15,
    9,
    19,
    14,
    11,
    7,
    11,
    14,
    18,
    5,
    13,
    7,
    11,
    10,
    19,
    10,
    8,
    13,
    13,
    9,
    14,
    9,
    8,
    12,
    15,
    15,
    13,
    13,
    5,
    9,
    6,
    15,
    16,
    15,
    8,
    11,
    8,
    15,
    14,
    13,
    10
  ],
  "diversity":true,
  "p_split":0.3,
  "split_reliability_mode":"identical_active_pool",
  "split_recovery_coverage":1.0,
  "split_workload_shares":"0.5,0.5",
  "mechanism":null,
  "fixed_sfc_len":null,
  "fixed_reliability":0.95,
  "max_backup_level":2,
  "explicit_split_replicas":true,
  "split_enforce_distinct":false,
  "strict_split_resource_ablation":false,
  "split_replica_resource_scale":1.0,
  "backhaul_knn_k":4,
  "backhaul_use_device_bw":true,
  "backhaul_bw_scale":0.5,
  "fiber_speed_mps":200000000.0,
  "switch_delay_s":0.0002,
  "region_cloudlet_count":137,
  "cap_base_min":500,
  "cap_base_max":700,
  "cap_scale":0.2,
  "total_arrivals":1427,
  "total_accepted":1410,
  "total_rejected":17,
  "acceptance_ratio":0.9880868956,
  "avg_cost_per_arrival":33.9047399614,
  "total_cost":48382.0639248631,
  "total_cost_resource":33224.0639248631,
  "avg_cost_per_accepted":34.3135205141,
  "final_utilization":0.6788971316,
  "avg_utilization_over_time":0.5910981291,
  "avg_leftover_capacity_sum_over_time":72427.1527777778,
  "final_leftover_capacity_sum":56875.6666666667,
  "final_leftover_capacity_min":0.4,
  "final_leftover_capacity_max":2227.2,
  "final_leftover_capacity_avg":415.1508515815,
  "avg_e2e_delay_accepted":0.0671918894,
  "p95_e2e_delay_accepted":0.1264019323,
  "avg_access_delay_accepted":0.0081005117,
  "avg_processing_delay_accepted":0.0437411813,
  "avg_network_delay_accepted":0.0118997891,
  "avg_split_proc_overhead_accepted":5.585563533e-19,
  "avg_split_net_overhead_accepted":0.0,
  "total_transmitted_bits_accepted":2428458615.5182762146,
  "avg_transmitted_bits_per_accepted":1722311.0748356569,
  "total_split_transmitted_bits_accepted":547558483.5351209641,
  "avg_split_transmitted_bits_per_accepted":388339.3500249085,
  "avg_split_overhead_ratio_accepted":7.115069526e-18,
  "p95_split_overhead_ratio_accepted":4.834116687e-17,
  "rga_accepted_total":1427,
  "rga_rejected_total":0,
  "rga_rejection_ratio":0.0,
  "mdca_rejected_total":17,
  "mdca_capacity_rejected_total":0,
  "mdca_reliability_rejected_total":0,
  "mdca_qos_rejected_total":17,
  "mdca_rejection_ratio":0.0119131044,
  "capacity_rejection_ratio":0.0,
  "reliability_rejection_ratio":0.0,
  "qos_rejected_total":17,
  "qos_rejection_ratio":0.0119131044,
  "placement_trace_path":"D:\\Study\\Code_1\\paper_data\\workload_sharing_sensitivity\\Alabama\\R0p950\\DMDCA_share0p5_0p5\\seed1\\placement_trace_Alabama_mdca_seed1.json"
}