{
  "algo":"dtsp",
  "region":"Arizona",
  "time_slots":120,
  "arrival_rate":5.0,
  "mean_service_time":9.0,
  "seed":1,
  "trace_seed":10415402542771829831,
  "algo_seed":13714346850831613210,
  "trace_hash":"f0e0049c0e21a8158511de6d78063f9376349992db1c8478d85bd9abcd1b0f53",
  "arrivals_per_slot":[
    6,
    5,
    3,
    4,
    4,
    2,
    3,
    7,
    2,
    3,
    0,
    2,
    0,
    5,
    4,
    6,
    6,
    4,
    5,
    3,
    6,
    6,
    6,
    7,
    7,
    4,
    3,
    4,
    2,
    6,
    4,
    4,
    5,
    9,
    6,
    2,
    5,
    2,
    5,
    5,
    6,
    3,
    5,
    5,
    4,
    6,
    4,
    3,
    5,
    3,
    8,
    6,
    6,
    3,
    5,
    7,
    3,
    5,
    3,
    5,
    7,
    4,
    5,
    3,
    6,
    3,
    7,
    4,
    2,
    3,
    5,
    8,
    3,
    6,
    4,
    8,
    4,
    8,
    4,
    3,
    6,
    4,
    5,
    7,
    6,
    5,
    0,
    3,
    5,
    5,
    0,
    7,
    7,
    4,
    2,
    8,
    5,
    4,
    6,
    7,
    6,
    1,
    8,
    4,
    2,
    4,
    2,
    5,
    7,
    8,
    12,
    7,
    3,
    7,
    4,
    7,
    3,
    9,
    7,
    7
  ],
  "diversity":false,
  "p_split":null,
  "split_reliability_mode":null,
  "mechanism":null,
  "fixed_sfc_len":null,
  "fixed_reliability":null,
  "max_backup_level":2,
  "explicit_split_replicas":false,
  "split_enforce_distinct":false,
  "strict_split_resource_ablation":false,
  "split_replica_resource_scale":1.0,
  "cap_base_min":500,
  "cap_base_max":700,
  "cap_scale":0.2,
  "total_arrivals":573,
  "total_accepted":568,
  "total_rejected":5,
  "acceptance_ratio":0.9912739965,
  "avg_cost_per_arrival":27.2586634309,
  "total_cost":15619.214145897,
  "total_cost_resource":9437.214145897,
  "avg_cost_per_accepted":27.498616454,
  "final_utilization":0.191251516,
  "avg_utilization_over_time":0.1243868934,
  "avg_leftover_capacity_sum_over_time":329511.7750000001,
  "final_leftover_capacity_sum":304349.2,
  "final_leftover_capacity_min":1.4,
  "final_leftover_capacity_max":2240.0,
  "final_leftover_capacity_avg":969.2649681529,
  "avg_e2e_delay_accepted":0.0640322407,
  "p95_e2e_delay_accepted":0.1362147633,
  "avg_access_delay_accepted":0.0080572164,
  "avg_processing_delay_accepted":0.046473319,
  "avg_network_delay_accepted":0.0095017053,
  "avg_split_proc_overhead_accepted":0.0,
  "avg_split_net_overhead_accepted":0.0,
  "total_transmitted_bits_accepted":831309750.7794589996,
  "avg_transmitted_bits_per_accepted":1463573.5048934137,
  "total_split_transmitted_bits_accepted":0.0,
  "avg_split_transmitted_bits_per_accepted":0.0,
  "avg_split_overhead_ratio_accepted":0.0,
  "p95_split_overhead_ratio_accepted":0.0,
  "rga_accepted_total":573,
  "rga_rejected_total":0,
  "rga_rejection_ratio":0.0,
  "mdca_rejected_total":5,
  "mdca_capacity_rejected_total":0,
  "mdca_reliability_rejected_total":0,
  "mdca_qos_rejected_total":5,
  "mdca_rejection_ratio":0.0087260035,
  "capacity_rejection_ratio":0.0,
  "reliability_rejection_ratio":0.0,
  "qos_rejected_total":5,
  "qos_rejection_ratio":0.0087260035
}