{
  "algo":"mdca",
  "region":"Arizona",
  "time_slots":120,
  "arrival_rate":50.0,
  "mean_service_time":9.0,
  "seed":4,
  "trace_seed":15549959129633825643,
  "algo_seed":14420759781778004277,
  "trace_hash":"4a78f5a7663c9be6f39faf7a29aeeb6dae396931e0fa2ef14aedd5ee835a9196",
  "arrivals_per_slot":[
    46,
    49,
    57,
    43,
    50,
    47,
    54,
    53,
    50,
    47,
    51,
    44,
    48,
    42,
    46,
    52,
    62,
    58,
    53,
    44,
    52,
    48,
    47,
    58,
    51,
    62,
    49,
    44,
    54,
    61,
    47,
    47,
    54,
    61,
    50,
    56,
    56,
    39,
    51,
    38,
    54,
    47,
    47,
    58,
    48,
    52,
    58,
    48,
    47,
    53,
    48,
    53,
    49,
    60,
    62,
    45,
    48,
    47,
    52,
    49,
    39,
    66,
    52,
    57,
    40,
    58,
    49,
    34,
    56,
    61,
    50,
    70,
    42,
    50,
    41,
    61,
    46,
    41,
    51,
    42,
    57,
    41,
    41,
    45,
    50,
    47,
    55,
    41,
    45,
    70,
    50,
    42,
    49,
    54,
    52,
    46,
    60,
    60,
    51,
    50,
    47,
    54,
    40,
    45,
    53,
    44,
    55,
    58,
    45,
    56,
    55,
    50,
    44,
    62,
    41,
    62,
    53,
    64,
    56,
    44
  ],
  "diversity":false,
  "p_split":null,
  "split_reliability_mode":null,
  "mechanism":null,
  "fixed_sfc_len":null,
  "fixed_reliability":null,
  "max_backup_level":2,
  "explicit_split_replicas":false,
  "split_enforce_distinct":false,
  "strict_split_resource_ablation":false,
  "split_replica_resource_scale":1.0,
  "cap_base_min":500,
  "cap_base_max":700,
  "cap_scale":0.2,
  "total_arrivals":6086,
  "total_accepted":5250,
  "total_rejected":836,
  "acceptance_ratio":0.862635557,
  "avg_cost_per_arrival":34.6859487868,
  "total_cost":211098.6843163235,
  "total_cost_resource":160277.6843163235,
  "avg_cost_per_accepted":40.2092732031,
  "final_utilization":0.9636920101,
  "avg_utilization_over_time":0.9349593087,
  "avg_leftover_capacity_sum_over_time":24264.6916666667,
  "final_leftover_capacity_sum":13545.4,
  "final_leftover_capacity_min":0.2,
  "final_leftover_capacity_max":253.0,
  "final_leftover_capacity_avg":43.1382165605,
  "avg_e2e_delay_accepted":0.0620825563,
  "p95_e2e_delay_accepted":0.1251880776,
  "avg_access_delay_accepted":0.0080507142,
  "avg_processing_delay_accepted":0.0464292884,
  "avg_network_delay_accepted":0.0076025537,
  "avg_split_proc_overhead_accepted":0.0,
  "avg_split_net_overhead_accepted":0.0,
  "total_transmitted_bits_accepted":6375037929.0958995819,
  "avg_transmitted_bits_per_accepted":1214292.9388754095,
  "total_split_transmitted_bits_accepted":0.0,
  "avg_split_transmitted_bits_per_accepted":0.0,
  "avg_split_overhead_ratio_accepted":0.0,
  "p95_split_overhead_ratio_accepted":0.0,
  "rga_accepted_total":6086,
  "rga_rejected_total":0,
  "rga_rejection_ratio":0.0,
  "mdca_rejected_total":836,
  "mdca_capacity_rejected_total":804,
  "mdca_reliability_rejected_total":0,
  "mdca_qos_rejected_total":32,
  "mdca_rejection_ratio":0.137364443,
  "capacity_rejection_ratio":0.1321064739,
  "reliability_rejection_ratio":0.0,
  "qos_rejected_total":32,
  "qos_rejection_ratio":0.0052579691
}