{
  "algo":"mdca",
  "region":"Alabama",
  "time_slots":120,
  "arrival_rate":40.0,
  "mean_service_time":9.0,
  "seed":5,
  "trace_seed":7720552344890116192,
  "algo_seed":6041356402655296302,
  "trace_hash":"eb913e2a1a66e2359fa7a161075eed69601e5bcbba03febd7f2a4129c2971b7c",
  "arrivals_per_slot":[
    36,
    46,
    39,
    34,
    51,
    40,
    36,
    45,
    36,
    27,
    38,
    40,
    29,
    44,
    44,
    36,
    36,
    34,
    42,
    37,
    44,
    33,
    49,
    45,
    39,
    58,
    31,
    41,
    49,
    36,
    35,
    46,
    37,
    47,
    43,
    32,
    33,
    36,
    32,
    45,
    37,
    38,
    38,
    39,
    38,
    42,
    31,
    43,
    42,
    33,
    33,
    32,
    42,
    50,
    46,
    40,
    42,
    41,
    51,
    35,
    48,
    50,
    35,
    42,
    31,
    32,
    47,
    41,
    46,
    34,
    47,
    40,
    30,
    42,
    38,
    51,
    44,
    40,
    50,
    44,
    26,
    40,
    40,
    46,
    48,
    32,
    38,
    45,
    44,
    35,
    38,
    43,
    42,
    29,
    34,
    45,
    38,
    35,
    54,
    46,
    47,
    39,
    24,
    51,
    36,
    34,
    30,
    40,
    37,
    33,
    43,
    33,
    31,
    33,
    38,
    37,
    34,
    27,
    35,
    45
  ],
  "diversity":true,
  "p_split":0.3,
  "split_reliability_mode":"identical_active_pool",
  "mechanism":null,
  "fixed_sfc_len":null,
  "fixed_reliability":null,
  "max_backup_level":2,
  "explicit_split_replicas":true,
  "split_enforce_distinct":false,
  "strict_split_resource_ablation":false,
  "split_replica_resource_scale":1.0,
  "cap_base_min":500,
  "cap_base_max":700,
  "cap_scale":0.2,
  "total_arrivals":4731,
  "total_accepted":3229,
  "total_rejected":1502,
  "acceptance_ratio":0.6825195519,
  "avg_cost_per_arrival":21.6129127396,
  "total_cost":102250.6901708326,
  "total_cost_resource":73769.6901708326,
  "avg_cost_per_accepted":31.6663642523,
  "final_utilization":0.9732929579,
  "avg_utilization_over_time":0.9542666264,
  "avg_leftover_capacity_sum_over_time":7968.1805555556,
  "final_leftover_capacity_sum":4653.2,
  "final_leftover_capacity_min":0.6,
  "final_leftover_capacity_max":720.0,
  "final_leftover_capacity_avg":33.9649635036,
  "avg_e2e_delay_accepted":0.0641077159,
  "p95_e2e_delay_accepted":0.131863167,
  "avg_access_delay_accepted":0.0080661075,
  "avg_processing_delay_accepted":0.0423526356,
  "avg_network_delay_accepted":0.0103971383,
  "avg_split_proc_overhead_accepted":5.349491797e-19,
  "avg_split_net_overhead_accepted":0.0,
  "total_transmitted_bits_accepted":4675537630.0962276459,
  "avg_transmitted_bits_per_accepted":1447983.1619994512,
  "total_split_transmitted_bits_accepted":1179187679.0330758095,
  "avg_split_transmitted_bits_per_accepted":365186.6457209897,
  "avg_split_overhead_ratio_accepted":6.757426614e-18,
  "p95_split_overhead_ratio_accepted":4.858259232e-17,
  "rga_accepted_total":4731,
  "rga_rejected_total":0,
  "rga_rejection_ratio":0.0,
  "mdca_rejected_total":1502,
  "mdca_capacity_rejected_total":1472,
  "mdca_reliability_rejected_total":2,
  "mdca_qos_rejected_total":28,
  "mdca_rejection_ratio":0.3174804481,
  "capacity_rejection_ratio":0.311139294,
  "reliability_rejection_ratio":0.0004227436,
  "qos_rejected_total":28,
  "qos_rejection_ratio":0.0059184105
}