{
  "algo":"hspa",
  "region":"Alabama",
  "time_slots":120,
  "arrival_rate":40.0,
  "mean_service_time":9.0,
  "seed":5,
  "trace_seed":7720552344890116192,
  "algo_seed":1071169149524359896,
  "trace_hash":"c4863ad36218dc6d32f45cc1d3bb63e3634346fec6a640b510da5c29ab1d9aee",
  "arrivals_per_slot":[
    36,
    46,
    39,
    34,
    51,
    40,
    36,
    45,
    36,
    27,
    38,
    40,
    29,
    44,
    44,
    36,
    36,
    34,
    42,
    37,
    44,
    33,
    49,
    45,
    39,
    58,
    31,
    41,
    49,
    36,
    35,
    46,
    37,
    47,
    43,
    32,
    33,
    36,
    32,
    45,
    37,
    38,
    38,
    39,
    38,
    42,
    31,
    43,
    42,
    33,
    33,
    32,
    42,
    50,
    46,
    40,
    42,
    41,
    51,
    35,
    48,
    50,
    35,
    42,
    31,
    32,
    47,
    41,
    46,
    34,
    47,
    40,
    30,
    42,
    38,
    51,
    44,
    40,
    50,
    44,
    26,
    40,
    40,
    46,
    48,
    32,
    38,
    45,
    44,
    35,
    38,
    43,
    42,
    29,
    34,
    45,
    38,
    35,
    54,
    46,
    47,
    39,
    24,
    51,
    36,
    34,
    30,
    40,
    37,
    33,
    43,
    33,
    31,
    33,
    38,
    37,
    34,
    27,
    35,
    45
  ],
  "diversity":false,
  "p_split":null,
  "split_reliability_mode":null,
  "mechanism":null,
  "fixed_sfc_len":null,
  "fixed_reliability":null,
  "max_backup_level":2,
  "explicit_split_replicas":false,
  "split_enforce_distinct":false,
  "strict_split_resource_ablation":false,
  "split_replica_resource_scale":1.0,
  "cap_base_min":500,
  "cap_base_max":700,
  "cap_scale":0.2,
  "total_arrivals":4731,
  "total_accepted":2212,
  "total_rejected":2519,
  "acceptance_ratio":0.4675544282,
  "avg_cost_per_arrival":20.9693658824,
  "total_cost":99206.0699894775,
  "total_cost_resource":74682.0699894775,
  "avg_cost_per_accepted":44.8490370658,
  "final_utilization":0.9732814789,
  "avg_utilization_over_time":0.9619374525,
  "avg_leftover_capacity_sum_over_time":6631.6833333333,
  "final_leftover_capacity_sum":4655.2,
  "final_leftover_capacity_min":0.2,
  "final_leftover_capacity_max":120.6,
  "final_leftover_capacity_avg":33.9795620438,
  "avg_e2e_delay_accepted":0.0623953021,
  "p95_e2e_delay_accepted":0.1237549792,
  "avg_access_delay_accepted":0.0080054135,
  "avg_processing_delay_accepted":0.047945626,
  "avg_network_delay_accepted":0.0064442627,
  "avg_split_proc_overhead_accepted":0.0,
  "avg_split_net_overhead_accepted":0.0,
  "total_transmitted_bits_accepted":2648875065.9204587936,
  "avg_transmitted_bits_per_accepted":1197502.2901991224,
  "total_split_transmitted_bits_accepted":0.0,
  "avg_split_transmitted_bits_per_accepted":0.0,
  "avg_split_overhead_ratio_accepted":0.0,
  "p95_split_overhead_ratio_accepted":0.0,
  "rga_accepted_total":4731,
  "rga_rejected_total":0,
  "rga_rejection_ratio":0.0,
  "mdca_rejected_total":2519,
  "mdca_capacity_rejected_total":2502,
  "mdca_reliability_rejected_total":0,
  "mdca_qos_rejected_total":17,
  "mdca_rejection_ratio":0.5324455718,
  "capacity_rejection_ratio":0.5288522511,
  "reliability_rejection_ratio":0.0,
  "qos_rejected_total":17,
  "qos_rejection_ratio":0.0035933207
}