{
  "algo":"mdca",
  "region":"Arizona",
  "time_slots":120,
  "arrival_rate":12.0,
  "mean_service_time":9.0,
  "seed":3,
  "trace_seed":14706659483778936323,
  "algo_seed":3694423613584515130,
  "trace_hash":"6c26b56f52a8fd6beb31170a58a8693a417205cd0c9207a261ab913d92d97104",
  "arrivals_per_slot":[
    19,
    16,
    10,
    8,
    15,
    11,
    13,
    8,
    10,
    7,
    11,
    11,
    15,
    13,
    6,
    7,
    10,
    17,
    16,
    14,
    14,
    11,
    11,
    10,
    13,
    10,
    10,
    13,
    14,
    13,
    13,
    11,
    13,
    9,
    18,
    12,
    14,
    15,
    20,
    9,
    11,
    16,
    14,
    16,
    12,
    10,
    8,
    14,
    5,
    13,
    8,
    9,
    8,
    9,
    18,
    7,
    13,
    9,
    15,
    10,
    12,
    15,
    14,
    6,
    16,
    16,
    12,
    11,
    17,
    10,
    10,
    18,
    14,
    6,
    14,
    10,
    10,
    19,
    7,
    16,
    5,
    9,
    12,
    12,
    17,
    15,
    6,
    11,
    6,
    18,
    14,
    12,
    17,
    12,
    10,
    9,
    6,
    12,
    20,
    18,
    13,
    12,
    13,
    17,
    11,
    12,
    7,
    14,
    20,
    13,
    9,
    11,
    13,
    8,
    13,
    12,
    11,
    12,
    13,
    12
  ],
  "diversity":false,
  "p_split":null,
  "split_reliability_mode":null,
  "mechanism":null,
  "fixed_sfc_len":null,
  "fixed_reliability":0.998,
  "max_backup_level":1,
  "explicit_split_replicas":false,
  "split_enforce_distinct":false,
  "strict_split_resource_ablation":false,
  "split_replica_resource_scale":1.0,
  "cap_base_min":500,
  "cap_base_max":700,
  "cap_scale":0.2,
  "total_arrivals":1455,
  "total_accepted":102,
  "total_rejected":1353,
  "acceptance_ratio":0.0701030928,
  "avg_cost_per_arrival":0.8495987794,
  "total_cost":1236.1662240016,
  "total_cost_resource":670.1662240016,
  "avg_cost_per_accepted":12.1192767059,
  "final_utilization":0.0129815913,
  "avg_utilization_over_time":0.0092330188,
  "avg_leftover_capacity_sum_over_time":376872.7,
  "final_leftover_capacity_sum":375446.8,
  "final_leftover_capacity_min":32.8,
  "final_leftover_capacity_max":2454.8,
  "final_leftover_capacity_avg":1195.6904458599,
  "avg_e2e_delay_accepted":0.0308579636,
  "p95_e2e_delay_accepted":0.0674383163,
  "avg_access_delay_accepted":0.0080512689,
  "avg_processing_delay_accepted":0.0218056558,
  "avg_network_delay_accepted":0.001001039,
  "avg_split_proc_overhead_accepted":0.0,
  "avg_split_net_overhead_accepted":0.0,
  "total_transmitted_bits_accepted":13588966.7419226356,
  "avg_transmitted_bits_per_accepted":133225.1641364964,
  "total_split_transmitted_bits_accepted":0.0,
  "avg_split_transmitted_bits_per_accepted":0.0,
  "avg_split_overhead_ratio_accepted":0.0,
  "p95_split_overhead_ratio_accepted":0.0,
  "rga_accepted_total":103,
  "rga_rejected_total":1352,
  "rga_rejection_ratio":0.929209622,
  "mdca_rejected_total":1,
  "mdca_capacity_rejected_total":0,
  "mdca_reliability_rejected_total":0,
  "mdca_qos_rejected_total":1,
  "mdca_rejection_ratio":0.0006872852,
  "capacity_rejection_ratio":0.0,
  "reliability_rejection_ratio":0.0,
  "qos_rejected_total":1,
  "qos_rejection_ratio":0.0006872852
}