{
  "algo":"mdca",
  "region":"Arizona",
  "time_slots":120,
  "arrival_rate":30.0,
  "mean_service_time":9.0,
  "seed":3,
  "trace_seed":2085519155948878007,
  "algo_seed":18185845460186161846,
  "trace_hash":"624a6e99c55a41b3ec07818bf64d6098c7cf14027d0e31304915bb6d9fec9664",
  "arrivals_per_slot":[
    30,
    28,
    30,
    31,
    26,
    21,
    40,
    23,
    32,
    28,
    35,
    30,
    35,
    23,
    32,
    31,
    21,
    25,
    18,
    32,
    21,
    30,
    27,
    32,
    24,
    21,
    31,
    27,
    33,
    32,
    22,
    35,
    37,
    38,
    34,
    28,
    34,
    37,
    39,
    34,
    38,
    30,
    28,
    24,
    41,
    30,
    32,
    25,
    35,
    19,
    31,
    49,
    19,
    22,
    24,
    29,
    35,
    35,
    38,
    31,
    40,
    30,
    34,
    34,
    31,
    33,
    26,
    28,
    25,
    29,
    31,
    34,
    24,
    40,
    32,
    27,
    26,
    19,
    28,
    25,
    34,
    36,
    30,
    45,
    21,
    45,
    32,
    31,
    36,
    17,
    32,
    34,
    33,
    30,
    35,
    36,
    24,
    31,
    31,
    37,
    20,
    24,
    26,
    21,
    25,
    29,
    22,
    27,
    21,
    35,
    31,
    38,
    39,
    33,
    27,
    40,
    21,
    38,
    41,
    33
  ],
  "diversity":false,
  "p_split":null,
  "split_reliability_mode":null,
  "split_recovery_coverage":null,
  "split_workload_shares":null,
  "mechanism":null,
  "fixed_sfc_len":3,
  "fixed_reliability":0.999,
  "max_backup_level":2,
  "explicit_split_replicas":false,
  "split_enforce_distinct":false,
  "strict_split_resource_ablation":false,
  "split_replica_resource_scale":1.0,
  "backhaul_knn_k":4,
  "backhaul_use_device_bw":true,
  "backhaul_bw_scale":0.5,
  "fiber_speed_mps":200000000.0,
  "switch_delay_s":0.0002,
  "region_cloudlet_count":100,
  "cap_base_min":500,
  "cap_base_max":700,
  "cap_scale":0.2,
  "total_arrivals":3639,
  "total_accepted":1160,
  "total_rejected":2479,
  "acceptance_ratio":0.3187688926,
  "avg_cost_per_arrival":20.8476690441,
  "total_cost":75864.6676516082,
  "total_cost_resource":56236.6676516082,
  "avg_cost_per_accepted":65.4005755617,
  "final_utilization":0.9687604127,
  "avg_utilization_over_time":0.9515706225,
  "avg_leftover_capacity_sum_over_time":5930.0416666667,
  "final_leftover_capacity_sum":3825.2,
  "final_leftover_capacity_min":0.4,
  "final_leftover_capacity_max":179.8,
  "final_leftover_capacity_avg":38.252,
  "avg_e2e_delay_accepted":0.0742742936,
  "p95_e2e_delay_accepted":0.1191127408,
  "avg_access_delay_accepted":0.0080635273,
  "avg_processing_delay_accepted":0.0593052482,
  "avg_network_delay_accepted":0.0069055181,
  "avg_split_proc_overhead_accepted":0.0,
  "avg_split_net_overhead_accepted":0.0,
  "total_transmitted_bits_accepted":1472449777.169719696,
  "avg_transmitted_bits_per_accepted":1269353.2561807928,
  "total_split_transmitted_bits_accepted":0.0,
  "avg_split_transmitted_bits_per_accepted":0.0,
  "avg_split_overhead_ratio_accepted":0.0,
  "p95_split_overhead_ratio_accepted":0.0,
  "rga_accepted_total":2411,
  "rga_rejected_total":1228,
  "rga_rejection_ratio":0.3374553449,
  "mdca_rejected_total":1251,
  "mdca_capacity_rejected_total":1245,
  "mdca_reliability_rejected_total":0,
  "mdca_qos_rejected_total":6,
  "mdca_rejection_ratio":0.3437757626,
  "capacity_rejection_ratio":0.342126958,
  "reliability_rejection_ratio":0.0,
  "qos_rejected_total":6,
  "qos_rejection_ratio":0.0016488046
}