{
  "algo":"mdca",
  "region":"Arizona",
  "time_slots":120,
  "arrival_rate":30.0,
  "mean_service_time":9.0,
  "seed":1,
  "trace_seed":11672090327977617202,
  "algo_seed":3737587677167370884,
  "trace_hash":"81b397080051faa82220c76ee5af2cffc81faf9dcf54ba6dfbbce1142fe9d7df",
  "arrivals_per_slot":[
    27,
    30,
    32,
    24,
    23,
    30,
    40,
    30,
    30,
    32,
    23,
    43,
    33,
    28,
    31,
    26,
    29,
    36,
    31,
    27,
    28,
    26,
    29,
    31,
    29,
    42,
    39,
    35,
    41,
    22,
    33,
    24,
    28,
    34,
    34,
    34,
    31,
    21,
    33,
    27,
    33,
    29,
    27,
    41,
    30,
    40,
    32,
    28,
    22,
    33,
    34,
    32,
    28,
    24,
    17,
    34,
    13,
    23,
    32,
    35,
    25,
    28,
    33,
    29,
    32,
    30,
    25,
    27,
    23,
    30,
    36,
    26,
    26,
    37,
    25,
    21,
    27,
    23,
    27,
    29,
    28,
    33,
    31,
    35,
    30,
    23,
    32,
    28,
    33,
    29,
    26,
    26,
    24,
    34,
    26,
    24,
    30,
    35,
    28,
    25,
    27,
    36,
    31,
    34,
    27,
    35,
    29,
    37,
    38,
    41,
    35,
    35,
    26,
    27,
    29,
    33,
    30,
    36,
    32,
    40
  ],
  "diversity":false,
  "p_split":null,
  "split_reliability_mode":null,
  "split_recovery_coverage":null,
  "split_workload_shares":null,
  "mechanism":null,
  "fixed_sfc_len":6,
  "fixed_reliability":0.999,
  "max_backup_level":2,
  "explicit_split_replicas":false,
  "split_enforce_distinct":false,
  "strict_split_resource_ablation":false,
  "split_replica_resource_scale":1.0,
  "backhaul_knn_k":4,
  "backhaul_use_device_bw":true,
  "backhaul_bw_scale":0.5,
  "fiber_speed_mps":200000000.0,
  "switch_delay_s":0.0002,
  "region_cloudlet_count":314,
  "cap_base_min":500,
  "cap_base_max":700,
  "cap_scale":0.2,
  "total_arrivals":3610,
  "total_accepted":603,
  "total_rejected":3007,
  "acceptance_ratio":0.1670360111,
  "avg_cost_per_arrival":18.775892085,
  "total_cost":67780.9704269918,
  "total_cost_resource":46565.9704269918,
  "avg_cost_per_accepted":112.4062527811,
  "final_utilization":0.5414849313,
  "avg_utilization_over_time":0.4113226063,
  "avg_leftover_capacity_sum_over_time":219887.7249999999,
  "final_leftover_capacity_sum":171268.4,
  "final_leftover_capacity_min":0.0,
  "final_leftover_capacity_max":2660.0,
  "final_leftover_capacity_avg":545.4407643312,
  "avg_e2e_delay_accepted":0.1217805948,
  "p95_e2e_delay_accepted":0.181738423,
  "avg_access_delay_accepted":0.0081217601,
  "avg_processing_delay_accepted":0.0914230607,
  "avg_network_delay_accepted":0.0222357739,
  "avg_split_proc_overhead_accepted":0.0,
  "avg_split_net_overhead_accepted":0.0,
  "total_transmitted_bits_accepted":2026317596.720993042,
  "avg_transmitted_bits_per_accepted":3360394.024412924,
  "total_split_transmitted_bits_accepted":0.0,
  "avg_split_transmitted_bits_per_accepted":0.0,
  "avg_split_overhead_ratio_accepted":0.0,
  "p95_split_overhead_ratio_accepted":0.0,
  "rga_accepted_total":647,
  "rga_rejected_total":2963,
  "rga_rejection_ratio":0.8207756233,
  "mdca_rejected_total":44,
  "mdca_capacity_rejected_total":0,
  "mdca_reliability_rejected_total":0,
  "mdca_qos_rejected_total":44,
  "mdca_rejection_ratio":0.0121883657,
  "capacity_rejection_ratio":0.0,
  "reliability_rejection_ratio":0.0,
  "qos_rejected_total":44,
  "qos_rejection_ratio":0.0121883657
}