{
  "algo":"random",
  "region":"Alabama",
  "time_slots":120,
  "arrival_rate":20.0,
  "mean_service_time":9.0,
  "seed":3,
  "trace_seed":9050270874350397880,
  "algo_seed":4656111156961261414,
  "trace_hash":"233331aa60ee159f00c55ea2196a6f1e397052876fbda756a6a7ae45015a6183",
  "arrivals_per_slot":[
    15,
    26,
    20,
    29,
    21,
    18,
    20,
    27,
    17,
    18,
    18,
    21,
    23,
    18,
    22,
    17,
    32,
    22,
    19,
    15,
    18,
    22,
    25,
    23,
    18,
    23,
    15,
    17,
    19,
    16,
    21,
    18,
    22,
    19,
    13,
    17,
    16,
    22,
    16,
    26,
    25,
    21,
    16,
    19,
    27,
    19,
    16,
    14,
    18,
    22,
    20,
    21,
    22,
    13,
    18,
    20,
    21,
    14,
    25,
    16,
    21,
    17,
    21,
    11,
    18,
    11,
    16,
    25,
    18,
    23,
    20,
    22,
    15,
    27,
    27,
    21,
    28,
    19,
    17,
    18,
    31,
    16,
    16,
    21,
    15,
    14,
    19,
    17,
    17,
    18,
    20,
    17,
    31,
    19,
    21,
    27,
    17,
    27,
    25,
    22,
    16,
    18,
    20,
    22,
    16,
    22,
    23,
    16,
    13,
    20,
    16,
    21,
    24,
    12,
    17,
    18,
    14,
    21,
    20,
    22
  ],
  "diversity":false,
  "p_split":null,
  "split_reliability_mode":null,
  "mechanism":null,
  "fixed_sfc_len":2,
  "fixed_reliability":null,
  "max_backup_level":2,
  "explicit_split_replicas":false,
  "split_enforce_distinct":false,
  "strict_split_resource_ablation":false,
  "split_replica_resource_scale":1.0,
  "cap_base_min":500,
  "cap_base_max":700,
  "cap_scale":0.2,
  "total_arrivals":2367,
  "total_accepted":2331,
  "total_rejected":36,
  "acceptance_ratio":0.9847908745,
  "avg_cost_per_arrival":32.5730501965,
  "total_cost":77100.4098151356,
  "total_cost_resource":58960.4098151357,
  "avg_cost_per_accepted":33.0761088868,
  "final_utilization":0.8219340964,
  "avg_utilization_over_time":0.7901348053,
  "avg_leftover_capacity_sum_over_time":36888.425,
  "final_leftover_capacity_sum":31299.0,
  "final_leftover_capacity_min":0.2,
  "final_leftover_capacity_max":1093.6,
  "final_leftover_capacity_avg":228.4598540146,
  "avg_e2e_delay_accepted":0.0434271454,
  "p95_e2e_delay_accepted":0.0835812191,
  "avg_access_delay_accepted":0.0080001214,
  "avg_processing_delay_accepted":0.0313780857,
  "avg_network_delay_accepted":0.0040489383,
  "avg_split_proc_overhead_accepted":0.0,
  "avg_split_net_overhead_accepted":0.0,
  "total_transmitted_bits_accepted":1725900416.725189209,
  "avg_transmitted_bits_per_accepted":740412.0191871254,
  "total_split_transmitted_bits_accepted":0.0,
  "avg_split_transmitted_bits_per_accepted":0.0,
  "avg_split_overhead_ratio_accepted":0.0,
  "p95_split_overhead_ratio_accepted":0.0,
  "rga_accepted_total":2367,
  "rga_rejected_total":0,
  "rga_rejection_ratio":0.0,
  "mdca_rejected_total":36,
  "mdca_capacity_rejected_total":35,
  "mdca_reliability_rejected_total":0,
  "mdca_qos_rejected_total":1,
  "mdca_rejection_ratio":0.0152091255,
  "capacity_rejection_ratio":0.0147866498,
  "reliability_rejection_ratio":0.0,
  "qos_rejected_total":1,
  "qos_rejection_ratio":0.0004224757
}