{
  "algo":"random",
  "region":"Alabama",
  "time_slots":120,
  "arrival_rate":12.0,
  "mean_service_time":9.0,
  "seed":3,
  "trace_seed":12772730484691019724,
  "algo_seed":4656111156961261414,
  "trace_hash":"630226a5c0ba72605d015b7ccf262318d8449b8a315ad01f4f9b2d0b3a6b1b60",
  "arrivals_per_slot":[
    9,
    7,
    16,
    7,
    14,
    8,
    13,
    12,
    11,
    7,
    12,
    14,
    15,
    14,
    9,
    9,
    16,
    15,
    7,
    8,
    9,
    18,
    10,
    14,
    14,
    9,
    12,
    15,
    16,
    9,
    11,
    18,
    10,
    9,
    14,
    15,
    9,
    10,
    11,
    21,
    15,
    11,
    15,
    18,
    13,
    20,
    10,
    19,
    12,
    12,
    14,
    8,
    11,
    12,
    9,
    8,
    8,
    15,
    10,
    11,
    10,
    6,
    8,
    11,
    10,
    7,
    12,
    13,
    11,
    11,
    13,
    18,
    7,
    15,
    7,
    13,
    14,
    9,
    9,
    16,
    10,
    9,
    13,
    14,
    12,
    6,
    10,
    15,
    15,
    15,
    12,
    18,
    10,
    16,
    16,
    12,
    10,
    9,
    13,
    13,
    12,
    11,
    12,
    12,
    8,
    14,
    9,
    8,
    12,
    11,
    18,
    13,
    9,
    15,
    11,
    6,
    20,
    10,
    12,
    17
  ],
  "diversity":false,
  "p_split":null,
  "split_reliability_mode":null,
  "mechanism":null,
  "fixed_sfc_len":null,
  "fixed_reliability":0.93,
  "max_backup_level":2,
  "explicit_split_replicas":false,
  "split_enforce_distinct":false,
  "strict_split_resource_ablation":false,
  "split_replica_resource_scale":1.0,
  "cap_base_min":500,
  "cap_base_max":700,
  "cap_scale":0.2,
  "total_arrivals":1436,
  "total_accepted":1419,
  "total_rejected":17,
  "acceptance_ratio":0.9881615599,
  "avg_cost_per_arrival":55.5465298391,
  "total_cost":79764.8168489072,
  "total_cost_resource":61316.8168489072,
  "avg_cost_per_accepted":56.2119921416,
  "final_utilization":0.8742470696,
  "avg_utilization_over_time":0.766018539,
  "avg_leftover_capacity_sum_over_time":40569.8583333333,
  "final_leftover_capacity_sum":21804.2,
  "final_leftover_capacity_min":0.0,
  "final_leftover_capacity_max":1443.0,
  "final_leftover_capacity_avg":159.1547445255,
  "avg_e2e_delay_accepted":0.0630005436,
  "p95_e2e_delay_accepted":0.1240971316,
  "avg_access_delay_accepted":0.0080121159,
  "avg_processing_delay_accepted":0.0470314049,
  "avg_network_delay_accepted":0.0079570229,
  "avg_split_proc_overhead_accepted":0.0,
  "avg_split_net_overhead_accepted":0.0,
  "total_transmitted_bits_accepted":2081848138.0251169205,
  "avg_transmitted_bits_per_accepted":1467123.423555403,
  "total_split_transmitted_bits_accepted":0.0,
  "avg_split_transmitted_bits_per_accepted":0.0,
  "avg_split_overhead_ratio_accepted":0.0,
  "p95_split_overhead_ratio_accepted":0.0,
  "rga_accepted_total":1436,
  "rga_rejected_total":0,
  "rga_rejection_ratio":0.0,
  "mdca_rejected_total":17,
  "mdca_capacity_rejected_total":3,
  "mdca_reliability_rejected_total":0,
  "mdca_qos_rejected_total":14,
  "mdca_rejection_ratio":0.0118384401,
  "capacity_rejection_ratio":0.0020891365,
  "reliability_rejection_ratio":0.0,
  "qos_rejected_total":14,
  "qos_rejection_ratio":0.0097493036
}