{
  "algo":"mdca",
  "region":"Arizona",
  "time_slots":120,
  "arrival_rate":12.0,
  "mean_service_time":9.0,
  "seed":3,
  "trace_seed":17330206261230488012,
  "algo_seed":18185845460186161846,
  "trace_hash":"cbda46527c87099ce4b188e89a22d3812eca7d71f63d08d3f464a927c048d762",
  "arrivals_per_slot":[
    12,
    14,
    7,
    13,
    10,
    18,
    18,
    9,
    14,
    15,
    8,
    17,
    14,
    11,
    15,
    12,
    17,
    15,
    10,
    14,
    21,
    15,
    3,
    12,
    10,
    16,
    15,
    17,
    13,
    10,
    15,
    15,
    14,
    21,
    14,
    9,
    14,
    14,
    11,
    10,
    11,
    4,
    12,
    11,
    7,
    12,
    10,
    14,
    14,
    13,
    15,
    6,
    6,
    13,
    11,
    7,
    20,
    12,
    14,
    10,
    17,
    11,
    9,
    19,
    10,
    11,
    9,
    12,
    14,
    14,
    17,
    13,
    11,
    12,
    14,
    10,
    15,
    11,
    11,
    12,
    15,
    10,
    6,
    9,
    12,
    11,
    10,
    13,
    18,
    12,
    9,
    13,
    12,
    13,
    15,
    12,
    15,
    10,
    8,
    14,
    11,
    12,
    17,
    10,
    8,
    9,
    10,
    6,
    14,
    10,
    12,
    17,
    12,
    13,
    13,
    9,
    5,
    14,
    9,
    11
  ],
  "diversity":false,
  "p_split":null,
  "split_reliability_mode":null,
  "split_recovery_coverage":null,
  "split_workload_shares":null,
  "mechanism":null,
  "fixed_sfc_len":null,
  "fixed_reliability":0.99,
  "max_backup_level":2,
  "explicit_split_replicas":false,
  "split_enforce_distinct":false,
  "strict_split_resource_ablation":false,
  "split_replica_resource_scale":1.0,
  "cap_base_min":500,
  "cap_base_max":700,
  "cap_scale":0.2,
  "total_arrivals":1465,
  "total_accepted":1450,
  "total_rejected":15,
  "acceptance_ratio":0.9897610922,
  "avg_cost_per_arrival":40.3630691651,
  "total_cost":59131.896326905,
  "total_cost_resource":39318.896326905,
  "avg_cost_per_accepted":40.7806181565,
  "final_utilization":0.3443963374,
  "avg_utilization_over_time":0.3717128301,
  "avg_leftover_capacity_sum_over_time":240539.4916666667,
  "final_leftover_capacity_sum":250997.6,
  "final_leftover_capacity_min":0.6,
  "final_leftover_capacity_max":2580.2,
  "final_leftover_capacity_avg":799.3554140127,
  "avg_e2e_delay_accepted":0.0655753282,
  "p95_e2e_delay_accepted":0.13068139,
  "avg_access_delay_accepted":0.0081097594,
  "avg_processing_delay_accepted":0.0483282421,
  "avg_network_delay_accepted":0.0091373267,
  "avg_split_proc_overhead_accepted":0.0,
  "avg_split_net_overhead_accepted":0.0,
  "total_transmitted_bits_accepted":1968742341.555996418,
  "avg_transmitted_bits_per_accepted":1357753.3390041355,
  "total_split_transmitted_bits_accepted":0.0,
  "avg_split_transmitted_bits_per_accepted":0.0,
  "avg_split_overhead_ratio_accepted":0.0,
  "p95_split_overhead_ratio_accepted":0.0,
  "rga_accepted_total":1465,
  "rga_rejected_total":0,
  "rga_rejection_ratio":0.0,
  "mdca_rejected_total":15,
  "mdca_capacity_rejected_total":0,
  "mdca_reliability_rejected_total":0,
  "mdca_qos_rejected_total":15,
  "mdca_rejection_ratio":0.0102389078,
  "capacity_rejection_ratio":0.0,
  "reliability_rejection_ratio":0.0,
  "qos_rejected_total":15,
  "qos_rejection_ratio":0.0102389078,
  "placement_trace_path":"D:\\Study\\Code_1\\paper_data\\large_scale_lb_reference\\split_enabled\\reliability\\Arizona\\fixed_reliability_0p99\\MDCA\\seed3\\placement_trace_Arizona_mdca_seed3.json"
}