region,fixed_reliability,seed,method,share,share_tag,domain_count,domain_failure_prob,total_accepted,expected_target_satisfaction_ratio,expected_reliability,expected_reliability_loss
Arizona,0.999,4,DMDCA,"0.5,0.5",0p5_0p5,6,0.0,1136,1.0,0.9993788080112932,9.992007221626409e-16
Arizona,0.999,4,DMDCA,"0.5,0.5",0p5_0p5,6,0.01,1136,0.965511431917138,0.9934343508538359,0.005944457157458283
Arizona,0.999,4,DMDCA,"0.5,0.5",0p5_0p5,6,0.03,1136,0.8995789676546658,0.9810137577813763,0.018365050229917856
Arizona,0.999,4,DMDCA,"0.5,0.5",0p5_0p5,6,0.05,1136,0.8375396185766946,0.9678931834725578,0.03148562453873638
Arizona,0.999,4,MDCA,nan,nan,6,0.0,928,1.0,0.9993962746071553,-3.3306690738754696e-16
Arizona,0.999,4,MDCA,nan,nan,6,0.01,928,0.9673358874626447,0.9930093965265041,0.00638687808065086
Arizona,0.999,4,MDCA,nan,nan,6,0.03,928,0.9047098892162564,0.9797220753496104,0.019674199257544545
Arizona,0.999,4,MDCA,nan,nan,6,0.05,928,0.8455497220837818,0.9657616510963235,0.03363462351083146
