{
  "algo":"mdca",
  "region":"Arizona",
  "time_slots":120,
  "arrival_rate":12.0,
  "mean_service_time":9.0,
  "seed":5,
  "trace_seed":3085882863418775560,
  "algo_seed":7611276670461698591,
  "trace_hash":"6e5dca1c515ff537c908fc097d543d0e20d8ef5899d5b38e36633279a26e125e",
  "arrivals_per_slot":[
    17,
    9,
    15,
    15,
    9,
    13,
    8,
    11,
    16,
    12,
    15,
    11,
    9,
    18,
    13,
    19,
    18,
    11,
    12,
    14,
    11,
    8,
    5,
    11,
    14,
    6,
    5,
    13,
    8,
    14,
    16,
    13,
    17,
    11,
    9,
    13,
    8,
    13,
    11,
    11,
    7,
    16,
    18,
    15,
    13,
    11,
    7,
    11,
    12,
    13,
    12,
    11,
    12,
    13,
    11,
    15,
    13,
    12,
    14,
    8,
    11,
    11,
    16,
    13,
    7,
    15,
    11,
    11,
    17,
    10,
    10,
    11,
    4,
    9,
    6,
    13,
    12,
    11,
    12,
    9,
    10,
    15,
    9,
    14,
    6,
    15,
    17,
    15,
    14,
    8,
    14,
    21,
    10,
    12,
    12,
    11,
    9,
    7,
    22,
    11,
    8,
    12,
    10,
    10,
    7,
    10,
    8,
    11,
    13,
    13,
    11,
    12,
    15,
    6,
    14,
    18,
    10,
    10,
    7,
    13
  ],
  "diversity":true,
  "p_split":0.3,
  "split_reliability_mode":"identical_active_pool",
  "mechanism":null,
  "fixed_sfc_len":null,
  "fixed_reliability":0.996,
  "max_backup_level":4,
  "explicit_split_replicas":true,
  "split_enforce_distinct":false,
  "strict_split_resource_ablation":false,
  "split_replica_resource_scale":1.0,
  "cap_base_min":500,
  "cap_base_max":700,
  "cap_scale":0.2,
  "total_arrivals":1415,
  "total_accepted":1402,
  "total_rejected":13,
  "acceptance_ratio":0.9908127208,
  "avg_cost_per_arrival":41.8546354144,
  "total_cost":59224.3091114423,
  "total_cost_resource":37786.3091114423,
  "avg_cost_per_accepted":42.2427311779,
  "final_utilization":0.4035992231,
  "avg_utilization_over_time":0.3772983952,
  "avg_leftover_capacity_sum_over_time":235639.6277777778,
  "final_leftover_capacity_sum":225687.0,
  "final_leftover_capacity_min":0.4666666667,
  "final_leftover_capacity_max":2214.4,
  "final_leftover_capacity_avg":718.7484076433,
  "avg_e2e_delay_accepted":0.0689531029,
  "p95_e2e_delay_accepted":0.134381007,
  "avg_access_delay_accepted":0.0080469532,
  "avg_processing_delay_accepted":0.0438854348,
  "avg_network_delay_accepted":0.0136597987,
  "avg_split_proc_overhead_accepted":4.763684296e-19,
  "avg_split_net_overhead_accepted":0.0,
  "total_transmitted_bits_accepted":2418289685.0586967468,
  "avg_transmitted_bits_per_accepted":1724885.6526809535,
  "total_split_transmitted_bits_accepted":540352635.8699046373,
  "avg_split_transmitted_bits_per_accepted":385415.5748002173,
  "avg_split_overhead_ratio_accepted":6.335547468e-18,
  "p95_split_overhead_ratio_accepted":4.39715453e-17,
  "rga_accepted_total":1415,
  "rga_rejected_total":0,
  "rga_rejection_ratio":0.0,
  "mdca_rejected_total":13,
  "mdca_capacity_rejected_total":0,
  "mdca_reliability_rejected_total":0,
  "mdca_qos_rejected_total":13,
  "mdca_rejection_ratio":0.0091872792,
  "capacity_rejection_ratio":0.0,
  "reliability_rejection_ratio":0.0,
  "qos_rejected_total":13,
  "qos_rejection_ratio":0.0091872792
}