{
  "algo":"mdca",
  "region":"Arizona",
  "time_slots":120,
  "arrival_rate":30.0,
  "mean_service_time":9.0,
  "seed":3,
  "trace_seed":5958798531702548998,
  "algo_seed":18185845460186161846,
  "trace_hash":"702d5f64bb4a03336180c80003f7e46ad6d6f2056061d67a13a3e99830fb6604",
  "arrivals_per_slot":[
    39,
    27,
    41,
    26,
    29,
    35,
    22,
    38,
    30,
    27,
    27,
    29,
    26,
    33,
    19,
    40,
    24,
    27,
    33,
    36,
    38,
    38,
    34,
    40,
    30,
    27,
    38,
    26,
    27,
    33,
    33,
    31,
    28,
    32,
    36,
    28,
    20,
    25,
    35,
    18,
    30,
    29,
    27,
    40,
    32,
    37,
    32,
    37,
    34,
    35,
    33,
    29,
    29,
    33,
    28,
    32,
    28,
    33,
    18,
    23,
    32,
    32,
    31,
    36,
    26,
    35,
    26,
    30,
    41,
    28,
    30,
    26,
    33,
    31,
    31,
    32,
    29,
    28,
    32,
    20,
    35,
    31,
    31,
    24,
    33,
    28,
    26,
    24,
    22,
    14,
    22,
    27,
    20,
    30,
    31,
    33,
    35,
    32,
    25,
    34,
    30,
    29,
    28,
    39,
    33,
    36,
    33,
    32,
    33,
    32,
    34,
    26,
    29,
    21,
    32,
    42,
    43,
    29,
    38,
    23
  ],
  "diversity":false,
  "p_split":null,
  "split_reliability_mode":null,
  "split_recovery_coverage":null,
  "split_workload_shares":null,
  "mechanism":null,
  "fixed_sfc_len":3,
  "fixed_reliability":0.999,
  "max_backup_level":2,
  "explicit_split_replicas":false,
  "split_enforce_distinct":false,
  "strict_split_resource_ablation":false,
  "split_replica_resource_scale":1.0,
  "backhaul_knn_k":4,
  "backhaul_use_device_bw":true,
  "backhaul_bw_scale":0.5,
  "fiber_speed_mps":200000000.0,
  "switch_delay_s":0.0002,
  "region_cloudlet_count":314,
  "cap_base_min":500,
  "cap_base_max":700,
  "cap_scale":0.2,
  "total_arrivals":3652,
  "total_accepted":2338,
  "total_rejected":1314,
  "acceptance_ratio":0.6401971522,
  "avg_cost_per_arrival":42.8140261178,
  "total_cost":156356.8233820609,
  "total_cost_resource":116454.823382061,
  "avg_cost_per_accepted":66.8763145347,
  "final_utilization":0.8034538596,
  "avg_utilization_over_time":0.7716005768,
  "avg_leftover_capacity_sum_over_time":86067.8916666667,
  "final_leftover_capacity_sum":74064.6,
  "final_leftover_capacity_min":0.0,
  "final_leftover_capacity_max":2253.4,
  "final_leftover_capacity_avg":235.874522293,
  "avg_e2e_delay_accepted":0.0650140992,
  "p95_e2e_delay_accepted":0.109410683,
  "avg_access_delay_accepted":0.0080078289,
  "avg_processing_delay_accepted":0.0479280083,
  "avg_network_delay_accepted":0.0090782619,
  "avg_split_proc_overhead_accepted":0.0,
  "avg_split_net_overhead_accepted":0.0,
  "total_transmitted_bits_accepted":3061329025.6984376907,
  "avg_transmitted_bits_per_accepted":1309379.3950805978,
  "total_split_transmitted_bits_accepted":0.0,
  "avg_split_transmitted_bits_per_accepted":0.0,
  "avg_split_overhead_ratio_accepted":0.0,
  "p95_split_overhead_ratio_accepted":0.0,
  "rga_accepted_total":2358,
  "rga_rejected_total":1294,
  "rga_rejection_ratio":0.3543263965,
  "mdca_rejected_total":20,
  "mdca_capacity_rejected_total":1,
  "mdca_reliability_rejected_total":0,
  "mdca_qos_rejected_total":19,
  "mdca_rejection_ratio":0.0054764513,
  "capacity_rejection_ratio":0.0002738226,
  "reliability_rejection_ratio":0.0,
  "qos_rejected_total":19,
  "qos_rejection_ratio":0.0052026287
}