{
  "algo":"mdca",
  "region":"Arizona",
  "time_slots":120,
  "arrival_rate":30.0,
  "mean_service_time":9.0,
  "seed":5,
  "trace_seed":12986808882353662379,
  "algo_seed":8179750290924396156,
  "trace_hash":"3ae775d149352bc6f0307bc3f5a581903f71793198f89c06b51f4b464ef0ef2a",
  "arrivals_per_slot":[
    31,
    24,
    29,
    37,
    32,
    23,
    29,
    34,
    28,
    27,
    28,
    33,
    40,
    32,
    30,
    21,
    37,
    26,
    27,
    24,
    36,
    23,
    30,
    30,
    25,
    27,
    27,
    27,
    37,
    27,
    34,
    35,
    40,
    37,
    31,
    27,
    31,
    24,
    30,
    27,
    22,
    35,
    32,
    35,
    26,
    26,
    33,
    28,
    33,
    30,
    26,
    34,
    27,
    27,
    24,
    16,
    30,
    33,
    25,
    31,
    29,
    26,
    29,
    23,
    35,
    21,
    28,
    24,
    36,
    27,
    33,
    23,
    37,
    23,
    28,
    31,
    25,
    34,
    28,
    31,
    23,
    29,
    29,
    29,
    39,
    39,
    30,
    30,
    32,
    31,
    40,
    28,
    25,
    29,
    25,
    31,
    35,
    31,
    32,
    44,
    32,
    31,
    24,
    32,
    27,
    42,
    26,
    22,
    32,
    40,
    30,
    34,
    25,
    28,
    37,
    36,
    24,
    34,
    33,
    26
  ],
  "diversity":false,
  "p_split":null,
  "split_reliability_mode":null,
  "split_recovery_coverage":null,
  "split_workload_shares":null,
  "mechanism":null,
  "fixed_sfc_len":3,
  "fixed_reliability":0.999,
  "max_backup_level":2,
  "explicit_split_replicas":false,
  "split_enforce_distinct":false,
  "strict_split_resource_ablation":false,
  "split_replica_resource_scale":1.0,
  "backhaul_knn_k":4,
  "backhaul_use_device_bw":true,
  "backhaul_bw_scale":0.5,
  "fiber_speed_mps":200000000.0,
  "switch_delay_s":0.0002,
  "region_cloudlet_count":314,
  "cap_base_min":500,
  "cap_base_max":700,
  "cap_scale":0.2,
  "total_arrivals":3587,
  "total_accepted":2345,
  "total_rejected":1242,
  "acceptance_ratio":0.6537496515,
  "avg_cost_per_arrival":44.2390436929,
  "total_cost":158685.4497264638,
  "total_cost_resource":118519.4497264639,
  "avg_cost_per_accepted":67.6697013759,
  "final_utilization":0.8330584874,
  "avg_utilization_over_time":0.7749887459,
  "avg_leftover_capacity_sum_over_time":85006.4166666667,
  "final_leftover_capacity_sum":63068.4,
  "final_leftover_capacity_min":0.2,
  "final_leftover_capacity_max":2208.0,
  "final_leftover_capacity_avg":200.8547770701,
  "avg_e2e_delay_accepted":0.0645107312,
  "p95_e2e_delay_accepted":0.1092812915,
  "avg_access_delay_accepted":0.0080351947,
  "avg_processing_delay_accepted":0.0475983569,
  "avg_network_delay_accepted":0.0088771796,
  "avg_split_proc_overhead_accepted":0.0,
  "avg_split_net_overhead_accepted":0.0,
  "total_transmitted_bits_accepted":3039595798.6651191711,
  "avg_transmitted_bits_per_accepted":1296202.8992175348,
  "total_split_transmitted_bits_accepted":0.0,
  "avg_split_transmitted_bits_per_accepted":0.0,
  "avg_split_overhead_ratio_accepted":0.0,
  "p95_split_overhead_ratio_accepted":0.0,
  "rga_accepted_total":2357,
  "rga_rejected_total":1230,
  "rga_rejection_ratio":0.3429049345,
  "mdca_rejected_total":12,
  "mdca_capacity_rejected_total":0,
  "mdca_reliability_rejected_total":0,
  "mdca_qos_rejected_total":12,
  "mdca_rejection_ratio":0.003345414,
  "capacity_rejection_ratio":0.0,
  "reliability_rejection_ratio":0.0,
  "qos_rejected_total":12,
  "qos_rejection_ratio":0.003345414
}