{
  "algo":"mdca",
  "region":"Alabama",
  "time_slots":120,
  "arrival_rate":50.0,
  "mean_service_time":9.0,
  "seed":2,
  "trace_seed":3280417630908853535,
  "algo_seed":16121394405342853155,
  "trace_hash":"c07405a48bb14952c8a540ddab61c63a157da16e621c8d019052955725d5367f",
  "arrivals_per_slot":[
    53,
    60,
    44,
    45,
    44,
    54,
    56,
    61,
    59,
    49,
    56,
    45,
    49,
    58,
    54,
    52,
    45,
    50,
    41,
    44,
    52,
    39,
    53,
    59,
    48,
    63,
    49,
    49,
    49,
    47,
    42,
    41,
    51,
    44,
    48,
    59,
    44,
    51,
    55,
    44,
    41,
    57,
    61,
    50,
    47,
    52,
    33,
    51,
    55,
    51,
    46,
    64,
    44,
    53,
    54,
    43,
    36,
    55,
    49,
    42,
    56,
    54,
    60,
    43,
    40,
    48,
    52,
    62,
    43,
    42,
    56,
    49,
    58,
    42,
    50,
    63,
    37,
    48,
    58,
    48,
    47,
    52,
    45,
    53,
    44,
    52,
    64,
    55,
    56,
    52,
    54,
    50,
    52,
    47,
    53,
    41,
    59,
    46,
    58,
    45,
    41,
    57,
    42,
    62,
    52,
    49,
    45,
    47,
    58,
    48,
    45,
    57,
    44,
    46,
    50,
    46,
    48,
    50,
    46,
    47
  ],
  "diversity":false,
  "p_split":null,
  "split_reliability_mode":null,
  "mechanism":null,
  "fixed_sfc_len":null,
  "fixed_reliability":null,
  "max_backup_level":2,
  "explicit_split_replicas":false,
  "split_enforce_distinct":false,
  "strict_split_resource_ablation":false,
  "split_replica_resource_scale":1.0,
  "cap_base_min":500,
  "cap_base_max":700,
  "cap_scale":0.2,
  "total_arrivals":6004,
  "total_accepted":3430,
  "total_rejected":2574,
  "acceptance_ratio":0.5712858095,
  "avg_cost_per_arrival":17.2279818531,
  "total_cost":103436.8030463112,
  "total_cost_resource":76140.8030463112,
  "avg_cost_per_accepted":30.1565023459,
  "final_utilization":0.9674811189,
  "avg_utilization_over_time":0.9621761645,
  "avg_leftover_capacity_sum_over_time":6558.6833333333,
  "final_leftover_capacity_sum":5638.8,
  "final_leftover_capacity_min":0.0,
  "final_leftover_capacity_max":193.0,
  "final_leftover_capacity_avg":41.1591240876,
  "avg_e2e_delay_accepted":0.0571406056,
  "p95_e2e_delay_accepted":0.123432877,
  "avg_access_delay_accepted":0.0080215544,
  "avg_processing_delay_accepted":0.0442462079,
  "avg_network_delay_accepted":0.0048728433,
  "avg_split_proc_overhead_accepted":0.0,
  "avg_split_net_overhead_accepted":0.0,
  "total_transmitted_bits_accepted":3176088818.9126543999,
  "avg_transmitted_bits_per_accepted":925973.4165926107,
  "total_split_transmitted_bits_accepted":0.0,
  "avg_split_transmitted_bits_per_accepted":0.0,
  "avg_split_overhead_ratio_accepted":0.0,
  "p95_split_overhead_ratio_accepted":0.0,
  "rga_accepted_total":6004,
  "rga_rejected_total":0,
  "rga_rejection_ratio":0.0,
  "mdca_rejected_total":2574,
  "mdca_capacity_rejected_total":2552,
  "mdca_reliability_rejected_total":0,
  "mdca_qos_rejected_total":22,
  "mdca_rejection_ratio":0.4287141905,
  "capacity_rejection_ratio":0.4250499667,
  "reliability_rejection_ratio":0.0,
  "qos_rejected_total":22,
  "qos_rejection_ratio":0.0036642239
}