{
  "algo":"dtsp",
  "region":"Alabama",
  "time_slots":120,
  "arrival_rate":20.0,
  "mean_service_time":9.0,
  "seed":3,
  "trace_seed":2162997160761522307,
  "algo_seed":2323538909479759954,
  "trace_hash":"ba761f2ec14f4174c5dab5bfdfb00dc0018d9f87f8794908b7c6c2d3da850520",
  "arrivals_per_slot":[
    19,
    13,
    16,
    18,
    19,
    26,
    28,
    17,
    26,
    22,
    18,
    13,
    20,
    19,
    23,
    19,
    21,
    16,
    24,
    10,
    20,
    19,
    21,
    22,
    15,
    21,
    20,
    14,
    17,
    15,
    23,
    10,
    25,
    23,
    20,
    23,
    16,
    18,
    12,
    23,
    15,
    18,
    22,
    21,
    19,
    27,
    22,
    22,
    24,
    19,
    24,
    21,
    8,
    17,
    12,
    24,
    16,
    12,
    17,
    26,
    17,
    24,
    19,
    20,
    21,
    18,
    21,
    16,
    22,
    15,
    22,
    17,
    24,
    21,
    21,
    19,
    19,
    22,
    23,
    20,
    20,
    27,
    17,
    23,
    29,
    22,
    22,
    29,
    18,
    18,
    14,
    21,
    20,
    26,
    16,
    20,
    20,
    24,
    17,
    27,
    17,
    19,
    22,
    23,
    25,
    20,
    11,
    11,
    22,
    13,
    12,
    16,
    19,
    18,
    15,
    17,
    26,
    20,
    23,
    22
  ],
  "diversity":false,
  "p_split":null,
  "split_reliability_mode":null,
  "mechanism":null,
  "fixed_sfc_len":6,
  "fixed_reliability":null,
  "max_backup_level":2,
  "explicit_split_replicas":false,
  "split_enforce_distinct":false,
  "strict_split_resource_ablation":false,
  "split_replica_resource_scale":1.0,
  "cap_base_min":500,
  "cap_base_max":700,
  "cap_scale":0.2,
  "total_arrivals":2352,
  "total_accepted":973,
  "total_rejected":1379,
  "acceptance_ratio":0.4136904762,
  "avg_cost_per_arrival":39.1693441787,
  "total_cost":92126.2975083446,
  "total_cost_resource":69921.2975083445,
  "avg_cost_per_accepted":94.6827312522,
  "final_utilization":0.953742444,
  "avg_utilization_over_time":0.9445181409,
  "avg_leftover_capacity_sum_over_time":9720.0333333333,
  "final_leftover_capacity_sum":8104.0,
  "final_leftover_capacity_min":0.0,
  "final_leftover_capacity_max":808.8,
  "final_leftover_capacity_avg":59.1532846715,
  "avg_e2e_delay_accepted":0.1247365355,
  "p95_e2e_delay_accepted":0.1899659675,
  "avg_access_delay_accepted":0.0080226663,
  "avg_processing_delay_accepted":0.0967098247,
  "avg_network_delay_accepted":0.0200040445,
  "avg_split_proc_overhead_accepted":0.0,
  "avg_split_net_overhead_accepted":0.0,
  "total_transmitted_bits_accepted":3627145420.6567325592,
  "avg_transmitted_bits_per_accepted":3727795.910233024,
  "total_split_transmitted_bits_accepted":0.0,
  "avg_split_transmitted_bits_per_accepted":0.0,
  "avg_split_overhead_ratio_accepted":0.0,
  "p95_split_overhead_ratio_accepted":0.0,
  "rga_accepted_total":2352,
  "rga_rejected_total":0,
  "rga_rejection_ratio":0.0,
  "mdca_rejected_total":1379,
  "mdca_capacity_rejected_total":1298,
  "mdca_reliability_rejected_total":0,
  "mdca_qos_rejected_total":81,
  "mdca_rejection_ratio":0.5863095238,
  "capacity_rejection_ratio":0.5518707483,
  "reliability_rejection_ratio":0.0,
  "qos_rejected_total":81,
  "qos_rejection_ratio":0.0344387755
}