{
  "algo":"mdca",
  "region":"Alabama",
  "time_slots":120,
  "arrival_rate":12.0,
  "mean_service_time":9.0,
  "seed":3,
  "trace_seed":14522669772851899508,
  "algo_seed":8021305762253439011,
  "trace_hash":"29c35e153235c063b7acf0d59207931db357cdd3d76b4e47d585ded47fb25f14",
  "arrivals_per_slot":[
    10,
    14,
    10,
    15,
    11,
    13,
    15,
    13,
    6,
    10,
    10,
    19,
    14,
    14,
    6,
    12,
    10,
    12,
    13,
    18,
    16,
    18,
    15,
    13,
    10,
    9,
    11,
    6,
    20,
    10,
    12,
    14,
    7,
    12,
    7,
    10,
    13,
    17,
    12,
    8,
    14,
    13,
    12,
    11,
    8,
    9,
    8,
    12,
    11,
    14,
    8,
    13,
    14,
    15,
    14,
    8,
    16,
    10,
    17,
    15,
    10,
    7,
    9,
    15,
    13,
    11,
    8,
    13,
    11,
    10,
    14,
    19,
    13,
    10,
    13,
    17,
    5,
    15,
    10,
    14,
    18,
    13,
    16,
    14,
    9,
    8,
    13,
    11,
    10,
    14,
    14,
    4,
    17,
    15,
    6,
    13,
    13,
    9,
    16,
    13,
    15,
    21,
    13,
    11,
    13,
    12,
    9,
    17,
    14,
    10,
    18,
    14,
    10,
    16,
    11,
    9,
    14,
    13,
    15,
    12
  ],
  "diversity":false,
  "p_split":null,
  "split_reliability_mode":null,
  "split_recovery_coverage":null,
  "split_workload_shares":null,
  "mechanism":null,
  "fixed_sfc_len":null,
  "fixed_reliability":0.95,
  "max_backup_level":2,
  "explicit_split_replicas":false,
  "split_enforce_distinct":false,
  "strict_split_resource_ablation":false,
  "split_replica_resource_scale":1.0,
  "backhaul_knn_k":4,
  "backhaul_use_device_bw":true,
  "backhaul_bw_scale":0.5,
  "fiber_speed_mps":200000000.0,
  "switch_delay_s":0.0002,
  "region_cloudlet_count":137,
  "cap_base_min":500,
  "cap_base_max":700,
  "cap_scale":0.2,
  "total_arrivals":1477,
  "total_accepted":1467,
  "total_rejected":10,
  "acceptance_ratio":0.9932295193,
  "avg_cost_per_arrival":38.5109340829,
  "total_cost":56880.649640409,
  "total_cost_resource":41569.649640409,
  "avg_cost_per_accepted":38.773448971,
  "final_utilization":0.7592176435,
  "avg_utilization_over_time":0.6669971676,
  "avg_leftover_capacity_sum_over_time":57968.8666666667,
  "final_leftover_capacity_sum":41915.2,
  "final_leftover_capacity_min":1.4,
  "final_leftover_capacity_max":1796.6,
  "final_leftover_capacity_avg":305.9503649635,
  "avg_e2e_delay_accepted":0.0622222452,
  "p95_e2e_delay_accepted":0.1223095049,
  "avg_access_delay_accepted":0.0080967367,
  "avg_processing_delay_accepted":0.0467948731,
  "avg_network_delay_accepted":0.0073306354,
  "avg_split_proc_overhead_accepted":0.0,
  "avg_split_net_overhead_accepted":0.0,
  "total_transmitted_bits_accepted":1845998678.1128463745,
  "avg_transmitted_bits_per_accepted":1258349.4738328878,
  "total_split_transmitted_bits_accepted":0.0,
  "avg_split_transmitted_bits_per_accepted":0.0,
  "avg_split_overhead_ratio_accepted":0.0,
  "p95_split_overhead_ratio_accepted":0.0,
  "rga_accepted_total":1477,
  "rga_rejected_total":0,
  "rga_rejection_ratio":0.0,
  "mdca_rejected_total":10,
  "mdca_capacity_rejected_total":0,
  "mdca_reliability_rejected_total":0,
  "mdca_qos_rejected_total":10,
  "mdca_rejection_ratio":0.0067704807,
  "capacity_rejection_ratio":0.0,
  "reliability_rejection_ratio":0.0,
  "qos_rejected_total":10,
  "qos_rejection_ratio":0.0067704807,
  "placement_trace_path":"D:\\Study\\Code_1\\paper_data\\workload_sharing_sensitivity\\Alabama\\R0p950\\MDCA\\seed3\\placement_trace_Alabama_mdca_seed3.json"
}