{
  "algo":"mdca",
  "region":"Alabama",
  "time_slots":120,
  "arrival_rate":12.0,
  "mean_service_time":9.0,
  "seed":4,
  "trace_seed":8351609664962630753,
  "algo_seed":4574233998141395180,
  "trace_hash":"a664cc3eb0092273b9067aad66877663a09cb9ebf95d46dd37da75e402b6adf8",
  "arrivals_per_slot":[
    18,
    7,
    10,
    13,
    11,
    10,
    17,
    11,
    10,
    17,
    16,
    8,
    8,
    13,
    8,
    12,
    17,
    6,
    9,
    14,
    9,
    12,
    22,
    8,
    21,
    12,
    13,
    12,
    12,
    13,
    10,
    14,
    8,
    12,
    8,
    15,
    18,
    17,
    17,
    12,
    9,
    8,
    11,
    9,
    17,
    10,
    11,
    15,
    8,
    11,
    11,
    11,
    10,
    11,
    5,
    12,
    11,
    10,
    12,
    11,
    11,
    10,
    11,
    13,
    14,
    16,
    12,
    17,
    9,
    9,
    11,
    16,
    11,
    11,
    16,
    9,
    11,
    14,
    17,
    16,
    11,
    12,
    8,
    7,
    14,
    15,
    9,
    9,
    9,
    9,
    11,
    15,
    13,
    13,
    10,
    13,
    7,
    18,
    16,
    13,
    17,
    16,
    12,
    7,
    15,
    17,
    14,
    11,
    9,
    20,
    13,
    14,
    7,
    19,
    15,
    10,
    7,
    14,
    14,
    15
  ],
  "diversity":true,
  "p_split":0.3,
  "split_reliability_mode":"identical_active_pool",
  "mechanism":null,
  "fixed_sfc_len":null,
  "fixed_reliability":0.93,
  "max_backup_level":2,
  "explicit_split_replicas":true,
  "split_enforce_distinct":false,
  "strict_split_resource_ablation":false,
  "split_replica_resource_scale":1.0,
  "cap_base_min":500,
  "cap_base_max":700,
  "cap_scale":0.2,
  "total_arrivals":1465,
  "total_accepted":1447,
  "total_rejected":18,
  "acceptance_ratio":0.9877133106,
  "avg_cost_per_arrival":29.4067263563,
  "total_cost":43080.8541120443,
  "total_cost_resource":28429.8541120443,
  "avg_cost_per_accepted":29.7725322129,
  "final_utilization":0.5922361874,
  "avg_utilization_over_time":0.5416970623,
  "avg_leftover_capacity_sum_over_time":80373.7777777778,
  "final_leftover_capacity_sum":71510.6,
  "final_leftover_capacity_min":0.0,
  "final_leftover_capacity_max":2105.6,
  "final_leftover_capacity_avg":521.9751824818,
  "avg_e2e_delay_accepted":0.0673702501,
  "p95_e2e_delay_accepted":0.1328733241,
  "avg_access_delay_accepted":0.008047366,
  "avg_processing_delay_accepted":0.0442273228,
  "avg_network_delay_accepted":0.0117799807,
  "avg_split_proc_overhead_accepted":5.113058483e-19,
  "avg_split_net_overhead_accepted":0.0,
  "total_transmitted_bits_accepted":2409976884.9619455338,
  "avg_transmitted_bits_per_accepted":1665498.8838714205,
  "total_split_transmitted_bits_accepted":501082148.1232441068,
  "avg_split_transmitted_bits_per_accepted":346290.358067204,
  "avg_split_overhead_ratio_accepted":6.553544909e-18,
  "p95_split_overhead_ratio_accepted":4.283104712e-17,
  "rga_accepted_total":1465,
  "rga_rejected_total":0,
  "rga_rejection_ratio":0.0,
  "mdca_rejected_total":18,
  "mdca_capacity_rejected_total":0,
  "mdca_reliability_rejected_total":0,
  "mdca_qos_rejected_total":18,
  "mdca_rejection_ratio":0.0122866894,
  "capacity_rejection_ratio":0.0,
  "reliability_rejection_ratio":0.0,
  "qos_rejected_total":18,
  "qos_rejection_ratio":0.0122866894
}