{
  "algo":"mdca",
  "region":"Alabama",
  "time_slots":120,
  "arrival_rate":12.0,
  "mean_service_time":9.0,
  "seed":1,
  "trace_seed":12005083297512392153,
  "algo_seed":11964113512330225472,
  "trace_hash":"9333b095dfddee16cd2f62bd74a792182fa844092d434c8e016c182f93d2373f",
  "arrivals_per_slot":[
    16,
    5,
    8,
    14,
    15,
    17,
    12,
    7,
    14,
    11,
    12,
    14,
    12,
    11,
    8,
    10,
    14,
    8,
    6,
    11,
    13,
    15,
    7,
    15,
    7,
    12,
    11,
    6,
    17,
    7,
    13,
    10,
    11,
    10,
    10,
    12,
    16,
    12,
    14,
    12,
    17,
    17,
    6,
    11,
    8,
    12,
    13,
    14,
    9,
    12,
    8,
    7,
    9,
    6,
    11,
    15,
    9,
    10,
    11,
    14,
    13,
    10,
    12,
    16,
    9,
    11,
    16,
    12,
    9,
    9,
    13,
    13,
    9,
    10,
    13,
    7,
    9,
    9,
    8,
    20,
    10,
    12,
    10,
    10,
    6,
    13,
    11,
    17,
    6,
    11,
    14,
    10,
    11,
    7,
    20,
    8,
    13,
    10,
    13,
    9,
    6,
    6,
    11,
    11,
    15,
    13,
    10,
    10,
    15,
    16,
    8,
    13,
    17,
    14,
    14,
    20,
    8,
    16,
    11,
    14
  ],
  "diversity":false,
  "p_split":null,
  "split_reliability_mode":null,
  "mechanism":null,
  "fixed_sfc_len":null,
  "fixed_reliability":0.996,
  "max_backup_level":1,
  "explicit_split_replicas":false,
  "split_enforce_distinct":false,
  "strict_split_resource_ablation":false,
  "split_replica_resource_scale":1.0,
  "cap_base_min":500,
  "cap_base_max":700,
  "cap_scale":0.2,
  "total_arrivals":1371,
  "total_accepted":195,
  "total_rejected":1176,
  "acceptance_ratio":0.1422319475,
  "avg_cost_per_arrival":2.1378656262,
  "total_cost":2931.0137735196,
  "total_cost_resource":1631.0137735196,
  "avg_cost_per_accepted":15.0308398642,
  "final_utilization":0.0660338611,
  "avg_utilization_over_time":0.0462278745,
  "avg_leftover_capacity_sum_over_time":167662.2666666667,
  "final_leftover_capacity_sum":164180.6,
  "final_leftover_capacity_min":1.8,
  "final_leftover_capacity_max":2128.0,
  "final_leftover_capacity_avg":1198.398540146,
  "avg_e2e_delay_accepted":0.0368224692,
  "p95_e2e_delay_accepted":0.0840957779,
  "avg_access_delay_accepted":0.0080332523,
  "avg_processing_delay_accepted":0.026792976,
  "avg_network_delay_accepted":0.0019962409,
  "avg_split_proc_overhead_accepted":0.0,
  "avg_split_net_overhead_accepted":0.0,
  "total_transmitted_bits_accepted":71633535.2150590122,
  "avg_transmitted_bits_per_accepted":367351.4626413283,
  "total_split_transmitted_bits_accepted":0.0,
  "avg_split_transmitted_bits_per_accepted":0.0,
  "avg_split_overhead_ratio_accepted":0.0,
  "p95_split_overhead_ratio_accepted":0.0,
  "rga_accepted_total":197,
  "rga_rejected_total":1174,
  "rga_rejection_ratio":0.8563092633,
  "mdca_rejected_total":2,
  "mdca_capacity_rejected_total":0,
  "mdca_reliability_rejected_total":0,
  "mdca_qos_rejected_total":2,
  "mdca_rejection_ratio":0.0014587892,
  "capacity_rejection_ratio":0.0,
  "reliability_rejection_ratio":0.0,
  "qos_rejected_total":2,
  "qos_rejection_ratio":0.0014587892
}