region,fixed_reliability,seed,method,share,share_tag,domain_count,domain_failure_prob,total_accepted,expected_target_satisfaction_ratio,expected_reliability,expected_reliability_loss
Arizona,0.95,5,DMDCA,"0.5,0.5",0p5_0p5,6,0.0,1385,1.0,0.9755905707882192,1.1102230246251565e-16
Arizona,0.95,5,DMDCA,"0.5,0.5",0p5_0p5,6,0.01,1385,0.9711306290415964,0.9634366689127438,0.012153901875475492
Arizona,0.95,5,DMDCA,"0.5,0.5",0p5_0p5,6,0.03,1385,0.9154153229023958,0.9389690725824874,0.036621498205731906
Arizona,0.95,5,DMDCA,"0.5,0.5",0p5_0p5,6,0.05,1385,0.862314238842509,0.9143156268401087,0.061274943948110616
Arizona,0.95,5,MDCA,nan,nan,6,0.0,1388,1.0,0.973599974839496,3.3306690738754696e-16
Arizona,0.95,5,MDCA,nan,nan,6,0.01,1388,0.9717678155027527,0.9597978096435167,0.013802165195979654
Arizona,0.95,5,MDCA,nan,nan,6,0.03,1388,0.9172699133722687,0.9322065349291364,0.04139343991035993
Arizona,0.95,5,MDCA,nan,nan,6,0.05,1388,0.8653108021996573,0.9046550166280295,0.06894495821146684
