{
  "algo":"mdca",
  "region":"Arizona",
  "time_slots":120,
  "arrival_rate":12.0,
  "mean_service_time":9.0,
  "seed":1,
  "trace_seed":5586230097686055098,
  "algo_seed":255717348173470011,
  "trace_hash":"9648d3d4c4a9937bd6c06634ebf9a72dd107b373a7ad2b84b4084b3a914e98a0",
  "arrivals_per_slot":[
    9,
    12,
    13,
    15,
    9,
    11,
    7,
    22,
    11,
    14,
    13,
    14,
    7,
    10,
    12,
    14,
    10,
    18,
    7,
    19,
    8,
    10,
    11,
    11,
    7,
    13,
    11,
    18,
    8,
    9,
    10,
    15,
    8,
    10,
    14,
    10,
    21,
    9,
    11,
    10,
    8,
    16,
    7,
    12,
    10,
    12,
    11,
    10,
    11,
    18,
    9,
    9,
    5,
    15,
    10,
    9,
    9,
    11,
    18,
    9,
    12,
    13,
    12,
    10,
    11,
    12,
    13,
    4,
    15,
    10,
    12,
    9,
    15,
    15,
    3,
    14,
    13,
    14,
    9,
    12,
    12,
    12,
    8,
    9,
    18,
    12,
    11,
    8,
    10,
    12,
    13,
    9,
    11,
    11,
    10,
    12,
    7,
    12,
    14,
    17,
    11,
    18,
    9,
    10,
    13,
    11,
    13,
    11,
    8,
    9,
    20,
    10,
    11,
    11,
    8,
    8,
    12,
    9,
    14,
    7
  ],
  "diversity":true,
  "p_split":0.3,
  "split_reliability_mode":"identical_active_pool",
  "mechanism":null,
  "fixed_sfc_len":null,
  "fixed_reliability":0.998,
  "max_backup_level":2,
  "explicit_split_replicas":true,
  "split_enforce_distinct":false,
  "strict_split_resource_ablation":false,
  "split_replica_resource_scale":1.0,
  "cap_base_min":500,
  "cap_base_max":700,
  "cap_scale":0.2,
  "total_arrivals":1369,
  "total_accepted":1321,
  "total_rejected":48,
  "acceptance_ratio":0.9649379109,
  "avg_cost_per_arrival":46.6785650897,
  "total_cost":63902.9556078165,
  "total_cost_resource":37343.9556078165,
  "avg_cost_per_accepted":48.3746825192,
  "final_utilization":0.3525972791,
  "avg_utilization_over_time":0.3628541346,
  "avg_leftover_capacity_sum_over_time":241413.1666666667,
  "final_leftover_capacity_sum":245299.4666666667,
  "final_leftover_capacity_min":0.2,
  "final_leftover_capacity_max":2599.2,
  "final_leftover_capacity_avg":781.208492569,
  "avg_e2e_delay_accepted":0.0714573942,
  "p95_e2e_delay_accepted":0.1337746214,
  "avg_access_delay_accepted":0.0080759879,
  "avg_processing_delay_accepted":0.0416792076,
  "avg_network_delay_accepted":0.0160849283,
  "avg_split_proc_overhead_accepted":7.737969782e-19,
  "avg_split_net_overhead_accepted":0.0,
  "total_transmitted_bits_accepted":2725500311.3170576096,
  "avg_transmitted_bits_per_accepted":2063209.9252967886,
  "total_split_transmitted_bits_accepted":923428404.6417120695,
  "avg_split_transmitted_bits_per_accepted":699037.3994259743,
  "avg_split_overhead_ratio_accepted":8.951076999e-18,
  "p95_split_overhead_ratio_accepted":5.507768341e-17,
  "rga_accepted_total":1344,
  "rga_rejected_total":25,
  "rga_rejection_ratio":0.0182615047,
  "mdca_rejected_total":23,
  "mdca_capacity_rejected_total":0,
  "mdca_reliability_rejected_total":0,
  "mdca_qos_rejected_total":23,
  "mdca_rejection_ratio":0.0168005844,
  "capacity_rejection_ratio":0.0,
  "reliability_rejection_ratio":0.0,
  "qos_rejected_total":23,
  "qos_rejection_ratio":0.0168005844
}