{
  "algo":"mdca",
  "region":"Arizona",
  "time_slots":120,
  "arrival_rate":20.0,
  "mean_service_time":9.0,
  "seed":4,
  "trace_seed":666251470448353070,
  "algo_seed":9982702643186365209,
  "trace_hash":"1569bce53bcb27d3c99366f1350f8cdaf8844073782aa48c613753b58f476db8",
  "arrivals_per_slot":[
    21,
    18,
    30,
    20,
    14,
    14,
    17,
    20,
    24,
    21,
    12,
    17,
    25,
    26,
    19,
    26,
    13,
    19,
    17,
    26,
    28,
    28,
    20,
    16,
    20,
    20,
    19,
    17,
    22,
    24,
    23,
    20,
    20,
    13,
    18,
    17,
    19,
    22,
    19,
    17,
    19,
    23,
    21,
    15,
    23,
    20,
    24,
    20,
    15,
    35,
    14,
    27,
    25,
    17,
    30,
    20,
    22,
    17,
    21,
    14,
    21,
    20,
    21,
    24,
    23,
    10,
    14,
    24,
    18,
    14,
    11,
    25,
    22,
    20,
    17,
    19,
    20,
    16,
    19,
    19,
    23,
    24,
    19,
    21,
    21,
    21,
    26,
    24,
    17,
    14,
    16,
    13,
    19,
    21,
    16,
    22,
    21,
    17,
    29,
    25,
    14,
    27,
    23,
    15,
    17,
    15,
    16,
    23,
    22,
    22,
    18,
    25,
    20,
    11,
    13,
    13,
    15,
    31,
    18,
    24
  ],
  "diversity":true,
  "p_split":0.3,
  "split_reliability_mode":"identical_active_pool",
  "split_recovery_coverage":1.0,
  "split_workload_shares":"0.5,0.5",
  "mechanism":null,
  "fixed_sfc_len":3,
  "fixed_reliability":0.999,
  "max_backup_level":2,
  "explicit_split_replicas":true,
  "split_enforce_distinct":false,
  "strict_split_resource_ablation":false,
  "split_replica_resource_scale":1.0,
  "backhaul_knn_k":4,
  "backhaul_use_device_bw":true,
  "backhaul_bw_scale":0.5,
  "fiber_speed_mps":200000000.0,
  "switch_delay_s":0.0002,
  "region_cloudlet_count":100,
  "cap_base_min":500,
  "cap_base_max":700,
  "cap_scale":0.2,
  "total_arrivals":2391,
  "total_accepted":1117,
  "total_rejected":1274,
  "acceptance_ratio":0.4671685487,
  "avg_cost_per_arrival":27.2854901766,
  "total_cost":65239.6070121557,
  "total_cost_resource":46026.6070121557,
  "avg_cost_per_accepted":58.4060940127,
  "final_utilization":0.9668773891,
  "avg_utilization_over_time":0.9437342196,
  "avg_leftover_capacity_sum_over_time":6718.0666666667,
  "final_leftover_capacity_sum":3954.8,
  "final_leftover_capacity_min":0.4666666667,
  "final_leftover_capacity_max":148.5333333333,
  "final_leftover_capacity_avg":39.548,
  "avg_e2e_delay_accepted":0.076520855,
  "p95_e2e_delay_accepted":0.12217929,
  "avg_access_delay_accepted":0.0080456143,
  "avg_processing_delay_accepted":0.0504178932,
  "avg_network_delay_accepted":0.0129036103,
  "avg_split_proc_overhead_accepted":9.329768381e-19,
  "avg_split_net_overhead_accepted":0.0,
  "total_transmitted_bits_accepted":2088303975.1183824539,
  "avg_transmitted_bits_per_accepted":1869564.8837228133,
  "total_split_transmitted_bits_accepted":560491276.0466299057,
  "avg_split_transmitted_bits_per_accepted":501782.7001312712,
  "avg_split_overhead_ratio_accepted":1.133828745e-17,
  "p95_split_overhead_ratio_accepted":6.05033533e-17,
  "rga_accepted_total":1908,
  "rga_rejected_total":483,
  "rga_rejection_ratio":0.2020075282,
  "mdca_rejected_total":791,
  "mdca_capacity_rejected_total":777,
  "mdca_reliability_rejected_total":3,
  "mdca_qos_rejected_total":11,
  "mdca_rejection_ratio":0.330823923,
  "capacity_rejection_ratio":0.3249686324,
  "reliability_rejection_ratio":0.0012547051,
  "qos_rejected_total":11,
  "qos_rejection_ratio":0.0046005855
}