{
  "algo":"random",
  "region":"Alabama",
  "time_slots":120,
  "arrival_rate":45.0,
  "mean_service_time":9.0,
  "seed":2,
  "trace_seed":14399679533592422187,
  "algo_seed":13852390656172401847,
  "trace_hash":"5cea221dd4a1bd1a316346c51a7fe91e786858b0bbd67b1de15a1ed8f47ff9da",
  "arrivals_per_slot":[
    41,
    49,
    45,
    43,
    55,
    51,
    46,
    57,
    47,
    43,
    46,
    34,
    41,
    40,
    56,
    40,
    48,
    47,
    35,
    40,
    39,
    48,
    43,
    49,
    45,
    49,
    49,
    52,
    47,
    40,
    42,
    36,
    32,
    49,
    52,
    37,
    40,
    41,
    56,
    47,
    55,
    34,
    41,
    52,
    55,
    46,
    55,
    39,
    35,
    56,
    44,
    50,
    36,
    42,
    49,
    42,
    41,
    61,
    50,
    44,
    38,
    43,
    43,
    52,
    29,
    40,
    52,
    46,
    42,
    39,
    43,
    39,
    46,
    53,
    32,
    52,
    48,
    28,
    41,
    43,
    44,
    50,
    37,
    44,
    57,
    40,
    48,
    45,
    61,
    46,
    50,
    56,
    37,
    51,
    47,
    52,
    42,
    52,
    56,
    39,
    40,
    33,
    48,
    50,
    47,
    45,
    49,
    54,
    45,
    42,
    36,
    56,
    37,
    52,
    52,
    36,
    49,
    44,
    53,
    51
  ],
  "diversity":false,
  "p_split":null,
  "split_reliability_mode":null,
  "mechanism":null,
  "fixed_sfc_len":null,
  "fixed_reliability":null,
  "max_backup_level":2,
  "explicit_split_replicas":false,
  "split_enforce_distinct":false,
  "strict_split_resource_ablation":false,
  "split_replica_resource_scale":1.0,
  "cap_base_min":500,
  "cap_base_max":700,
  "cap_scale":0.2,
  "total_arrivals":5446,
  "total_accepted":2147,
  "total_rejected":3299,
  "acceptance_ratio":0.3942343004,
  "avg_cost_per_arrival":18.2876347538,
  "total_cost":99594.4588691664,
  "total_cost_resource":74652.4588691664,
  "avg_cost_per_accepted":46.387731192,
  "final_utilization":0.9664211371,
  "avg_utilization_over_time":0.9493556633,
  "avg_leftover_capacity_sum_over_time":8749.7916666667,
  "final_leftover_capacity_sum":5801.4,
  "final_leftover_capacity_min":0.6,
  "final_leftover_capacity_max":152.0,
  "final_leftover_capacity_avg":42.3459854015,
  "avg_e2e_delay_accepted":0.0618199878,
  "p95_e2e_delay_accepted":0.1218737878,
  "avg_access_delay_accepted":0.0080800667,
  "avg_processing_delay_accepted":0.0471413525,
  "avg_network_delay_accepted":0.0065985686,
  "avg_split_proc_overhead_accepted":0.0,
  "avg_split_net_overhead_accepted":0.0,
  "total_transmitted_bits_accepted":2632352722.6664524078,
  "avg_transmitted_bits_per_accepted":1226060.8861976955,
  "total_split_transmitted_bits_accepted":0.0,
  "avg_split_transmitted_bits_per_accepted":0.0,
  "avg_split_overhead_ratio_accepted":0.0,
  "p95_split_overhead_ratio_accepted":0.0,
  "rga_accepted_total":5446,
  "rga_rejected_total":0,
  "rga_rejection_ratio":0.0,
  "mdca_rejected_total":3299,
  "mdca_capacity_rejected_total":3273,
  "mdca_reliability_rejected_total":0,
  "mdca_qos_rejected_total":26,
  "mdca_rejection_ratio":0.6057656996,
  "capacity_rejection_ratio":0.6009915534,
  "reliability_rejection_ratio":0.0,
  "qos_rejected_total":26,
  "qos_rejection_ratio":0.0047741462
}