{
  "algo":"mdca",
  "region":"Alabama",
  "time_slots":120,
  "arrival_rate":12.0,
  "mean_service_time":9.0,
  "seed":2,
  "trace_seed":4521618134406134624,
  "algo_seed":16121394405342853155,
  "trace_hash":"a99a2b6474d40f3c71f71826aa570b1d724f72421b8f4affc935d20061581ed3",
  "arrivals_per_slot":[
    6,
    14,
    11,
    10,
    17,
    15,
    10,
    14,
    16,
    11,
    10,
    10,
    9,
    12,
    16,
    16,
    12,
    17,
    8,
    12,
    12,
    6,
    12,
    9,
    6,
    16,
    12,
    11,
    13,
    9,
    13,
    14,
    16,
    12,
    11,
    17,
    10,
    22,
    10,
    12,
    15,
    14,
    9,
    11,
    11,
    18,
    11,
    10,
    13,
    13,
    14,
    13,
    13,
    11,
    15,
    10,
    10,
    13,
    10,
    15,
    15,
    7,
    11,
    12,
    13,
    9,
    8,
    7,
    6,
    6,
    11,
    13,
    12,
    4,
    10,
    6,
    14,
    14,
    17,
    6,
    13,
    9,
    13,
    11,
    19,
    8,
    17,
    11,
    10,
    9,
    10,
    16,
    10,
    9,
    17,
    9,
    9,
    10,
    12,
    16,
    9,
    10,
    12,
    13,
    9,
    16,
    14,
    12,
    15,
    11,
    8,
    12,
    12,
    12,
    14,
    13,
    9,
    10,
    11,
    10
  ],
  "diversity":false,
  "p_split":null,
  "split_reliability_mode":null,
  "mechanism":null,
  "fixed_sfc_len":null,
  "fixed_reliability":0.999,
  "max_backup_level":2,
  "explicit_split_replicas":false,
  "split_enforce_distinct":false,
  "strict_split_resource_ablation":false,
  "split_replica_resource_scale":1.0,
  "cap_base_min":500,
  "cap_base_max":700,
  "cap_scale":0.2,
  "total_arrivals":1409,
  "total_accepted":944,
  "total_rejected":465,
  "acceptance_ratio":0.6699787083,
  "avg_cost_per_arrival":32.8627386281,
  "total_cost":46303.5987269399,
  "total_cost_resource":32719.5987269399,
  "avg_cost_per_accepted":49.0504223802,
  "final_utilization":0.5481912693,
  "avg_utilization_over_time":0.5728766477,
  "avg_leftover_capacity_sum_over_time":75044.6333333333,
  "final_leftover_capacity_sum":79381.8,
  "final_leftover_capacity_min":0.0,
  "final_leftover_capacity_max":2492.0,
  "final_leftover_capacity_avg":579.4291970803,
  "avg_e2e_delay_accepted":0.0544894472,
  "p95_e2e_delay_accepted":0.1138692993,
  "avg_access_delay_accepted":0.0081812914,
  "avg_processing_delay_accepted":0.0408277305,
  "avg_network_delay_accepted":0.0054804253,
  "avg_split_proc_overhead_accepted":0.0,
  "avg_split_net_overhead_accepted":0.0,
  "total_transmitted_bits_accepted":976301167.5271580219,
  "avg_transmitted_bits_per_accepted":1034217.338482159,
  "total_split_transmitted_bits_accepted":0.0,
  "avg_split_transmitted_bits_per_accepted":0.0,
  "avg_split_overhead_ratio_accepted":0.0,
  "p95_split_overhead_ratio_accepted":0.0,
  "rga_accepted_total":949,
  "rga_rejected_total":460,
  "rga_rejection_ratio":0.3264726757,
  "mdca_rejected_total":5,
  "mdca_capacity_rejected_total":0,
  "mdca_reliability_rejected_total":0,
  "mdca_qos_rejected_total":5,
  "mdca_rejection_ratio":0.003548616,
  "capacity_rejection_ratio":0.0,
  "reliability_rejection_ratio":0.0,
  "qos_rejected_total":5,
  "qos_rejection_ratio":0.003548616
}