region,fixed_reliability,seed,method,share,share_tag,domain_count,domain_failure_prob,total_accepted,expected_target_satisfaction_ratio,expected_reliability,expected_reliability_loss
Alabama,0.999,5,DMDCA,"0.5,0.5",0p5_0p5,6,0.0,1117,1.0,0.9993719129147353,-7.771561172376096e-16
Alabama,0.999,5,DMDCA,"0.5,0.5",0p5_0p5,6,0.01,1117,0.9651107728551189,0.9935889041007606,0.005783008813973867
Alabama,0.999,5,DMDCA,"0.5,0.5",0p5_0p5,6,0.03,1117,0.8984174089443792,0.9814834142236415,0.01788849869109299
Alabama,0.999,5,DMDCA,"0.5,0.5",0p5_0p5,6,0.05,1117,0.8356697835720686,0.9686671692551767,0.030704743659557776
Alabama,0.999,5,MDCA,nan,nan,6,0.0,909,1.0,0.9993854210433709,-6.661338147750939e-16
Alabama,0.999,5,MDCA,nan,nan,6,0.01,909,0.9671690028713371,0.9932121322978599,0.006173288745510375
Alabama,0.999,5,MDCA,nan,nan,6,0.03,909,0.9042570670657918,0.9803506429126166,0.019034778130753605
Alabama,0.999,5,MDCA,nan,nan,6,0.05,909,0.8448687095193892,0.9668122565254024,0.03257316451796788
