{
  "algo":"mdca",
  "region":"Arizona",
  "time_slots":120,
  "arrival_rate":20.0,
  "mean_service_time":9.0,
  "seed":1,
  "trace_seed":16672717412841423785,
  "algo_seed":3737587677167370884,
  "trace_hash":"5ed8b839eefb0e996eda11fc09b6496fa4f3907bcd4d0d68d5a5b4a9829bce82",
  "arrivals_per_slot":[
    16,
    22,
    15,
    24,
    19,
    20,
    17,
    20,
    25,
    18,
    17,
    17,
    23,
    20,
    19,
    21,
    17,
    19,
    22,
    26,
    24,
    16,
    15,
    19,
    17,
    18,
    19,
    17,
    27,
    19,
    23,
    20,
    23,
    34,
    28,
    20,
    20,
    11,
    24,
    12,
    22,
    22,
    18,
    13,
    23,
    17,
    16,
    12,
    11,
    18,
    15,
    20,
    16,
    28,
    17,
    27,
    19,
    13,
    20,
    17,
    20,
    25,
    21,
    17,
    10,
    24,
    27,
    19,
    13,
    24,
    20,
    27,
    20,
    24,
    19,
    21,
    25,
    15,
    19,
    18,
    22,
    26,
    16,
    22,
    22,
    16,
    16,
    20,
    21,
    24,
    18,
    13,
    21,
    18,
    16,
    20,
    19,
    18,
    20,
    13,
    23,
    11,
    21,
    21,
    19,
    16,
    17,
    23,
    20,
    18,
    25,
    19,
    24,
    18,
    14,
    12,
    13,
    14,
    18,
    15
  ],
  "diversity":false,
  "p_split":null,
  "split_reliability_mode":null,
  "split_recovery_coverage":null,
  "split_workload_shares":null,
  "mechanism":null,
  "fixed_sfc_len":3,
  "fixed_reliability":0.999,
  "max_backup_level":2,
  "explicit_split_replicas":false,
  "split_enforce_distinct":false,
  "strict_split_resource_ablation":false,
  "split_replica_resource_scale":1.0,
  "backhaul_knn_k":4,
  "backhaul_use_device_bw":true,
  "backhaul_bw_scale":0.5,
  "fiber_speed_mps":200000000.0,
  "switch_delay_s":0.0002,
  "region_cloudlet_count":200,
  "cap_base_min":500,
  "cap_base_max":700,
  "cap_scale":0.2,
  "total_arrivals":2317,
  "total_accepted":1490,
  "total_rejected":827,
  "acceptance_ratio":0.6430729391,
  "avg_cost_per_arrival":41.9283566834,
  "total_cost":97148.0024353625,
  "total_cost_resource":72090.0024353625,
  "avg_cost_per_accepted":65.2000016345,
  "final_utilization":0.7037028482,
  "avg_utilization_over_time":0.7840897185,
  "avg_leftover_capacity_sum_over_time":52345.375,
  "final_leftover_capacity_sum":71834.4,
  "final_leftover_capacity_min":0.2,
  "final_leftover_capacity_max":2169.8,
  "final_leftover_capacity_avg":359.172,
  "avg_e2e_delay_accepted":0.0641014818,
  "p95_e2e_delay_accepted":0.1103767215,
  "avg_access_delay_accepted":0.008109994,
  "avg_processing_delay_accepted":0.0480871919,
  "avg_network_delay_accepted":0.0079042959,
  "avg_split_proc_overhead_accepted":0.0,
  "avg_split_net_overhead_accepted":0.0,
  "total_transmitted_bits_accepted":1962021431.9605031013,
  "avg_transmitted_bits_per_accepted":1316792.9073560424,
  "total_split_transmitted_bits_accepted":0.0,
  "avg_split_transmitted_bits_per_accepted":0.0,
  "avg_split_overhead_ratio_accepted":0.0,
  "p95_split_overhead_ratio_accepted":0.0,
  "rga_accepted_total":1524,
  "rga_rejected_total":793,
  "rga_rejection_ratio":0.3422529132,
  "mdca_rejected_total":34,
  "mdca_capacity_rejected_total":28,
  "mdca_reliability_rejected_total":0,
  "mdca_qos_rejected_total":6,
  "mdca_rejection_ratio":0.0146741476,
  "capacity_rejection_ratio":0.0120845921,
  "reliability_rejection_ratio":0.0,
  "qos_rejected_total":6,
  "qos_rejection_ratio":0.0025895555
}