{
  "algo":"mdca",
  "region":"Alabama",
  "time_slots":120,
  "arrival_rate":20.0,
  "mean_service_time":9.0,
  "seed":3,
  "trace_seed":10393253822670696752,
  "algo_seed":15868857010820782473,
  "trace_hash":"309bf0bcf74a919cdf657952b1645bbc698eb41c843089c13433c08d434580b7",
  "arrivals_per_slot":[
    21,
    31,
    19,
    20,
    13,
    19,
    25,
    21,
    22,
    26,
    20,
    22,
    23,
    18,
    18,
    19,
    27,
    18,
    17,
    25,
    17,
    15,
    24,
    13,
    13,
    24,
    15,
    20,
    22,
    23,
    13,
    24,
    16,
    25,
    27,
    15,
    14,
    18,
    20,
    20,
    22,
    15,
    20,
    17,
    12,
    21,
    29,
    23,
    26,
    15,
    20,
    15,
    20,
    24,
    19,
    26,
    15,
    21,
    21,
    23,
    20,
    30,
    13,
    18,
    12,
    18,
    22,
    20,
    21,
    17,
    27,
    21,
    20,
    15,
    31,
    20,
    12,
    26,
    14,
    19,
    17,
    18,
    22,
    28,
    17,
    14,
    21,
    22,
    21,
    16,
    18,
    21,
    29,
    17,
    24,
    22,
    22,
    24,
    24,
    16,
    23,
    20,
    22,
    20,
    18,
    16,
    20,
    21,
    11,
    19,
    21,
    23,
    26,
    20,
    22,
    20,
    27,
    22,
    21,
    16
  ],
  "diversity":true,
  "p_split":0.3,
  "split_reliability_mode":"identical_active_pool",
  "mechanism":null,
  "fixed_sfc_len":3,
  "fixed_reliability":null,
  "max_backup_level":2,
  "explicit_split_replicas":true,
  "split_enforce_distinct":false,
  "strict_split_resource_ablation":false,
  "split_replica_resource_scale":1.0,
  "cap_base_min":500,
  "cap_base_max":700,
  "cap_scale":0.2,
  "total_arrivals":2423,
  "total_accepted":2278,
  "total_rejected":145,
  "acceptance_ratio":0.9401568304,
  "avg_cost_per_arrival":36.5347633373,
  "total_cost":88523.7315662131,
  "total_cost_resource":64442.731566213,
  "avg_cost_per_accepted":38.8602860256,
  "final_utilization":0.9368409381,
  "avg_utilization_over_time":0.8972222479,
  "avg_leftover_capacity_sum_over_time":17797.2833333333,
  "final_leftover_capacity_sum":10936.8,
  "final_leftover_capacity_min":0.2666666667,
  "final_leftover_capacity_max":816.0,
  "final_leftover_capacity_avg":79.8306569343,
  "avg_e2e_delay_accepted":0.0688384107,
  "p95_e2e_delay_accepted":0.115014038,
  "avg_access_delay_accepted":0.0080988475,
  "avg_processing_delay_accepted":0.0451314196,
  "avg_network_delay_accepted":0.0122241203,
  "avg_split_proc_overhead_accepted":5.74941275e-19,
  "avg_split_net_overhead_accepted":0.0,
  "total_transmitted_bits_accepted":3934789131.7633142471,
  "avg_transmitted_bits_per_accepted":1727299.8822490405,
  "total_split_transmitted_bits_accepted":852390282.6684322357,
  "avg_split_transmitted_bits_per_accepted":374183.6183794698,
  "avg_split_overhead_ratio_accepted":7.779602095e-18,
  "p95_split_overhead_ratio_accepted":5.196781264e-17,
  "rga_accepted_total":2423,
  "rga_rejected_total":0,
  "rga_rejection_ratio":0.0,
  "mdca_rejected_total":145,
  "mdca_capacity_rejected_total":132,
  "mdca_reliability_rejected_total":0,
  "mdca_qos_rejected_total":13,
  "mdca_rejection_ratio":0.0598431696,
  "capacity_rejection_ratio":0.0544779199,
  "reliability_rejection_ratio":0.0,
  "qos_rejected_total":13,
  "qos_rejection_ratio":0.0053652497
}