{
  "algo":"mdca",
  "region":"Arizona",
  "time_slots":120,
  "arrival_rate":50.0,
  "mean_service_time":9.0,
  "seed":3,
  "trace_seed":13065058459733893879,
  "algo_seed":18185845460186161846,
  "trace_hash":"6cf9557545205a2cee00747cdaf17507257cf8872158bbbb7cb458dc79053332",
  "arrivals_per_slot":[
    55,
    46,
    45,
    48,
    49,
    57,
    53,
    54,
    51,
    49,
    41,
    49,
    45,
    51,
    51,
    64,
    61,
    47,
    46,
    56,
    44,
    55,
    55,
    57,
    42,
    56,
    48,
    49,
    53,
    37,
    54,
    55,
    46,
    32,
    61,
    53,
    43,
    50,
    45,
    57,
    51,
    55,
    47,
    44,
    52,
    44,
    34,
    52,
    51,
    52,
    42,
    48,
    52,
    59,
    57,
    43,
    50,
    40,
    45,
    44,
    33,
    57,
    36,
    53,
    52,
    41,
    50,
    60,
    41,
    48,
    42,
    57,
    41,
    46,
    54,
    45,
    50,
    61,
    51,
    44,
    45,
    47,
    48,
    50,
    53,
    46,
    51,
    31,
    37,
    43,
    48,
    42,
    37,
    46,
    54,
    48,
    53,
    44,
    46,
    54,
    49,
    54,
    50,
    50,
    55,
    43,
    38,
    56,
    45,
    47,
    44,
    48,
    48,
    51,
    43,
    61,
    61,
    41,
    74,
    59
  ],
  "diversity":false,
  "p_split":null,
  "split_reliability_mode":null,
  "mechanism":null,
  "fixed_sfc_len":null,
  "fixed_reliability":null,
  "max_backup_level":2,
  "explicit_split_replicas":false,
  "split_enforce_distinct":false,
  "strict_split_resource_ablation":false,
  "split_replica_resource_scale":1.0,
  "cap_base_min":500,
  "cap_base_max":700,
  "cap_scale":0.2,
  "total_arrivals":5874,
  "total_accepted":5193,
  "total_rejected":681,
  "acceptance_ratio":0.8840653728,
  "avg_cost_per_arrival":34.2667526538,
  "total_cost":201282.9050886673,
  "total_cost_resource":150453.9050886673,
  "avg_cost_per_accepted":38.7604284785,
  "final_utilization":0.9743528735,
  "avg_utilization_over_time":0.9297831439,
  "avg_leftover_capacity_sum_over_time":26500.8666666667,
  "final_leftover_capacity_sum":9679.6,
  "final_leftover_capacity_min":0.0,
  "final_leftover_capacity_max":190.6,
  "final_leftover_capacity_avg":30.8267515924,
  "avg_e2e_delay_accepted":0.0621646053,
  "p95_e2e_delay_accepted":0.1252606,
  "avg_access_delay_accepted":0.0080270573,
  "avg_processing_delay_accepted":0.0462437373,
  "avg_network_delay_accepted":0.0078938106,
  "avg_split_proc_overhead_accepted":0.0,
  "avg_split_net_overhead_accepted":0.0,
  "total_transmitted_bits_accepted":6448742732.4949531555,
  "avg_transmitted_bits_per_accepted":1241814.5065463034,
  "total_split_transmitted_bits_accepted":0.0,
  "avg_split_transmitted_bits_per_accepted":0.0,
  "avg_split_overhead_ratio_accepted":0.0,
  "p95_split_overhead_ratio_accepted":0.0,
  "rga_accepted_total":5874,
  "rga_rejected_total":0,
  "rga_rejection_ratio":0.0,
  "mdca_rejected_total":681,
  "mdca_capacity_rejected_total":647,
  "mdca_reliability_rejected_total":0,
  "mdca_qos_rejected_total":34,
  "mdca_rejection_ratio":0.1159346272,
  "capacity_rejection_ratio":0.1101464079,
  "reliability_rejection_ratio":0.0,
  "qos_rejected_total":34,
  "qos_rejection_ratio":0.0057882193
}