{
  "algo":"mdca",
  "region":"Arizona",
  "time_slots":120,
  "arrival_rate":12.0,
  "mean_service_time":9.0,
  "seed":4,
  "trace_seed":3779906737759127902,
  "algo_seed":9982702643186365209,
  "trace_hash":"174a1c4efd62512533d277202a223e84c7960ca5ad19a9c0b064ee3b980d0915",
  "arrivals_per_slot":[
    7,
    13,
    9,
    12,
    13,
    11,
    14,
    7,
    15,
    6,
    11,
    8,
    12,
    11,
    11,
    22,
    16,
    22,
    20,
    14,
    8,
    12,
    17,
    13,
    14,
    11,
    12,
    15,
    8,
    13,
    13,
    13,
    6,
    11,
    6,
    13,
    6,
    11,
    18,
    9,
    13,
    15,
    9,
    10,
    12,
    12,
    11,
    10,
    13,
    11,
    8,
    8,
    19,
    14,
    8,
    10,
    20,
    11,
    9,
    16,
    14,
    16,
    14,
    11,
    9,
    12,
    18,
    11,
    8,
    14,
    9,
    11,
    8,
    12,
    12,
    6,
    14,
    12,
    11,
    15,
    10,
    8,
    7,
    4,
    13,
    10,
    12,
    7,
    9,
    17,
    12,
    9,
    8,
    16,
    16,
    10,
    12,
    13,
    9,
    11,
    13,
    14,
    11,
    12,
    17,
    16,
    8,
    15,
    14,
    10,
    12,
    16,
    17,
    9,
    16,
    8,
    12,
    8,
    16,
    6
  ],
  "diversity":true,
  "p_split":0.3,
  "split_reliability_mode":"identical_active_pool",
  "split_recovery_coverage":1.0,
  "split_workload_shares":"0.5,0.5",
  "mechanism":null,
  "fixed_sfc_len":null,
  "fixed_reliability":0.9,
  "max_backup_level":2,
  "explicit_split_replicas":true,
  "split_enforce_distinct":false,
  "strict_split_resource_ablation":false,
  "split_replica_resource_scale":1.0,
  "backhaul_knn_k":4,
  "backhaul_use_device_bw":true,
  "backhaul_bw_scale":0.5,
  "fiber_speed_mps":200000000.0,
  "switch_delay_s":0.0002,
  "region_cloudlet_count":314,
  "cap_base_min":500,
  "cap_base_max":700,
  "cap_scale":0.2,
  "total_arrivals":1422,
  "total_accepted":1408,
  "total_rejected":14,
  "acceptance_ratio":0.9901547117,
  "avg_cost_per_arrival":21.7759956016,
  "total_cost":30965.4657454961,
  "total_cost_resource":18140.4657454961,
  "avg_cost_per_accepted":21.9925182852,
  "final_utilization":0.2232655959,
  "avg_utilization_over_time":0.2159080472,
  "avg_leftover_capacity_sum_over_time":294803.8333333333,
  "final_leftover_capacity_sum":292037.5333333333,
  "final_leftover_capacity_min":1.0,
  "final_leftover_capacity_max":2538.4,
  "final_leftover_capacity_avg":930.0558386412,
  "avg_e2e_delay_accepted":0.0681485062,
  "p95_e2e_delay_accepted":0.1360325122,
  "avg_access_delay_accepted":0.0080826248,
  "avg_processing_delay_accepted":0.0445238462,
  "avg_network_delay_accepted":0.0125801735,
  "avg_split_proc_overhead_accepted":5.125319361e-19,
  "avg_split_net_overhead_accepted":0.0,
  "total_transmitted_bits_accepted":2250353324.3765630722,
  "avg_transmitted_bits_per_accepted":1598262.304244718,
  "total_split_transmitted_bits_accepted":427237438.2209560275,
  "avg_split_transmitted_bits_per_accepted":303435.6805546563,
  "avg_split_overhead_ratio_accepted":5.853963878e-18,
  "p95_split_overhead_ratio_accepted":4.068233863e-17,
  "rga_accepted_total":1422,
  "rga_rejected_total":0,
  "rga_rejection_ratio":0.0,
  "mdca_rejected_total":14,
  "mdca_capacity_rejected_total":0,
  "mdca_reliability_rejected_total":0,
  "mdca_qos_rejected_total":14,
  "mdca_rejection_ratio":0.0098452883,
  "capacity_rejection_ratio":0.0,
  "reliability_rejection_ratio":0.0,
  "qos_rejected_total":14,
  "qos_rejection_ratio":0.0098452883,
  "placement_trace_path":"D:\\Study\\Code_1\\paper_data\\workload_sharing_sensitivity\\Arizona\\R0p900\\DMDCA_share0p5_0p5\\seed4\\placement_trace_Arizona_mdca_seed4.json"
}