{
  "algo":"mdca",
  "region":"Arizona",
  "time_slots":120,
  "arrival_rate":12.0,
  "mean_service_time":9.0,
  "seed":5,
  "trace_seed":13541899177886967504,
  "algo_seed":8179750290924396156,
  "trace_hash":"2a12005d742f0c70a638093584518e150e227917b972db783623e348e84abb06",
  "arrivals_per_slot":[
    11,
    16,
    15,
    15,
    10,
    8,
    11,
    7,
    10,
    11,
    11,
    12,
    15,
    7,
    13,
    9,
    12,
    12,
    11,
    10,
    19,
    10,
    7,
    15,
    16,
    9,
    12,
    12,
    11,
    12,
    8,
    13,
    7,
    7,
    11,
    15,
    11,
    13,
    12,
    13,
    17,
    14,
    6,
    9,
    10,
    9,
    13,
    12,
    7,
    11,
    12,
    9,
    11,
    9,
    12,
    13,
    13,
    11,
    9,
    3,
    13,
    13,
    11,
    8,
    11,
    14,
    10,
    16,
    9,
    15,
    23,
    9,
    8,
    15,
    14,
    11,
    11,
    12,
    13,
    11,
    7,
    14,
    19,
    11,
    12,
    14,
    16,
    10,
    13,
    18,
    16,
    11,
    9,
    11,
    10,
    7,
    7,
    18,
    6,
    9,
    7,
    14,
    11,
    16,
    12,
    23,
    14,
    9,
    15,
    14,
    7,
    8,
    8,
    12,
    14,
    12,
    12,
    19,
    10,
    14
  ],
  "diversity":false,
  "p_split":null,
  "split_reliability_mode":null,
  "split_recovery_coverage":null,
  "split_workload_shares":null,
  "mechanism":null,
  "fixed_sfc_len":null,
  "fixed_reliability":0.95,
  "max_backup_level":2,
  "explicit_split_replicas":false,
  "split_enforce_distinct":false,
  "strict_split_resource_ablation":false,
  "split_replica_resource_scale":1.0,
  "backhaul_knn_k":4,
  "backhaul_use_device_bw":true,
  "backhaul_bw_scale":0.5,
  "fiber_speed_mps":200000000.0,
  "switch_delay_s":0.0002,
  "region_cloudlet_count":314,
  "cap_base_min":500,
  "cap_base_max":700,
  "cap_scale":0.2,
  "total_arrivals":1405,
  "total_accepted":1388,
  "total_rejected":17,
  "acceptance_ratio":0.9879003559,
  "avg_cost_per_arrival":30.2686181545,
  "total_cost":42527.4085071186,
  "total_cost_resource":27542.4085071186,
  "avg_cost_per_accepted":30.6393433048,
  "final_utilization":0.3340251446,
  "avg_utilization_over_time":0.2967305791,
  "avg_leftover_capacity_sum_over_time":267898.1083333333,
  "final_leftover_capacity_sum":253691.4,
  "final_leftover_capacity_min":0.4,
  "final_leftover_capacity_max":2257.2,
  "final_leftover_capacity_avg":807.9343949045,
  "avg_e2e_delay_accepted":0.0639601043,
  "p95_e2e_delay_accepted":0.124224101,
  "avg_access_delay_accepted":0.0080314397,
  "avg_processing_delay_accepted":0.0474229637,
  "avg_network_delay_accepted":0.0085057009,
  "avg_split_proc_overhead_accepted":0.0,
  "avg_split_net_overhead_accepted":0.0,
  "total_transmitted_bits_accepted":1811562995.443605423,
  "avg_transmitted_bits_per_accepted":1305160.6595415024,
  "total_split_transmitted_bits_accepted":0.0,
  "avg_split_transmitted_bits_per_accepted":0.0,
  "avg_split_overhead_ratio_accepted":0.0,
  "p95_split_overhead_ratio_accepted":0.0,
  "rga_accepted_total":1405,
  "rga_rejected_total":0,
  "rga_rejection_ratio":0.0,
  "mdca_rejected_total":17,
  "mdca_capacity_rejected_total":0,
  "mdca_reliability_rejected_total":0,
  "mdca_qos_rejected_total":17,
  "mdca_rejection_ratio":0.0120996441,
  "capacity_rejection_ratio":0.0,
  "reliability_rejection_ratio":0.0,
  "qos_rejected_total":17,
  "qos_rejection_ratio":0.0120996441,
  "placement_trace_path":"D:\\Study\\Code_1\\paper_data\\workload_sharing_sensitivity\\Arizona\\R0p950\\MDCA\\seed5\\placement_trace_Arizona_mdca_seed5.json"
}