{
  "algo":"hspa",
  "region":"Arizona",
  "time_slots":120,
  "arrival_rate":20.0,
  "mean_service_time":9.0,
  "seed":3,
  "trace_seed":15247240721908287496,
  "algo_seed":5690859720453196328,
  "trace_hash":"2582f80a8d7df3f4c34ce3845a6a67f772eacefed219ce9936215b47b89acc94",
  "arrivals_per_slot":[
    24,
    21,
    19,
    25,
    18,
    25,
    18,
    25,
    21,
    20,
    15,
    18,
    20,
    24,
    13,
    18,
    18,
    17,
    23,
    18,
    12,
    21,
    19,
    11,
    10,
    18,
    15,
    11,
    25,
    14,
    24,
    20,
    25,
    28,
    21,
    15,
    23,
    21,
    19,
    18,
    20,
    15,
    18,
    19,
    18,
    22,
    20,
    19,
    16,
    20,
    22,
    30,
    16,
    22,
    21,
    19,
    19,
    17,
    21,
    18,
    20,
    15,
    18,
    21,
    20,
    16,
    19,
    27,
    25,
    22,
    22,
    21,
    23,
    14,
    15,
    23,
    23,
    24,
    28,
    16,
    16,
    20,
    22,
    15,
    22,
    21,
    27,
    20,
    16,
    11,
    24,
    18,
    22,
    23,
    17,
    21,
    22,
    14,
    10,
    16,
    18,
    20,
    16,
    18,
    23,
    28,
    26,
    19,
    19,
    32,
    25,
    16,
    25,
    23,
    22,
    16,
    18,
    17,
    16,
    16
  ],
  "diversity":false,
  "p_split":null,
  "split_reliability_mode":null,
  "mechanism":null,
  "fixed_sfc_len":2,
  "fixed_reliability":null,
  "max_backup_level":2,
  "explicit_split_replicas":false,
  "split_enforce_distinct":false,
  "strict_split_resource_ablation":false,
  "split_replica_resource_scale":1.0,
  "cap_base_min":500,
  "cap_base_max":700,
  "cap_scale":0.2,
  "total_arrivals":2364,
  "total_accepted":2360,
  "total_rejected":4,
  "acceptance_ratio":0.9983079526,
  "avg_cost_per_arrival":20.8009632888,
  "total_cost":49173.4772147231,
  "total_cost_resource":31801.4772147232,
  "avg_cost_per_accepted":20.8362191588,
  "final_utilization":0.3593510384,
  "avg_utilization_over_time":0.331710608,
  "avg_leftover_capacity_sum_over_time":249528.7000000001,
  "final_leftover_capacity_sum":239208.2,
  "final_leftover_capacity_min":0.4,
  "final_leftover_capacity_max":2121.6,
  "final_leftover_capacity_avg":761.8095541401,
  "avg_e2e_delay_accepted":0.0440403631,
  "p95_e2e_delay_accepted":0.0828272738,
  "avg_access_delay_accepted":0.0080829423,
  "avg_processing_delay_accepted":0.0315975604,
  "avg_network_delay_accepted":0.0043598603,
  "avg_split_proc_overhead_accepted":0.0,
  "avg_split_net_overhead_accepted":0.0,
  "total_transmitted_bits_accepted":1570539378.1191496849,
  "avg_transmitted_bits_per_accepted":665482.7873386227,
  "total_split_transmitted_bits_accepted":0.0,
  "avg_split_transmitted_bits_per_accepted":0.0,
  "avg_split_overhead_ratio_accepted":0.0,
  "p95_split_overhead_ratio_accepted":0.0,
  "rga_accepted_total":2364,
  "rga_rejected_total":0,
  "rga_rejection_ratio":0.0,
  "mdca_rejected_total":4,
  "mdca_capacity_rejected_total":0,
  "mdca_reliability_rejected_total":0,
  "mdca_qos_rejected_total":4,
  "mdca_rejection_ratio":0.0016920474,
  "capacity_rejection_ratio":0.0,
  "reliability_rejection_ratio":0.0,
  "qos_rejected_total":4,
  "qos_rejection_ratio":0.0016920474
}