{
  "algo":"dtsp",
  "region":"Alabama",
  "time_slots":120,
  "arrival_rate":12.0,
  "mean_service_time":9.0,
  "seed":1,
  "trace_seed":13358348790347670787,
  "algo_seed":14894763211395462469,
  "trace_hash":"87c9f50ff9690cfe6e2808ce393ae0a3207dfb49163a8aa7bc37c15510032e75",
  "arrivals_per_slot":[
    11,
    8,
    16,
    20,
    6,
    15,
    16,
    13,
    10,
    13,
    9,
    11,
    4,
    7,
    11,
    11,
    7,
    15,
    17,
    13,
    17,
    14,
    13,
    14,
    5,
    14,
    16,
    14,
    17,
    17,
    7,
    8,
    13,
    7,
    19,
    13,
    12,
    10,
    10,
    8,
    9,
    10,
    15,
    9,
    20,
    6,
    8,
    16,
    10,
    12,
    8,
    21,
    13,
    7,
    9,
    9,
    10,
    9,
    7,
    15,
    4,
    10,
    10,
    15,
    15,
    12,
    11,
    11,
    10,
    14,
    10,
    12,
    13,
    13,
    14,
    12,
    11,
    7,
    8,
    12,
    12,
    7,
    14,
    7,
    13,
    11,
    13,
    13,
    14,
    11,
    17,
    20,
    11,
    13,
    13,
    8,
    8,
    16,
    16,
    12,
    20,
    4,
    8,
    16,
    4,
    10,
    9,
    17,
    10,
    7,
    17,
    10,
    8,
    10,
    11,
    7,
    9,
    13,
    14,
    11
  ],
  "diversity":false,
  "p_split":null,
  "split_reliability_mode":null,
  "mechanism":null,
  "fixed_sfc_len":null,
  "fixed_reliability":0.98,
  "max_backup_level":2,
  "explicit_split_replicas":false,
  "split_enforce_distinct":false,
  "strict_split_resource_ablation":false,
  "split_replica_resource_scale":1.0,
  "cap_base_min":500,
  "cap_base_max":700,
  "cap_scale":0.2,
  "total_arrivals":1392,
  "total_accepted":1374,
  "total_rejected":18,
  "acceptance_ratio":0.9870689655,
  "avg_cost_per_arrival":45.9866881153,
  "total_cost":64013.4698565111,
  "total_cost_resource":47476.4698565111,
  "avg_cost_per_accepted":46.5891338111,
  "final_utilization":0.6859557305,
  "avg_utilization_over_time":0.7395914406,
  "avg_leftover_capacity_sum_over_time":45169.375,
  "final_leftover_capacity_sum":54472.8,
  "final_leftover_capacity_min":0.6,
  "final_leftover_capacity_max":2163.2,
  "final_leftover_capacity_avg":397.6116788321,
  "avg_e2e_delay_accepted":0.0636648276,
  "p95_e2e_delay_accepted":0.1275444495,
  "avg_access_delay_accepted":0.0080953841,
  "avg_processing_delay_accepted":0.0475693351,
  "avg_network_delay_accepted":0.0080001085,
  "avg_split_proc_overhead_accepted":0.0,
  "avg_split_net_overhead_accepted":0.0,
  "total_transmitted_bits_accepted":2043744919.2183227539,
  "avg_transmitted_bits_per_accepted":1487441.717043903,
  "total_split_transmitted_bits_accepted":0.0,
  "avg_split_transmitted_bits_per_accepted":0.0,
  "avg_split_overhead_ratio_accepted":0.0,
  "p95_split_overhead_ratio_accepted":0.0,
  "rga_accepted_total":1392,
  "rga_rejected_total":0,
  "rga_rejection_ratio":0.0,
  "mdca_rejected_total":18,
  "mdca_capacity_rejected_total":6,
  "mdca_reliability_rejected_total":0,
  "mdca_qos_rejected_total":12,
  "mdca_rejection_ratio":0.0129310345,
  "capacity_rejection_ratio":0.0043103448,
  "reliability_rejection_ratio":0.0,
  "qos_rejected_total":12,
  "qos_rejection_ratio":0.0086206897
}