{
  "algo":"hspa",
  "region":"Arizona",
  "time_slots":120,
  "arrival_rate":20.0,
  "mean_service_time":9.0,
  "seed":4,
  "trace_seed":168671806079142151,
  "algo_seed":5871001202714428341,
  "trace_hash":"42c901848f179ddfd0d8a0979c01d793ac1cd13ffe7e53df2b40d5ffff2fb110",
  "arrivals_per_slot":[
    27,
    28,
    18,
    21,
    19,
    24,
    20,
    20,
    22,
    22,
    17,
    15,
    24,
    23,
    18,
    20,
    22,
    20,
    19,
    15,
    27,
    17,
    15,
    16,
    12,
    24,
    19,
    23,
    21,
    22,
    26,
    20,
    16,
    21,
    17,
    19,
    17,
    14,
    20,
    24,
    22,
    23,
    25,
    10,
    17,
    17,
    12,
    17,
    13,
    22,
    17,
    16,
    26,
    23,
    18,
    9,
    15,
    21,
    28,
    24,
    21,
    30,
    21,
    15,
    22,
    22,
    28,
    10,
    16,
    29,
    23,
    25,
    22,
    18,
    17,
    19,
    20,
    16,
    26,
    22,
    15,
    27,
    26,
    20,
    16,
    26,
    21,
    31,
    22,
    27,
    22,
    26,
    15,
    13,
    28,
    24,
    24,
    16,
    20,
    15,
    10,
    19,
    24,
    13,
    25,
    26,
    28,
    22,
    18,
    33,
    30,
    17,
    17,
    24,
    20,
    18,
    17,
    30,
    22,
    8
  ],
  "diversity":false,
  "p_split":null,
  "split_reliability_mode":null,
  "mechanism":null,
  "fixed_sfc_len":6,
  "fixed_reliability":null,
  "max_backup_level":2,
  "explicit_split_replicas":false,
  "split_enforce_distinct":false,
  "strict_split_resource_ablation":false,
  "split_replica_resource_scale":1.0,
  "cap_base_min":500,
  "cap_base_max":700,
  "cap_scale":0.2,
  "total_arrivals":2456,
  "total_accepted":1681,
  "total_rejected":775,
  "acceptance_ratio":0.6844462541,
  "avg_cost_per_arrival":79.0031130648,
  "total_cost":194031.6456871823,
  "total_cost_resource":146386.6456871823,
  "avg_cost_per_accepted":115.4263210513,
  "final_utilization":0.9351131525,
  "avg_utilization_over_time":0.9315499121,
  "avg_leftover_capacity_sum_over_time":25907.0166666667,
  "final_leftover_capacity_sum":24558.4,
  "final_leftover_capacity_min":0.0,
  "final_leftover_capacity_max":1171.8,
  "final_leftover_capacity_avg":78.2114649682,
  "avg_e2e_delay_accepted":0.1236496244,
  "p95_e2e_delay_accepted":0.1836184806,
  "avg_access_delay_accepted":0.0081067007,
  "avg_processing_delay_accepted":0.0941960539,
  "avg_network_delay_accepted":0.0213468698,
  "avg_split_proc_overhead_accepted":0.0,
  "avg_split_net_overhead_accepted":0.0,
  "total_transmitted_bits_accepted":5693001211.5769577026,
  "avg_transmitted_bits_per_accepted":3386675.3192010457,
  "total_split_transmitted_bits_accepted":0.0,
  "avg_split_transmitted_bits_per_accepted":0.0,
  "avg_split_overhead_ratio_accepted":0.0,
  "p95_split_overhead_ratio_accepted":0.0,
  "rga_accepted_total":2456,
  "rga_rejected_total":0,
  "rga_rejection_ratio":0.0,
  "mdca_rejected_total":775,
  "mdca_capacity_rejected_total":640,
  "mdca_reliability_rejected_total":0,
  "mdca_qos_rejected_total":135,
  "mdca_rejection_ratio":0.3155537459,
  "capacity_rejection_ratio":0.2605863192,
  "reliability_rejection_ratio":0.0,
  "qos_rejected_total":135,
  "qos_rejection_ratio":0.0549674267
}