{
  "algo":"mdca",
  "region":"Alabama",
  "time_slots":120,
  "arrival_rate":30.0,
  "mean_service_time":9.0,
  "seed":3,
  "trace_seed":1099561377780666360,
  "algo_seed":8021305762253439011,
  "trace_hash":"69ec435d2074763e65871e7faa8dd9c4bd41c1e38a5b24ccd7ef06b855d56ed8",
  "arrivals_per_slot":[
    33,
    25,
    28,
    39,
    43,
    24,
    38,
    31,
    28,
    23,
    37,
    30,
    34,
    20,
    36,
    35,
    24,
    31,
    35,
    27,
    23,
    42,
    25,
    26,
    28,
    30,
    26,
    36,
    31,
    28,
    36,
    34,
    35,
    41,
    37,
    25,
    30,
    30,
    27,
    34,
    27,
    27,
    26,
    31,
    28,
    25,
    20,
    23,
    36,
    34,
    30,
    28,
    28,
    28,
    32,
    36,
    43,
    32,
    41,
    24,
    28,
    32,
    24,
    32,
    24,
    24,
    26,
    35,
    32,
    29,
    30,
    31,
    31,
    31,
    28,
    27,
    25,
    32,
    20,
    33,
    32,
    35,
    26,
    30,
    36,
    22,
    31,
    23,
    32,
    36,
    32,
    29,
    33,
    26,
    27,
    31,
    33,
    27,
    36,
    34,
    33,
    29,
    35,
    35,
    32,
    32,
    29,
    34,
    35,
    35,
    29,
    35,
    26,
    36,
    35,
    40,
    17,
    27,
    28,
    35
  ],
  "diversity":false,
  "p_split":null,
  "split_reliability_mode":null,
  "mechanism":null,
  "fixed_sfc_len":null,
  "fixed_reliability":null,
  "max_backup_level":2,
  "explicit_split_replicas":false,
  "split_enforce_distinct":false,
  "strict_split_resource_ablation":false,
  "split_replica_resource_scale":1.0,
  "cap_base_min":500,
  "cap_base_max":700,
  "cap_scale":0.2,
  "total_arrivals":3666,
  "total_accepted":2761,
  "total_rejected":905,
  "acceptance_ratio":0.753136934,
  "avg_cost_per_arrival":25.8448529594,
  "total_cost":94747.2309493067,
  "total_cost_resource":70163.2309493067,
  "avg_cost_per_accepted":34.3162734333,
  "final_utilization":0.9635621881,
  "avg_utilization_over_time":0.9453815492,
  "avg_leftover_capacity_sum_over_time":9551.0083333333,
  "final_leftover_capacity_sum":6371.8,
  "final_leftover_capacity_min":0.0,
  "final_leftover_capacity_max":512.8,
  "final_leftover_capacity_avg":46.5094890511,
  "avg_e2e_delay_accepted":0.0591546881,
  "p95_e2e_delay_accepted":0.1242099598,
  "avg_access_delay_accepted":0.0080609128,
  "avg_processing_delay_accepted":0.0446470777,
  "avg_network_delay_accepted":0.0064466976,
  "avg_split_proc_overhead_accepted":0.0,
  "avg_split_net_overhead_accepted":0.0,
  "total_transmitted_bits_accepted":2998467271.750002861,
  "avg_transmitted_bits_per_accepted":1086007.7043643617,
  "total_split_transmitted_bits_accepted":0.0,
  "avg_split_transmitted_bits_per_accepted":0.0,
  "avg_split_overhead_ratio_accepted":0.0,
  "p95_split_overhead_ratio_accepted":0.0,
  "rga_accepted_total":3666,
  "rga_rejected_total":0,
  "rga_rejection_ratio":0.0,
  "mdca_rejected_total":905,
  "mdca_capacity_rejected_total":872,
  "mdca_reliability_rejected_total":0,
  "mdca_qos_rejected_total":33,
  "mdca_rejection_ratio":0.246863066,
  "capacity_rejection_ratio":0.2378614294,
  "reliability_rejection_ratio":0.0,
  "qos_rejected_total":33,
  "qos_rejection_ratio":0.0090016367
}