{
  "algo":"mdca",
  "region":"Arizona",
  "time_slots":120,
  "arrival_rate":12.0,
  "mean_service_time":9.0,
  "seed":2,
  "trace_seed":3891617833120692526,
  "algo_seed":4836232127056779440,
  "trace_hash":"cc81443e80635432aca563ce1925f8bf26792b90ed7bc892c5c3f8cd4a248782",
  "arrivals_per_slot":[
    11,
    9,
    12,
    7,
    18,
    11,
    11,
    16,
    6,
    10,
    12,
    19,
    17,
    11,
    7,
    15,
    13,
    17,
    7,
    7,
    10,
    12,
    4,
    12,
    14,
    7,
    7,
    11,
    7,
    9,
    10,
    11,
    20,
    8,
    12,
    15,
    9,
    15,
    13,
    11,
    16,
    12,
    12,
    10,
    12,
    15,
    12,
    16,
    16,
    19,
    12,
    18,
    9,
    8,
    13,
    14,
    12,
    12,
    6,
    12,
    13,
    5,
    12,
    14,
    8,
    9,
    7,
    9,
    15,
    7,
    12,
    13,
    11,
    19,
    9,
    12,
    14,
    11,
    15,
    17,
    10,
    13,
    15,
    21,
    14,
    14,
    15,
    17,
    10,
    13,
    17,
    6,
    16,
    15,
    11,
    18,
    15,
    11,
    17,
    14,
    11,
    10,
    9,
    16,
    14,
    18,
    16,
    11,
    11,
    2,
    10,
    10,
    11,
    3,
    8,
    8,
    14,
    16,
    10,
    14
  ],
  "diversity":true,
  "p_split":0.3,
  "split_reliability_mode":"identical_active_pool",
  "split_recovery_coverage":1.0,
  "split_workload_shares":"0.5,0.5",
  "mechanism":null,
  "fixed_sfc_len":null,
  "fixed_reliability":0.998,
  "max_backup_level":2,
  "explicit_split_replicas":true,
  "split_enforce_distinct":false,
  "strict_split_resource_ablation":false,
  "split_replica_resource_scale":1.0,
  "backhaul_knn_k":4,
  "backhaul_use_device_bw":true,
  "backhaul_bw_scale":0.5,
  "fiber_speed_mps":200000000.0,
  "switch_delay_s":0.0002,
  "region_cloudlet_count":314,
  "cap_base_min":500,
  "cap_base_max":700,
  "cap_scale":0.2,
  "total_arrivals":1445,
  "total_accepted":1406,
  "total_rejected":39,
  "acceptance_ratio":0.9730103806,
  "avg_cost_per_arrival":47.630206296,
  "total_cost":68825.6480977019,
  "total_cost_resource":45674.6480977019,
  "avg_cost_per_accepted":48.9513855602,
  "final_utilization":0.4424325615,
  "avg_utilization_over_time":0.4193275038,
  "avg_leftover_capacity_sum_over_time":218031.025,
  "final_leftover_capacity_sum":209355.5333333334,
  "final_leftover_capacity_min":0.4,
  "final_leftover_capacity_max":2591.6,
  "final_leftover_capacity_avg":666.7373673036,
  "avg_e2e_delay_accepted":0.0707028817,
  "p95_e2e_delay_accepted":0.1360164477,
  "avg_access_delay_accepted":0.0080878524,
  "avg_processing_delay_accepted":0.0437991846,
  "avg_network_delay_accepted":0.0151921219,
  "avg_split_proc_overhead_accepted":5.95308732e-19,
  "avg_split_net_overhead_accepted":0.0,
  "total_transmitted_bits_accepted":2542257361.0209698677,
  "avg_transmitted_bits_per_accepted":1808148.9054203199,
  "total_split_transmitted_bits_accepted":596607458.6881622076,
  "avg_split_transmitted_bits_per_accepted":424329.629223444,
  "avg_split_overhead_ratio_accepted":7.159793228e-18,
  "p95_split_overhead_ratio_accepted":4.659480351e-17,
  "rga_accepted_total":1425,
  "rga_rejected_total":20,
  "rga_rejection_ratio":0.0138408304,
  "mdca_rejected_total":19,
  "mdca_capacity_rejected_total":0,
  "mdca_reliability_rejected_total":0,
  "mdca_qos_rejected_total":19,
  "mdca_rejection_ratio":0.0131487889,
  "capacity_rejection_ratio":0.0,
  "reliability_rejection_ratio":0.0,
  "qos_rejected_total":19,
  "qos_rejection_ratio":0.0131487889,
  "placement_trace_path":"D:\\Study\\Code_1\\paper_data\\workload_sharing_sensitivity\\Arizona\\R0p998\\DMDCA_share0p5_0p5\\seed2\\placement_trace_Arizona_mdca_seed2.json"
}