{
  "algo":"mdca",
  "region":"Arizona",
  "time_slots":120,
  "arrival_rate":30.0,
  "mean_service_time":9.0,
  "seed":4,
  "trace_seed":8047977166073059441,
  "algo_seed":9982702643186365209,
  "trace_hash":"0740b1b2811a81bce75b783c65490a30d1afc4a6dc719b6941d75a3036251b38",
  "arrivals_per_slot":[
    29,
    26,
    28,
    33,
    27,
    33,
    35,
    32,
    22,
    39,
    18,
    19,
    29,
    32,
    28,
    29,
    24,
    36,
    34,
    41,
    32,
    27,
    28,
    31,
    26,
    30,
    31,
    23,
    33,
    36,
    22,
    38,
    23,
    20,
    29,
    36,
    23,
    27,
    40,
    28,
    18,
    23,
    36,
    29,
    33,
    33,
    34,
    27,
    34,
    25,
    27,
    31,
    30,
    30,
    25,
    24,
    23,
    39,
    24,
    25,
    26,
    25,
    21,
    24,
    35,
    26,
    38,
    28,
    39,
    37,
    26,
    33,
    23,
    28,
    24,
    32,
    25,
    26,
    29,
    32,
    28,
    30,
    26,
    34,
    44,
    33,
    37,
    44,
    31,
    28,
    32,
    29,
    24,
    41,
    27,
    24,
    28,
    32,
    22,
    36,
    28,
    30,
    31,
    22,
    26,
    33,
    28,
    37,
    14,
    24,
    29,
    18,
    36,
    30,
    32,
    29,
    27,
    27,
    33,
    31
  ],
  "diversity":true,
  "p_split":0.3,
  "split_reliability_mode":"identical_active_pool",
  "split_recovery_coverage":1.0,
  "split_workload_shares":"0.5,0.5",
  "mechanism":null,
  "fixed_sfc_len":3,
  "fixed_reliability":0.999,
  "max_backup_level":2,
  "explicit_split_replicas":true,
  "split_enforce_distinct":false,
  "strict_split_resource_ablation":false,
  "split_replica_resource_scale":1.0,
  "backhaul_knn_k":4,
  "backhaul_use_device_bw":true,
  "backhaul_bw_scale":0.5,
  "fiber_speed_mps":200000000.0,
  "switch_delay_s":0.0002,
  "region_cloudlet_count":100,
  "cap_base_min":500,
  "cap_base_max":700,
  "cap_scale":0.2,
  "total_arrivals":3519,
  "total_accepted":1302,
  "total_rejected":2217,
  "acceptance_ratio":0.3699914749,
  "avg_cost_per_arrival":21.8598078249,
  "total_cost":76924.6637358872,
  "total_cost_resource":54297.6637358872,
  "avg_cost_per_accepted":59.0819229922,
  "final_utilization":0.9649990167,
  "avg_utilization_over_time":0.9594675589,
  "avg_leftover_capacity_sum_over_time":4960.0277777778,
  "final_leftover_capacity_sum":4283.1333333333,
  "final_leftover_capacity_min":0.0,
  "final_leftover_capacity_max":616.5333333333,
  "final_leftover_capacity_avg":42.8313333333,
  "avg_e2e_delay_accepted":0.0802288595,
  "p95_e2e_delay_accepted":0.1267547084,
  "avg_access_delay_accepted":0.0080675654,
  "avg_processing_delay_accepted":0.0544309836,
  "avg_network_delay_accepted":0.0123100736,
  "avg_split_proc_overhead_accepted":8.54038209e-19,
  "avg_split_net_overhead_accepted":0.0,
  "total_transmitted_bits_accepted":2407296316.4787483215,
  "avg_transmitted_bits_per_accepted":1848921.9020574105,
  "total_split_transmitted_bits_accepted":656235007.4776096344,
  "avg_split_transmitted_bits_per_accepted":504020.7430703607,
  "avg_split_overhead_ratio_accepted":1.013883405e-17,
  "p95_split_overhead_ratio_accepted":5.942180964e-17,
  "rga_accepted_total":2885,
  "rga_rejected_total":634,
  "rga_rejection_ratio":0.1801648196,
  "mdca_rejected_total":1583,
  "mdca_capacity_rejected_total":1567,
  "mdca_reliability_rejected_total":3,
  "mdca_qos_rejected_total":13,
  "mdca_rejection_ratio":0.4498437056,
  "capacity_rejection_ratio":0.4452969594,
  "reliability_rejection_ratio":0.0008525149,
  "qos_rejected_total":13,
  "qos_rejection_ratio":0.0036942313
}