{
  "algo":"mdca",
  "region":"Alabama",
  "time_slots":120,
  "arrival_rate":20.0,
  "mean_service_time":9.0,
  "seed":3,
  "trace_seed":2162997160761522307,
  "algo_seed":8021305762253439011,
  "trace_hash":"595da92a490cc92afc8261eb4b68cc90371236488184d43708b2d96dd32414b5",
  "arrivals_per_slot":[
    19,
    13,
    16,
    18,
    19,
    26,
    28,
    17,
    26,
    22,
    18,
    13,
    20,
    19,
    23,
    19,
    21,
    16,
    24,
    10,
    20,
    19,
    21,
    22,
    15,
    21,
    20,
    14,
    17,
    15,
    23,
    10,
    25,
    23,
    20,
    23,
    16,
    18,
    12,
    23,
    15,
    18,
    22,
    21,
    19,
    27,
    22,
    22,
    24,
    19,
    24,
    21,
    8,
    17,
    12,
    24,
    16,
    12,
    17,
    26,
    17,
    24,
    19,
    20,
    21,
    18,
    21,
    16,
    22,
    15,
    22,
    17,
    24,
    21,
    21,
    19,
    19,
    22,
    23,
    20,
    20,
    27,
    17,
    23,
    29,
    22,
    22,
    29,
    18,
    18,
    14,
    21,
    20,
    26,
    16,
    20,
    20,
    24,
    17,
    27,
    17,
    19,
    22,
    23,
    25,
    20,
    11,
    11,
    22,
    13,
    12,
    16,
    19,
    18,
    15,
    17,
    26,
    20,
    23,
    22
  ],
  "diversity":false,
  "p_split":null,
  "split_reliability_mode":null,
  "mechanism":null,
  "fixed_sfc_len":6,
  "fixed_reliability":null,
  "max_backup_level":2,
  "explicit_split_replicas":false,
  "split_enforce_distinct":false,
  "strict_split_resource_ablation":false,
  "split_replica_resource_scale":1.0,
  "cap_base_min":500,
  "cap_base_max":700,
  "cap_scale":0.2,
  "total_arrivals":2352,
  "total_accepted":1174,
  "total_rejected":1178,
  "acceptance_ratio":0.4991496599,
  "avg_cost_per_arrival":40.9801301114,
  "total_cost":96385.2660219336,
  "total_cost_resource":70354.2660219337,
  "avg_cost_per_accepted":82.099885879,
  "final_utilization":0.9668765305,
  "avg_utilization_over_time":0.950996853,
  "avg_leftover_capacity_sum_over_time":8585.0083333333,
  "final_leftover_capacity_sum":5803.0,
  "final_leftover_capacity_min":0.0,
  "final_leftover_capacity_max":858.0,
  "final_leftover_capacity_avg":42.3576642336,
  "avg_e2e_delay_accepted":0.13177063,
  "p95_e2e_delay_accepted":0.1955471115,
  "avg_access_delay_accepted":0.0080150145,
  "avg_processing_delay_accepted":0.1051824345,
  "avg_network_delay_accepted":0.0185731811,
  "avg_split_proc_overhead_accepted":0.0,
  "avg_split_net_overhead_accepted":0.0,
  "total_transmitted_bits_accepted":3665335949.8889770508,
  "avg_transmitted_bits_per_accepted":3122091.9505016841,
  "total_split_transmitted_bits_accepted":0.0,
  "avg_split_transmitted_bits_per_accepted":0.0,
  "avg_split_overhead_ratio_accepted":0.0,
  "p95_split_overhead_ratio_accepted":0.0,
  "rga_accepted_total":2352,
  "rga_rejected_total":0,
  "rga_rejection_ratio":0.0,
  "mdca_rejected_total":1178,
  "mdca_capacity_rejected_total":1053,
  "mdca_reliability_rejected_total":0,
  "mdca_qos_rejected_total":125,
  "mdca_rejection_ratio":0.5008503401,
  "capacity_rejection_ratio":0.4477040816,
  "reliability_rejection_ratio":0.0,
  "qos_rejected_total":125,
  "qos_rejection_ratio":0.0531462585
}