{
  "algo":"mdca",
  "region":"Alabama",
  "time_slots":120,
  "arrival_rate":12.0,
  "mean_service_time":9.0,
  "seed":5,
  "trace_seed":16392695784144909692,
  "algo_seed":10056931585136477576,
  "trace_hash":"918188635db2c2665f95512ee3d539cb89e2700d2154490f3e46bc233c56def9",
  "arrivals_per_slot":[
    16,
    16,
    16,
    10,
    11,
    9,
    14,
    19,
    13,
    9,
    12,
    23,
    9,
    7,
    11,
    14,
    5,
    16,
    11,
    14,
    19,
    7,
    11,
    14,
    16,
    9,
    7,
    13,
    11,
    16,
    6,
    8,
    12,
    16,
    10,
    15,
    17,
    11,
    5,
    16,
    7,
    20,
    10,
    11,
    15,
    22,
    11,
    9,
    16,
    9,
    20,
    22,
    12,
    14,
    10,
    11,
    12,
    15,
    14,
    9,
    17,
    12,
    8,
    13,
    7,
    16,
    10,
    4,
    13,
    15,
    10,
    9,
    9,
    13,
    6,
    9,
    9,
    11,
    9,
    11,
    13,
    13,
    11,
    10,
    13,
    13,
    10,
    22,
    17,
    14,
    11,
    15,
    10,
    15,
    14,
    9,
    17,
    9,
    16,
    12,
    16,
    10,
    14,
    15,
    13,
    12,
    14,
    4,
    10,
    12,
    8,
    11,
    14,
    11,
    11,
    6,
    9,
    10,
    18,
    12
  ],
  "diversity":false,
  "p_split":null,
  "split_reliability_mode":null,
  "split_recovery_coverage":null,
  "split_workload_shares":null,
  "mechanism":null,
  "fixed_sfc_len":null,
  "fixed_reliability":0.95,
  "max_backup_level":2,
  "explicit_split_replicas":false,
  "split_enforce_distinct":false,
  "strict_split_resource_ablation":false,
  "split_replica_resource_scale":1.0,
  "backhaul_knn_k":4,
  "backhaul_use_device_bw":true,
  "backhaul_bw_scale":0.5,
  "fiber_speed_mps":200000000.0,
  "switch_delay_s":0.0002,
  "region_cloudlet_count":137,
  "cap_base_min":500,
  "cap_base_max":700,
  "cap_scale":0.2,
  "total_arrivals":1468,
  "total_accepted":1457,
  "total_rejected":11,
  "acceptance_ratio":0.992506812,
  "avg_cost_per_arrival":38.6369606128,
  "total_cost":56719.0581796188,
  "total_cost_resource":41383.0581796188,
  "avg_cost_per_accepted":38.9286603841,
  "final_utilization":0.6719111818,
  "avg_utilization_over_time":0.6546257948,
  "avg_leftover_capacity_sum_over_time":60524.55,
  "final_leftover_capacity_sum":57495.4,
  "final_leftover_capacity_min":0.0,
  "final_leftover_capacity_max":2153.6,
  "final_leftover_capacity_avg":419.6744525547,
  "avg_e2e_delay_accepted":0.0631655859,
  "p95_e2e_delay_accepted":0.1294838195,
  "avg_access_delay_accepted":0.0080068801,
  "avg_processing_delay_accepted":0.0473988925,
  "avg_network_delay_accepted":0.0077598133,
  "avg_split_proc_overhead_accepted":0.0,
  "avg_split_net_overhead_accepted":0.0,
  "total_transmitted_bits_accepted":1851313903.7571306229,
  "avg_transmitted_bits_per_accepted":1270634.1137660472,
  "total_split_transmitted_bits_accepted":0.0,
  "avg_split_transmitted_bits_per_accepted":0.0,
  "avg_split_overhead_ratio_accepted":0.0,
  "p95_split_overhead_ratio_accepted":0.0,
  "rga_accepted_total":1468,
  "rga_rejected_total":0,
  "rga_rejection_ratio":0.0,
  "mdca_rejected_total":11,
  "mdca_capacity_rejected_total":0,
  "mdca_reliability_rejected_total":0,
  "mdca_qos_rejected_total":11,
  "mdca_rejection_ratio":0.007493188,
  "capacity_rejection_ratio":0.0,
  "reliability_rejection_ratio":0.0,
  "qos_rejected_total":11,
  "qos_rejection_ratio":0.007493188,
  "placement_trace_path":"D:\\Study\\Code_1\\paper_data\\workload_sharing_sensitivity\\Alabama\\R0p950\\MDCA\\seed5\\placement_trace_Alabama_mdca_seed5.json"
}