{
  "algo":"mdca",
  "region":"Arizona",
  "time_slots":120,
  "arrival_rate":12.0,
  "mean_service_time":9.0,
  "seed":3,
  "trace_seed":14706659483778936323,
  "algo_seed":3915757677227757507,
  "trace_hash":"6c26b56f52a8fd6beb31170a58a8693a417205cd0c9207a261ab913d92d97104",
  "arrivals_per_slot":[
    19,
    16,
    10,
    8,
    15,
    11,
    13,
    8,
    10,
    7,
    11,
    11,
    15,
    13,
    6,
    7,
    10,
    17,
    16,
    14,
    14,
    11,
    11,
    10,
    13,
    10,
    10,
    13,
    14,
    13,
    13,
    11,
    13,
    9,
    18,
    12,
    14,
    15,
    20,
    9,
    11,
    16,
    14,
    16,
    12,
    10,
    8,
    14,
    5,
    13,
    8,
    9,
    8,
    9,
    18,
    7,
    13,
    9,
    15,
    10,
    12,
    15,
    14,
    6,
    16,
    16,
    12,
    11,
    17,
    10,
    10,
    18,
    14,
    6,
    14,
    10,
    10,
    19,
    7,
    16,
    5,
    9,
    12,
    12,
    17,
    15,
    6,
    11,
    6,
    18,
    14,
    12,
    17,
    12,
    10,
    9,
    6,
    12,
    20,
    18,
    13,
    12,
    13,
    17,
    11,
    12,
    7,
    14,
    20,
    13,
    9,
    11,
    13,
    8,
    13,
    12,
    11,
    12,
    13,
    12
  ],
  "diversity":true,
  "p_split":0.3,
  "split_reliability_mode":"identical_active_pool",
  "mechanism":null,
  "fixed_sfc_len":null,
  "fixed_reliability":0.998,
  "max_backup_level":2,
  "explicit_split_replicas":true,
  "split_enforce_distinct":false,
  "strict_split_resource_ablation":false,
  "split_replica_resource_scale":1.0,
  "cap_base_min":500,
  "cap_base_max":700,
  "cap_scale":0.2,
  "total_arrivals":1455,
  "total_accepted":1428,
  "total_rejected":27,
  "acceptance_ratio":0.981443299,
  "avg_cost_per_arrival":45.2739966904,
  "total_cost":65873.6651845685,
  "total_cost_resource":39438.6651845685,
  "avg_cost_per_accepted":46.1300176363,
  "final_utilization":0.4559488181,
  "avg_utilization_over_time":0.3999767954,
  "avg_leftover_capacity_sum_over_time":228239.7066666667,
  "final_leftover_capacity_sum":206948.8,
  "final_leftover_capacity_min":0.0,
  "final_leftover_capacity_max":2220.8,
  "final_leftover_capacity_avg":659.072611465,
  "avg_e2e_delay_accepted":0.0713776402,
  "p95_e2e_delay_accepted":0.1413337886,
  "avg_access_delay_accepted":0.0080781062,
  "avg_processing_delay_accepted":0.0418616293,
  "avg_network_delay_accepted":0.0162388899,
  "avg_split_proc_overhead_accepted":3.796226094e-19,
  "avg_split_net_overhead_accepted":0.0,
  "total_transmitted_bits_accepted":2898769855.2669620514,
  "avg_transmitted_bits_per_accepted":2029950.8790384887,
  "total_split_transmitted_bits_accepted":920648776.4137629271,
  "avg_split_transmitted_bits_per_accepted":644712.0283009544,
  "avg_split_overhead_ratio_accepted":4.524691487e-18,
  "p95_split_overhead_ratio_accepted":3.482800152e-17,
  "rga_accepted_total":1445,
  "rga_rejected_total":10,
  "rga_rejection_ratio":0.0068728522,
  "mdca_rejected_total":17,
  "mdca_capacity_rejected_total":0,
  "mdca_reliability_rejected_total":0,
  "mdca_qos_rejected_total":17,
  "mdca_rejection_ratio":0.0116838488,
  "capacity_rejection_ratio":0.0,
  "reliability_rejection_ratio":0.0,
  "qos_rejected_total":17,
  "qos_rejection_ratio":0.0116838488
}