{
  "algo":"mdca",
  "region":"Arizona",
  "time_slots":120,
  "arrival_rate":12.0,
  "mean_service_time":9.0,
  "seed":1,
  "trace_seed":14522583464663214432,
  "algo_seed":2842500912460067215,
  "trace_hash":"ab436247d448ea617d3a5398fb4f74bc7adb79425366f0140e55632e04e7a18d",
  "arrivals_per_slot":[
    8,
    13,
    16,
    19,
    16,
    15,
    14,
    14,
    11,
    17,
    9,
    16,
    10,
    7,
    8,
    10,
    13,
    13,
    10,
    16,
    21,
    10,
    10,
    9,
    13,
    12,
    6,
    9,
    12,
    13,
    14,
    11,
    5,
    8,
    15,
    14,
    5,
    13,
    15,
    11,
    9,
    10,
    13,
    19,
    6,
    15,
    9,
    11,
    18,
    8,
    11,
    14,
    13,
    10,
    13,
    16,
    17,
    4,
    8,
    13,
    15,
    6,
    15,
    12,
    11,
    12,
    12,
    16,
    11,
    10,
    12,
    17,
    11,
    12,
    14,
    15,
    9,
    8,
    18,
    8,
    14,
    9,
    15,
    14,
    10,
    9,
    11,
    11,
    13,
    15,
    13,
    14,
    18,
    11,
    9,
    17,
    12,
    9,
    14,
    21,
    6,
    5,
    8,
    12,
    13,
    13,
    18,
    6,
    13,
    5,
    13,
    15,
    12,
    4,
    7,
    9,
    9,
    17,
    12,
    7
  ],
  "diversity":false,
  "p_split":null,
  "split_reliability_mode":null,
  "mechanism":null,
  "fixed_sfc_len":null,
  "fixed_reliability":0.996,
  "max_backup_level":1,
  "explicit_split_replicas":false,
  "split_enforce_distinct":false,
  "strict_split_resource_ablation":false,
  "split_replica_resource_scale":1.0,
  "cap_base_min":500,
  "cap_base_max":700,
  "cap_scale":0.2,
  "total_arrivals":1425,
  "total_accepted":219,
  "total_rejected":1206,
  "acceptance_ratio":0.1536842105,
  "avg_cost_per_arrival":2.4276519772,
  "total_cost":3459.4040674619,
  "total_cost_resource":1895.4040674619,
  "avg_cost_per_accepted":15.7963656048,
  "final_utilization":0.0535713525,
  "avg_utilization_over_time":0.0337694461,
  "avg_leftover_capacity_sum_over_time":362818.8000000001,
  "final_leftover_capacity_sum":355383.2000000001,
  "final_leftover_capacity_min":1.8,
  "final_leftover_capacity_max":2473.8,
  "final_leftover_capacity_avg":1131.7936305732,
  "avg_e2e_delay_accepted":0.041792181,
  "p95_e2e_delay_accepted":0.0918497298,
  "avg_access_delay_accepted":0.0081267771,
  "avg_processing_delay_accepted":0.0308463161,
  "avg_network_delay_accepted":0.0028190878,
  "avg_split_proc_overhead_accepted":0.0,
  "avg_split_net_overhead_accepted":0.0,
  "total_transmitted_bits_accepted":88373350.4228920639,
  "avg_transmitted_bits_per_accepted":403531.2804698268,
  "total_split_transmitted_bits_accepted":0.0,
  "avg_split_transmitted_bits_per_accepted":0.0,
  "avg_split_overhead_ratio_accepted":0.0,
  "p95_split_overhead_ratio_accepted":0.0,
  "rga_accepted_total":219,
  "rga_rejected_total":1206,
  "rga_rejection_ratio":0.8463157895,
  "mdca_rejected_total":0,
  "mdca_capacity_rejected_total":0,
  "mdca_reliability_rejected_total":0,
  "mdca_qos_rejected_total":0,
  "mdca_rejection_ratio":0.0,
  "capacity_rejection_ratio":0.0,
  "reliability_rejection_ratio":0.0,
  "qos_rejected_total":0,
  "qos_rejection_ratio":0.0
}