{
  "algo":"random",
  "region":"Arizona",
  "time_slots":120,
  "arrival_rate":50.0,
  "mean_service_time":9.0,
  "seed":1,
  "trace_seed":7753796283367934085,
  "algo_seed":7453658633815173617,
  "trace_hash":"cef8c007558766ab23403c83ed354411336d5f1a511a60099ab11b4f0be5a281",
  "arrivals_per_slot":[
    73,
    52,
    41,
    48,
    40,
    53,
    44,
    50,
    51,
    49,
    56,
    42,
    42,
    35,
    57,
    60,
    52,
    43,
    40,
    41,
    43,
    49,
    50,
    53,
    61,
    62,
    48,
    69,
    42,
    57,
    54,
    47,
    51,
    65,
    46,
    63,
    43,
    49,
    49,
    51,
    50,
    37,
    60,
    51,
    57,
    51,
    43,
    43,
    44,
    43,
    49,
    58,
    59,
    65,
    42,
    49,
    45,
    44,
    48,
    63,
    48,
    70,
    43,
    46,
    63,
    54,
    49,
    45,
    54,
    56,
    43,
    44,
    47,
    63,
    46,
    45,
    49,
    42,
    57,
    57,
    55,
    53,
    41,
    59,
    54,
    52,
    48,
    56,
    42,
    62,
    63,
    44,
    52,
    49,
    49,
    48,
    58,
    46,
    58,
    48,
    51,
    50,
    56,
    37,
    52,
    56,
    49,
    38,
    61,
    46,
    45,
    47,
    44,
    54,
    49,
    56,
    35,
    44,
    43,
    56
  ],
  "diversity":false,
  "p_split":null,
  "split_reliability_mode":null,
  "mechanism":null,
  "fixed_sfc_len":null,
  "fixed_reliability":null,
  "max_backup_level":2,
  "explicit_split_replicas":false,
  "split_enforce_distinct":false,
  "strict_split_resource_ablation":false,
  "split_replica_resource_scale":1.0,
  "cap_base_min":500,
  "cap_base_max":700,
  "cap_scale":0.2,
  "total_arrivals":6049,
  "total_accepted":3874,
  "total_rejected":2175,
  "acceptance_ratio":0.6404364358,
  "avg_cost_per_arrival":33.5910498246,
  "total_cost":203192.2603892243,
  "total_cost_resource":153736.2603892242,
  "avg_cost_per_accepted":52.4502479064,
  "final_utilization":0.9510393295,
  "avg_utilization_over_time":0.9281907021,
  "avg_leftover_capacity_sum_over_time":27024.625,
  "final_leftover_capacity_sum":18425.8,
  "final_leftover_capacity_min":0.2,
  "final_leftover_capacity_max":208.0,
  "final_leftover_capacity_avg":58.6808917197,
  "avg_e2e_delay_accepted":0.0644143765,
  "p95_e2e_delay_accepted":0.128924324,
  "avg_access_delay_accepted":0.0080844513,
  "avg_processing_delay_accepted":0.0476401145,
  "avg_network_delay_accepted":0.0086898107,
  "avg_split_proc_overhead_accepted":0.0,
  "avg_split_net_overhead_accepted":0.0,
  "total_transmitted_bits_accepted":5372003612.4208879471,
  "avg_transmitted_bits_per_accepted":1386681.3661385875,
  "total_split_transmitted_bits_accepted":0.0,
  "avg_split_transmitted_bits_per_accepted":0.0,
  "avg_split_overhead_ratio_accepted":0.0,
  "p95_split_overhead_ratio_accepted":0.0,
  "rga_accepted_total":6049,
  "rga_rejected_total":0,
  "rga_rejection_ratio":0.0,
  "mdca_rejected_total":2175,
  "mdca_capacity_rejected_total":2141,
  "mdca_reliability_rejected_total":0,
  "mdca_qos_rejected_total":34,
  "mdca_rejection_ratio":0.3595635642,
  "capacity_rejection_ratio":0.3539428005,
  "reliability_rejection_ratio":0.0,
  "qos_rejected_total":34,
  "qos_rejection_ratio":0.0056207638
}