{
  "algo":"random",
  "region":"Arizona",
  "time_slots":120,
  "arrival_rate":25.0,
  "mean_service_time":9.0,
  "seed":5,
  "trace_seed":18193197724461815108,
  "algo_seed":1537971742767984452,
  "trace_hash":"8cb2eaed1a50d05115b43523c3fa524fc31a8e0446ea8c4db542c33c4e248358",
  "arrivals_per_slot":[
    24,
    20,
    19,
    26,
    20,
    24,
    25,
    27,
    18,
    24,
    25,
    22,
    31,
    32,
    32,
    25,
    30,
    25,
    35,
    23,
    18,
    28,
    21,
    15,
    26,
    21,
    28,
    17,
    38,
    20,
    25,
    23,
    21,
    31,
    23,
    33,
    33,
    22,
    23,
    31,
    30,
    28,
    20,
    26,
    29,
    25,
    28,
    24,
    18,
    23,
    16,
    27,
    25,
    20,
    23,
    29,
    28,
    24,
    27,
    24,
    29,
    20,
    28,
    20,
    26,
    23,
    23,
    26,
    31,
    22,
    27,
    16,
    29,
    23,
    25,
    24,
    28,
    19,
    19,
    31,
    20,
    20,
    24,
    18,
    28,
    26,
    23,
    15,
    22,
    25,
    21,
    29,
    24,
    21,
    21,
    25,
    29,
    27,
    21,
    23,
    25,
    22,
    33,
    25,
    25,
    26,
    28,
    18,
    36,
    25,
    27,
    27,
    30,
    28,
    26,
    19,
    30,
    16,
    22,
    31
  ],
  "diversity":false,
  "p_split":null,
  "split_reliability_mode":null,
  "mechanism":null,
  "fixed_sfc_len":null,
  "fixed_reliability":null,
  "max_backup_level":2,
  "explicit_split_replicas":false,
  "split_enforce_distinct":false,
  "strict_split_resource_ablation":false,
  "split_replica_resource_scale":1.0,
  "cap_base_min":500,
  "cap_base_max":700,
  "cap_scale":0.2,
  "total_arrivals":2968,
  "total_accepted":2912,
  "total_rejected":56,
  "acceptance_ratio":0.9811320755,
  "avg_cost_per_arrival":59.1324018275,
  "total_cost":175504.9686240082,
  "total_cost_resource":135779.9686240083,
  "avg_cost_per_accepted":60.2695634011,
  "final_utilization":0.9281875877,
  "avg_utilization_over_time":0.8093589752,
  "avg_leftover_capacity_sum_over_time":71967.025,
  "final_leftover_capacity_sum":27109.2,
  "final_leftover_capacity_min":0.2,
  "final_leftover_capacity_max":361.4,
  "final_leftover_capacity_avg":86.3350318471,
  "avg_e2e_delay_accepted":0.0642990678,
  "p95_e2e_delay_accepted":0.1259230616,
  "avg_access_delay_accepted":0.0080553042,
  "avg_processing_delay_accepted":0.0470090639,
  "avg_network_delay_accepted":0.0092346996,
  "avg_split_proc_overhead_accepted":0.0,
  "avg_split_net_overhead_accepted":0.0,
  "total_transmitted_bits_accepted":4282667992.5014104843,
  "avg_transmitted_bits_per_accepted":1470696.4259963634,
  "total_split_transmitted_bits_accepted":0.0,
  "avg_split_transmitted_bits_per_accepted":0.0,
  "avg_split_overhead_ratio_accepted":0.0,
  "p95_split_overhead_ratio_accepted":0.0,
  "rga_accepted_total":2968,
  "rga_rejected_total":0,
  "rga_rejection_ratio":0.0,
  "mdca_rejected_total":56,
  "mdca_capacity_rejected_total":25,
  "mdca_reliability_rejected_total":0,
  "mdca_qos_rejected_total":31,
  "mdca_rejection_ratio":0.0188679245,
  "capacity_rejection_ratio":0.0084231806,
  "reliability_rejection_ratio":0.0,
  "qos_rejected_total":31,
  "qos_rejection_ratio":0.0104447439
}