{
  "algo":"mdca",
  "region":"Arizona",
  "time_slots":120,
  "arrival_rate":35.0,
  "mean_service_time":9.0,
  "seed":4,
  "trace_seed":11706715555328246332,
  "algo_seed":9982702643186365209,
  "trace_hash":"00c1f8d7938d0f8b93a5ba4628e1642b1618a026e27b38103a92c669a7e6e0a2",
  "arrivals_per_slot":[
    29,
    40,
    37,
    36,
    37,
    31,
    27,
    25,
    38,
    36,
    38,
    32,
    31,
    44,
    38,
    48,
    35,
    49,
    38,
    28,
    39,
    39,
    35,
    43,
    29,
    35,
    37,
    32,
    35,
    25,
    32,
    27,
    34,
    39,
    38,
    33,
    39,
    32,
    40,
    37,
    39,
    38,
    28,
    46,
    40,
    43,
    24,
    36,
    30,
    33,
    34,
    42,
    31,
    40,
    39,
    30,
    34,
    35,
    34,
    32,
    42,
    38,
    45,
    38,
    33,
    32,
    43,
    44,
    38,
    35,
    41,
    41,
    35,
    31,
    34,
    39,
    40,
    37,
    26,
    32,
    34,
    40,
    33,
    35,
    32,
    25,
    28,
    31,
    43,
    41,
    29,
    27,
    32,
    48,
    37,
    28,
    40,
    31,
    36,
    47,
    40,
    29,
    38,
    35,
    33,
    27,
    34,
    32,
    36,
    37,
    38,
    30,
    27,
    38,
    34,
    26,
    33,
    38,
    43,
    34
  ],
  "diversity":true,
  "p_split":0.3,
  "split_reliability_mode":"identical_active_pool",
  "split_recovery_coverage":1.0,
  "split_workload_shares":"0.5,0.5",
  "mechanism":null,
  "fixed_sfc_len":null,
  "fixed_reliability":null,
  "max_backup_level":2,
  "explicit_split_replicas":true,
  "split_enforce_distinct":false,
  "strict_split_resource_ablation":false,
  "split_replica_resource_scale":1.0,
  "cap_base_min":500,
  "cap_base_max":700,
  "cap_scale":0.2,
  "total_arrivals":4248,
  "total_accepted":4190,
  "total_rejected":58,
  "acceptance_ratio":0.986346516,
  "avg_cost_per_arrival":38.1966619238,
  "total_cost":162259.4198525136,
  "total_cost_resource":116751.4198525136,
  "avg_cost_per_accepted":38.7253985328,
  "final_utilization":0.7629944218,
  "avg_utilization_over_time":0.7677659759,
  "avg_leftover_capacity_sum_over_time":86573.5,
  "final_leftover_capacity_sum":88352.2666666667,
  "final_leftover_capacity_min":0.0,
  "final_leftover_capacity_max":2086.4,
  "final_leftover_capacity_avg":281.3766454352,
  "avg_e2e_delay_accepted":0.0701604819,
  "p95_e2e_delay_accepted":0.1341557876,
  "avg_access_delay_accepted":0.0080792737,
  "avg_processing_delay_accepted":0.0444788805,
  "avg_network_delay_accepted":0.0143186791,
  "avg_split_proc_overhead_accepted":5.637851297e-19,
  "avg_split_net_overhead_accepted":0.0,
  "total_transmitted_bits_accepted":7494580008.7859363556,
  "avg_transmitted_bits_per_accepted":1788682.5796625146,
  "total_split_transmitted_bits_accepted":1601340379.909512043,
  "avg_split_transmitted_bits_per_accepted":382181.4749187379,
  "avg_split_overhead_ratio_accepted":6.835802299e-18,
  "p95_split_overhead_ratio_accepted":4.466181181e-17,
  "rga_accepted_total":4248,
  "rga_rejected_total":0,
  "rga_rejection_ratio":0.0,
  "mdca_rejected_total":58,
  "mdca_capacity_rejected_total":0,
  "mdca_reliability_rejected_total":0,
  "mdca_qos_rejected_total":58,
  "mdca_rejection_ratio":0.013653484,
  "capacity_rejection_ratio":0.0,
  "reliability_rejection_ratio":0.0,
  "qos_rejected_total":58,
  "qos_rejection_ratio":0.013653484,
  "placement_trace_path":"D:\\Study\\Code_1\\paper_data\\large_scale_lb_reference\\split_enabled\\load\\Arizona\\arrival_rate_35\\DMDCA\\seed4\\placement_trace_Arizona_mdca_seed4.json"
}