region,fixed_reliability,seed,method,share,share_tag,domain_count,domain_failure_prob,total_accepted,expected_target_satisfaction_ratio,expected_reliability,expected_reliability_loss
Alabama,0.99,1,DMDCA,"0.5,0.5",0p5_0p5,6,0.0,1388,1.0,0.9940533672896393,-2.220446049250313e-16
Alabama,0.99,1,DMDCA,"0.5,0.5",0p5_0p5,6,0.01,1388,0.9669786831768243,0.9853948942532228,0.008658473036416314
Alabama,0.99,1,DMDCA,"0.5,0.5",0p5_0p5,6,0.03,1388,0.9036270631466342,0.9675608406819769,0.026492526607662215
Alabama,0.99,1,DMDCA,"0.5,0.5",0p5_0p5,6,0.05,1388,0.8437327484690198,0.9490680800217328,0.04498528726790629
Alabama,0.99,1,MDCA,nan,nan,6,0.0,1384,1.0,0.9940843043854235,-3.3306690738754696e-16
Alabama,0.99,1,MDCA,nan,nan,6,0.01,1384,0.967660469186014,0.9842867643102011,0.009797540075222044
Alabama,0.99,1,MDCA,nan,nan,6,0.03,1384,0.9056178497886902,0.9642792326201205,0.02980507176530267
Alabama,0.99,1,MDCA,nan,nan,6,0.05,1384,0.846958981247742,0.9437509867459659,0.05033331763945725
