{
  "algo":"mdca",
  "region":"Arizona",
  "time_slots":120,
  "arrival_rate":20.0,
  "mean_service_time":9.0,
  "seed":4,
  "trace_seed":16620685978417051000,
  "algo_seed":14420759781778004277,
  "trace_hash":"fb7a2d022b66adda48844b468693acd218187b51d115c1ae0513c5c7d3bed26f",
  "arrivals_per_slot":[
    15,
    33,
    19,
    9,
    25,
    27,
    23,
    18,
    18,
    22,
    32,
    12,
    15,
    21,
    20,
    19,
    12,
    17,
    23,
    26,
    24,
    23,
    12,
    17,
    24,
    18,
    17,
    15,
    18,
    24,
    23,
    13,
    23,
    20,
    20,
    25,
    16,
    21,
    12,
    23,
    10,
    25,
    16,
    25,
    26,
    25,
    15,
    21,
    18,
    14,
    20,
    17,
    19,
    21,
    13,
    25,
    22,
    14,
    20,
    19,
    16,
    19,
    14,
    25,
    30,
    20,
    18,
    14,
    18,
    18,
    21,
    23,
    33,
    23,
    23,
    20,
    20,
    25,
    18,
    28,
    25,
    23,
    16,
    16,
    19,
    22,
    25,
    13,
    31,
    23,
    17,
    17,
    25,
    19,
    26,
    13,
    21,
    10,
    23,
    25,
    11,
    23,
    28,
    21,
    24,
    21,
    17,
    16,
    15,
    23,
    15,
    16,
    16,
    19,
    23,
    19,
    26,
    14,
    10,
    16
  ],
  "diversity":false,
  "p_split":null,
  "split_reliability_mode":null,
  "mechanism":null,
  "fixed_sfc_len":3,
  "fixed_reliability":null,
  "max_backup_level":2,
  "explicit_split_replicas":false,
  "split_enforce_distinct":false,
  "strict_split_resource_ablation":false,
  "split_replica_resource_scale":1.0,
  "cap_base_min":500,
  "cap_base_max":700,
  "cap_scale":0.2,
  "total_arrivals":2387,
  "total_accepted":2375,
  "total_rejected":12,
  "acceptance_ratio":0.9949727692,
  "avg_cost_per_arrival":33.3463261874,
  "total_cost":79597.6806094051,
  "total_cost_resource":54703.6806094051,
  "avg_cost_per_accepted":33.5148128882,
  "final_utilization":0.4586522367,
  "avg_utilization_over_time":0.4771080115,
  "avg_leftover_capacity_sum_over_time":197687.8916666666,
  "final_leftover_capacity_sum":204665.4,
  "final_leftover_capacity_min":0.0,
  "final_leftover_capacity_max":2108.8,
  "final_leftover_capacity_avg":651.8006369427,
  "avg_e2e_delay_accepted":0.0648617469,
  "p95_e2e_delay_accepted":0.1126248481,
  "avg_access_delay_accepted":0.0080614163,
  "avg_processing_delay_accepted":0.0481342398,
  "avg_network_delay_accepted":0.0086660908,
  "avg_split_proc_overhead_accepted":0.0,
  "avg_split_net_overhead_accepted":0.0,
  "total_transmitted_bits_accepted":3049142316.9965877533,
  "avg_transmitted_bits_per_accepted":1283849.3966301421,
  "total_split_transmitted_bits_accepted":0.0,
  "avg_split_transmitted_bits_per_accepted":0.0,
  "avg_split_overhead_ratio_accepted":0.0,
  "p95_split_overhead_ratio_accepted":0.0,
  "rga_accepted_total":2387,
  "rga_rejected_total":0,
  "rga_rejection_ratio":0.0,
  "mdca_rejected_total":12,
  "mdca_capacity_rejected_total":0,
  "mdca_reliability_rejected_total":0,
  "mdca_qos_rejected_total":12,
  "mdca_rejection_ratio":0.0050272308,
  "capacity_rejection_ratio":0.0,
  "reliability_rejection_ratio":0.0,
  "qos_rejected_total":12,
  "qos_rejection_ratio":0.0050272308
}