{
  "algo":"mdca",
  "region":"Arizona",
  "time_slots":120,
  "arrival_rate":30.0,
  "mean_service_time":9.0,
  "seed":1,
  "trace_seed":16102912790340450057,
  "algo_seed":9475761514817476165,
  "trace_hash":"3d6fd2867d0f0b62563f3effba2b16ae309c8735fbc163ea6578da8e45181669",
  "arrivals_per_slot":[
    30,
    32,
    33,
    26,
    25,
    31,
    39,
    33,
    31,
    23,
    36,
    29,
    20,
    31,
    25,
    36,
    26,
    30,
    33,
    22,
    29,
    33,
    31,
    33,
    32,
    39,
    18,
    29,
    32,
    32,
    25,
    30,
    34,
    27,
    32,
    34,
    31,
    24,
    26,
    25,
    34,
    28,
    34,
    20,
    37,
    25,
    41,
    30,
    29,
    35,
    42,
    39,
    38,
    32,
    30,
    29,
    37,
    32,
    21,
    28,
    33,
    28,
    33,
    36,
    42,
    39,
    21,
    39,
    28,
    23,
    34,
    23,
    26,
    28,
    28,
    32,
    42,
    21,
    26,
    28,
    25,
    29,
    23,
    31,
    28,
    35,
    27,
    20,
    24,
    33,
    38,
    32,
    26,
    48,
    34,
    20,
    27,
    41,
    37,
    29,
    34,
    28,
    34,
    33,
    31,
    26,
    28,
    25,
    26,
    29,
    32,
    38,
    31,
    25,
    26,
    32,
    29,
    37,
    21,
    26
  ],
  "diversity":true,
  "p_split":0.3,
  "split_reliability_mode":"identical_active_pool",
  "mechanism":null,
  "fixed_sfc_len":null,
  "fixed_reliability":null,
  "max_backup_level":2,
  "explicit_split_replicas":true,
  "split_enforce_distinct":false,
  "strict_split_resource_ablation":false,
  "split_replica_resource_scale":1.0,
  "cap_base_min":500,
  "cap_base_max":700,
  "cap_scale":0.2,
  "total_arrivals":3636,
  "total_accepted":3573,
  "total_rejected":63,
  "acceptance_ratio":0.9826732673,
  "avg_cost_per_arrival":35.3069190163,
  "total_cost":128375.9575432352,
  "total_cost_resource":89387.9575432352,
  "avg_cost_per_accepted":35.9294591501,
  "final_utilization":0.7069467498,
  "avg_utilization_over_time":0.6552395563,
  "avg_leftover_capacity_sum_over_time":128613.2972222222,
  "final_leftover_capacity_sum":109323.8666666667,
  "final_leftover_capacity_min":0.0,
  "final_leftover_capacity_max":2637.2,
  "final_leftover_capacity_avg":348.1651804671,
  "avg_e2e_delay_accepted":0.0705412201,
  "p95_e2e_delay_accepted":0.135091215,
  "avg_access_delay_accepted":0.008064487,
  "avg_processing_delay_accepted":0.0447960499,
  "avg_network_delay_accepted":0.0143047886,
  "avg_split_proc_overhead_accepted":5.362446345e-19,
  "avg_split_net_overhead_accepted":0.0,
  "total_transmitted_bits_accepted":6383928873.9291362762,
  "avg_transmitted_bits_per_accepted":1786713.930570707,
  "total_split_transmitted_bits_accepted":1358535139.5007266998,
  "avg_split_transmitted_bits_per_accepted":380222.5411421009,
  "avg_split_overhead_ratio_accepted":6.459678189e-18,
  "p95_split_overhead_ratio_accepted":4.394033593e-17,
  "rga_accepted_total":3636,
  "rga_rejected_total":0,
  "rga_rejection_ratio":0.0,
  "mdca_rejected_total":63,
  "mdca_capacity_rejected_total":0,
  "mdca_reliability_rejected_total":0,
  "mdca_qos_rejected_total":63,
  "mdca_rejection_ratio":0.0173267327,
  "capacity_rejection_ratio":0.0,
  "reliability_rejection_ratio":0.0,
  "qos_rejected_total":63,
  "qos_rejection_ratio":0.0173267327
}