region,fixed_reliability,seed,method,share,share_tag,domain_count,domain_failure_prob,total_accepted,expected_target_satisfaction_ratio,expected_reliability,expected_reliability_loss
Alabama,0.9,1,DMDCA,"0.5,0.5",0p5_0p5,6,0.0,1475,1.0,0.9327599092019305,0.0
Alabama,0.9,1,DMDCA,"0.5,0.5",0p5_0p5,6,0.01,1475,0.97507215270922,0.9177687442433535,0.014991164958576997
Alabama,0.9,1,DMDCA,"0.5,0.5",0p5_0p5,6,0.03,1475,0.9266651595264882,0.888028109077465,0.04473180012446554
Alabama,0.9,1,DMDCA,"0.5,0.5",0p5_0p5,6,0.05,1475,0.8801425552860164,0.8586217566006533,0.07413815260127721
Alabama,0.9,1,MDCA,nan,nan,6,0.0,1478,1.0,0.9332149215545303,0.0
Alabama,0.9,1,MDCA,nan,nan,6,0.01,1478,0.9753511881280131,0.9176843061315357,0.01553061542299461
Alabama,0.9,1,MDCA,nan,nan,6,0.03,1478,0.9274888939173115,0.8869245395502452,0.04629038200428515
Alabama,0.9,1,MDCA,nan,nan,6,0.05,1478,0.8814915536514715,0.8565764342981721,0.07663848725635825
