{
  "algo":"mdca",
  "region":"Alabama",
  "time_slots":120,
  "arrival_rate":20.0,
  "mean_service_time":9.0,
  "seed":1,
  "trace_seed":1987672711709793210,
  "algo_seed":14880128096359974019,
  "trace_hash":"992d99afb7f9d4111083ccf5734a9f0c455c166f84bb254d5b6e0a74c2c0175f",
  "arrivals_per_slot":[
    20,
    19,
    26,
    22,
    24,
    17,
    21,
    24,
    21,
    23,
    14,
    16,
    22,
    25,
    23,
    15,
    20,
    18,
    18,
    25,
    20,
    19,
    12,
    25,
    20,
    23,
    12,
    22,
    10,
    16,
    24,
    17,
    9,
    19,
    28,
    23,
    21,
    21,
    20,
    24,
    22,
    22,
    24,
    19,
    14,
    14,
    21,
    25,
    14,
    24,
    20,
    14,
    16,
    21,
    15,
    21,
    13,
    18,
    23,
    19,
    25,
    25,
    19,
    18,
    28,
    19,
    16,
    25,
    19,
    17,
    14,
    14,
    22,
    20,
    17,
    21,
    23,
    26,
    20,
    26,
    22,
    22,
    12,
    20,
    17,
    20,
    18,
    15,
    23,
    18,
    18,
    20,
    21,
    19,
    19,
    23,
    25,
    19,
    22,
    18,
    30,
    26,
    23,
    17,
    20,
    15,
    18,
    16,
    19,
    24,
    19,
    18,
    33,
    20,
    16,
    24,
    16,
    19,
    31,
    19
  ],
  "diversity":false,
  "p_split":null,
  "split_reliability_mode":null,
  "mechanism":null,
  "fixed_sfc_len":6,
  "fixed_reliability":null,
  "max_backup_level":2,
  "explicit_split_replicas":false,
  "split_enforce_distinct":false,
  "strict_split_resource_ablation":false,
  "split_replica_resource_scale":1.0,
  "cap_base_min":500,
  "cap_base_max":700,
  "cap_scale":0.2,
  "total_arrivals":2405,
  "total_accepted":1178,
  "total_rejected":1227,
  "acceptance_ratio":0.4898128898,
  "avg_cost_per_arrival":39.0632183637,
  "total_cost":93947.0401646305,
  "total_cost_resource":67933.0401646305,
  "avg_cost_per_accepted":79.7513074403,
  "final_utilization":0.9635778987,
  "avg_utilization_over_time":0.9582388599,
  "avg_leftover_capacity_sum_over_time":7407.875,
  "final_leftover_capacity_sum":6460.8,
  "final_leftover_capacity_min":0.0,
  "final_leftover_capacity_max":623.0,
  "final_leftover_capacity_avg":47.1591240876,
  "avg_e2e_delay_accepted":0.1316919934,
  "p95_e2e_delay_accepted":0.1876131428,
  "avg_access_delay_accepted":0.0081496845,
  "avg_processing_delay_accepted":0.1072236491,
  "avg_network_delay_accepted":0.0163186598,
  "avg_split_proc_overhead_accepted":0.0,
  "avg_split_net_overhead_accepted":0.0,
  "total_transmitted_bits_accepted":3723810005.3843302727,
  "avg_transmitted_bits_per_accepted":3161129.0368288034,
  "total_split_transmitted_bits_accepted":0.0,
  "avg_split_transmitted_bits_per_accepted":0.0,
  "avg_split_overhead_ratio_accepted":0.0,
  "p95_split_overhead_ratio_accepted":0.0,
  "rga_accepted_total":2405,
  "rga_rejected_total":0,
  "rga_rejection_ratio":0.0,
  "mdca_rejected_total":1227,
  "mdca_capacity_rejected_total":1125,
  "mdca_reliability_rejected_total":0,
  "mdca_qos_rejected_total":102,
  "mdca_rejection_ratio":0.5101871102,
  "capacity_rejection_ratio":0.4677754678,
  "reliability_rejection_ratio":0.0,
  "qos_rejected_total":102,
  "qos_rejection_ratio":0.0424116424
}