{
  "algo":"hspa",
  "region":"Alabama",
  "time_slots":120,
  "arrival_rate":30.0,
  "mean_service_time":9.0,
  "seed":1,
  "trace_seed":18204209000765579821,
  "algo_seed":15883823183653897534,
  "trace_hash":"f22d03424f70ff382b9f323775210c0085af49fb522950b844e89dbbccf7c3cf",
  "arrivals_per_slot":[
    39,
    25,
    24,
    22,
    29,
    23,
    34,
    34,
    27,
    39,
    27,
    20,
    30,
    28,
    17,
    30,
    19,
    30,
    37,
    25,
    38,
    33,
    32,
    34,
    35,
    26,
    27,
    22,
    29,
    26,
    15,
    26,
    30,
    35,
    28,
    31,
    28,
    29,
    37,
    39,
    32,
    23,
    23,
    32,
    28,
    37,
    24,
    32,
    35,
    29,
    35,
    26,
    26,
    31,
    34,
    34,
    23,
    31,
    14,
    30,
    27,
    30,
    26,
    25,
    21,
    23,
    28,
    30,
    22,
    21,
    46,
    22,
    31,
    31,
    35,
    30,
    32,
    25,
    35,
    24,
    24,
    28,
    35,
    26,
    39,
    28,
    28,
    27,
    33,
    33,
    35,
    32,
    33,
    32,
    33,
    25,
    32,
    18,
    24,
    30,
    18,
    28,
    25,
    17,
    22,
    30,
    25,
    38,
    18,
    24,
    24,
    30,
    34,
    32,
    36,
    29,
    21,
    31,
    33,
    34
  ],
  "diversity":false,
  "p_split":null,
  "split_reliability_mode":null,
  "mechanism":null,
  "fixed_sfc_len":null,
  "fixed_reliability":null,
  "max_backup_level":2,
  "explicit_split_replicas":false,
  "split_enforce_distinct":false,
  "strict_split_resource_ablation":false,
  "split_replica_resource_scale":1.0,
  "cap_base_min":500,
  "cap_base_max":700,
  "cap_scale":0.2,
  "total_arrivals":3446,
  "total_accepted":2068,
  "total_rejected":1378,
  "acceptance_ratio":0.6001160766,
  "avg_cost_per_arrival":27.5900803628,
  "total_cost":95075.4169302941,
  "total_cost_resource":71538.416930294,
  "avg_cost_per_accepted":45.9745729837,
  "final_utilization":0.972555482,
  "avg_utilization_over_time":0.9451543906,
  "avg_leftover_capacity_sum_over_time":9472.1,
  "final_leftover_capacity_sum":4739.8,
  "final_leftover_capacity_min":0.4,
  "final_leftover_capacity_max":389.6,
  "final_leftover_capacity_avg":34.597080292,
  "avg_e2e_delay_accepted":0.0616225509,
  "p95_e2e_delay_accepted":0.12342442,
  "avg_access_delay_accepted":0.0080175199,
  "avg_processing_delay_accepted":0.0471013508,
  "avg_network_delay_accepted":0.0065036803,
  "avg_split_proc_overhead_accepted":0.0,
  "avg_split_net_overhead_accepted":0.0,
  "total_transmitted_bits_accepted":2534200140.7022218704,
  "avg_transmitted_bits_per_accepted":1225435.2711326024,
  "total_split_transmitted_bits_accepted":0.0,
  "avg_split_transmitted_bits_per_accepted":0.0,
  "avg_split_overhead_ratio_accepted":0.0,
  "p95_split_overhead_ratio_accepted":0.0,
  "rga_accepted_total":3446,
  "rga_rejected_total":0,
  "rga_rejection_ratio":0.0,
  "mdca_rejected_total":1378,
  "mdca_capacity_rejected_total":1360,
  "mdca_reliability_rejected_total":0,
  "mdca_qos_rejected_total":18,
  "mdca_rejection_ratio":0.3998839234,
  "capacity_rejection_ratio":0.3946604759,
  "reliability_rejection_ratio":0.0,
  "qos_rejected_total":18,
  "qos_rejection_ratio":0.0052234475
}