{
  "algo":"random",
  "region":"Arizona",
  "time_slots":120,
  "arrival_rate":12.0,
  "mean_service_time":9.0,
  "seed":5,
  "trace_seed":6469521703783058046,
  "algo_seed":1537971742767984452,
  "trace_hash":"3aad964bec6dc507faf67a4ad4a96d285e2ada88b3ca536605b8e6b18ef2b225",
  "arrivals_per_slot":[
    12,
    11,
    10,
    10,
    12,
    16,
    8,
    19,
    15,
    13,
    7,
    13,
    10,
    7,
    12,
    11,
    11,
    13,
    11,
    16,
    18,
    13,
    14,
    11,
    10,
    6,
    15,
    6,
    13,
    11,
    15,
    11,
    15,
    12,
    11,
    16,
    12,
    7,
    11,
    13,
    13,
    6,
    16,
    15,
    14,
    10,
    9,
    16,
    7,
    15,
    15,
    10,
    9,
    10,
    7,
    14,
    7,
    11,
    8,
    9,
    14,
    12,
    9,
    20,
    12,
    12,
    14,
    15,
    7,
    18,
    8,
    10,
    12,
    12,
    6,
    6,
    6,
    11,
    10,
    16,
    14,
    6,
    15,
    13,
    14,
    8,
    11,
    13,
    13,
    13,
    20,
    10,
    12,
    16,
    14,
    15,
    12,
    10,
    11,
    8,
    10,
    8,
    11,
    23,
    14,
    12,
    13,
    12,
    12,
    9,
    11,
    12,
    18,
    13,
    10,
    15,
    13,
    13,
    6,
    8
  ],
  "diversity":false,
  "p_split":null,
  "split_reliability_mode":null,
  "mechanism":null,
  "fixed_sfc_len":null,
  "fixed_reliability":0.994,
  "max_backup_level":2,
  "explicit_split_replicas":false,
  "split_enforce_distinct":false,
  "strict_split_resource_ablation":false,
  "split_replica_resource_scale":1.0,
  "cap_base_min":500,
  "cap_base_max":700,
  "cap_scale":0.2,
  "total_arrivals":1419,
  "total_accepted":1413,
  "total_rejected":6,
  "acceptance_ratio":0.9957716702,
  "avg_cost_per_arrival":69.9087698276,
  "total_cost":99200.5443853445,
  "total_cost_resource":75753.5443853445,
  "avg_cost_per_accepted":70.2056223534,
  "final_utilization":0.533629756,
  "avg_utilization_over_time":0.4480132534,
  "avg_leftover_capacity_sum_over_time":207916.5166666666,
  "final_leftover_capacity_sum":175667.4,
  "final_leftover_capacity_min":1.0,
  "final_leftover_capacity_max":1886.8,
  "final_leftover_capacity_avg":559.4503184713,
  "avg_e2e_delay_accepted":0.065637494,
  "p95_e2e_delay_accepted":0.1261435705,
  "avg_access_delay_accepted":0.0080996091,
  "avg_processing_delay_accepted":0.0481922633,
  "avg_network_delay_accepted":0.0093456216,
  "avg_split_proc_overhead_accepted":0.0,
  "avg_split_net_overhead_accepted":0.0,
  "total_transmitted_bits_accepted":2108728836.9455788136,
  "avg_transmitted_bits_per_accepted":1492377.0962106008,
  "total_split_transmitted_bits_accepted":0.0,
  "avg_split_transmitted_bits_per_accepted":0.0,
  "avg_split_overhead_ratio_accepted":0.0,
  "p95_split_overhead_ratio_accepted":0.0,
  "rga_accepted_total":1419,
  "rga_rejected_total":0,
  "rga_rejection_ratio":0.0,
  "mdca_rejected_total":6,
  "mdca_capacity_rejected_total":0,
  "mdca_reliability_rejected_total":0,
  "mdca_qos_rejected_total":6,
  "mdca_rejection_ratio":0.0042283298,
  "capacity_rejection_ratio":0.0,
  "reliability_rejection_ratio":0.0,
  "qos_rejected_total":6,
  "qos_rejection_ratio":0.0042283298
}