{
  "algo":"random",
  "region":"Arizona",
  "time_slots":120,
  "arrival_rate":20.0,
  "mean_service_time":9.0,
  "seed":3,
  "trace_seed":2075085228312202437,
  "algo_seed":16411256898775438693,
  "trace_hash":"639ecf582d2253b6466a5cc68e441d37841aa2469a272728d628914c4120c7de",
  "arrivals_per_slot":[
    22,
    21,
    23,
    18,
    20,
    20,
    24,
    18,
    17,
    22,
    17,
    25,
    20,
    18,
    14,
    29,
    20,
    22,
    13,
    23,
    18,
    23,
    12,
    12,
    26,
    16,
    16,
    21,
    26,
    23,
    17,
    22,
    22,
    30,
    21,
    19,
    25,
    25,
    24,
    16,
    18,
    23,
    18,
    20,
    14,
    23,
    27,
    23,
    14,
    35,
    23,
    21,
    13,
    21,
    21,
    23,
    19,
    16,
    17,
    21,
    15,
    17,
    20,
    20,
    20,
    17,
    18,
    14,
    21,
    25,
    22,
    21,
    23,
    17,
    16,
    26,
    18,
    22,
    26,
    17,
    18,
    18,
    18,
    18,
    24,
    28,
    22,
    15,
    20,
    15,
    16,
    18,
    18,
    25,
    21,
    17,
    17,
    22,
    14,
    19,
    24,
    23,
    23,
    23,
    17,
    23,
    23,
    19,
    16,
    16,
    25,
    20,
    18,
    23,
    22,
    17,
    17,
    14,
    16,
    26
  ],
  "diversity":false,
  "p_split":null,
  "split_reliability_mode":null,
  "mechanism":null,
  "fixed_sfc_len":null,
  "fixed_reliability":null,
  "max_backup_level":2,
  "explicit_split_replicas":false,
  "split_enforce_distinct":false,
  "strict_split_resource_ablation":false,
  "split_replica_resource_scale":1.0,
  "cap_base_min":500,
  "cap_base_max":700,
  "cap_scale":0.2,
  "total_arrivals":2413,
  "total_accepted":2388,
  "total_rejected":25,
  "acceptance_ratio":0.989639453,
  "avg_cost_per_arrival":58.6803441694,
  "total_cost":141595.6704806865,
  "total_cost_resource":109051.6704806866,
  "avg_cost_per_accepted":59.2946693805,
  "final_utilization":0.6827907895,
  "avg_utilization_over_time":0.6238568088,
  "avg_leftover_capacity_sum_over_time":142442.1916666666,
  "final_leftover_capacity_sum":120124.4,
  "final_leftover_capacity_min":0.6,
  "final_leftover_capacity_max":1921.0,
  "final_leftover_capacity_avg":382.5617834395,
  "avg_e2e_delay_accepted":0.0633583511,
  "p95_e2e_delay_accepted":0.1265880364,
  "avg_access_delay_accepted":0.0080775364,
  "avg_processing_delay_accepted":0.0460629373,
  "avg_network_delay_accepted":0.0092178774,
  "avg_split_proc_overhead_accepted":0.0,
  "avg_split_net_overhead_accepted":0.0,
  "total_transmitted_bits_accepted":3502005266.3734607697,
  "avg_transmitted_bits_per_accepted":1466501.3678280823,
  "total_split_transmitted_bits_accepted":0.0,
  "avg_split_transmitted_bits_per_accepted":0.0,
  "avg_split_overhead_ratio_accepted":0.0,
  "p95_split_overhead_ratio_accepted":0.0,
  "rga_accepted_total":2413,
  "rga_rejected_total":0,
  "rga_rejection_ratio":0.0,
  "mdca_rejected_total":25,
  "mdca_capacity_rejected_total":0,
  "mdca_reliability_rejected_total":0,
  "mdca_qos_rejected_total":25,
  "mdca_rejection_ratio":0.010360547,
  "capacity_rejection_ratio":0.0,
  "reliability_rejection_ratio":0.0,
  "qos_rejected_total":25,
  "qos_rejection_ratio":0.010360547
}