{
  "algo":"mdca",
  "region":"Alabama",
  "time_slots":120,
  "arrival_rate":20.0,
  "mean_service_time":9.0,
  "seed":2,
  "trace_seed":3073349256593405289,
  "algo_seed":16121394405342853155,
  "trace_hash":"78271e4677a18ca90a31744e3bb2821cf98116f07ae71d6929d5c38b42e636cc",
  "arrivals_per_slot":[
    23,
    25,
    35,
    19,
    22,
    17,
    20,
    17,
    17,
    20,
    22,
    17,
    26,
    25,
    19,
    21,
    22,
    24,
    19,
    25,
    15,
    16,
    22,
    21,
    22,
    16,
    23,
    16,
    17,
    12,
    12,
    21,
    20,
    22,
    19,
    19,
    21,
    18,
    22,
    27,
    19,
    12,
    11,
    21,
    23,
    25,
    22,
    31,
    18,
    20,
    21,
    17,
    17,
    18,
    24,
    29,
    25,
    13,
    26,
    20,
    21,
    22,
    29,
    9,
    17,
    14,
    20,
    24,
    15,
    17,
    17,
    9,
    20,
    15,
    18,
    20,
    24,
    34,
    16,
    18,
    13,
    22,
    17,
    20,
    14,
    25,
    26,
    25,
    26,
    16,
    21,
    16,
    27,
    17,
    18,
    24,
    20,
    16,
    16,
    19,
    28,
    14,
    30,
    12,
    24,
    21,
    25,
    18,
    16,
    20,
    21,
    15,
    24,
    19,
    15,
    22,
    16,
    16,
    19,
    23
  ],
  "diversity":false,
  "p_split":null,
  "split_reliability_mode":null,
  "mechanism":null,
  "fixed_sfc_len":5,
  "fixed_reliability":null,
  "max_backup_level":2,
  "explicit_split_replicas":false,
  "split_enforce_distinct":false,
  "strict_split_resource_ablation":false,
  "split_replica_resource_scale":1.0,
  "cap_base_min":500,
  "cap_base_max":700,
  "cap_scale":0.2,
  "total_arrivals":2403,
  "total_accepted":1453,
  "total_rejected":950,
  "acceptance_ratio":0.6046608406,
  "avg_cost_per_arrival":41.4921864343,
  "total_cost":99705.7240016638,
  "total_cost_resource":73585.7240016638,
  "avg_cost_per_accepted":68.6205946329,
  "final_utilization":0.968121046,
  "avg_utilization_over_time":0.9572693546,
  "avg_leftover_capacity_sum_over_time":7508.1333333333,
  "final_leftover_capacity_sum":5601.4,
  "final_leftover_capacity_min":0.0,
  "final_leftover_capacity_max":561.8,
  "final_leftover_capacity_avg":40.8861313869,
  "avg_e2e_delay_accepted":0.1108249311,
  "p95_e2e_delay_accepted":0.1710673105,
  "avg_access_delay_accepted":0.0080573727,
  "avg_processing_delay_accepted":0.0881400163,
  "avg_network_delay_accepted":0.0146275422,
  "avg_split_proc_overhead_accepted":0.0,
  "avg_split_net_overhead_accepted":0.0,
  "total_transmitted_bits_accepted":3652803080.0904011726,
  "avg_transmitted_bits_per_accepted":2513973.2141021341,
  "total_split_transmitted_bits_accepted":0.0,
  "avg_split_transmitted_bits_per_accepted":0.0,
  "avg_split_overhead_ratio_accepted":0.0,
  "p95_split_overhead_ratio_accepted":0.0,
  "rga_accepted_total":2403,
  "rga_rejected_total":0,
  "rga_rejection_ratio":0.0,
  "mdca_rejected_total":950,
  "mdca_capacity_rejected_total":874,
  "mdca_reliability_rejected_total":0,
  "mdca_qos_rejected_total":76,
  "mdca_rejection_ratio":0.3953391594,
  "capacity_rejection_ratio":0.3637120266,
  "reliability_rejection_ratio":0.0,
  "qos_rejected_total":76,
  "qos_rejection_ratio":0.0316271328
}