{
  "algo":"mdca",
  "region":"Arizona",
  "time_slots":120,
  "arrival_rate":20.0,
  "mean_service_time":9.0,
  "seed":3,
  "trace_seed":5037520117131419438,
  "algo_seed":18185845460186161846,
  "trace_hash":"f0531c21a61291b29775014b5dfeddb629fda786a3ac08290bf9fe58132d274c",
  "arrivals_per_slot":[
    22,
    18,
    28,
    21,
    23,
    21,
    17,
    18,
    24,
    14,
    27,
    15,
    19,
    19,
    17,
    21,
    29,
    14,
    21,
    15,
    20,
    14,
    17,
    18,
    19,
    17,
    20,
    15,
    20,
    19,
    23,
    23,
    25,
    21,
    23,
    19,
    19,
    20,
    23,
    20,
    8,
    22,
    16,
    17,
    20,
    24,
    24,
    25,
    16,
    16,
    18,
    23,
    21,
    16,
    15,
    21,
    20,
    16,
    19,
    17,
    18,
    20,
    14,
    13,
    24,
    18,
    12,
    22,
    17,
    23,
    18,
    31,
    18,
    15,
    23,
    13,
    16,
    20,
    22,
    21,
    14,
    16,
    28,
    24,
    17,
    13,
    20,
    24,
    19,
    25,
    11,
    22,
    20,
    16,
    23,
    22,
    17,
    21,
    21,
    29,
    16,
    21,
    22,
    33,
    17,
    14,
    20,
    14,
    21,
    25,
    24,
    23,
    16,
    12,
    18,
    23,
    21,
    10,
    22,
    21
  ],
  "diversity":false,
  "p_split":null,
  "split_reliability_mode":null,
  "split_recovery_coverage":null,
  "split_workload_shares":null,
  "mechanism":null,
  "fixed_sfc_len":3,
  "fixed_reliability":0.999,
  "max_backup_level":2,
  "explicit_split_replicas":false,
  "split_enforce_distinct":false,
  "strict_split_resource_ablation":false,
  "split_replica_resource_scale":1.0,
  "backhaul_knn_k":4,
  "backhaul_use_device_bw":true,
  "backhaul_bw_scale":0.5,
  "fiber_speed_mps":200000000.0,
  "switch_delay_s":0.0002,
  "region_cloudlet_count":314,
  "cap_base_min":500,
  "cap_base_max":700,
  "cap_scale":0.2,
  "total_arrivals":2345,
  "total_accepted":1522,
  "total_rejected":823,
  "acceptance_ratio":0.6490405117,
  "avg_cost_per_arrival":37.5823359574,
  "total_cost":88130.5778201865,
  "total_cost_resource":62183.5778201865,
  "avg_cost_per_accepted":57.9044532327,
  "final_utilization":0.5745227394,
  "avg_utilization_over_time":0.4973050337,
  "avg_leftover_capacity_sum_over_time":191077.775,
  "final_leftover_capacity_sum":161726.8,
  "final_leftover_capacity_min":0.2,
  "final_leftover_capacity_max":2201.6,
  "final_leftover_capacity_avg":515.0535031847,
  "avg_e2e_delay_accepted":0.0645778258,
  "p95_e2e_delay_accepted":0.11000966,
  "avg_access_delay_accepted":0.0080870029,
  "avg_processing_delay_accepted":0.0480026339,
  "avg_network_delay_accepted":0.008488189,
  "avg_split_proc_overhead_accepted":0.0,
  "avg_split_net_overhead_accepted":0.0,
  "total_transmitted_bits_accepted":1951616716.8553185463,
  "avg_transmitted_bits_per_accepted":1282271.1674476468,
  "total_split_transmitted_bits_accepted":0.0,
  "avg_split_transmitted_bits_per_accepted":0.0,
  "avg_split_overhead_ratio_accepted":0.0,
  "p95_split_overhead_ratio_accepted":0.0,
  "rga_accepted_total":1526,
  "rga_rejected_total":819,
  "rga_rejection_ratio":0.3492537313,
  "mdca_rejected_total":4,
  "mdca_capacity_rejected_total":0,
  "mdca_reliability_rejected_total":0,
  "mdca_qos_rejected_total":4,
  "mdca_rejection_ratio":0.0017057569,
  "capacity_rejection_ratio":0.0,
  "reliability_rejection_ratio":0.0,
  "qos_rejected_total":4,
  "qos_rejection_ratio":0.0017057569
}