{
  "algo":"dtsp",
  "region":"Arizona",
  "time_slots":120,
  "arrival_rate":25.0,
  "mean_service_time":9.0,
  "seed":1,
  "trace_seed":6326038976300761834,
  "algo_seed":13714346850831613210,
  "trace_hash":"4eca6a968fbfd278181ece95466127a49b2ed106707c100a46874655cc27b6f3",
  "arrivals_per_slot":[
    28,
    30,
    26,
    24,
    28,
    28,
    20,
    18,
    24,
    20,
    24,
    17,
    26,
    34,
    22,
    24,
    28,
    27,
    29,
    30,
    27,
    27,
    19,
    30,
    19,
    22,
    20,
    18,
    21,
    24,
    19,
    20,
    24,
    27,
    33,
    32,
    28,
    21,
    29,
    24,
    25,
    28,
    21,
    35,
    23,
    28,
    28,
    24,
    30,
    25,
    30,
    21,
    23,
    20,
    26,
    32,
    32,
    28,
    26,
    25,
    35,
    32,
    24,
    18,
    11,
    27,
    37,
    25,
    24,
    30,
    16,
    30,
    26,
    21,
    28,
    30,
    27,
    23,
    22,
    29,
    20,
    22,
    29,
    33,
    20,
    25,
    27,
    29,
    23,
    29,
    26,
    24,
    21,
    26,
    28,
    28,
    36,
    23,
    27,
    22,
    28,
    23,
    26,
    36,
    22,
    27,
    24,
    27,
    31,
    28,
    30,
    20,
    28,
    33,
    23,
    30,
    28,
    32,
    14,
    20
  ],
  "diversity":false,
  "p_split":null,
  "split_reliability_mode":null,
  "mechanism":null,
  "fixed_sfc_len":null,
  "fixed_reliability":null,
  "max_backup_level":2,
  "explicit_split_replicas":false,
  "split_enforce_distinct":false,
  "strict_split_resource_ablation":false,
  "split_replica_resource_scale":1.0,
  "cap_base_min":500,
  "cap_base_max":700,
  "cap_scale":0.2,
  "total_arrivals":3084,
  "total_accepted":3045,
  "total_rejected":39,
  "acceptance_ratio":0.9873540856,
  "avg_cost_per_arrival":41.9794011809,
  "total_cost":129464.4732418833,
  "total_cost_resource":95559.4732418833,
  "avg_cost_per_accepted":42.5170683881,
  "final_utilization":0.7820768013,
  "avg_utilization_over_time":0.6767633203,
  "avg_leftover_capacity_sum_over_time":121694.9250000001,
  "final_leftover_capacity_sum":82045.6,
  "final_leftover_capacity_min":0.0,
  "final_leftover_capacity_max":1833.6,
  "final_leftover_capacity_avg":261.2917197452,
  "avg_e2e_delay_accepted":0.0652864987,
  "p95_e2e_delay_accepted":0.1285862876,
  "avg_access_delay_accepted":0.0080597219,
  "avg_processing_delay_accepted":0.0476597546,
  "avg_network_delay_accepted":0.0095670223,
  "avg_split_proc_overhead_accepted":0.0,
  "avg_split_net_overhead_accepted":0.0,
  "total_transmitted_bits_accepted":4622352626.943444252,
  "avg_transmitted_bits_per_accepted":1518013.9989962049,
  "total_split_transmitted_bits_accepted":0.0,
  "avg_split_transmitted_bits_per_accepted":0.0,
  "avg_split_overhead_ratio_accepted":0.0,
  "p95_split_overhead_ratio_accepted":0.0,
  "rga_accepted_total":3084,
  "rga_rejected_total":0,
  "rga_rejection_ratio":0.0,
  "mdca_rejected_total":39,
  "mdca_capacity_rejected_total":0,
  "mdca_reliability_rejected_total":0,
  "mdca_qos_rejected_total":39,
  "mdca_rejection_ratio":0.0126459144,
  "capacity_rejection_ratio":0.0,
  "reliability_rejection_ratio":0.0,
  "qos_rejected_total":39,
  "qos_rejection_ratio":0.0126459144
}