region,fixed_reliability,seed,method,share,share_tag,domain_count,domain_failure_prob,total_accepted,expected_target_satisfaction_ratio,expected_reliability,expected_reliability_loss
Alabama,0.95,5,DMDCA,"0.5,0.5",0p5_0p5,6,0.0,1452,1.0,0.9754123873396775,-1.887379141862766e-15
Alabama,0.95,5,DMDCA,"0.5,0.5",0p5_0p5,6,0.01,1452,0.9717152269352043,0.9633018238401374,0.012110563499538207
Alabama,0.95,5,DMDCA,"0.5,0.5",0p5_0p5,6,0.03,1452,0.9170945737314684,0.9389104885587746,0.03650189878090104
Alabama,0.95,5,DMDCA,"0.5,0.5",0p5_0p5,6,0.05,1452,0.8649923510352099,0.9143205428730848,0.06109184446659077
Alabama,0.95,5,MDCA,nan,nan,6,0.0,1457,1.0,0.9735355362194446,-1.4432899320127035e-15
Alabama,0.95,5,MDCA,nan,nan,6,0.01,1457,0.971674868167888,0.9600563272956002,0.013479208923842911
Alabama,0.95,5,MDCA,nan,nan,6,0.03,1457,0.9170055081916797,0.933069677980151,0.04046585823929216
Alabama,0.95,5,MDCA,nan,nan,6,0.05,1457,0.8648941503624742,0.9060699685407014,0.06746556767874168
