{
  "algo":"mdca",
  "region":"Arizona",
  "time_slots":120,
  "arrival_rate":20.0,
  "mean_service_time":9.0,
  "seed":3,
  "trace_seed":10097069306298396991,
  "algo_seed":18185845460186161846,
  "trace_hash":"a03e60729163d437b212ed29e4870a346dac3db314f800ffce3ecec512e0b959",
  "arrivals_per_slot":[
    15,
    16,
    16,
    14,
    23,
    17,
    23,
    26,
    22,
    27,
    19,
    14,
    22,
    17,
    18,
    16,
    11,
    22,
    26,
    18,
    18,
    23,
    19,
    18,
    20,
    22,
    21,
    26,
    21,
    29,
    26,
    24,
    16,
    22,
    21,
    24,
    23,
    26,
    23,
    21,
    18,
    10,
    23,
    20,
    14,
    27,
    21,
    26,
    12,
    24,
    15,
    18,
    21,
    16,
    14,
    17,
    25,
    24,
    19,
    21,
    16,
    12,
    18,
    23,
    14,
    21,
    20,
    18,
    24,
    13,
    24,
    22,
    20,
    25,
    18,
    20,
    23,
    12,
    18,
    20,
    18,
    22,
    13,
    17,
    19,
    15,
    17,
    21,
    26,
    13,
    14,
    25,
    20,
    26,
    21,
    18,
    24,
    31,
    15,
    30,
    20,
    20,
    24,
    21,
    23,
    25,
    22,
    24,
    16,
    22,
    18,
    12,
    19,
    24,
    22,
    16,
    28,
    11,
    21,
    12
  ],
  "diversity":false,
  "p_split":null,
  "split_reliability_mode":null,
  "mechanism":null,
  "fixed_sfc_len":5,
  "fixed_reliability":null,
  "max_backup_level":2,
  "explicit_split_replicas":false,
  "split_enforce_distinct":false,
  "strict_split_resource_ablation":false,
  "split_replica_resource_scale":1.0,
  "cap_base_min":500,
  "cap_base_max":700,
  "cap_scale":0.2,
  "total_arrivals":2396,
  "total_accepted":2304,
  "total_rejected":92,
  "acceptance_ratio":0.9616026711,
  "avg_cost_per_arrival":68.0128127144,
  "total_cost":162958.6992636007,
  "total_cost_resource":119815.6992636007,
  "avg_cost_per_accepted":70.7286021109,
  "final_utilization":0.8777465157,
  "avg_utilization_over_time":0.7848121051,
  "avg_leftover_capacity_sum_over_time":81651.8416666667,
  "final_leftover_capacity_sum":46388.4,
  "final_leftover_capacity_min":0.0,
  "final_leftover_capacity_max":1632.0,
  "final_leftover_capacity_avg":147.7337579618,
  "avg_e2e_delay_accepted":0.1033291203,
  "p95_e2e_delay_accepted":0.158780186,
  "avg_access_delay_accepted":0.0080500277,
  "avg_processing_delay_accepted":0.0785153747,
  "avg_network_delay_accepted":0.0167637179,
  "avg_split_proc_overhead_accepted":0.0,
  "avg_split_net_overhead_accepted":0.0,
  "total_transmitted_bits_accepted":5974363165.8288002014,
  "avg_transmitted_bits_per_accepted":2593039.5685020834,
  "total_split_transmitted_bits_accepted":0.0,
  "avg_split_transmitted_bits_per_accepted":0.0,
  "avg_split_overhead_ratio_accepted":0.0,
  "p95_split_overhead_ratio_accepted":0.0,
  "rga_accepted_total":2396,
  "rga_rejected_total":0,
  "rga_rejection_ratio":0.0,
  "mdca_rejected_total":92,
  "mdca_capacity_rejected_total":4,
  "mdca_reliability_rejected_total":0,
  "mdca_qos_rejected_total":88,
  "mdca_rejection_ratio":0.0383973289,
  "capacity_rejection_ratio":0.0016694491,
  "reliability_rejection_ratio":0.0,
  "qos_rejected_total":88,
  "qos_rejection_ratio":0.0367278798
}