{
  "algo":"mdca",
  "region":"Alabama",
  "time_slots":120,
  "arrival_rate":20.0,
  "mean_service_time":9.0,
  "seed":2,
  "trace_seed":1837454419666909318,
  "algo_seed":16121394405342853155,
  "trace_hash":"717d3b563cafbbc5aba8472c20c784f220b2aa0a667bfe23cd789d62b874c0e3",
  "arrivals_per_slot":[
    22,
    17,
    27,
    25,
    30,
    24,
    13,
    14,
    12,
    15,
    13,
    17,
    18,
    22,
    17,
    13,
    24,
    22,
    14,
    18,
    21,
    28,
    31,
    21,
    20,
    19,
    19,
    17,
    17,
    23,
    21,
    14,
    21,
    25,
    23,
    20,
    23,
    22,
    28,
    17,
    30,
    27,
    26,
    22,
    17,
    22,
    12,
    26,
    23,
    22,
    16,
    18,
    19,
    28,
    22,
    23,
    23,
    25,
    26,
    21,
    19,
    20,
    20,
    20,
    24,
    27,
    29,
    22,
    20,
    23,
    23,
    20,
    23,
    15,
    20,
    21,
    16,
    20,
    14,
    26,
    17,
    20,
    14,
    23,
    20,
    27,
    23,
    14,
    23,
    20,
    25,
    28,
    15,
    18,
    19,
    19,
    21,
    19,
    23,
    16,
    27,
    21,
    18,
    18,
    19,
    22,
    21,
    16,
    12,
    12,
    22,
    25,
    16,
    21,
    17,
    13,
    17,
    19,
    18,
    20
  ],
  "diversity":false,
  "p_split":null,
  "split_reliability_mode":null,
  "mechanism":null,
  "fixed_sfc_len":4,
  "fixed_reliability":null,
  "max_backup_level":2,
  "explicit_split_replicas":false,
  "split_enforce_distinct":false,
  "strict_split_resource_ablation":false,
  "split_replica_resource_scale":1.0,
  "cap_base_min":500,
  "cap_base_max":700,
  "cap_scale":0.2,
  "total_arrivals":2455,
  "total_accepted":1796,
  "total_rejected":659,
  "acceptance_ratio":0.7315682281,
  "avg_cost_per_arrival":41.0610375611,
  "total_cost":100804.8472124774,
  "total_cost_resource":75315.8472124774,
  "avg_cost_per_accepted":56.1274204969,
  "final_utilization":0.9612017511,
  "avg_utilization_over_time":0.9402285295,
  "avg_leftover_capacity_sum_over_time":10384.6833333333,
  "final_leftover_capacity_sum":6740.8,
  "final_leftover_capacity_min":0.0,
  "final_leftover_capacity_max":498.0,
  "final_leftover_capacity_avg":49.202919708,
  "avg_e2e_delay_accepted":0.0883518024,
  "p95_e2e_delay_accepted":0.1395030188,
  "avg_access_delay_accepted":0.0081160112,
  "avg_processing_delay_accepted":0.0689844103,
  "avg_network_delay_accepted":0.0112513808,
  "avg_split_proc_overhead_accepted":0.0,
  "avg_split_net_overhead_accepted":0.0,
  "total_transmitted_bits_accepted":3456982103.6911897659,
  "avg_transmitted_bits_per_accepted":1924822.9976008851,
  "total_split_transmitted_bits_accepted":0.0,
  "avg_split_transmitted_bits_per_accepted":0.0,
  "avg_split_overhead_ratio_accepted":0.0,
  "p95_split_overhead_ratio_accepted":0.0,
  "rga_accepted_total":2455,
  "rga_rejected_total":0,
  "rga_rejection_ratio":0.0,
  "mdca_rejected_total":659,
  "mdca_capacity_rejected_total":623,
  "mdca_reliability_rejected_total":0,
  "mdca_qos_rejected_total":36,
  "mdca_rejection_ratio":0.2684317719,
  "capacity_rejection_ratio":0.2537678208,
  "reliability_rejection_ratio":0.0,
  "qos_rejected_total":36,
  "qos_rejection_ratio":0.0146639511
}