{
  "algo":"mdca",
  "region":"Alabama",
  "time_slots":120,
  "arrival_rate":12.0,
  "mean_service_time":9.0,
  "seed":4,
  "trace_seed":8070667766854699245,
  "algo_seed":4574233998141395180,
  "trace_hash":"82fb39a74b0da59925f0668145a1fd8a47399db735b432182eb08a7b4f69aa38",
  "arrivals_per_slot":[
    14,
    12,
    19,
    10,
    9,
    16,
    11,
    12,
    17,
    14,
    16,
    13,
    7,
    13,
    14,
    9,
    8,
    13,
    15,
    15,
    15,
    12,
    10,
    9,
    18,
    10,
    18,
    16,
    9,
    11,
    12,
    14,
    13,
    3,
    9,
    8,
    16,
    5,
    10,
    8,
    15,
    11,
    8,
    9,
    14,
    10,
    11,
    18,
    13,
    16,
    14,
    12,
    16,
    6,
    8,
    10,
    13,
    14,
    8,
    10,
    8,
    9,
    11,
    12,
    10,
    15,
    8,
    14,
    17,
    14,
    12,
    8,
    11,
    10,
    11,
    6,
    15,
    9,
    15,
    14,
    12,
    9,
    11,
    10,
    18,
    12,
    11,
    8,
    15,
    15,
    14,
    16,
    14,
    12,
    14,
    15,
    9,
    9,
    9,
    15,
    9,
    10,
    13,
    14,
    6,
    7,
    13,
    9,
    8,
    11,
    14,
    15,
    14,
    9,
    6,
    11,
    10,
    16,
    13,
    12
  ],
  "diversity":true,
  "p_split":0.3,
  "split_reliability_mode":"identical_active_pool",
  "mechanism":null,
  "fixed_sfc_len":null,
  "fixed_reliability":0.992,
  "max_backup_level":2,
  "explicit_split_replicas":true,
  "split_enforce_distinct":false,
  "strict_split_resource_ablation":false,
  "split_replica_resource_scale":1.0,
  "cap_base_min":500,
  "cap_base_max":700,
  "cap_scale":0.2,
  "total_arrivals":1416,
  "total_accepted":1396,
  "total_rejected":20,
  "acceptance_ratio":0.9858757062,
  "avg_cost_per_arrival":53.2667888728,
  "total_cost":75425.7730439395,
  "total_cost_resource":55611.7730439396,
  "avg_cost_per_accepted":54.0299233839,
  "final_utilization":0.7624445979,
  "avg_utilization_over_time":0.8142903078,
  "avg_leftover_capacity_sum_over_time":32481.2194444445,
  "final_leftover_capacity_sum":41549.2,
  "final_leftover_capacity_min":0.2,
  "final_leftover_capacity_max":1663.2,
  "final_leftover_capacity_avg":303.2788321168,
  "avg_e2e_delay_accepted":0.0684576379,
  "p95_e2e_delay_accepted":0.1318559108,
  "avg_access_delay_accepted":0.0080466041,
  "avg_processing_delay_accepted":0.0440636894,
  "avg_network_delay_accepted":0.0128233567,
  "avg_split_proc_overhead_accepted":5.874573949e-19,
  "avg_split_net_overhead_accepted":0.0,
  "total_transmitted_bits_accepted":2533995602.0423941612,
  "avg_transmitted_bits_per_accepted":1815183.0960189069,
  "total_split_transmitted_bits_accepted":581960329.0356045961,
  "avg_split_transmitted_bits_per_accepted":416877.0265298027,
  "avg_split_overhead_ratio_accepted":7.49896283e-18,
  "p95_split_overhead_ratio_accepted":4.946109203e-17,
  "rga_accepted_total":1416,
  "rga_rejected_total":0,
  "rga_rejection_ratio":0.0,
  "mdca_rejected_total":20,
  "mdca_capacity_rejected_total":4,
  "mdca_reliability_rejected_total":1,
  "mdca_qos_rejected_total":15,
  "mdca_rejection_ratio":0.0141242938,
  "capacity_rejection_ratio":0.0028248588,
  "reliability_rejection_ratio":0.0007062147,
  "qos_rejected_total":15,
  "qos_rejection_ratio":0.0105932203
}