{
  "algo":"dtsp",
  "region":"Arizona",
  "time_slots":120,
  "arrival_rate":20.0,
  "mean_service_time":9.0,
  "seed":1,
  "trace_seed":7438580685462729738,
  "algo_seed":13714346850831613210,
  "trace_hash":"590be4368fc86686872894776dcde611658e90f80be7d749a900f42ec1f33efc",
  "arrivals_per_slot":[
    13,
    18,
    22,
    22,
    20,
    28,
    26,
    25,
    25,
    13,
    20,
    16,
    12,
    23,
    19,
    19,
    15,
    17,
    14,
    20,
    22,
    25,
    24,
    17,
    22,
    25,
    23,
    28,
    23,
    14,
    17,
    23,
    24,
    17,
    22,
    18,
    22,
    17,
    24,
    27,
    22,
    26,
    11,
    20,
    16,
    13,
    22,
    15,
    22,
    17,
    15,
    20,
    16,
    26,
    23,
    19,
    27,
    19,
    24,
    23,
    25,
    26,
    25,
    27,
    15,
    22,
    12,
    16,
    14,
    18,
    24,
    10,
    15,
    29,
    20,
    14,
    20,
    29,
    19,
    22,
    12,
    17,
    17,
    15,
    22,
    19,
    16,
    26,
    21,
    19,
    16,
    21,
    24,
    25,
    20,
    24,
    27,
    24,
    23,
    26,
    25,
    17,
    18,
    20,
    23,
    25,
    19,
    17,
    19,
    23,
    14,
    19,
    14,
    20,
    18,
    13,
    26,
    17,
    19,
    15
  ],
  "diversity":false,
  "p_split":null,
  "split_reliability_mode":null,
  "mechanism":null,
  "fixed_sfc_len":6,
  "fixed_reliability":null,
  "max_backup_level":2,
  "explicit_split_replicas":false,
  "split_enforce_distinct":false,
  "strict_split_resource_ablation":false,
  "split_replica_resource_scale":1.0,
  "cap_base_min":500,
  "cap_base_max":700,
  "cap_scale":0.2,
  "total_arrivals":2414,
  "total_accepted":1954,
  "total_rejected":460,
  "acceptance_ratio":0.8094449047,
  "avg_cost_per_arrival":81.1232031154,
  "total_cost":195831.4123205156,
  "total_cost_resource":149733.4123205156,
  "avg_cost_per_accepted":100.2207841968,
  "final_utilization":0.9624223259,
  "avg_utilization_over_time":0.9018191058,
  "avg_leftover_capacity_sum_over_time":36921.75,
  "final_leftover_capacity_sum":14131.4,
  "final_leftover_capacity_min":0.2,
  "final_leftover_capacity_max":1059.6,
  "final_leftover_capacity_avg":45.0044585987,
  "avg_e2e_delay_accepted":0.1268562232,
  "p95_e2e_delay_accepted":0.1880790385,
  "avg_access_delay_accepted":0.0080909591,
  "avg_processing_delay_accepted":0.0955463093,
  "avg_network_delay_accepted":0.0232189549,
  "avg_split_proc_overhead_accepted":0.0,
  "avg_split_net_overhead_accepted":0.0,
  "total_transmitted_bits_accepted":7342915343.1659908295,
  "avg_transmitted_bits_per_accepted":3757889.1213746113,
  "total_split_transmitted_bits_accepted":0.0,
  "avg_split_transmitted_bits_per_accepted":0.0,
  "avg_split_overhead_ratio_accepted":0.0,
  "p95_split_overhead_ratio_accepted":0.0,
  "rga_accepted_total":2414,
  "rga_rejected_total":0,
  "rga_rejection_ratio":0.0,
  "mdca_rejected_total":460,
  "mdca_capacity_rejected_total":300,
  "mdca_reliability_rejected_total":0,
  "mdca_qos_rejected_total":160,
  "mdca_rejection_ratio":0.1905550953,
  "capacity_rejection_ratio":0.1242750621,
  "reliability_rejection_ratio":0.0,
  "qos_rejected_total":160,
  "qos_rejection_ratio":0.0662800331
}