region,fixed_reliability,seed,method,share,share_tag,domain_count,domain_failure_prob,total_accepted,expected_target_satisfaction_ratio,expected_reliability,expected_reliability_loss
Arizona,0.999,5,DMDCA,"0.5,0.5",0p5_0p5,6,0.0,1087,1.0,0.9993633959871608,0.0
Arizona,0.999,5,DMDCA,"0.5,0.5",0p5_0p5,6,0.01,1087,0.9643283065881884,0.9938716472392799,0.005491748747880942
Arizona,0.999,5,DMDCA,"0.5,0.5",0p5_0p5,6,0.03,1087,0.8961879638457856,0.9823086704130056,0.017054725574155216
Arizona,0.999,5,DMDCA,"0.5,0.5",0p5_0p5,6,0.05,1087,0.8321436453685603,0.9699831442072554,0.029380251779905442
Arizona,0.999,5,MDCA,nan,nan,6,0.0,885,1.0,0.9993820464509444,3.3306690738754696e-16
Arizona,0.999,5,MDCA,nan,nan,6,0.01,885,0.9660702172889689,0.9932737876639195,0.006108258787025256
Arizona,0.999,5,MDCA,nan,nan,6,0.03,885,0.901136854257403,0.9805368511691245,0.01884519528182027
Arizona,0.999,5,MDCA,nan,nan,6,0.05,885,0.8399501020127114,0.9671146298990796,0.03226741655186516
