{
  "algo":"mdca",
  "region":"Arizona",
  "time_slots":120,
  "arrival_rate":12.0,
  "mean_service_time":9.0,
  "seed":1,
  "trace_seed":16840283913898114547,
  "algo_seed":255717348173470011,
  "trace_hash":"6aa26bd8bed79c36458fd5348c96cb321c8416776732e223d147a84ab3c5a430",
  "arrivals_per_slot":[
    21,
    13,
    18,
    12,
    13,
    8,
    10,
    12,
    9,
    13,
    9,
    13,
    15,
    11,
    15,
    13,
    10,
    12,
    9,
    11,
    16,
    14,
    15,
    11,
    12,
    17,
    16,
    10,
    7,
    7,
    13,
    7,
    14,
    12,
    11,
    12,
    12,
    8,
    14,
    11,
    10,
    13,
    11,
    12,
    8,
    14,
    14,
    16,
    13,
    10,
    8,
    10,
    15,
    11,
    10,
    8,
    13,
    11,
    13,
    10,
    11,
    16,
    17,
    10,
    9,
    10,
    8,
    16,
    14,
    11,
    10,
    16,
    9,
    19,
    11,
    9,
    13,
    10,
    12,
    16,
    10,
    14,
    13,
    11,
    12,
    12,
    17,
    13,
    14,
    8,
    12,
    12,
    10,
    17,
    9,
    14,
    11,
    13,
    12,
    12,
    15,
    10,
    8,
    11,
    13,
    14,
    16,
    11,
    14,
    12,
    11,
    14,
    11,
    15,
    13,
    7,
    9,
    17,
    14,
    11
  ],
  "diversity":true,
  "p_split":0.3,
  "split_reliability_mode":"identical_active_pool",
  "mechanism":null,
  "fixed_sfc_len":null,
  "fixed_reliability":0.999,
  "max_backup_level":2,
  "explicit_split_replicas":true,
  "split_enforce_distinct":false,
  "strict_split_resource_ablation":false,
  "split_replica_resource_scale":1.0,
  "cap_base_min":500,
  "cap_base_max":700,
  "cap_scale":0.2,
  "total_arrivals":1455,
  "total_accepted":1161,
  "total_rejected":294,
  "acceptance_ratio":0.7979381443,
  "avg_cost_per_arrival":36.6353328956,
  "total_cost":53304.4093630546,
  "total_cost_resource":29565.4093630547,
  "avg_cost_per_accepted":45.9124972981,
  "final_utilization":0.3506271964,
  "avg_utilization_over_time":0.3208226381,
  "avg_leftover_capacity_sum_over_time":256375.0555555555,
  "final_leftover_capacity_sum":245124.4666666667,
  "final_leftover_capacity_min":0.0,
  "final_leftover_capacity_max":2198.4,
  "final_leftover_capacity_avg":780.6511677282,
  "avg_e2e_delay_accepted":0.0714707957,
  "p95_e2e_delay_accepted":0.1431648781,
  "avg_access_delay_accepted":0.0080520626,
  "avg_processing_delay_accepted":0.0394947442,
  "avg_network_delay_accepted":0.0175919441,
  "avg_split_proc_overhead_accepted":9.02848114e-19,
  "avg_split_net_overhead_accepted":0.0,
  "total_transmitted_bits_accepted":2391372871.865234375,
  "avg_transmitted_bits_per_accepted":2059752.6889450769,
  "total_split_transmitted_bits_accepted":877240866.3556220531,
  "avg_split_transmitted_bits_per_accepted":755590.7548282705,
  "avg_split_overhead_ratio_accepted":1.0296349e-17,
  "p95_split_overhead_ratio_accepted":5.966547352e-17,
  "rga_accepted_total":1182,
  "rga_rejected_total":273,
  "rga_rejection_ratio":0.187628866,
  "mdca_rejected_total":21,
  "mdca_capacity_rejected_total":0,
  "mdca_reliability_rejected_total":0,
  "mdca_qos_rejected_total":21,
  "mdca_rejection_ratio":0.0144329897,
  "capacity_rejection_ratio":0.0,
  "reliability_rejection_ratio":0.0,
  "qos_rejected_total":21,
  "qos_rejection_ratio":0.0144329897
}