region,fixed_reliability,seed,method,share,share_tag,domain_count,domain_failure_prob,total_accepted,expected_target_satisfaction_ratio,expected_reliability,expected_reliability_loss
Alabama,0.996,2,DMDCA,"0.5,0.5",0p5_0p5,6,0.0,1383,1.0,0.99786428175221,-1.3322676295501878e-15
Alabama,0.996,2,DMDCA,"0.5,0.5",0p5_0p5,6,0.01,1383,0.9653112947037334,0.9906760258192616,0.00718825593294703
Alabama,0.996,2,DMDCA,"0.5,0.5",0p5_0p5,6,0.03,1383,0.8989639046562017,0.975743215153439,0.022121066598769668
Alabama,0.996,2,DMDCA,"0.5,0.5",0p5_0p5,6,0.05,1383,0.8364954435895696,0.9600888541878939,0.037775427564314734
Alabama,0.996,2,MDCA,nan,nan,6,0.0,1347,1.0,0.997867425293766,-5.551115123125783e-16
Alabama,0.996,2,MDCA,nan,nan,6,0.01,1347,0.9658213884101425,0.9900448484686111,0.007822576825154415
Alabama,0.996,2,MDCA,nan,nan,6,0.03,1347,0.9004270418161818,0.9738856792440415,0.02398174604972403
Alabama,0.996,2,MDCA,nan,nan,6,0.05,1347,0.8388260688335191,0.95706314294955,0.040804282344215514
