region,fixed_reliability,seed,method,share,share_tag,domain_count,domain_failure_prob,total_accepted,expected_target_satisfaction_ratio,expected_reliability,expected_reliability_loss
Arizona,0.99,1,DMDCA,"0.5,0.5",0p5_0p5,6,0.0,1415,1.0,0.9940529337438501,0.0
Arizona,0.99,1,DMDCA,"0.5,0.5",0p5_0p5,6,0.01,1415,0.9667008536439944,0.9855291098360264,0.008523823907823691
Arizona,0.99,1,DMDCA,"0.5,0.5",0p5_0p5,6,0.03,1415,0.9028856125261538,0.9679447498842386,0.026108183859611445
Arizona,0.99,1,DMDCA,"0.5,0.5",0p5_0p5,6,0.05,1415,0.8426394400618371,0.949676706455769,0.044376227288081105
Arizona,0.99,1,MDCA,nan,nan,6,0.0,1423,1.0,0.9940837983121582,-3.3306690738754696e-16
Arizona,0.99,1,MDCA,nan,nan,6,0.01,1423,0.9670125075360209,0.9844964427952851,0.009587355516872731
Arizona,0.99,1,MDCA,nan,nan,6,0.03,1423,0.9037925488695584,0.9648813555071832,0.029202442804974638
Arizona,0.99,1,MDCA,nan,nan,6,0.05,1423,0.8441048840258256,0.9447092490051567,0.04937454930700114
