region,fixed_reliability,seed,method,share,share_tag,domain_count,domain_failure_prob,total_accepted,expected_target_satisfaction_ratio,expected_reliability,expected_reliability_loss
Arizona,0.99,5,DMDCA,"0.5,0.5",0p5_0p5,6,0.0,1379,1.0,0.9940617488071056,1.2212453270876722e-15
Arizona,0.99,5,DMDCA,"0.5,0.5",0p5_0p5,6,0.01,1379,0.9678659312932792,0.985107504530316,0.008954244276790813
Arizona,0.99,5,DMDCA,"0.5,0.5",0p5_0p5,6,0.03,1379,0.9061406422191852,0.9667388836901895,0.027322865116917394
Arizona,0.99,5,DMDCA,"0.5,0.5",0p5_0p5,6,0.05,1379,0.8476855999932019,0.9477849180614548,0.04627683074565203
Arizona,0.99,5,MDCA,nan,nan,6,0.0,1382,1.0,0.9940844809519503,1.1102230246251565e-15
Arizona,0.99,5,MDCA,nan,nan,6,0.01,1382,0.968788907366731,0.9839470294216776,0.0101374515302739
Arizona,0.99,5,MDCA,nan,nan,6,0.03,1382,0.9087745974894628,0.9633195088120939,0.030764972139857516
Arizona,0.99,5,MDCA,nan,nan,6,0.05,1382,0.8518604669636397,0.9422481486395408,0.05183633231241069
