{
  "algo":"hspa",
  "region":"Arizona",
  "time_slots":120,
  "arrival_rate":12.0,
  "mean_service_time":9.0,
  "seed":5,
  "trace_seed":13062586283556943486,
  "algo_seed":17931641280568136439,
  "trace_hash":"0d1fb1416b37f179b462707a4ab594fe5c000444de1203e5f83f91e905d9bb02",
  "arrivals_per_slot":[
    12,
    12,
    12,
    11,
    15,
    12,
    10,
    13,
    17,
    15,
    9,
    14,
    13,
    14,
    11,
    19,
    11,
    17,
    13,
    12,
    9,
    14,
    15,
    17,
    15,
    17,
    13,
    10,
    14,
    6,
    18,
    7,
    9,
    16,
    10,
    15,
    15,
    10,
    10,
    13,
    10,
    16,
    7,
    18,
    9,
    15,
    15,
    13,
    12,
    15,
    15,
    11,
    13,
    13,
    15,
    13,
    11,
    13,
    12,
    17,
    14,
    14,
    13,
    12,
    12,
    10,
    8,
    13,
    15,
    16,
    10,
    7,
    13,
    6,
    7,
    21,
    16,
    19,
    7,
    17,
    13,
    12,
    13,
    12,
    12,
    12,
    8,
    13,
    11,
    9,
    11,
    13,
    10,
    18,
    8,
    11,
    11,
    13,
    14,
    10,
    18,
    14,
    13,
    20,
    13,
    15,
    10,
    14,
    12,
    15,
    16,
    8,
    13,
    15,
    6,
    10,
    14,
    9,
    10,
    18
  ],
  "diversity":false,
  "p_split":null,
  "split_reliability_mode":null,
  "mechanism":null,
  "fixed_sfc_len":null,
  "fixed_reliability":0.992,
  "max_backup_level":2,
  "explicit_split_replicas":false,
  "split_enforce_distinct":false,
  "strict_split_resource_ablation":false,
  "split_replica_resource_scale":1.0,
  "cap_base_min":500,
  "cap_base_max":700,
  "cap_scale":0.2,
  "total_arrivals":1525,
  "total_accepted":1512,
  "total_rejected":13,
  "acceptance_ratio":0.9914754098,
  "avg_cost_per_arrival":54.4488678895,
  "total_cost":83034.5235315567,
  "total_cost_resource":58194.5235315567,
  "avg_cost_per_accepted":54.9170129177,
  "final_utilization":0.6122001896,
  "avg_utilization_over_time":0.5083966412,
  "avg_leftover_capacity_sum_over_time":185357.3750000001,
  "final_leftover_capacity_sum":146218.6,
  "final_leftover_capacity_min":0.0,
  "final_leftover_capacity_max":2108.8,
  "final_leftover_capacity_avg":465.6643312102,
  "avg_e2e_delay_accepted":0.0659277485,
  "p95_e2e_delay_accepted":0.127574317,
  "avg_access_delay_accepted":0.008046263,
  "avg_processing_delay_accepted":0.0489632366,
  "avg_network_delay_accepted":0.0089182488,
  "avg_split_proc_overhead_accepted":0.0,
  "avg_split_net_overhead_accepted":0.0,
  "total_transmitted_bits_accepted":2073071685.6349234581,
  "avg_transmitted_bits_per_accepted":1371079.1571659546,
  "total_split_transmitted_bits_accepted":0.0,
  "avg_split_transmitted_bits_per_accepted":0.0,
  "avg_split_overhead_ratio_accepted":0.0,
  "p95_split_overhead_ratio_accepted":0.0,
  "rga_accepted_total":1525,
  "rga_rejected_total":0,
  "rga_rejection_ratio":0.0,
  "mdca_rejected_total":13,
  "mdca_capacity_rejected_total":0,
  "mdca_reliability_rejected_total":0,
  "mdca_qos_rejected_total":13,
  "mdca_rejection_ratio":0.0085245902,
  "capacity_rejection_ratio":0.0,
  "reliability_rejection_ratio":0.0,
  "qos_rejected_total":13,
  "qos_rejection_ratio":0.0085245902
}