{
  "algo":"mdca",
  "region":"Arizona",
  "time_slots":120,
  "arrival_rate":30.0,
  "mean_service_time":9.0,
  "seed":1,
  "trace_seed":11672090327977617202,
  "algo_seed":9475761514817476165,
  "trace_hash":"81b397080051faa82220c76ee5af2cffc81faf9dcf54ba6dfbbce1142fe9d7df",
  "arrivals_per_slot":[
    27,
    30,
    32,
    24,
    23,
    30,
    40,
    30,
    30,
    32,
    23,
    43,
    33,
    28,
    31,
    26,
    29,
    36,
    31,
    27,
    28,
    26,
    29,
    31,
    29,
    42,
    39,
    35,
    41,
    22,
    33,
    24,
    28,
    34,
    34,
    34,
    31,
    21,
    33,
    27,
    33,
    29,
    27,
    41,
    30,
    40,
    32,
    28,
    22,
    33,
    34,
    32,
    28,
    24,
    17,
    34,
    13,
    23,
    32,
    35,
    25,
    28,
    33,
    29,
    32,
    30,
    25,
    27,
    23,
    30,
    36,
    26,
    26,
    37,
    25,
    21,
    27,
    23,
    27,
    29,
    28,
    33,
    31,
    35,
    30,
    23,
    32,
    28,
    33,
    29,
    26,
    26,
    24,
    34,
    26,
    24,
    30,
    35,
    28,
    25,
    27,
    36,
    31,
    34,
    27,
    35,
    29,
    37,
    38,
    41,
    35,
    35,
    26,
    27,
    29,
    33,
    30,
    36,
    32,
    40
  ],
  "diversity":true,
  "p_split":0.3,
  "split_reliability_mode":"identical_active_pool",
  "split_recovery_coverage":1.0,
  "split_workload_shares":"0.5,0.5",
  "mechanism":null,
  "fixed_sfc_len":6,
  "fixed_reliability":0.999,
  "max_backup_level":2,
  "explicit_split_replicas":true,
  "split_enforce_distinct":false,
  "strict_split_resource_ablation":false,
  "split_replica_resource_scale":1.0,
  "backhaul_knn_k":4,
  "backhaul_use_device_bw":true,
  "backhaul_bw_scale":0.5,
  "fiber_speed_mps":200000000.0,
  "switch_delay_s":0.0002,
  "region_cloudlet_count":314,
  "cap_base_min":500,
  "cap_base_max":700,
  "cap_scale":0.2,
  "total_arrivals":3610,
  "total_accepted":1309,
  "total_rejected":2301,
  "acceptance_ratio":0.3626038781,
  "avg_cost_per_arrival":52.8362757538,
  "total_cost":190738.9554713661,
  "total_cost_resource":142322.9554713661,
  "avg_cost_per_accepted":145.7134877551,
  "final_utilization":0.9277697046,
  "avg_utilization_over_time":0.8567981266,
  "avg_leftover_capacity_sum_over_time":53489.9666666667,
  "final_leftover_capacity_sum":26980.0666666667,
  "final_leftover_capacity_min":0.0,
  "final_leftover_capacity_max":1610.4,
  "final_leftover_capacity_avg":85.9237791932,
  "avg_e2e_delay_accepted":0.1364460585,
  "p95_e2e_delay_accepted":0.1936950449,
  "avg_access_delay_accepted":0.0080717893,
  "avg_processing_delay_accepted":0.0844623527,
  "avg_network_delay_accepted":0.035060449,
  "avg_split_proc_overhead_accepted":1.373598841e-18,
  "avg_split_net_overhead_accepted":0.0,
  "total_transmitted_bits_accepted":5795384716.976937294,
  "avg_transmitted_bits_per_accepted":4427337.4461244745,
  "total_split_transmitted_bits_accepted":1160145406.638335228,
  "avg_split_transmitted_bits_per_accepted":886283.733107972,
  "avg_split_overhead_ratio_accepted":9.806554428e-18,
  "p95_split_overhead_ratio_accepted":4.066196916e-17,
  "rga_accepted_total":1543,
  "rga_rejected_total":2067,
  "rga_rejection_ratio":0.5725761773,
  "mdca_rejected_total":234,
  "mdca_capacity_rejected_total":71,
  "mdca_reliability_rejected_total":0,
  "mdca_qos_rejected_total":163,
  "mdca_rejection_ratio":0.0648199446,
  "capacity_rejection_ratio":0.01966759,
  "reliability_rejection_ratio":0.0,
  "qos_rejected_total":163,
  "qos_rejection_ratio":0.0451523546
}