{
  "algo":"hspa",
  "region":"Arizona",
  "time_slots":120,
  "arrival_rate":15.0,
  "mean_service_time":9.0,
  "seed":3,
  "trace_seed":9775471908996188334,
  "algo_seed":5690859720453196328,
  "trace_hash":"61a03834cd32cf31d704ac5c47bb935fdae53647376f6525ac98bf0f1e2b670e",
  "arrivals_per_slot":[
    16,
    21,
    16,
    9,
    14,
    17,
    9,
    18,
    11,
    16,
    12,
    19,
    12,
    11,
    18,
    27,
    17,
    25,
    13,
    15,
    19,
    13,
    9,
    14,
    17,
    17,
    23,
    18,
    9,
    17,
    16,
    12,
    16,
    16,
    10,
    13,
    13,
    15,
    14,
    14,
    15,
    9,
    19,
    14,
    17,
    13,
    17,
    14,
    17,
    10,
    14,
    11,
    18,
    11,
    14,
    14,
    14,
    21,
    12,
    16,
    12,
    17,
    10,
    17,
    13,
    14,
    23,
    12,
    18,
    19,
    19,
    14,
    19,
    25,
    8,
    11,
    17,
    11,
    16,
    19,
    17,
    10,
    15,
    15,
    23,
    14,
    8,
    13,
    13,
    20,
    15,
    13,
    17,
    16,
    9,
    18,
    13,
    13,
    19,
    15,
    16,
    10,
    15,
    17,
    15,
    13,
    16,
    14,
    18,
    12,
    12,
    23,
    12,
    11,
    21,
    23,
    20,
    12,
    13,
    15
  ],
  "diversity":false,
  "p_split":null,
  "split_reliability_mode":null,
  "mechanism":null,
  "fixed_sfc_len":null,
  "fixed_reliability":null,
  "max_backup_level":2,
  "explicit_split_replicas":false,
  "split_enforce_distinct":false,
  "strict_split_resource_ablation":false,
  "split_replica_resource_scale":1.0,
  "cap_base_min":500,
  "cap_base_max":700,
  "cap_scale":0.2,
  "total_arrivals":1819,
  "total_accepted":1796,
  "total_rejected":23,
  "acceptance_ratio":0.9873556899,
  "avg_cost_per_arrival":37.9785448532,
  "total_cost":69082.973087995,
  "total_cost_resource":46768.973087995,
  "avg_cost_per_accepted":38.4649070646,
  "final_utilization":0.4292225224,
  "avg_utilization_over_time":0.4142479208,
  "avg_leftover_capacity_sum_over_time":219332.9916666667,
  "final_leftover_capacity_sum":213725.8,
  "final_leftover_capacity_min":0.2,
  "final_leftover_capacity_max":2220.8,
  "final_leftover_capacity_avg":680.6554140127,
  "avg_e2e_delay_accepted":0.0648662178,
  "p95_e2e_delay_accepted":0.1314302289,
  "avg_access_delay_accepted":0.0080608314,
  "avg_processing_delay_accepted":0.048306036,
  "avg_network_delay_accepted":0.0084993505,
  "avg_split_proc_overhead_accepted":0.0,
  "avg_split_net_overhead_accepted":0.0,
  "total_transmitted_bits_accepted":2403597082.7318944931,
  "avg_transmitted_bits_per_accepted":1338305.7253518344,
  "total_split_transmitted_bits_accepted":0.0,
  "avg_split_transmitted_bits_per_accepted":0.0,
  "avg_split_overhead_ratio_accepted":0.0,
  "p95_split_overhead_ratio_accepted":0.0,
  "rga_accepted_total":1819,
  "rga_rejected_total":0,
  "rga_rejection_ratio":0.0,
  "mdca_rejected_total":23,
  "mdca_capacity_rejected_total":0,
  "mdca_reliability_rejected_total":0,
  "mdca_qos_rejected_total":23,
  "mdca_rejection_ratio":0.0126443101,
  "capacity_rejection_ratio":0.0,
  "reliability_rejection_ratio":0.0,
  "qos_rejected_total":23,
  "qos_rejection_ratio":0.0126443101
}