{
  "algo":"mdca",
  "region":"Alabama",
  "time_slots":120,
  "arrival_rate":35.0,
  "mean_service_time":9.0,
  "seed":2,
  "trace_seed":1031201585465071651,
  "algo_seed":1988428424119012433,
  "trace_hash":"1c85c8322809384bd6d463246bf3a25e85a881675f959d39b3d05ee2c17397ba",
  "arrivals_per_slot":[
    30,
    32,
    28,
    39,
    48,
    38,
    42,
    41,
    26,
    31,
    41,
    41,
    26,
    40,
    31,
    29,
    40,
    40,
    38,
    27,
    24,
    31,
    39,
    46,
    22,
    35,
    34,
    34,
    34,
    30,
    33,
    33,
    44,
    42,
    29,
    29,
    28,
    40,
    37,
    39,
    28,
    31,
    34,
    30,
    36,
    32,
    36,
    35,
    38,
    31,
    39,
    32,
    36,
    34,
    35,
    37,
    41,
    33,
    32,
    25,
    31,
    37,
    39,
    33,
    41,
    44,
    52,
    42,
    42,
    35,
    34,
    34,
    39,
    41,
    36,
    31,
    30,
    40,
    48,
    41,
    26,
    39,
    26,
    34,
    37,
    28,
    40,
    33,
    35,
    31,
    43,
    30,
    40,
    46,
    34,
    29,
    29,
    38,
    38,
    35,
    35,
    42,
    36,
    30,
    25,
    39,
    37,
    30,
    26,
    34,
    52,
    26,
    44,
    36,
    46,
    40,
    33,
    31,
    43,
    26
  ],
  "diversity":true,
  "p_split":0.3,
  "split_reliability_mode":"identical_active_pool",
  "mechanism":null,
  "fixed_sfc_len":null,
  "fixed_reliability":null,
  "max_backup_level":2,
  "explicit_split_replicas":true,
  "split_enforce_distinct":false,
  "strict_split_resource_ablation":false,
  "split_replica_resource_scale":1.0,
  "cap_base_min":500,
  "cap_base_max":700,
  "cap_scale":0.2,
  "total_arrivals":4238,
  "total_accepted":3090,
  "total_rejected":1148,
  "acceptance_ratio":0.7291175083,
  "avg_cost_per_arrival":24.0146421753,
  "total_cost":101774.053539113,
  "total_cost_resource":73704.0535391129,
  "avg_cost_per_accepted":32.9365869059,
  "final_utilization":0.9758020782,
  "avg_utilization_over_time":0.952219613,
  "avg_leftover_capacity_sum_over_time":8305.55,
  "final_leftover_capacity_sum":4206.2666666667,
  "final_leftover_capacity_min":0.0,
  "final_leftover_capacity_max":216.6,
  "final_leftover_capacity_avg":30.702676399,
  "avg_e2e_delay_accepted":0.0635583423,
  "p95_e2e_delay_accepted":0.1302823782,
  "avg_access_delay_accepted":0.008067428,
  "avg_processing_delay_accepted":0.0419222342,
  "avg_network_delay_accepted":0.0103538611,
  "avg_split_proc_overhead_accepted":5.67714924e-19,
  "avg_split_net_overhead_accepted":0.0,
  "total_transmitted_bits_accepted":4531752270.5294742584,
  "avg_transmitted_bits_per_accepted":1466586.495316982,
  "total_split_transmitted_bits_accepted":1094207758.4047446251,
  "avg_split_transmitted_bits_per_accepted":354112.5431730565,
  "avg_split_overhead_ratio_accepted":7.583208686e-18,
  "p95_split_overhead_ratio_accepted":5.214466796e-17,
  "rga_accepted_total":4238,
  "rga_rejected_total":0,
  "rga_rejection_ratio":0.0,
  "mdca_rejected_total":1148,
  "mdca_capacity_rejected_total":1124,
  "mdca_reliability_rejected_total":4,
  "mdca_qos_rejected_total":20,
  "mdca_rejection_ratio":0.2708824917,
  "capacity_rejection_ratio":0.2652194431,
  "reliability_rejection_ratio":0.0009438414,
  "qos_rejected_total":20,
  "qos_rejection_ratio":0.0047192072
}