{
  "algo":"mdca",
  "region":"Alabama",
  "time_slots":120,
  "arrival_rate":15.0,
  "mean_service_time":9.0,
  "seed":4,
  "trace_seed":17892699609859448022,
  "algo_seed":16336488235466383848,
  "trace_hash":"97a653c90d95d18a5d73affa8def382b424e16b00799b741ca87b1f87b7e482e",
  "arrivals_per_slot":[
    8,
    18,
    13,
    14,
    17,
    8,
    13,
    12,
    10,
    15,
    12,
    16,
    8,
    17,
    11,
    9,
    13,
    14,
    19,
    22,
    14,
    13,
    16,
    24,
    20,
    16,
    19,
    10,
    16,
    9,
    16,
    9,
    15,
    16,
    12,
    15,
    9,
    16,
    15,
    10,
    14,
    13,
    19,
    9,
    15,
    10,
    23,
    12,
    19,
    22,
    16,
    11,
    14,
    17,
    17,
    17,
    14,
    14,
    7,
    20,
    6,
    11,
    19,
    11,
    15,
    16,
    22,
    15,
    12,
    18,
    21,
    11,
    12,
    9,
    14,
    17,
    13,
    17,
    21,
    15,
    24,
    12,
    12,
    13,
    17,
    10,
    21,
    17,
    9,
    17,
    16,
    15,
    20,
    13,
    10,
    22,
    15,
    27,
    15,
    31,
    10,
    12,
    14,
    12,
    17,
    12,
    15,
    16,
    12,
    26,
    14,
    8,
    11,
    12,
    14,
    10,
    17,
    14,
    22,
    18
  ],
  "diversity":false,
  "p_split":null,
  "split_reliability_mode":null,
  "mechanism":null,
  "fixed_sfc_len":null,
  "fixed_reliability":null,
  "max_backup_level":2,
  "explicit_split_replicas":false,
  "split_enforce_distinct":false,
  "strict_split_resource_ablation":false,
  "split_replica_resource_scale":1.0,
  "cap_base_min":500,
  "cap_base_max":700,
  "cap_scale":0.2,
  "total_arrivals":1779,
  "total_accepted":1764,
  "total_rejected":15,
  "acceptance_ratio":0.9915682968,
  "avg_cost_per_arrival":37.8887220459,
  "total_cost":67404.0365197267,
  "total_cost_resource":48752.0365197267,
  "avg_cost_per_accepted":38.2109050565,
  "final_utilization":0.8906567545,
  "avg_utilization_over_time":0.7434350643,
  "avg_leftover_capacity_sum_over_time":44741.025,
  "final_leftover_capacity_sum":19067.8,
  "final_leftover_capacity_min":0.2,
  "final_leftover_capacity_max":1744.6,
  "final_leftover_capacity_avg":139.1810218978,
  "avg_e2e_delay_accepted":0.0635431962,
  "p95_e2e_delay_accepted":0.1280507824,
  "avg_access_delay_accepted":0.008046908,
  "avg_processing_delay_accepted":0.0476943638,
  "avg_network_delay_accepted":0.0078019244,
  "avg_split_proc_overhead_accepted":0.0,
  "avg_split_net_overhead_accepted":0.0,
  "total_transmitted_bits_accepted":2262814467.6409983635,
  "avg_transmitted_bits_per_accepted":1282774.6415198403,
  "total_split_transmitted_bits_accepted":0.0,
  "avg_split_transmitted_bits_per_accepted":0.0,
  "avg_split_overhead_ratio_accepted":0.0,
  "p95_split_overhead_ratio_accepted":0.0,
  "rga_accepted_total":1779,
  "rga_rejected_total":0,
  "rga_rejection_ratio":0.0,
  "mdca_rejected_total":15,
  "mdca_capacity_rejected_total":0,
  "mdca_reliability_rejected_total":0,
  "mdca_qos_rejected_total":15,
  "mdca_rejection_ratio":0.0084317032,
  "capacity_rejection_ratio":0.0,
  "reliability_rejection_ratio":0.0,
  "qos_rejected_total":15,
  "qos_rejection_ratio":0.0084317032
}