slot,arrivals,rga_accepted,rga_rejected,mdca_rejected,capacity_rejected,reliability_rejected,accepted,rejected,qos_rejected,avg_e2e_delay,p95_e2e_delay,avg_access_delay,avg_processing_delay,avg_network_delay,avg_split_proc_overhead,avg_split_net_overhead,avg_transmitted_bits,avg_split_transmitted_bits,avg_split_overhead_ratio,leftover_sum,utilization,active_tasks
0,1,1,0,0,0,0,1,0,0,0.04107468600072289,0.04107468600072289,0.00569409136062146,0.013258888914359977,0.016672165658943056,1.734723475976807e-18,0.0,848556.2104512418,848556.2104512418,4.223339591558355e-17,170956.2,0.007875194703597876,1
1,2,2,0,0,0,0,2,0,0,0.1080522596183334,0.12951049297172515,0.008058846171401105,0.04863937204572118,0.030075388255325013,5.204170427930421e-18,0.0,3250621.159698935,972206.5359542442,4.690468908989416e-17,168391.2,0.022760879607598206,2
2,3,2,1,0,0,0,2,1,0,0.03397213978859005,0.04882769166266931,0.007808490088831493,0.014438041555983803,0.004882320001716352,3.469446951953614e-18,0.0,484264.47079258395,484264.47079258395,6.873144232579781e-17,168148.53333333333,0.024169167926001545,3
3,3,2,1,0,0,0,2,1,0,0.06453305352468244,0.0735969729862354,0.009153898234563206,0.035884909616696575,0.01509918549136795,0.0,0.0,1485064.0104318983,1022072.7875258644,0.0,169096.2,0.018669492528720966,2
4,3,3,0,0,0,0,3,0,0,0.08529706095403196,0.1161480202190336,0.008798767926533958,0.04409412136799476,0.020994296461855206,4.625929269271485e-18,0.0,2371723.220884043,1246949.8005319037,5.043709782377674e-17,163872.53333333333,0.04898444615192965,5
