{
  "algo":"mdca",
  "region":"Alabama",
  "time_slots":120,
  "arrival_rate":50.0,
  "mean_service_time":9.0,
  "seed":5,
  "trace_seed":1608879257520174358,
  "algo_seed":10056931585136477576,
  "trace_hash":"7d73936f794eb2fe19a6d81f7c66753f7947baa9c186f3ad9275f4146632eb40",
  "arrivals_per_slot":[
    56,
    45,
    50,
    39,
    50,
    47,
    41,
    57,
    45,
    48,
    36,
    50,
    49,
    49,
    56,
    50,
    41,
    51,
    53,
    56,
    52,
    44,
    56,
    64,
    46,
    41,
    49,
    53,
    63,
    44,
    52,
    53,
    55,
    55,
    40,
    44,
    44,
    44,
    56,
    52,
    55,
    44,
    52,
    62,
    50,
    48,
    47,
    59,
    59,
    45,
    40,
    51,
    57,
    45,
    52,
    36,
    51,
    43,
    45,
    46,
    50,
    52,
    45,
    55,
    58,
    63,
    54,
    49,
    42,
    54,
    51,
    55,
    48,
    48,
    62,
    41,
    44,
    45,
    51,
    53,
    41,
    56,
    51,
    53,
    55,
    55,
    59,
    83,
    40,
    46,
    51,
    48,
    42,
    40,
    50,
    54,
    52,
    48,
    48,
    50,
    54,
    46,
    53,
    47,
    55,
    47,
    50,
    39,
    57,
    53,
    54,
    63,
    41,
    33,
    44,
    58,
    57,
    44,
    53,
    43
  ],
  "diversity":false,
  "p_split":null,
  "split_reliability_mode":null,
  "split_recovery_coverage":null,
  "split_workload_shares":null,
  "mechanism":null,
  "fixed_sfc_len":3,
  "fixed_reliability":0.999,
  "max_backup_level":2,
  "explicit_split_replicas":false,
  "split_enforce_distinct":false,
  "strict_split_resource_ablation":false,
  "split_replica_resource_scale":1.0,
  "backhaul_knn_k":4,
  "backhaul_use_device_bw":true,
  "backhaul_bw_scale":0.5,
  "fiber_speed_mps":200000000.0,
  "switch_delay_s":0.0002,
  "region_cloudlet_count":137,
  "cap_base_min":500,
  "cap_base_max":700,
  "cap_scale":0.2,
  "total_arrivals":5996,
  "total_accepted":1796,
  "total_rejected":4200,
  "acceptance_ratio":0.299533022,
  "avg_cost_per_arrival":18.9978910208,
  "total_cost":113911.3545605313,
  "total_cost_resource":83830.3545605313,
  "avg_cost_per_accepted":63.4250303789,
  "final_utilization":0.9754545767,
  "avg_utilization_over_time":0.961318978,
  "avg_leftover_capacity_sum_over_time":6760.5916666667,
  "final_leftover_capacity_sum":4290.0,
  "final_leftover_capacity_min":0.0,
  "final_leftover_capacity_max":1025.8,
  "final_leftover_capacity_avg":31.3138686131,
  "avg_e2e_delay_accepted":0.0763302854,
  "p95_e2e_delay_accepted":0.1224275243,
  "avg_access_delay_accepted":0.0080635509,
  "avg_processing_delay_accepted":0.0610992992,
  "avg_network_delay_accepted":0.0071674353,
  "avg_split_proc_overhead_accepted":0.0,
  "avg_split_net_overhead_accepted":0.0,
  "total_transmitted_bits_accepted":2216957936.4053082466,
  "avg_transmitted_bits_per_accepted":1234386.3788448265,
  "total_split_transmitted_bits_accepted":0.0,
  "avg_split_transmitted_bits_per_accepted":0.0,
  "avg_split_overhead_ratio_accepted":0.0,
  "p95_split_overhead_ratio_accepted":0.0,
  "rga_accepted_total":3923,
  "rga_rejected_total":2073,
  "rga_rejection_ratio":0.345730487,
  "mdca_rejected_total":2127,
  "mdca_capacity_rejected_total":2113,
  "mdca_reliability_rejected_total":0,
  "mdca_qos_rejected_total":14,
  "mdca_rejection_ratio":0.354736491,
  "capacity_rejection_ratio":0.3524016011,
  "reliability_rejection_ratio":0.0,
  "qos_rejected_total":14,
  "qos_rejection_ratio":0.0023348899
}