{
  "algo":"mdca",
  "region":"Arizona",
  "time_slots":120,
  "arrival_rate":20.0,
  "mean_service_time":9.0,
  "seed":3,
  "trace_seed":5620095862640724674,
  "algo_seed":18087234375462464239,
  "trace_hash":"89ddf2165347d7c14e96df4a7eaa4128908da8f8eca35e0b5c8c7afd33185714",
  "arrivals_per_slot":[
    17,
    19,
    21,
    23,
    23,
    29,
    16,
    18,
    18,
    17,
    21,
    18,
    19,
    19,
    27,
    19,
    16,
    19,
    20,
    19,
    24,
    25,
    19,
    14,
    19,
    20,
    18,
    22,
    28,
    22,
    20,
    20,
    15,
    19,
    14,
    19,
    14,
    23,
    22,
    17,
    13,
    20,
    11,
    30,
    25,
    23,
    27,
    17,
    25,
    19,
    15,
    28,
    12,
    15,
    17,
    17,
    15,
    23,
    19,
    19,
    25,
    17,
    27,
    24,
    18,
    9,
    22,
    23,
    18,
    19,
    19,
    17,
    24,
    20,
    14,
    17,
    22,
    18,
    28,
    23,
    31,
    17,
    17,
    15,
    20,
    21,
    16,
    24,
    22,
    22,
    19,
    22,
    21,
    20,
    24,
    26,
    21,
    21,
    19,
    19,
    12,
    24,
    24,
    29,
    13,
    23,
    18,
    20,
    21,
    21,
    21,
    25,
    16,
    23,
    21,
    17,
    11,
    24,
    10,
    15
  ],
  "diversity":true,
  "p_split":0.3,
  "split_reliability_mode":"identical_active_pool",
  "split_recovery_coverage":1.0,
  "split_workload_shares":"0.5,0.5",
  "mechanism":null,
  "fixed_sfc_len":6,
  "fixed_reliability":0.999,
  "max_backup_level":2,
  "explicit_split_replicas":true,
  "split_enforce_distinct":false,
  "strict_split_resource_ablation":false,
  "split_replica_resource_scale":1.0,
  "backhaul_knn_k":4,
  "backhaul_use_device_bw":true,
  "backhaul_bw_scale":0.5,
  "fiber_speed_mps":200000000.0,
  "switch_delay_s":0.0002,
  "region_cloudlet_count":314,
  "cap_base_min":500,
  "cap_base_max":700,
  "cap_scale":0.2,
  "total_arrivals":2391,
  "total_accepted":871,
  "total_rejected":1520,
  "acceptance_ratio":0.3642827269,
  "avg_cost_per_arrival":44.3979434321,
  "total_cost":106155.4827461044,
  "total_cost_resource":73899.4827461044,
  "avg_cost_per_accepted":121.8777069416,
  "final_utilization":0.5932183375,
  "avg_utilization_over_time":0.5649509856,
  "avg_leftover_capacity_sum_over_time":163332.1916666667,
  "final_leftover_capacity_sum":152719.6666666667,
  "final_leftover_capacity_min":0.0,
  "final_leftover_capacity_max":2382.6,
  "final_leftover_capacity_avg":486.3683651805,
  "avg_e2e_delay_accepted":0.136293191,
  "p95_e2e_delay_accepted":0.2040903995,
  "avg_access_delay_accepted":0.0080188392,
  "avg_processing_delay_accepted":0.0850655719,
  "avg_network_delay_accepted":0.0346104678,
  "avg_split_proc_overhead_accepted":1.323946533e-18,
  "avg_split_net_overhead_accepted":0.0,
  "total_transmitted_bits_accepted":3804571828.0879187584,
  "avg_transmitted_bits_per_accepted":4368050.3192743044,
  "total_split_transmitted_bits_accepted":744296372.7934494019,
  "avg_split_transmitted_bits_per_accepted":854530.852805338,
  "avg_split_overhead_ratio_accepted":9.288526274e-18,
  "p95_split_overhead_ratio_accepted":4.136289924e-17,
  "rga_accepted_total":958,
  "rga_rejected_total":1433,
  "rga_rejection_ratio":0.5993308239,
  "mdca_rejected_total":87,
  "mdca_capacity_rejected_total":0,
  "mdca_reliability_rejected_total":0,
  "mdca_qos_rejected_total":87,
  "mdca_rejection_ratio":0.0363864492,
  "capacity_rejection_ratio":0.0,
  "reliability_rejection_ratio":0.0,
  "qos_rejected_total":87,
  "qos_rejection_ratio":0.0363864492
}