{
  "algo":"dtsp",
  "region":"Arizona",
  "time_slots":120,
  "arrival_rate":45.0,
  "mean_service_time":9.0,
  "seed":2,
  "trace_seed":14735357229328171212,
  "algo_seed":17643830267334769152,
  "trace_hash":"9c029c12fdbe0dd399f9dae758fa6d50e39a17886c7895858aaf1d29c2da2c79",
  "arrivals_per_slot":[
    48,
    38,
    50,
    56,
    43,
    46,
    37,
    59,
    46,
    45,
    55,
    44,
    51,
    43,
    53,
    45,
    41,
    43,
    38,
    43,
    52,
    57,
    63,
    56,
    43,
    48,
    39,
    45,
    49,
    32,
    44,
    43,
    55,
    52,
    53,
    49,
    46,
    34,
    36,
    49,
    47,
    30,
    39,
    42,
    54,
    48,
    48,
    47,
    48,
    41,
    51,
    48,
    52,
    50,
    38,
    46,
    44,
    50,
    42,
    40,
    50,
    56,
    39,
    34,
    51,
    52,
    46,
    46,
    42,
    39,
    53,
    56,
    46,
    51,
    32,
    49,
    47,
    34,
    41,
    47,
    51,
    47,
    41,
    54,
    46,
    53,
    43,
    54,
    45,
    29,
    44,
    48,
    52,
    41,
    42,
    47,
    40,
    43,
    44,
    48,
    48,
    49,
    33,
    43,
    36,
    50,
    40,
    33,
    51,
    43,
    45,
    46,
    52,
    47,
    51,
    52,
    41,
    61,
    37,
    46
  ],
  "diversity":false,
  "p_split":null,
  "split_reliability_mode":null,
  "mechanism":null,
  "fixed_sfc_len":null,
  "fixed_reliability":null,
  "max_backup_level":2,
  "explicit_split_replicas":false,
  "split_enforce_distinct":false,
  "strict_split_resource_ablation":false,
  "split_replica_resource_scale":1.0,
  "cap_base_min":500,
  "cap_base_max":700,
  "cap_scale":0.2,
  "total_arrivals":5501,
  "total_accepted":4377,
  "total_rejected":1124,
  "acceptance_ratio":0.7956735139,
  "avg_cost_per_arrival":36.5641685084,
  "total_cost":201139.4909646623,
  "total_cost_resource":154646.4909646622,
  "avg_cost_per_accepted":45.953733371,
  "final_utilization":0.9655544138,
  "avg_utilization_over_time":0.9330526167,
  "avg_leftover_capacity_sum_over_time":24977.975,
  "final_leftover_capacity_sum":12851.6,
  "final_leftover_capacity_min":0.0,
  "final_leftover_capacity_max":496.8,
  "final_leftover_capacity_avg":40.9286624204,
  "avg_e2e_delay_accepted":0.065038413,
  "p95_e2e_delay_accepted":0.1268489245,
  "avg_access_delay_accepted":0.0080633398,
  "avg_processing_delay_accepted":0.0478401505,
  "avg_network_delay_accepted":0.0091349228,
  "avg_split_proc_overhead_accepted":0.0,
  "avg_split_net_overhead_accepted":0.0,
  "total_transmitted_bits_accepted":6419767317.9800739288,
  "avg_transmitted_bits_per_accepted":1466704.8933013647,
  "total_split_transmitted_bits_accepted":0.0,
  "avg_split_transmitted_bits_per_accepted":0.0,
  "avg_split_overhead_ratio_accepted":0.0,
  "p95_split_overhead_ratio_accepted":0.0,
  "rga_accepted_total":5501,
  "rga_rejected_total":0,
  "rga_rejection_ratio":0.0,
  "mdca_rejected_total":1124,
  "mdca_capacity_rejected_total":1075,
  "mdca_reliability_rejected_total":0,
  "mdca_qos_rejected_total":49,
  "mdca_rejection_ratio":0.2043264861,
  "capacity_rejection_ratio":0.1954190147,
  "reliability_rejection_ratio":0.0,
  "qos_rejected_total":49,
  "qos_rejection_ratio":0.0089074714
}