{
  "algo":"mdca",
  "region":"Arizona",
  "time_slots":120,
  "arrival_rate":20.0,
  "mean_service_time":9.0,
  "seed":3,
  "trace_seed":15247240721908287496,
  "algo_seed":18185845460186161846,
  "trace_hash":"2582f80a8d7df3f4c34ce3845a6a67f772eacefed219ce9936215b47b89acc94",
  "arrivals_per_slot":[
    24,
    21,
    19,
    25,
    18,
    25,
    18,
    25,
    21,
    20,
    15,
    18,
    20,
    24,
    13,
    18,
    18,
    17,
    23,
    18,
    12,
    21,
    19,
    11,
    10,
    18,
    15,
    11,
    25,
    14,
    24,
    20,
    25,
    28,
    21,
    15,
    23,
    21,
    19,
    18,
    20,
    15,
    18,
    19,
    18,
    22,
    20,
    19,
    16,
    20,
    22,
    30,
    16,
    22,
    21,
    19,
    19,
    17,
    21,
    18,
    20,
    15,
    18,
    21,
    20,
    16,
    19,
    27,
    25,
    22,
    22,
    21,
    23,
    14,
    15,
    23,
    23,
    24,
    28,
    16,
    16,
    20,
    22,
    15,
    22,
    21,
    27,
    20,
    16,
    11,
    24,
    18,
    22,
    23,
    17,
    21,
    22,
    14,
    10,
    16,
    18,
    20,
    16,
    18,
    23,
    28,
    26,
    19,
    19,
    32,
    25,
    16,
    25,
    23,
    22,
    16,
    18,
    17,
    16,
    16
  ],
  "diversity":false,
  "p_split":null,
  "split_reliability_mode":null,
  "mechanism":null,
  "fixed_sfc_len":2,
  "fixed_reliability":null,
  "max_backup_level":2,
  "explicit_split_replicas":false,
  "split_enforce_distinct":false,
  "strict_split_resource_ablation":false,
  "split_replica_resource_scale":1.0,
  "cap_base_min":500,
  "cap_base_max":700,
  "cap_scale":0.2,
  "total_arrivals":2364,
  "total_accepted":2361,
  "total_rejected":3,
  "acceptance_ratio":0.9987309645,
  "avg_cost_per_arrival":18.3908225947,
  "total_cost":43475.904613894,
  "total_cost_resource":27519.904613894,
  "avg_cost_per_accepted":18.4141908572,
  "final_utilization":0.3216954547,
  "avg_utilization_over_time":0.2983542153,
  "avg_leftover_capacity_sum_over_time":261983.4500000001,
  "final_leftover_capacity_sum":253268.2,
  "final_leftover_capacity_min":0.4,
  "final_leftover_capacity_max":2121.6,
  "final_leftover_capacity_avg":806.5866242038,
  "avg_e2e_delay_accepted":0.0437580435,
  "p95_e2e_delay_accepted":0.08274456,
  "avg_access_delay_accepted":0.0080837087,
  "avg_processing_delay_accepted":0.0316224554,
  "avg_network_delay_accepted":0.0040518794,
  "avg_split_proc_overhead_accepted":0.0,
  "avg_split_net_overhead_accepted":0.0,
  "total_transmitted_bits_accepted":1491224056.8901491165,
  "avg_transmitted_bits_per_accepted":631606.9703050187,
  "total_split_transmitted_bits_accepted":0.0,
  "avg_split_transmitted_bits_per_accepted":0.0,
  "avg_split_overhead_ratio_accepted":0.0,
  "p95_split_overhead_ratio_accepted":0.0,
  "rga_accepted_total":2364,
  "rga_rejected_total":0,
  "rga_rejection_ratio":0.0,
  "mdca_rejected_total":3,
  "mdca_capacity_rejected_total":0,
  "mdca_reliability_rejected_total":0,
  "mdca_qos_rejected_total":3,
  "mdca_rejection_ratio":0.0012690355,
  "capacity_rejection_ratio":0.0,
  "reliability_rejection_ratio":0.0,
  "qos_rejected_total":3,
  "qos_rejection_ratio":0.0012690355
}