{
  "algo":"mdca",
  "region":"Arizona",
  "time_slots":120,
  "arrival_rate":30.0,
  "mean_service_time":9.0,
  "seed":2,
  "trace_seed":5465732438030601949,
  "algo_seed":12017847392608320075,
  "trace_hash":"660c8632dd1cd975ead67405a087fd575ee1ea4f3109de8e7d547dec9a45a868",
  "arrivals_per_slot":[
    32,
    30,
    29,
    33,
    35,
    27,
    25,
    31,
    18,
    24,
    29,
    26,
    28,
    27,
    32,
    31,
    36,
    28,
    33,
    24,
    23,
    41,
    31,
    27,
    24,
    24,
    36,
    33,
    34,
    34,
    33,
    24,
    26,
    28,
    27,
    35,
    29,
    29,
    26,
    20,
    34,
    32,
    25,
    35,
    29,
    36,
    28,
    26,
    31,
    33,
    30,
    29,
    36,
    25,
    28,
    36,
    27,
    32,
    27,
    31,
    24,
    32,
    32,
    28,
    25,
    32,
    31,
    32,
    31,
    28,
    30,
    35,
    20,
    26,
    41,
    28,
    31,
    39,
    26,
    32,
    30,
    36,
    34,
    30,
    28,
    37,
    34,
    24,
    24,
    31,
    29,
    27,
    29,
    30,
    34,
    33,
    37,
    47,
    26,
    29,
    26,
    20,
    29,
    26,
    44,
    33,
    28,
    34,
    27,
    29,
    34,
    25,
    31,
    32,
    34,
    33,
    32,
    28,
    27,
    31
  ],
  "diversity":false,
  "p_split":null,
  "split_reliability_mode":null,
  "mechanism":null,
  "fixed_sfc_len":null,
  "fixed_reliability":null,
  "max_backup_level":2,
  "explicit_split_replicas":false,
  "split_enforce_distinct":false,
  "strict_split_resource_ablation":false,
  "split_replica_resource_scale":1.0,
  "cap_base_min":500,
  "cap_base_max":700,
  "cap_scale":0.2,
  "total_arrivals":3607,
  "total_accepted":3569,
  "total_rejected":38,
  "acceptance_ratio":0.9894649293,
  "avg_cost_per_arrival":38.7540420009,
  "total_cost":139785.8294971419,
  "total_cost_resource":102238.8294971419,
  "avg_cost_per_accepted":39.1666655918,
  "final_utilization":0.7973418949,
  "avg_utilization_over_time":0.7188040952,
  "avg_leftover_capacity_sum_over_time":106659.8,
  "final_leftover_capacity_sum":76869.8,
  "final_leftover_capacity_min":0.0,
  "final_leftover_capacity_max":2083.2,
  "final_leftover_capacity_avg":244.8082802548,
  "avg_e2e_delay_accepted":0.0646787217,
  "p95_e2e_delay_accepted":0.127123254,
  "avg_access_delay_accepted":0.0080578664,
  "avg_processing_delay_accepted":0.0475739326,
  "avg_network_delay_accepted":0.0090469227,
  "avg_split_proc_overhead_accepted":0.0,
  "avg_split_net_overhead_accepted":0.0,
  "total_transmitted_bits_accepted":4775943483.1659841537,
  "avg_transmitted_bits_per_accepted":1338174.1336973899,
  "total_split_transmitted_bits_accepted":0.0,
  "avg_split_transmitted_bits_per_accepted":0.0,
  "avg_split_overhead_ratio_accepted":0.0,
  "p95_split_overhead_ratio_accepted":0.0,
  "rga_accepted_total":3607,
  "rga_rejected_total":0,
  "rga_rejection_ratio":0.0,
  "mdca_rejected_total":38,
  "mdca_capacity_rejected_total":0,
  "mdca_reliability_rejected_total":0,
  "mdca_qos_rejected_total":38,
  "mdca_rejection_ratio":0.0105350707,
  "capacity_rejection_ratio":0.0,
  "reliability_rejection_ratio":0.0,
  "qos_rejected_total":38,
  "qos_rejection_ratio":0.0105350707
}