{
  "algo":"random",
  "region":"Alabama",
  "time_slots":120,
  "arrival_rate":10.0,
  "mean_service_time":9.0,
  "seed":5,
  "trace_seed":865213653140805563,
  "algo_seed":12524923256282916737,
  "trace_hash":"c0b2d91d161376d9eb14d9792d09019f84776a1876510039828ea897f38f6682",
  "arrivals_per_slot":[
    15,
    14,
    13,
    11,
    7,
    10,
    13,
    6,
    7,
    6,
    8,
    12,
    8,
    8,
    6,
    17,
    4,
    11,
    8,
    12,
    11,
    8,
    11,
    13,
    11,
    11,
    8,
    9,
    15,
    10,
    8,
    9,
    9,
    12,
    7,
    6,
    8,
    16,
    12,
    13,
    9,
    20,
    11,
    9,
    10,
    7,
    13,
    6,
    6,
    5,
    9,
    10,
    8,
    11,
    5,
    9,
    10,
    14,
    12,
    12,
    19,
    6,
    9,
    13,
    5,
    12,
    5,
    13,
    9,
    9,
    9,
    12,
    11,
    9,
    13,
    6,
    7,
    13,
    11,
    8,
    4,
    7,
    13,
    7,
    12,
    12,
    7,
    7,
    6,
    8,
    9,
    10,
    11,
    6,
    6,
    11,
    7,
    13,
    9,
    8,
    13,
    9,
    10,
    8,
    14,
    13,
    11,
    7,
    7,
    15,
    10,
    11,
    11,
    8,
    10,
    12,
    14,
    10,
    7,
    13
  ],
  "diversity":false,
  "p_split":null,
  "split_reliability_mode":null,
  "mechanism":null,
  "fixed_sfc_len":null,
  "fixed_reliability":null,
  "max_backup_level":2,
  "explicit_split_replicas":false,
  "split_enforce_distinct":false,
  "strict_split_resource_ablation":false,
  "split_replica_resource_scale":1.0,
  "cap_base_min":500,
  "cap_base_max":700,
  "cap_scale":0.2,
  "total_arrivals":1184,
  "total_accepted":1162,
  "total_rejected":22,
  "acceptance_ratio":0.9814189189,
  "avg_cost_per_arrival":61.5749588969,
  "total_cost":72904.7513339013,
  "total_cost_resource":56785.7513339013,
  "avg_cost_per_accepted":62.7407498571,
  "final_utilization":0.772814693,
  "avg_utilization_over_time":0.710217871,
  "avg_leftover_capacity_sum_over_time":49782.4833333334,
  "final_leftover_capacity_sum":39028.8,
  "final_leftover_capacity_min":3.0,
  "final_leftover_capacity_max":1361.4,
  "final_leftover_capacity_avg":284.8817518248,
  "avg_e2e_delay_accepted":0.0646718009,
  "p95_e2e_delay_accepted":0.1268751601,
  "avg_access_delay_accepted":0.0081410823,
  "avg_processing_delay_accepted":0.0483588416,
  "avg_network_delay_accepted":0.008171877,
  "avg_split_proc_overhead_accepted":0.0,
  "avg_split_net_overhead_accepted":0.0,
  "total_transmitted_bits_accepted":1781889600.3363764286,
  "avg_transmitted_bits_per_accepted":1533467.8144030778,
  "total_split_transmitted_bits_accepted":0.0,
  "avg_split_transmitted_bits_per_accepted":0.0,
  "avg_split_overhead_ratio_accepted":0.0,
  "p95_split_overhead_ratio_accepted":0.0,
  "rga_accepted_total":1184,
  "rga_rejected_total":0,
  "rga_rejection_ratio":0.0,
  "mdca_rejected_total":22,
  "mdca_capacity_rejected_total":9,
  "mdca_reliability_rejected_total":0,
  "mdca_qos_rejected_total":13,
  "mdca_rejection_ratio":0.0185810811,
  "capacity_rejection_ratio":0.0076013514,
  "reliability_rejection_ratio":0.0,
  "qos_rejected_total":13,
  "qos_rejection_ratio":0.0109797297
}