{
  "algo":"random",
  "region":"Alabama",
  "time_slots":120,
  "arrival_rate":35.0,
  "mean_service_time":9.0,
  "seed":2,
  "trace_seed":1031201585465071651,
  "algo_seed":13852390656172401847,
  "trace_hash":"0c16f09da623970276f90d324c58f7138316c28a4a21d3b85d3f3eb41eb1151c",
  "arrivals_per_slot":[
    30,
    32,
    28,
    39,
    48,
    38,
    42,
    41,
    26,
    31,
    41,
    41,
    26,
    40,
    31,
    29,
    40,
    40,
    38,
    27,
    24,
    31,
    39,
    46,
    22,
    35,
    34,
    34,
    34,
    30,
    33,
    33,
    44,
    42,
    29,
    29,
    28,
    40,
    37,
    39,
    28,
    31,
    34,
    30,
    36,
    32,
    36,
    35,
    38,
    31,
    39,
    32,
    36,
    34,
    35,
    37,
    41,
    33,
    32,
    25,
    31,
    37,
    39,
    33,
    41,
    44,
    52,
    42,
    42,
    35,
    34,
    34,
    39,
    41,
    36,
    31,
    30,
    40,
    48,
    41,
    26,
    39,
    26,
    34,
    37,
    28,
    40,
    33,
    35,
    31,
    43,
    30,
    40,
    46,
    34,
    29,
    29,
    38,
    38,
    35,
    35,
    42,
    36,
    30,
    25,
    39,
    37,
    30,
    26,
    34,
    52,
    26,
    44,
    36,
    46,
    40,
    33,
    31,
    43,
    26
  ],
  "diversity":false,
  "p_split":null,
  "split_reliability_mode":null,
  "mechanism":null,
  "fixed_sfc_len":null,
  "fixed_reliability":null,
  "max_backup_level":2,
  "explicit_split_replicas":false,
  "split_enforce_distinct":false,
  "strict_split_resource_ablation":false,
  "split_replica_resource_scale":1.0,
  "cap_base_min":500,
  "cap_base_max":700,
  "cap_scale":0.2,
  "total_arrivals":4238,
  "total_accepted":2001,
  "total_rejected":2237,
  "acceptance_ratio":0.4721566777,
  "avg_cost_per_arrival":22.8348830226,
  "total_cost":96774.2342497479,
  "total_cost_resource":72899.2342497479,
  "avg_cost_per_accepted":48.362935657,
  "final_utilization":0.9531685417,
  "avg_utilization_over_time":0.939464734,
  "avg_leftover_capacity_sum_over_time":10522.7,
  "final_leftover_capacity_sum":8140.6,
  "final_leftover_capacity_min":0.0,
  "final_leftover_capacity_max":212.4,
  "final_leftover_capacity_avg":59.4204379562,
  "avg_e2e_delay_accepted":0.0622434476,
  "p95_e2e_delay_accepted":0.1257122299,
  "avg_access_delay_accepted":0.0080962377,
  "avg_processing_delay_accepted":0.0474006494,
  "avg_network_delay_accepted":0.0067465605,
  "avg_split_proc_overhead_accepted":0.0,
  "avg_split_net_overhead_accepted":0.0,
  "total_transmitted_bits_accepted":2551127517.7646207809,
  "avg_transmitted_bits_per_accepted":1274926.2957344432,
  "total_split_transmitted_bits_accepted":0.0,
  "avg_split_transmitted_bits_per_accepted":0.0,
  "avg_split_overhead_ratio_accepted":0.0,
  "p95_split_overhead_ratio_accepted":0.0,
  "rga_accepted_total":4238,
  "rga_rejected_total":0,
  "rga_rejection_ratio":0.0,
  "mdca_rejected_total":2237,
  "mdca_capacity_rejected_total":2222,
  "mdca_reliability_rejected_total":0,
  "mdca_qos_rejected_total":15,
  "mdca_rejection_ratio":0.5278433223,
  "capacity_rejection_ratio":0.5243039169,
  "reliability_rejection_ratio":0.0,
  "qos_rejected_total":15,
  "qos_rejection_ratio":0.0035394054
}