{
  "algo":"mdca",
  "region":"Arizona",
  "time_slots":120,
  "arrival_rate":12.0,
  "mean_service_time":9.0,
  "seed":4,
  "trace_seed":17024812536328829381,
  "algo_seed":14420759781778004277,
  "trace_hash":"65c8f2eff4ca716c4399f07a98969fb6f20f6f94d1bbe86092a1198c87832ff5",
  "arrivals_per_slot":[
    10,
    14,
    11,
    15,
    8,
    7,
    20,
    12,
    14,
    12,
    11,
    21,
    11,
    10,
    7,
    11,
    17,
    11,
    11,
    7,
    5,
    15,
    14,
    11,
    8,
    14,
    10,
    18,
    10,
    21,
    14,
    10,
    10,
    11,
    12,
    4,
    14,
    15,
    13,
    13,
    8,
    15,
    13,
    10,
    7,
    13,
    10,
    7,
    16,
    11,
    14,
    12,
    13,
    11,
    5,
    14,
    13,
    11,
    14,
    12,
    18,
    12,
    20,
    12,
    12,
    9,
    11,
    15,
    11,
    10,
    14,
    7,
    18,
    12,
    9,
    11,
    17,
    9,
    11,
    10,
    12,
    16,
    10,
    12,
    7,
    12,
    15,
    12,
    8,
    13,
    17,
    8,
    14,
    11,
    9,
    14,
    7,
    9,
    10,
    15,
    12,
    14,
    14,
    13,
    12,
    15,
    9,
    8,
    9,
    15,
    16,
    17,
    5,
    17,
    12,
    9,
    14,
    16,
    14,
    18
  ],
  "diversity":false,
  "p_split":null,
  "split_reliability_mode":null,
  "mechanism":null,
  "fixed_sfc_len":null,
  "fixed_reliability":0.99,
  "max_backup_level":2,
  "explicit_split_replicas":false,
  "split_enforce_distinct":false,
  "strict_split_resource_ablation":false,
  "split_replica_resource_scale":1.0,
  "cap_base_min":500,
  "cap_base_max":700,
  "cap_scale":0.2,
  "total_arrivals":1449,
  "total_accepted":1433,
  "total_rejected":16,
  "acceptance_ratio":0.988957902,
  "avg_cost_per_arrival":39.8784675869,
  "total_cost":57783.8995334861,
  "total_cost_resource":38404.8995334861,
  "avg_cost_per_accepted":40.3237261225,
  "final_utilization":0.4570296499,
  "avg_utilization_over_time":0.3829749593,
  "avg_leftover_capacity_sum_over_time":234087.0833333334,
  "final_leftover_capacity_sum":205992.2,
  "final_leftover_capacity_min":0.0,
  "final_leftover_capacity_max":2169.6,
  "final_leftover_capacity_avg":656.0261146497,
  "avg_e2e_delay_accepted":0.0635891197,
  "p95_e2e_delay_accepted":0.1258787188,
  "avg_access_delay_accepted":0.0080230585,
  "avg_processing_delay_accepted":0.0475074544,
  "avg_network_delay_accepted":0.0080586068,
  "avg_split_proc_overhead_accepted":0.0,
  "avg_split_net_overhead_accepted":0.0,
  "total_transmitted_bits_accepted":1907248422.0037927628,
  "avg_transmitted_bits_per_accepted":1330947.9567367709,
  "total_split_transmitted_bits_accepted":0.0,
  "avg_split_transmitted_bits_per_accepted":0.0,
  "avg_split_overhead_ratio_accepted":0.0,
  "p95_split_overhead_ratio_accepted":0.0,
  "rga_accepted_total":1449,
  "rga_rejected_total":0,
  "rga_rejection_ratio":0.0,
  "mdca_rejected_total":16,
  "mdca_capacity_rejected_total":0,
  "mdca_reliability_rejected_total":0,
  "mdca_qos_rejected_total":16,
  "mdca_rejection_ratio":0.011042098,
  "capacity_rejection_ratio":0.0,
  "reliability_rejection_ratio":0.0,
  "qos_rejected_total":16,
  "qos_rejection_ratio":0.011042098
}