{
  "algo":"mdca",
  "region":"Alabama",
  "time_slots":120,
  "arrival_rate":12.0,
  "mean_service_time":9.0,
  "seed":1,
  "trace_seed":13358348790347670787,
  "algo_seed":14880128096359974019,
  "trace_hash":"7bbcb6d837c89741ed29f518575f0f870a815adef6f7c013616c18b007c88495",
  "arrivals_per_slot":[
    11,
    8,
    16,
    20,
    6,
    15,
    16,
    13,
    10,
    13,
    9,
    11,
    4,
    7,
    11,
    11,
    7,
    15,
    17,
    13,
    17,
    14,
    13,
    14,
    5,
    14,
    16,
    14,
    17,
    17,
    7,
    8,
    13,
    7,
    19,
    13,
    12,
    10,
    10,
    8,
    9,
    10,
    15,
    9,
    20,
    6,
    8,
    16,
    10,
    12,
    8,
    21,
    13,
    7,
    9,
    9,
    10,
    9,
    7,
    15,
    4,
    10,
    10,
    15,
    15,
    12,
    11,
    11,
    10,
    14,
    10,
    12,
    13,
    13,
    14,
    12,
    11,
    7,
    8,
    12,
    12,
    7,
    14,
    7,
    13,
    11,
    13,
    13,
    14,
    11,
    17,
    20,
    11,
    13,
    13,
    8,
    8,
    16,
    16,
    12,
    20,
    4,
    8,
    16,
    4,
    10,
    9,
    17,
    10,
    7,
    17,
    10,
    8,
    10,
    11,
    7,
    9,
    13,
    14,
    11
  ],
  "diversity":false,
  "p_split":null,
  "split_reliability_mode":null,
  "mechanism":null,
  "fixed_sfc_len":null,
  "fixed_reliability":0.98,
  "max_backup_level":2,
  "explicit_split_replicas":false,
  "split_enforce_distinct":false,
  "strict_split_resource_ablation":false,
  "split_replica_resource_scale":1.0,
  "cap_base_min":500,
  "cap_base_max":700,
  "cap_scale":0.2,
  "total_arrivals":1392,
  "total_accepted":1377,
  "total_rejected":15,
  "acceptance_ratio":0.9892241379,
  "avg_cost_per_arrival":43.9032754326,
  "total_cost":61113.3594022199,
  "total_cost_resource":44577.3594022199,
  "avg_cost_per_accepted":44.3815246203,
  "final_utilization":0.6570261704,
  "avg_utilization_over_time":0.7177979923,
  "avg_leftover_capacity_sum_over_time":48949.575,
  "final_leftover_capacity_sum":59490.8,
  "final_leftover_capacity_min":1.0,
  "final_leftover_capacity_max":2227.2,
  "final_leftover_capacity_avg":434.2394160584,
  "avg_e2e_delay_accepted":0.0634498743,
  "p95_e2e_delay_accepted":0.1238672512,
  "avg_access_delay_accepted":0.0080926639,
  "avg_processing_delay_accepted":0.0474312807,
  "avg_network_delay_accepted":0.0079259297,
  "avg_split_proc_overhead_accepted":0.0,
  "avg_split_net_overhead_accepted":0.0,
  "total_transmitted_bits_accepted":1780923879.9476783276,
  "avg_transmitted_bits_per_accepted":1293336.1510150169,
  "total_split_transmitted_bits_accepted":0.0,
  "avg_split_transmitted_bits_per_accepted":0.0,
  "avg_split_overhead_ratio_accepted":0.0,
  "p95_split_overhead_ratio_accepted":0.0,
  "rga_accepted_total":1392,
  "rga_rejected_total":0,
  "rga_rejection_ratio":0.0,
  "mdca_rejected_total":15,
  "mdca_capacity_rejected_total":1,
  "mdca_reliability_rejected_total":0,
  "mdca_qos_rejected_total":14,
  "mdca_rejection_ratio":0.0107758621,
  "capacity_rejection_ratio":0.0007183908,
  "reliability_rejection_ratio":0.0,
  "qos_rejected_total":14,
  "qos_rejection_ratio":0.0100574713
}