{
  "algo":"mdca",
  "region":"Arizona",
  "time_slots":120,
  "arrival_rate":12.0,
  "mean_service_time":9.0,
  "seed":5,
  "trace_seed":3085882863418775560,
  "algo_seed":8179750290924396156,
  "trace_hash":"6e5dca1c515ff537c908fc097d543d0e20d8ef5899d5b38e36633279a26e125e",
  "arrivals_per_slot":[
    17,
    9,
    15,
    15,
    9,
    13,
    8,
    11,
    16,
    12,
    15,
    11,
    9,
    18,
    13,
    19,
    18,
    11,
    12,
    14,
    11,
    8,
    5,
    11,
    14,
    6,
    5,
    13,
    8,
    14,
    16,
    13,
    17,
    11,
    9,
    13,
    8,
    13,
    11,
    11,
    7,
    16,
    18,
    15,
    13,
    11,
    7,
    11,
    12,
    13,
    12,
    11,
    12,
    13,
    11,
    15,
    13,
    12,
    14,
    8,
    11,
    11,
    16,
    13,
    7,
    15,
    11,
    11,
    17,
    10,
    10,
    11,
    4,
    9,
    6,
    13,
    12,
    11,
    12,
    9,
    10,
    15,
    9,
    14,
    6,
    15,
    17,
    15,
    14,
    8,
    14,
    21,
    10,
    12,
    12,
    11,
    9,
    7,
    22,
    11,
    8,
    12,
    10,
    10,
    7,
    10,
    8,
    11,
    13,
    13,
    11,
    12,
    15,
    6,
    14,
    18,
    10,
    10,
    7,
    13
  ],
  "diversity":false,
  "p_split":null,
  "split_reliability_mode":null,
  "split_recovery_coverage":null,
  "split_workload_shares":null,
  "mechanism":null,
  "fixed_sfc_len":null,
  "fixed_reliability":0.996,
  "max_backup_level":2,
  "explicit_split_replicas":false,
  "split_enforce_distinct":false,
  "strict_split_resource_ablation":false,
  "split_replica_resource_scale":1.0,
  "backhaul_knn_k":4,
  "backhaul_use_device_bw":true,
  "backhaul_bw_scale":0.5,
  "fiber_speed_mps":200000000.0,
  "switch_delay_s":0.0002,
  "region_cloudlet_count":314,
  "cap_base_min":500,
  "cap_base_max":700,
  "cap_scale":0.2,
  "total_arrivals":1415,
  "total_accepted":1404,
  "total_rejected":11,
  "acceptance_ratio":0.9922261484,
  "avg_cost_per_arrival":45.0464967449,
  "total_cost":63740.7928940481,
  "total_cost_resource":42264.7928940481,
  "avg_cost_per_accepted":45.3994251382,
  "final_utilization":0.4303582046,
  "avg_utilization_over_time":0.4082904131,
  "avg_leftover_capacity_sum_over_time":223911.7833333333,
  "final_leftover_capacity_sum":215561.0,
  "final_leftover_capacity_min":0.2,
  "final_leftover_capacity_max":2584.0,
  "final_leftover_capacity_avg":686.5,
  "avg_e2e_delay_accepted":0.0639486034,
  "p95_e2e_delay_accepted":0.1279497996,
  "avg_access_delay_accepted":0.0080475286,
  "avg_processing_delay_accepted":0.0472977176,
  "avg_network_delay_accepted":0.0086033572,
  "avg_split_proc_overhead_accepted":0.0,
  "avg_split_net_overhead_accepted":0.0,
  "total_transmitted_bits_accepted":1804547103.5957562923,
  "avg_transmitted_bits_per_accepted":1285289.9598260373,
  "total_split_transmitted_bits_accepted":0.0,
  "avg_split_transmitted_bits_per_accepted":0.0,
  "avg_split_overhead_ratio_accepted":0.0,
  "p95_split_overhead_ratio_accepted":0.0,
  "rga_accepted_total":1415,
  "rga_rejected_total":0,
  "rga_rejection_ratio":0.0,
  "mdca_rejected_total":11,
  "mdca_capacity_rejected_total":0,
  "mdca_reliability_rejected_total":0,
  "mdca_qos_rejected_total":11,
  "mdca_rejection_ratio":0.0077738516,
  "capacity_rejection_ratio":0.0,
  "reliability_rejection_ratio":0.0,
  "qos_rejected_total":11,
  "qos_rejection_ratio":0.0077738516,
  "placement_trace_path":"D:\\Study\\Code_1\\paper_data\\workload_sharing_sensitivity\\Arizona\\R0p996\\MDCA\\seed5\\placement_trace_Arizona_mdca_seed5.json"
}