{
  "algo":"mdca",
  "region":"Alabama",
  "time_slots":120,
  "arrival_rate":20.0,
  "mean_service_time":9.0,
  "seed":2,
  "trace_seed":6284556952252802705,
  "algo_seed":16121394405342853155,
  "trace_hash":"732b97d9cce1ddb295e24a5b99acbd73163dc2751f9318d34d315fbc54242976",
  "arrivals_per_slot":[
    26,
    19,
    24,
    19,
    23,
    17,
    14,
    24,
    16,
    22,
    24,
    20,
    29,
    13,
    21,
    22,
    24,
    25,
    19,
    30,
    23,
    22,
    14,
    19,
    23,
    22,
    17,
    26,
    20,
    19,
    27,
    9,
    14,
    24,
    16,
    22,
    27,
    19,
    24,
    19,
    19,
    23,
    27,
    21,
    17,
    24,
    17,
    28,
    23,
    22,
    16,
    24,
    19,
    24,
    18,
    15,
    19,
    27,
    17,
    26,
    20,
    22,
    30,
    25,
    15,
    17,
    23,
    21,
    21,
    23,
    21,
    17,
    29,
    26,
    11,
    19,
    17,
    28,
    19,
    21,
    27,
    17,
    26,
    24,
    15,
    17,
    22,
    14,
    18,
    14,
    17,
    21,
    17,
    20,
    29,
    18,
    25,
    23,
    20,
    19,
    27,
    21,
    33,
    21,
    28,
    20,
    15,
    27,
    21,
    18,
    33,
    14,
    20,
    18,
    28,
    14,
    10,
    18,
    21,
    19
  ],
  "diversity":false,
  "p_split":null,
  "split_reliability_mode":null,
  "split_recovery_coverage":null,
  "split_workload_shares":null,
  "mechanism":null,
  "fixed_sfc_len":3,
  "fixed_reliability":null,
  "max_backup_level":2,
  "explicit_split_replicas":false,
  "split_enforce_distinct":false,
  "strict_split_resource_ablation":false,
  "split_replica_resource_scale":1.0,
  "cap_base_min":500,
  "cap_base_max":700,
  "cap_scale":0.2,
  "total_arrivals":2517,
  "total_accepted":2234,
  "total_rejected":283,
  "acceptance_ratio":0.887564561,
  "avg_cost_per_arrival":34.9971701471,
  "total_cost":88087.8772603486,
  "total_cost_resource":64752.8772603486,
  "avg_cost_per_accepted":39.4305627844,
  "final_utilization":0.9489276373,
  "avg_utilization_over_time":0.9085982271,
  "avg_leftover_capacity_sum_over_time":15844.15,
  "final_leftover_capacity_sum":8853.2,
  "final_leftover_capacity_min":0.0,
  "final_leftover_capacity_max":603.8,
  "final_leftover_capacity_avg":64.6218978102,
  "avg_e2e_delay_accepted":0.0659107227,
  "p95_e2e_delay_accepted":0.1130777883,
  "avg_access_delay_accepted":0.0080858056,
  "avg_processing_delay_accepted":0.0503581595,
  "avg_network_delay_accepted":0.0074667575,
  "avg_split_proc_overhead_accepted":0.0,
  "avg_split_net_overhead_accepted":0.0,
  "total_transmitted_bits_accepted":2831174514.0566091537,
  "avg_transmitted_bits_per_accepted":1267311.7788973183,
  "total_split_transmitted_bits_accepted":0.0,
  "avg_split_transmitted_bits_per_accepted":0.0,
  "avg_split_overhead_ratio_accepted":0.0,
  "p95_split_overhead_ratio_accepted":0.0,
  "rga_accepted_total":2517,
  "rga_rejected_total":0,
  "rga_rejection_ratio":0.0,
  "mdca_rejected_total":283,
  "mdca_capacity_rejected_total":268,
  "mdca_reliability_rejected_total":0,
  "mdca_qos_rejected_total":15,
  "mdca_rejection_ratio":0.112435439,
  "capacity_rejection_ratio":0.1064759634,
  "reliability_rejection_ratio":0.0,
  "qos_rejected_total":15,
  "qos_rejection_ratio":0.0059594756,
  "placement_trace_path":"D:\\Study\\Code_1\\paper_data\\large_scale_lb_reference\\split_enabled\\length\\Alabama\\fixed_sfc_len_3\\MDCA\\seed2\\placement_trace_Alabama_mdca_seed2.json"
}