{
  "algo":"mdca",
  "region":"Arizona",
  "time_slots":120,
  "arrival_rate":20.0,
  "mean_service_time":9.0,
  "seed":2,
  "trace_seed":9158134210787811553,
  "algo_seed":4836232127056779440,
  "trace_hash":"5e0bea813b0870706966cd58bb934a99deda26d64b152802f6601a826005b96d",
  "arrivals_per_slot":[
    19,
    16,
    21,
    16,
    19,
    18,
    19,
    18,
    22,
    18,
    20,
    12,
    17,
    18,
    19,
    20,
    16,
    19,
    15,
    24,
    20,
    16,
    15,
    26,
    22,
    23,
    20,
    18,
    15,
    19,
    22,
    17,
    17,
    18,
    14,
    24,
    12,
    21,
    21,
    13,
    24,
    28,
    17,
    21,
    22,
    15,
    19,
    19,
    17,
    14,
    17,
    21,
    19,
    19,
    15,
    10,
    15,
    26,
    22,
    21,
    25,
    30,
    18,
    12,
    13,
    26,
    15,
    19,
    23,
    21,
    19,
    16,
    15,
    20,
    23,
    27,
    22,
    21,
    27,
    25,
    15,
    17,
    20,
    18,
    19,
    21,
    20,
    24,
    22,
    26,
    22,
    15,
    15,
    25,
    17,
    18,
    36,
    23,
    34,
    19,
    23,
    16,
    21,
    18,
    22,
    20,
    20,
    22,
    23,
    18,
    20,
    20,
    16,
    20,
    19,
    25,
    25,
    18,
    11,
    17
  ],
  "diversity":true,
  "p_split":0.3,
  "split_reliability_mode":"identical_active_pool",
  "mechanism":null,
  "fixed_sfc_len":4,
  "fixed_reliability":null,
  "max_backup_level":2,
  "explicit_split_replicas":true,
  "split_enforce_distinct":false,
  "strict_split_resource_ablation":false,
  "split_replica_resource_scale":1.0,
  "cap_base_min":500,
  "cap_base_max":700,
  "cap_scale":0.2,
  "total_arrivals":2357,
  "total_accepted":2299,
  "total_rejected":58,
  "acceptance_ratio":0.975392448,
  "avg_cost_per_arrival":46.7932989833,
  "total_cost":110291.8057036574,
  "total_cost_resource":76668.8057036574,
  "avg_cost_per_accepted":47.973817183,
  "final_utilization":0.6454198008,
  "avg_utilization_over_time":0.5974557392,
  "avg_leftover_capacity_sum_over_time":150208.1027777778,
  "final_leftover_capacity_sum":132310.4666666667,
  "final_leftover_capacity_min":0.5333333333,
  "final_leftover_capacity_max":1945.6,
  "final_leftover_capacity_avg":421.3709129512,
  "avg_e2e_delay_accepted":0.0911037969,
  "p95_e2e_delay_accepted":0.1401692161,
  "avg_access_delay_accepted":0.0080969304,
  "avg_processing_delay_accepted":0.0584201503,
  "avg_network_delay_accepted":0.0199853414,
  "avg_split_proc_overhead_accepted":8.022813118e-19,
  "avg_split_net_overhead_accepted":0.0,
  "total_transmitted_bits_accepted":5809818097.0939731598,
  "avg_transmitted_bits_per_accepted":2527106.6103062085,
  "total_split_transmitted_bits_accepted":1092015088.0587034225,
  "avg_split_transmitted_bits_per_accepted":474995.6885857779,
  "avg_split_overhead_ratio_accepted":8.193910816e-18,
  "p95_split_overhead_ratio_accepted":4.388120623e-17,
  "rga_accepted_total":2357,
  "rga_rejected_total":0,
  "rga_rejection_ratio":0.0,
  "mdca_rejected_total":58,
  "mdca_capacity_rejected_total":0,
  "mdca_reliability_rejected_total":0,
  "mdca_qos_rejected_total":58,
  "mdca_rejection_ratio":0.024607552,
  "capacity_rejection_ratio":0.0,
  "reliability_rejection_ratio":0.0,
  "qos_rejected_total":58,
  "qos_rejection_ratio":0.024607552
}