{
  "algo":"mdca",
  "region":"Alabama",
  "time_slots":120,
  "arrival_rate":12.0,
  "mean_service_time":9.0,
  "seed":3,
  "trace_seed":16822749361596586808,
  "algo_seed":1140299112174461975,
  "trace_hash":"32c151d9d483db53d83a78bb52cbf0e0f11fcc4ec06f818bcca35f5a09c67cca",
  "arrivals_per_slot":[
    9,
    20,
    9,
    8,
    12,
    14,
    11,
    9,
    14,
    11,
    12,
    13,
    7,
    13,
    19,
    18,
    13,
    15,
    10,
    13,
    8,
    12,
    12,
    6,
    12,
    7,
    12,
    8,
    12,
    6,
    14,
    11,
    10,
    19,
    12,
    13,
    10,
    17,
    17,
    13,
    18,
    10,
    10,
    12,
    14,
    11,
    13,
    12,
    9,
    13,
    9,
    7,
    12,
    14,
    10,
    12,
    16,
    15,
    12,
    15,
    16,
    7,
    15,
    14,
    11,
    16,
    11,
    12,
    10,
    9,
    8,
    14,
    8,
    9,
    12,
    14,
    11,
    10,
    12,
    16,
    11,
    7,
    14,
    10,
    19,
    12,
    14,
    12,
    11,
    10,
    14,
    15,
    11,
    12,
    13,
    14,
    11,
    9,
    8,
    12,
    20,
    19,
    19,
    9,
    11,
    6,
    10,
    10,
    15,
    9,
    14,
    16,
    9,
    16,
    11,
    12,
    13,
    9,
    6,
    12
  ],
  "diversity":true,
  "p_split":0.3,
  "split_reliability_mode":"identical_active_pool",
  "mechanism":null,
  "fixed_sfc_len":null,
  "fixed_reliability":0.996,
  "max_backup_level":5,
  "explicit_split_replicas":true,
  "split_enforce_distinct":false,
  "strict_split_resource_ablation":false,
  "split_replica_resource_scale":1.0,
  "cap_base_min":500,
  "cap_base_max":700,
  "cap_scale":0.2,
  "total_arrivals":1445,
  "total_accepted":1407,
  "total_rejected":38,
  "acceptance_ratio":0.9737024221,
  "avg_cost_per_arrival":54.8920888909,
  "total_cost":79319.0684473924,
  "total_cost_resource":58005.0684473924,
  "avg_cost_per_accepted":56.3746044402,
  "final_utilization":0.9561441498,
  "avg_utilization_over_time":0.8365537277,
  "avg_leftover_capacity_sum_over_time":28305.7888888889,
  "final_leftover_capacity_sum":7595.0,
  "final_leftover_capacity_min":0.0,
  "final_leftover_capacity_max":1640.6,
  "final_leftover_capacity_avg":55.4379562044,
  "avg_e2e_delay_accepted":0.0680464793,
  "p95_e2e_delay_accepted":0.133193245,
  "avg_access_delay_accepted":0.0080256004,
  "avg_processing_delay_accepted":0.0440983711,
  "avg_network_delay_accepted":0.0124065234,
  "avg_split_proc_overhead_accepted":5.243007521e-19,
  "avg_split_net_overhead_accepted":0.0,
  "total_transmitted_bits_accepted":2452290541.8710250854,
  "avg_transmitted_bits_per_accepted":1742921.4938671109,
  "total_split_transmitted_bits_accepted":560120521.0916852951,
  "avg_split_transmitted_bits_per_accepted":398095.6084518019,
  "avg_split_overhead_ratio_accepted":6.944049861e-18,
  "p95_split_overhead_ratio_accepted":4.61309161e-17,
  "rga_accepted_total":1445,
  "rga_rejected_total":0,
  "rga_rejection_ratio":0.0,
  "mdca_rejected_total":38,
  "mdca_capacity_rejected_total":20,
  "mdca_reliability_rejected_total":0,
  "mdca_qos_rejected_total":18,
  "mdca_rejection_ratio":0.0262975779,
  "capacity_rejection_ratio":0.0138408304,
  "reliability_rejection_ratio":0.0,
  "qos_rejected_total":18,
  "qos_rejection_ratio":0.0124567474
}