{
  "algo":"mdca",
  "region":"Arizona",
  "time_slots":120,
  "arrival_rate":12.0,
  "mean_service_time":9.0,
  "seed":2,
  "trace_seed":4280610742674058455,
  "algo_seed":4836232127056779440,
  "trace_hash":"d7e8f8d586657a5b86f037c15316391ce7bb393b476e0a6a056f57aa344a54a9",
  "arrivals_per_slot":[
    15,
    12,
    10,
    11,
    11,
    11,
    13,
    8,
    12,
    9,
    15,
    16,
    9,
    12,
    13,
    5,
    15,
    15,
    9,
    12,
    10,
    12,
    7,
    10,
    16,
    8,
    16,
    15,
    13,
    22,
    7,
    12,
    10,
    11,
    9,
    8,
    13,
    15,
    14,
    11,
    12,
    19,
    10,
    11,
    11,
    16,
    11,
    16,
    10,
    21,
    10,
    10,
    15,
    10,
    12,
    10,
    11,
    6,
    14,
    18,
    14,
    11,
    14,
    17,
    10,
    10,
    14,
    7,
    10,
    9,
    10,
    17,
    11,
    11,
    19,
    9,
    14,
    17,
    12,
    7,
    13,
    12,
    13,
    6,
    19,
    7,
    19,
    16,
    5,
    24,
    14,
    15,
    13,
    9,
    17,
    14,
    13,
    14,
    15,
    8,
    11,
    12,
    13,
    10,
    9,
    12,
    12,
    11,
    13,
    10,
    15,
    16,
    12,
    16,
    10,
    11,
    17,
    11,
    5,
    12
  ],
  "diversity":true,
  "p_split":0.3,
  "split_reliability_mode":"identical_active_pool",
  "mechanism":null,
  "fixed_sfc_len":null,
  "fixed_reliability":0.93,
  "max_backup_level":2,
  "explicit_split_replicas":true,
  "split_enforce_distinct":false,
  "strict_split_resource_ablation":false,
  "split_replica_resource_scale":1.0,
  "cap_base_min":500,
  "cap_base_max":700,
  "cap_scale":0.2,
  "total_arrivals":1472,
  "total_accepted":1443,
  "total_rejected":29,
  "acceptance_ratio":0.980298913,
  "avg_cost_per_arrival":25.2818912888,
  "total_cost":37214.943977069,
  "total_cost_resource":22289.943977069,
  "avg_cost_per_accepted":25.7899819661,
  "final_utilization":0.3064557002,
  "avg_utilization_over_time":0.2706615522,
  "avg_leftover_capacity_sum_over_time":276680.9583333334,
  "final_leftover_capacity_sum":263102.1333333333,
  "final_leftover_capacity_min":0.2,
  "final_leftover_capacity_max":2561.2,
  "final_leftover_capacity_avg":837.9048832272,
  "avg_e2e_delay_accepted":0.070062549,
  "p95_e2e_delay_accepted":0.135444226,
  "avg_access_delay_accepted":0.0080575768,
  "avg_processing_delay_accepted":0.0447651591,
  "avg_network_delay_accepted":0.0139684096,
  "avg_split_proc_overhead_accepted":5.695254655e-19,
  "avg_split_net_overhead_accepted":0.0,
  "total_transmitted_bits_accepted":2526233377.7227315903,
  "avg_transmitted_bits_per_accepted":1750681.4814433344,
  "total_split_transmitted_bits_accepted":534299966.9768000841,
  "avg_split_transmitted_bits_per_accepted":370270.2473851698,
  "avg_split_overhead_ratio_accepted":6.566525895e-18,
  "p95_split_overhead_ratio_accepted":4.392961442e-17,
  "rga_accepted_total":1472,
  "rga_rejected_total":0,
  "rga_rejection_ratio":0.0,
  "mdca_rejected_total":29,
  "mdca_capacity_rejected_total":0,
  "mdca_reliability_rejected_total":0,
  "mdca_qos_rejected_total":29,
  "mdca_rejection_ratio":0.019701087,
  "capacity_rejection_ratio":0.0,
  "reliability_rejection_ratio":0.0,
  "qos_rejected_total":29,
  "qos_rejection_ratio":0.019701087
}