{
  "algo":"dtsp",
  "region":"Arizona",
  "time_slots":120,
  "arrival_rate":20.0,
  "mean_service_time":9.0,
  "seed":1,
  "trace_seed":12163052490298053683,
  "algo_seed":13714346850831613210,
  "trace_hash":"b7fcbacd279bd83bfaa8f1f0b5f303f491ef288499cf750f0d04d933c6bb8de9",
  "arrivals_per_slot":[
    20,
    17,
    20,
    20,
    21,
    17,
    20,
    23,
    15,
    16,
    12,
    19,
    23,
    16,
    16,
    24,
    15,
    31,
    26,
    18,
    27,
    20,
    20,
    26,
    30,
    12,
    30,
    19,
    14,
    16,
    13,
    19,
    18,
    24,
    14,
    16,
    27,
    20,
    20,
    21,
    21,
    23,
    21,
    15,
    18,
    17,
    30,
    20,
    16,
    25,
    18,
    21,
    22,
    31,
    25,
    17,
    17,
    21,
    19,
    20,
    23,
    29,
    18,
    20,
    14,
    18,
    18,
    23,
    17,
    14,
    18,
    20,
    22,
    24,
    15,
    19,
    17,
    13,
    26,
    25,
    26,
    21,
    25,
    18,
    17,
    19,
    24,
    24,
    18,
    22,
    17,
    30,
    17,
    22,
    20,
    24,
    15,
    16,
    16,
    23,
    15,
    20,
    19,
    24,
    19,
    25,
    26,
    18,
    24,
    18,
    21,
    13,
    17,
    13,
    20,
    30,
    15,
    23,
    22,
    21
  ],
  "diversity":false,
  "p_split":null,
  "split_reliability_mode":null,
  "mechanism":null,
  "fixed_sfc_len":3,
  "fixed_reliability":null,
  "max_backup_level":2,
  "explicit_split_replicas":false,
  "split_enforce_distinct":false,
  "strict_split_resource_ablation":false,
  "split_replica_resource_scale":1.0,
  "cap_base_min":500,
  "cap_base_max":700,
  "cap_scale":0.2,
  "total_arrivals":2422,
  "total_accepted":2410,
  "total_rejected":12,
  "acceptance_ratio":0.995045417,
  "avg_cost_per_arrival":39.2048831125,
  "total_cost":94954.226898519,
  "total_cost_resource":68151.2268985189,
  "avg_cost_per_accepted":39.4000941488,
  "final_utilization":0.6039431416,
  "avg_utilization_over_time":0.5424371565,
  "avg_leftover_capacity_sum_over_time":171293.8666666666,
  "final_leftover_capacity_sum":148268.4,
  "final_leftover_capacity_min":0.0,
  "final_leftover_capacity_max":2511.8,
  "final_leftover_capacity_avg":472.1923566879,
  "avg_e2e_delay_accepted":0.0659790373,
  "p95_e2e_delay_accepted":0.1131268346,
  "avg_access_delay_accepted":0.0080795026,
  "avg_processing_delay_accepted":0.0482480169,
  "avg_network_delay_accepted":0.0096515178,
  "avg_split_proc_overhead_accepted":0.0,
  "avg_split_net_overhead_accepted":0.0,
  "total_transmitted_bits_accepted":3621728709.9948568344,
  "avg_transmitted_bits_per_accepted":1502791.9958484883,
  "total_split_transmitted_bits_accepted":0.0,
  "avg_split_transmitted_bits_per_accepted":0.0,
  "avg_split_overhead_ratio_accepted":0.0,
  "p95_split_overhead_ratio_accepted":0.0,
  "rga_accepted_total":2422,
  "rga_rejected_total":0,
  "rga_rejection_ratio":0.0,
  "mdca_rejected_total":12,
  "mdca_capacity_rejected_total":0,
  "mdca_reliability_rejected_total":0,
  "mdca_qos_rejected_total":12,
  "mdca_rejection_ratio":0.004954583,
  "capacity_rejection_ratio":0.0,
  "reliability_rejection_ratio":0.0,
  "qos_rejected_total":12,
  "qos_rejection_ratio":0.004954583
}