region,fixed_reliability,seed,method,share,share_tag,domain_count,domain_failure_prob,total_accepted,expected_target_satisfaction_ratio,expected_reliability,expected_reliability_loss
Alabama,0.999,1,DMDCA,"0.5,0.5",0p5_0p5,6,0.0,1087,1.0,0.9993669324969146,-6.661338147750939e-16
Alabama,0.999,1,DMDCA,"0.5,0.5",0p5_0p5,6,0.01,1087,0.9653211542454095,0.9932306052137051,0.006136327283208787
Alabama,0.999,1,DMDCA,"0.5,0.5",0p5_0p5,6,0.03,1087,0.8990019474938732,0.9804250646196087,0.01894186787730523
Alabama,0.999,1,DMDCA,"0.5,0.5",0p5_0p5,6,0.05,1087,0.8365708630404782,0.9669201887472394,0.03244674374967449
Alabama,0.999,1,MDCA,nan,nan,6,0.0,898,1.0,0.9993767320285944,1.1102230246251565e-16
Alabama,0.999,1,MDCA,nan,nan,6,0.01,898,0.9680940492092742,0.992441659065103,0.006935072963491606
Alabama,0.999,1,MDCA,nan,nan,6,0.03,898,0.906884214394334,0.9781077505095808,0.021268981519013797
Alabama,0.999,1,MDCA,nan,nan,6,0.05,898,0.8490128550946544,0.9631678714610927,0.03620886056750183
