{
  "algo":"mdca",
  "region":"Arizona",
  "time_slots":120,
  "arrival_rate":12.0,
  "mean_service_time":9.0,
  "seed":2,
  "trace_seed":12057244439424122892,
  "algo_seed":8977360315285499827,
  "trace_hash":"3f7070bdd94ca4831cf768c839bda31c7088343ae5b5e4244961b9f37d0b87be",
  "arrivals_per_slot":[
    14,
    17,
    11,
    11,
    8,
    8,
    9,
    11,
    8,
    13,
    21,
    9,
    10,
    10,
    19,
    11,
    10,
    11,
    8,
    19,
    11,
    12,
    15,
    12,
    14,
    13,
    11,
    14,
    18,
    11,
    13,
    10,
    11,
    13,
    5,
    10,
    12,
    12,
    9,
    8,
    10,
    11,
    17,
    14,
    10,
    9,
    11,
    11,
    14,
    10,
    11,
    5,
    9,
    11,
    14,
    15,
    15,
    17,
    14,
    14,
    19,
    10,
    15,
    8,
    7,
    11,
    17,
    12,
    10,
    9,
    13,
    13,
    8,
    16,
    8,
    10,
    15,
    10,
    10,
    17,
    10,
    17,
    8,
    9,
    11,
    9,
    9,
    19,
    16,
    9,
    16,
    13,
    15,
    14,
    11,
    23,
    6,
    12,
    14,
    10,
    16,
    15,
    14,
    15,
    8,
    14,
    14,
    14,
    10,
    14,
    10,
    15,
    11,
    10,
    11,
    14,
    6,
    11,
    12,
    7
  ],
  "diversity":true,
  "p_split":0.3,
  "split_reliability_mode":"identical_active_pool",
  "mechanism":null,
  "fixed_sfc_len":null,
  "fixed_reliability":0.999,
  "max_backup_level":1,
  "explicit_split_replicas":true,
  "split_enforce_distinct":false,
  "strict_split_resource_ablation":false,
  "split_replica_resource_scale":1.0,
  "cap_base_min":500,
  "cap_base_max":700,
  "cap_scale":0.2,
  "total_arrivals":1444,
  "total_accepted":156,
  "total_rejected":1288,
  "acceptance_ratio":0.108033241,
  "avg_cost_per_arrival":1.7770091736,
  "total_cost":2566.0012466894,
  "total_cost_resource":1227.0012466894,
  "avg_cost_per_accepted":16.4487259403,
  "final_utilization":0.0277251161,
  "avg_utilization_over_time":0.0190267004,
  "avg_leftover_capacity_sum_over_time":373281.3333333333,
  "final_leftover_capacity_sum":369971.4,
  "final_leftover_capacity_min":0.8666666667,
  "final_leftover_capacity_max":2234.4,
  "final_leftover_capacity_avg":1178.252866242,
  "avg_e2e_delay_accepted":0.0511312414,
  "p95_e2e_delay_accepted":0.1039832647,
  "avg_access_delay_accepted":0.0079029209,
  "avg_processing_delay_accepted":0.0220256724,
  "avg_network_delay_accepted":0.0157646127,
  "avg_split_proc_overhead_accepted":9.201818438e-19,
  "avg_split_net_overhead_accepted":0.0,
  "total_transmitted_bits_accepted":176320617.7328295708,
  "avg_transmitted_bits_per_accepted":1130260.3700822408,
  "total_split_transmitted_bits_accepted":104851192.2951930761,
  "avg_split_transmitted_bits_per_accepted":672123.0275332889,
  "avg_split_overhead_ratio_accepted":1.518224583e-17,
  "p95_split_overhead_ratio_accepted":8.344188707e-17,
  "rga_accepted_total":156,
  "rga_rejected_total":1288,
  "rga_rejection_ratio":0.891966759,
  "mdca_rejected_total":0,
  "mdca_capacity_rejected_total":0,
  "mdca_reliability_rejected_total":0,
  "mdca_qos_rejected_total":0,
  "mdca_rejection_ratio":0.0,
  "capacity_rejection_ratio":0.0,
  "reliability_rejection_ratio":0.0,
  "qos_rejected_total":0,
  "qos_rejection_ratio":0.0
}