{
  "algo":"hspa",
  "region":"Arizona",
  "time_slots":120,
  "arrival_rate":20.0,
  "mean_service_time":9.0,
  "seed":3,
  "trace_seed":5589002386809309175,
  "algo_seed":5690859720453196328,
  "trace_hash":"df334feac661052b659488d0392a8eb269274e732ec81eb8afc920e07b15410e",
  "arrivals_per_slot":[
    21,
    14,
    19,
    19,
    19,
    23,
    24,
    16,
    20,
    21,
    25,
    24,
    17,
    22,
    13,
    20,
    17,
    20,
    13,
    23,
    11,
    19,
    19,
    18,
    10,
    22,
    19,
    16,
    23,
    13,
    21,
    18,
    19,
    11,
    19,
    13,
    18,
    15,
    20,
    24,
    16,
    20,
    17,
    23,
    25,
    14,
    20,
    20,
    21,
    18,
    21,
    14,
    17,
    21,
    24,
    25,
    23,
    21,
    19,
    21,
    17,
    23,
    20,
    20,
    13,
    23,
    30,
    19,
    27,
    24,
    19,
    21,
    16,
    23,
    21,
    25,
    15,
    21,
    17,
    17,
    16,
    13,
    29,
    16,
    16,
    23,
    16,
    18,
    19,
    23,
    17,
    23,
    21,
    13,
    15,
    22,
    21,
    17,
    19,
    23,
    24,
    22,
    16,
    17,
    15,
    28,
    24,
    22,
    15,
    16,
    15,
    15,
    24,
    19,
    23,
    30,
    14,
    19,
    19,
    15
  ],
  "diversity":false,
  "p_split":null,
  "split_reliability_mode":null,
  "mechanism":null,
  "fixed_sfc_len":4,
  "fixed_reliability":null,
  "max_backup_level":2,
  "explicit_split_replicas":false,
  "split_enforce_distinct":false,
  "strict_split_resource_ablation":false,
  "split_replica_resource_scale":1.0,
  "cap_base_min":500,
  "cap_base_max":700,
  "cap_scale":0.2,
  "total_arrivals":2321,
  "total_accepted":2289,
  "total_rejected":32,
  "acceptance_ratio":0.9862128393,
  "avg_cost_per_arrival":67.0323071804,
  "total_cost":155581.9849656641,
  "total_cost_resource":115272.9849656642,
  "avg_cost_per_accepted":67.9694123922,
  "final_utilization":0.7649590097,
  "avg_utilization_over_time":0.7587929468,
  "avg_leftover_capacity_sum_over_time":91456.7416666667,
  "final_leftover_capacity_sum":89118.8,
  "final_leftover_capacity_min":0.0,
  "final_leftover_capacity_max":2083.2,
  "final_leftover_capacity_avg":283.8178343949,
  "avg_e2e_delay_accepted":0.0853002158,
  "p95_e2e_delay_accepted":0.1369408219,
  "avg_access_delay_accepted":0.0080801855,
  "avg_processing_delay_accepted":0.0645432964,
  "avg_network_delay_accepted":0.0126767339,
  "avg_split_proc_overhead_accepted":0.0,
  "avg_split_net_overhead_accepted":0.0,
  "total_transmitted_bits_accepted":4605175590.5599441528,
  "avg_transmitted_bits_per_accepted":2011872.2545041258,
  "total_split_transmitted_bits_accepted":0.0,
  "avg_split_transmitted_bits_per_accepted":0.0,
  "avg_split_overhead_ratio_accepted":0.0,
  "p95_split_overhead_ratio_accepted":0.0,
  "rga_accepted_total":2321,
  "rga_rejected_total":0,
  "rga_rejection_ratio":0.0,
  "mdca_rejected_total":32,
  "mdca_capacity_rejected_total":0,
  "mdca_reliability_rejected_total":0,
  "mdca_qos_rejected_total":32,
  "mdca_rejection_ratio":0.0137871607,
  "capacity_rejection_ratio":0.0,
  "reliability_rejection_ratio":0.0,
  "qos_rejected_total":32,
  "qos_rejection_ratio":0.0137871607
}