{
  "algo":"random",
  "region":"Arizona",
  "time_slots":120,
  "arrival_rate":30.0,
  "mean_service_time":9.0,
  "seed":2,
  "trace_seed":5465732438030601949,
  "algo_seed":8689418211928376907,
  "trace_hash":"93e3c519ad3112924a3831a750fce62ffa1a60f9b57e41018f74b20393cd028b",
  "arrivals_per_slot":[
    32,
    30,
    29,
    33,
    35,
    27,
    25,
    31,
    18,
    24,
    29,
    26,
    28,
    27,
    32,
    31,
    36,
    28,
    33,
    24,
    23,
    41,
    31,
    27,
    24,
    24,
    36,
    33,
    34,
    34,
    33,
    24,
    26,
    28,
    27,
    35,
    29,
    29,
    26,
    20,
    34,
    32,
    25,
    35,
    29,
    36,
    28,
    26,
    31,
    33,
    30,
    29,
    36,
    25,
    28,
    36,
    27,
    32,
    27,
    31,
    24,
    32,
    32,
    28,
    25,
    32,
    31,
    32,
    31,
    28,
    30,
    35,
    20,
    26,
    41,
    28,
    31,
    39,
    26,
    32,
    30,
    36,
    34,
    30,
    28,
    37,
    34,
    24,
    24,
    31,
    29,
    27,
    29,
    30,
    34,
    33,
    37,
    47,
    26,
    29,
    26,
    20,
    29,
    26,
    44,
    33,
    28,
    34,
    27,
    29,
    34,
    25,
    31,
    32,
    34,
    33,
    32,
    28,
    27,
    31
  ],
  "diversity":false,
  "p_split":null,
  "split_reliability_mode":null,
  "mechanism":null,
  "fixed_sfc_len":null,
  "fixed_reliability":null,
  "max_backup_level":2,
  "explicit_split_replicas":false,
  "split_enforce_distinct":false,
  "strict_split_resource_ablation":false,
  "split_replica_resource_scale":1.0,
  "cap_base_min":500,
  "cap_base_max":700,
  "cap_scale":0.2,
  "total_arrivals":3607,
  "total_accepted":3326,
  "total_rejected":281,
  "acceptance_ratio":0.9220959246,
  "avg_cost_per_arrival":52.8757651009,
  "total_cost":190722.8847188552,
  "total_cost_resource":145842.8847188553,
  "avg_cost_per_accepted":57.3430200598,
  "final_utilization":0.9269226734,
  "avg_utilization_over_time":0.8721364505,
  "avg_leftover_capacity_sum_over_time":48499.6416666667,
  "final_leftover_capacity_sum":27718.8,
  "final_leftover_capacity_min":0.8,
  "final_leftover_capacity_max":378.0,
  "final_leftover_capacity_avg":88.276433121,
  "avg_e2e_delay_accepted":0.064684181,
  "p95_e2e_delay_accepted":0.1264932623,
  "avg_access_delay_accepted":0.0080532549,
  "avg_processing_delay_accepted":0.0475703243,
  "avg_network_delay_accepted":0.0090606019,
  "avg_split_proc_overhead_accepted":0.0,
  "avg_split_net_overhead_accepted":0.0,
  "total_transmitted_bits_accepted":4851855044.2965106964,
  "avg_transmitted_bits_per_accepted":1458765.7980446515,
  "total_split_transmitted_bits_accepted":0.0,
  "avg_split_transmitted_bits_per_accepted":0.0,
  "avg_split_overhead_ratio_accepted":0.0,
  "p95_split_overhead_ratio_accepted":0.0,
  "rga_accepted_total":3607,
  "rga_rejected_total":0,
  "rga_rejection_ratio":0.0,
  "mdca_rejected_total":281,
  "mdca_capacity_rejected_total":247,
  "mdca_reliability_rejected_total":0,
  "mdca_qos_rejected_total":34,
  "mdca_rejection_ratio":0.0779040754,
  "capacity_rejection_ratio":0.0684779595,
  "reliability_rejection_ratio":0.0,
  "qos_rejected_total":34,
  "qos_rejection_ratio":0.0094261159
}