{
  "algo":"mdca",
  "region":"Alabama",
  "time_slots":120,
  "arrival_rate":30.0,
  "mean_service_time":9.0,
  "seed":5,
  "trace_seed":2730545016184141358,
  "algo_seed":10056931585136477576,
  "trace_hash":"308e62c0e7dbde8e1a7cf586d40b0c79e4fa6504bf578294733a21b69a4c6c49",
  "arrivals_per_slot":[
    28,
    35,
    26,
    34,
    26,
    26,
    22,
    42,
    33,
    27,
    33,
    31,
    31,
    28,
    41,
    41,
    25,
    26,
    27,
    42,
    31,
    19,
    26,
    16,
    37,
    29,
    26,
    32,
    31,
    26,
    37,
    29,
    38,
    33,
    36,
    22,
    37,
    36,
    31,
    35,
    28,
    21,
    30,
    35,
    41,
    23,
    30,
    27,
    37,
    33,
    29,
    32,
    24,
    38,
    28,
    34,
    31,
    26,
    31,
    31,
    24,
    32,
    29,
    27,
    27,
    28,
    33,
    28,
    32,
    31,
    28,
    36,
    31,
    34,
    24,
    23,
    37,
    31,
    32,
    20,
    33,
    37,
    26,
    38,
    23,
    28,
    33,
    26,
    29,
    23,
    25,
    31,
    30,
    29,
    25,
    29,
    34,
    25,
    38,
    24,
    29,
    28,
    33,
    30,
    44,
    25,
    20,
    28,
    25,
    31,
    28,
    27,
    35,
    27,
    27,
    33,
    30,
    28,
    37,
    29
  ],
  "diversity":false,
  "p_split":null,
  "split_reliability_mode":null,
  "split_recovery_coverage":null,
  "split_workload_shares":null,
  "mechanism":null,
  "fixed_sfc_len":3,
  "fixed_reliability":0.999,
  "max_backup_level":2,
  "explicit_split_replicas":false,
  "split_enforce_distinct":false,
  "strict_split_resource_ablation":false,
  "split_replica_resource_scale":1.0,
  "backhaul_knn_k":4,
  "backhaul_use_device_bw":true,
  "backhaul_bw_scale":0.5,
  "fiber_speed_mps":200000000.0,
  "switch_delay_s":0.0002,
  "region_cloudlet_count":137,
  "cap_base_min":500,
  "cap_base_max":700,
  "cap_scale":0.2,
  "total_arrivals":3607,
  "total_accepted":1488,
  "total_rejected":2119,
  "acceptance_ratio":0.4125311894,
  "avg_cost_per_arrival":26.0620147098,
  "total_cost":94005.6870580794,
  "total_cost_resource":68848.6870580794,
  "avg_cost_per_accepted":63.1758649584,
  "final_utilization":0.9530109246,
  "avg_utilization_over_time":0.9389862068,
  "avg_leftover_capacity_sum_over_time":10519.925,
  "final_leftover_capacity_sum":8101.8,
  "final_leftover_capacity_min":0.0,
  "final_leftover_capacity_max":799.8,
  "final_leftover_capacity_avg":59.1372262774,
  "avg_e2e_delay_accepted":0.0718484877,
  "p95_e2e_delay_accepted":0.1168161104,
  "avg_access_delay_accepted":0.0080256984,
  "avg_processing_delay_accepted":0.0564844872,
  "avg_network_delay_accepted":0.0073383021,
  "avg_split_proc_overhead_accepted":0.0,
  "avg_split_net_overhead_accepted":0.0,
  "total_transmitted_bits_accepted":1867943657.7041053772,
  "avg_transmitted_bits_per_accepted":1255338.4796398557,
  "total_split_transmitted_bits_accepted":0.0,
  "avg_split_transmitted_bits_per_accepted":0.0,
  "avg_split_overhead_ratio_accepted":0.0,
  "p95_split_overhead_ratio_accepted":0.0,
  "rga_accepted_total":2306,
  "rga_rejected_total":1301,
  "rga_rejection_ratio":0.360687552,
  "mdca_rejected_total":818,
  "mdca_capacity_rejected_total":812,
  "mdca_reliability_rejected_total":0,
  "mdca_qos_rejected_total":6,
  "mdca_rejection_ratio":0.2267812587,
  "capacity_rejection_ratio":0.2251178264,
  "reliability_rejection_ratio":0.0,
  "qos_rejected_total":6,
  "qos_rejection_ratio":0.0016634322
}