{
  "algo":"mdca",
  "region":"Alabama",
  "time_slots":120,
  "arrival_rate":30.0,
  "mean_service_time":9.0,
  "seed":2,
  "trace_seed":96091832735503131,
  "algo_seed":1988428424119012433,
  "trace_hash":"f7670d2982795c4db5eb13846ec40f61a28c8d139159ef4841fe499e7dba92b6",
  "arrivals_per_slot":[
    29,
    34,
    27,
    21,
    23,
    26,
    32,
    28,
    22,
    30,
    32,
    34,
    32,
    29,
    28,
    29,
    30,
    30,
    34,
    32,
    27,
    27,
    37,
    33,
    37,
    24,
    37,
    37,
    28,
    33,
    23,
    29,
    26,
    27,
    29,
    36,
    35,
    32,
    30,
    32,
    31,
    34,
    39,
    24,
    32,
    30,
    39,
    35,
    37,
    27,
    28,
    30,
    32,
    31,
    30,
    30,
    28,
    29,
    33,
    34,
    35,
    23,
    27,
    40,
    24,
    34,
    29,
    33,
    33,
    33,
    24,
    25,
    25,
    30,
    32,
    27,
    31,
    29,
    26,
    26,
    33,
    21,
    28,
    45,
    29,
    27,
    20,
    28,
    34,
    35,
    30,
    35,
    36,
    25,
    24,
    27,
    27,
    27,
    39,
    23,
    31,
    28,
    30,
    35,
    25,
    23,
    40,
    30,
    26,
    33,
    27,
    22,
    28,
    34,
    32,
    39,
    30,
    33,
    31,
    30
  ],
  "diversity":true,
  "p_split":0.3,
  "split_reliability_mode":"identical_active_pool",
  "split_recovery_coverage":1.0,
  "split_workload_shares":"0.5,0.5",
  "mechanism":null,
  "fixed_sfc_len":3,
  "fixed_reliability":0.999,
  "max_backup_level":2,
  "explicit_split_replicas":true,
  "split_enforce_distinct":false,
  "strict_split_resource_ablation":false,
  "split_replica_resource_scale":1.0,
  "backhaul_knn_k":4,
  "backhaul_use_device_bw":true,
  "backhaul_bw_scale":0.5,
  "fiber_speed_mps":200000000.0,
  "switch_delay_s":0.0002,
  "region_cloudlet_count":137,
  "cap_base_min":500,
  "cap_base_max":700,
  "cap_scale":0.2,
  "total_arrivals":3620,
  "total_accepted":1668,
  "total_rejected":1952,
  "acceptance_ratio":0.4607734807,
  "avg_cost_per_arrival":28.0849751384,
  "total_cost":101667.6100009745,
  "total_cost_resource":72655.6100009745,
  "avg_cost_per_accepted":60.9518045569,
  "final_utilization":0.9701483136,
  "avg_utilization_over_time":0.9528938486,
  "avg_leftover_capacity_sum_over_time":8226.1472222222,
  "final_leftover_capacity_sum":5213.0,
  "final_leftover_capacity_min":1.5333333333,
  "final_leftover_capacity_max":225.7333333333,
  "final_leftover_capacity_avg":38.0510948905,
  "avg_e2e_delay_accepted":0.0768987937,
  "p95_e2e_delay_accepted":0.1221574907,
  "avg_access_delay_accepted":0.0080640099,
  "avg_processing_delay_accepted":0.050286449,
  "avg_network_delay_accepted":0.0135061793,
  "avg_split_proc_overhead_accepted":8.031416093e-19,
  "avg_split_net_overhead_accepted":0.0,
  "total_transmitted_bits_accepted":3137974096.6884741783,
  "avg_transmitted_bits_per_accepted":1881279.4344655122,
  "total_split_transmitted_bits_accepted":856626813.5865904093,
  "avg_split_transmitted_bits_per_accepted":513565.2359631837,
  "avg_split_overhead_ratio_accepted":9.752406801e-18,
  "p95_split_overhead_ratio_accepted":5.475981219e-17,
  "rga_accepted_total":2898,
  "rga_rejected_total":722,
  "rga_rejection_ratio":0.1994475138,
  "mdca_rejected_total":1230,
  "mdca_capacity_rejected_total":1213,
  "mdca_reliability_rejected_total":1,
  "mdca_qos_rejected_total":16,
  "mdca_rejection_ratio":0.3397790055,
  "capacity_rejection_ratio":0.3350828729,
  "reliability_rejection_ratio":0.0002762431,
  "qos_rejected_total":16,
  "qos_rejection_ratio":0.0044198895
}