region,fixed_reliability,seed,method,share,share_tag,domain_count,domain_failure_prob,total_accepted,expected_target_satisfaction_ratio,expected_reliability,expected_reliability_loss
Arizona,0.99,4,DMDCA,"0.5,0.5",0p5_0p5,6,0.0,1425,1.0,0.9941349932157416,2.220446049250313e-16
Arizona,0.99,4,DMDCA,"0.5,0.5",0p5_0p5,6,0.01,1425,0.9682600903357448,0.9851413329506286,0.008993660265113279
Arizona,0.99,4,DMDCA,"0.5,0.5",0p5_0p5,6,0.03,1425,0.9072955651145073,0.9666995468275995,0.027435446388142326
Arizona,0.99,4,DMDCA,"0.5,0.5",0p5_0p5,6,0.05,1425,0.8495634047916663,0.9476810266096791,0.04645396660606271
Arizona,0.99,4,MDCA,nan,nan,6,0.0,1431,1.0,0.9941610738524658,3.3306690738754696e-16
Arizona,0.99,4,MDCA,nan,nan,6,0.01,1431,0.9685498992408306,0.9841460497159819,0.010015024136484252
Arizona,0.99,4,MDCA,nan,nan,6,0.03,1431,0.9081313857618527,0.9637431793833761,0.030417894469090045
Arizona,0.99,4,MDCA,nan,nan,6,0.05,1431,0.8509028951345212,0.9428710764771703,0.051289997375295826
