{
  "algo":"mdca",
  "region":"Alabama",
  "time_slots":120,
  "arrival_rate":12.0,
  "mean_service_time":9.0,
  "seed":3,
  "trace_seed":17806895731887238816,
  "algo_seed":15868857010820782473,
  "trace_hash":"5a7e3f5237b75a4d5f307c3d52b18b74fc5f48ea0683f162bb99bed44a61803a",
  "arrivals_per_slot":[
    14,
    9,
    13,
    14,
    17,
    12,
    13,
    9,
    10,
    20,
    12,
    16,
    11,
    19,
    7,
    11,
    8,
    16,
    7,
    8,
    19,
    12,
    11,
    8,
    14,
    11,
    15,
    14,
    13,
    10,
    12,
    14,
    11,
    12,
    12,
    16,
    8,
    15,
    4,
    13,
    7,
    14,
    5,
    14,
    8,
    9,
    8,
    11,
    8,
    11,
    10,
    19,
    9,
    8,
    11,
    9,
    12,
    12,
    13,
    6,
    17,
    10,
    15,
    8,
    16,
    6,
    16,
    13,
    10,
    15,
    12,
    15,
    13,
    6,
    9,
    13,
    10,
    12,
    10,
    10,
    13,
    14,
    9,
    13,
    10,
    14,
    13,
    14,
    20,
    19,
    13,
    8,
    12,
    10,
    15,
    13,
    21,
    2,
    14,
    10,
    17,
    24,
    13,
    6,
    13,
    12,
    5,
    15,
    14,
    10,
    16,
    12,
    11,
    11,
    8,
    18,
    13,
    15,
    11,
    13
  ],
  "diversity":true,
  "p_split":0.3,
  "split_reliability_mode":"identical_active_pool",
  "mechanism":null,
  "fixed_sfc_len":null,
  "fixed_reliability":0.96,
  "max_backup_level":2,
  "explicit_split_replicas":true,
  "split_enforce_distinct":false,
  "strict_split_resource_ablation":false,
  "split_replica_resource_scale":1.0,
  "cap_base_min":500,
  "cap_base_max":700,
  "cap_scale":0.2,
  "total_arrivals":1444,
  "total_accepted":1424,
  "total_rejected":20,
  "acceptance_ratio":0.9861495845,
  "avg_cost_per_arrival":38.2552463501,
  "total_cost":55240.5757295999,
  "total_cost_resource":39116.5757295999,
  "avg_cost_per_accepted":38.792539136,
  "final_utilization":0.6695313095,
  "avg_utilization_over_time":0.5993592676,
  "avg_leftover_capacity_sum_over_time":69770.0611111111,
  "final_leftover_capacity_sum":57549.8666666667,
  "final_leftover_capacity_min":0.3333333333,
  "final_leftover_capacity_max":2204.8,
  "final_leftover_capacity_avg":420.0720194647,
  "avg_e2e_delay_accepted":0.0678377045,
  "p95_e2e_delay_accepted":0.1297708005,
  "avg_access_delay_accepted":0.0080384692,
  "avg_processing_delay_accepted":0.0436565779,
  "avg_network_delay_accepted":0.0124693064,
  "avg_split_proc_overhead_accepted":6.544804687e-19,
  "avg_split_net_overhead_accepted":0.0,
  "total_transmitted_bits_accepted":2526566483.5309357643,
  "avg_transmitted_bits_per_accepted":1774274.2159627357,
  "total_split_transmitted_bits_accepted":570961663.7420320511,
  "avg_split_transmitted_bits_per_accepted":400956.2245379438,
  "avg_split_overhead_ratio_accepted":8.434919956e-18,
  "p95_split_overhead_ratio_accepted":5.226415353e-17,
  "rga_accepted_total":1444,
  "rga_rejected_total":0,
  "rga_rejection_ratio":0.0,
  "mdca_rejected_total":20,
  "mdca_capacity_rejected_total":0,
  "mdca_reliability_rejected_total":0,
  "mdca_qos_rejected_total":20,
  "mdca_rejection_ratio":0.0138504155,
  "capacity_rejection_ratio":0.0,
  "reliability_rejection_ratio":0.0,
  "qos_rejected_total":20,
  "qos_rejection_ratio":0.0138504155
}