{
  "algo":"mdca",
  "region":"Arizona",
  "time_slots":120,
  "arrival_rate":12.0,
  "mean_service_time":9.0,
  "seed":1,
  "trace_seed":12774602360984664964,
  "algo_seed":3737587677167370884,
  "trace_hash":"fca8186ed353f736e70d2ebc525ef2216fcb39282cb193dbf5164b4bf5f85798",
  "arrivals_per_slot":[
    6,
    8,
    7,
    9,
    8,
    14,
    13,
    13,
    11,
    16,
    6,
    17,
    4,
    7,
    13,
    16,
    13,
    14,
    11,
    10,
    8,
    13,
    12,
    12,
    19,
    11,
    14,
    18,
    9,
    15,
    11,
    11,
    18,
    10,
    12,
    14,
    20,
    8,
    7,
    13,
    16,
    12,
    11,
    15,
    12,
    15,
    9,
    9,
    13,
    9,
    14,
    7,
    12,
    11,
    8,
    17,
    19,
    9,
    11,
    20,
    14,
    16,
    11,
    11,
    11,
    16,
    12,
    11,
    16,
    9,
    14,
    12,
    14,
    21,
    9,
    12,
    12,
    14,
    16,
    21,
    9,
    9,
    11,
    10,
    17,
    14,
    10,
    14,
    9,
    15,
    10,
    10,
    13,
    7,
    8,
    16,
    14,
    11,
    13,
    11,
    13,
    12,
    11,
    9,
    12,
    15,
    19,
    12,
    13,
    12,
    8,
    10,
    8,
    14,
    13,
    10,
    7,
    14,
    12,
    9
  ],
  "diversity":false,
  "p_split":null,
  "split_reliability_mode":null,
  "split_recovery_coverage":null,
  "split_workload_shares":null,
  "mechanism":null,
  "fixed_sfc_len":null,
  "fixed_reliability":0.9,
  "max_backup_level":2,
  "explicit_split_replicas":false,
  "split_enforce_distinct":false,
  "strict_split_resource_ablation":false,
  "split_replica_resource_scale":1.0,
  "backhaul_knn_k":4,
  "backhaul_use_device_bw":true,
  "backhaul_bw_scale":0.5,
  "fiber_speed_mps":200000000.0,
  "switch_delay_s":0.0002,
  "region_cloudlet_count":314,
  "cap_base_min":500,
  "cap_base_max":700,
  "cap_scale":0.2,
  "total_arrivals":1456,
  "total_accepted":1440,
  "total_rejected":16,
  "acceptance_ratio":0.989010989,
  "avg_cost_per_arrival":23.411067462,
  "total_cost":34086.5142246963,
  "total_cost_resource":21222.5142246963,
  "avg_cost_per_accepted":23.6711904338,
  "final_utilization":0.2588130866,
  "avg_utilization_over_time":0.2420316299,
  "avg_leftover_capacity_sum_over_time":286232.8083333334,
  "final_leftover_capacity_sum":279895.6,
  "final_leftover_capacity_min":1.0,
  "final_leftover_capacity_max":2610.6,
  "final_leftover_capacity_avg":891.3872611465,
  "avg_e2e_delay_accepted":0.0647353459,
  "p95_e2e_delay_accepted":0.128908019,
  "avg_access_delay_accepted":0.0081194011,
  "avg_processing_delay_accepted":0.0480561995,
  "avg_network_delay_accepted":0.0085597453,
  "avg_split_proc_overhead_accepted":0.0,
  "avg_split_net_overhead_accepted":0.0,
  "total_transmitted_bits_accepted":1889096010.292039156,
  "avg_transmitted_bits_per_accepted":1311872.2293694715,
  "total_split_transmitted_bits_accepted":0.0,
  "avg_split_transmitted_bits_per_accepted":0.0,
  "avg_split_overhead_ratio_accepted":0.0,
  "p95_split_overhead_ratio_accepted":0.0,
  "rga_accepted_total":1456,
  "rga_rejected_total":0,
  "rga_rejection_ratio":0.0,
  "mdca_rejected_total":16,
  "mdca_capacity_rejected_total":0,
  "mdca_reliability_rejected_total":0,
  "mdca_qos_rejected_total":16,
  "mdca_rejection_ratio":0.010989011,
  "capacity_rejection_ratio":0.0,
  "reliability_rejection_ratio":0.0,
  "qos_rejected_total":16,
  "qos_rejection_ratio":0.010989011,
  "placement_trace_path":"D:\\Study\\Code_1\\paper_data\\workload_sharing_sensitivity\\Arizona\\R0p900\\MDCA\\seed1\\placement_trace_Arizona_mdca_seed1.json"
}