{
  "algo":"hspa",
  "region":"Arizona",
  "time_slots":120,
  "arrival_rate":10.0,
  "mean_service_time":9.0,
  "seed":2,
  "trace_seed":5633066817210829523,
  "algo_seed":3829126596154728036,
  "trace_hash":"2ef2f2d16ed606cb28f63ab65c9b0f77e9979107e14b782e21ddba712e957afa",
  "arrivals_per_slot":[
    9,
    11,
    8,
    6,
    9,
    5,
    9,
    9,
    4,
    5,
    5,
    10,
    7,
    9,
    7,
    11,
    10,
    6,
    11,
    8,
    8,
    3,
    8,
    2,
    10,
    17,
    6,
    15,
    12,
    15,
    14,
    13,
    9,
    10,
    11,
    9,
    10,
    11,
    9,
    9,
    13,
    8,
    11,
    9,
    4,
    14,
    5,
    11,
    9,
    7,
    3,
    15,
    12,
    7,
    11,
    8,
    10,
    10,
    10,
    12,
    10,
    5,
    13,
    11,
    6,
    10,
    7,
    14,
    9,
    8,
    8,
    9,
    11,
    8,
    6,
    11,
    10,
    8,
    8,
    12,
    9,
    6,
    11,
    8,
    12,
    8,
    7,
    13,
    10,
    8,
    14,
    7,
    11,
    8,
    7,
    9,
    10,
    14,
    9,
    7,
    12,
    9,
    10,
    15,
    8,
    7,
    8,
    9,
    12,
    9,
    8,
    11,
    8,
    13,
    10,
    15,
    10,
    9,
    8,
    10
  ],
  "diversity":false,
  "p_split":null,
  "split_reliability_mode":null,
  "mechanism":null,
  "fixed_sfc_len":null,
  "fixed_reliability":null,
  "max_backup_level":2,
  "explicit_split_replicas":false,
  "split_enforce_distinct":false,
  "strict_split_resource_ablation":false,
  "split_replica_resource_scale":1.0,
  "cap_base_min":500,
  "cap_base_max":700,
  "cap_scale":0.2,
  "total_arrivals":1122,
  "total_accepted":1111,
  "total_rejected":11,
  "acceptance_ratio":0.9901960784,
  "avg_cost_per_arrival":35.7237687272,
  "total_cost":40082.0685119516,
  "total_cost_resource":26064.0685119516,
  "avg_cost_per_accepted":36.0774694077,
  "final_utilization":0.329968368,
  "avg_utilization_over_time":0.2672618031,
  "avg_leftover_capacity_sum_over_time":275518.2083333333,
  "final_leftover_capacity_sum":251939.8,
  "final_leftover_capacity_min":0.0,
  "final_leftover_capacity_max":2240.0,
  "final_leftover_capacity_avg":802.3560509554,
  "avg_e2e_delay_accepted":0.0661081981,
  "p95_e2e_delay_accepted":0.1296418903,
  "avg_access_delay_accepted":0.0080014184,
  "avg_processing_delay_accepted":0.0497707237,
  "avg_network_delay_accepted":0.008336056,
  "avg_split_proc_overhead_accepted":0.0,
  "avg_split_net_overhead_accepted":0.0,
  "total_transmitted_bits_accepted":1471067143.9234800339,
  "avg_transmitted_bits_per_accepted":1324092.8388150136,
  "total_split_transmitted_bits_accepted":0.0,
  "avg_split_transmitted_bits_per_accepted":0.0,
  "avg_split_overhead_ratio_accepted":0.0,
  "p95_split_overhead_ratio_accepted":0.0,
  "rga_accepted_total":1122,
  "rga_rejected_total":0,
  "rga_rejection_ratio":0.0,
  "mdca_rejected_total":11,
  "mdca_capacity_rejected_total":0,
  "mdca_reliability_rejected_total":0,
  "mdca_qos_rejected_total":11,
  "mdca_rejection_ratio":0.0098039216,
  "capacity_rejection_ratio":0.0,
  "reliability_rejection_ratio":0.0,
  "qos_rejected_total":11,
  "qos_rejection_ratio":0.0098039216
}