{
  "algo":"mdca",
  "region":"Arizona",
  "time_slots":120,
  "arrival_rate":30.0,
  "mean_service_time":9.0,
  "seed":4,
  "trace_seed":15836381511804404909,
  "algo_seed":14420759781778004277,
  "trace_hash":"d2a13c86093af34d251cf415c8a63830a971a5c03c6a6a7636156f266f0ec9b6",
  "arrivals_per_slot":[
    21,
    31,
    21,
    30,
    42,
    35,
    25,
    21,
    21,
    35,
    33,
    26,
    35,
    25,
    27,
    29,
    28,
    31,
    23,
    30,
    31,
    28,
    30,
    37,
    30,
    28,
    31,
    27,
    28,
    38,
    30,
    37,
    35,
    19,
    34,
    30,
    51,
    24,
    31,
    24,
    34,
    22,
    28,
    24,
    24,
    38,
    42,
    22,
    25,
    31,
    40,
    24,
    25,
    29,
    28,
    27,
    28,
    29,
    15,
    38,
    32,
    28,
    23,
    35,
    26,
    27,
    30,
    26,
    30,
    27,
    24,
    21,
    27,
    30,
    27,
    31,
    20,
    38,
    22,
    34,
    34,
    45,
    39,
    30,
    21,
    34,
    32,
    29,
    33,
    37,
    23,
    29,
    28,
    28,
    32,
    31,
    35,
    24,
    27,
    32,
    31,
    36,
    40,
    34,
    38,
    30,
    30,
    34,
    26,
    23,
    34,
    29,
    28,
    25,
    23,
    25,
    26,
    35,
    33,
    29
  ],
  "diversity":false,
  "p_split":null,
  "split_reliability_mode":null,
  "split_recovery_coverage":null,
  "split_workload_shares":null,
  "mechanism":null,
  "fixed_sfc_len":3,
  "fixed_reliability":0.999,
  "max_backup_level":2,
  "explicit_split_replicas":false,
  "split_enforce_distinct":false,
  "strict_split_resource_ablation":false,
  "split_replica_resource_scale":1.0,
  "backhaul_knn_k":4,
  "backhaul_use_device_bw":true,
  "backhaul_bw_scale":0.5,
  "fiber_speed_mps":200000000.0,
  "switch_delay_s":0.0002,
  "region_cloudlet_count":200,
  "cap_base_min":500,
  "cap_base_max":700,
  "cap_scale":0.2,
  "total_arrivals":3555,
  "total_accepted":1951,
  "total_rejected":1604,
  "acceptance_ratio":0.5488045007,
  "avg_cost_per_arrival":38.0665235429,
  "total_cost":135326.4911949819,
  "total_cost_resource":102019.4911949819,
  "avg_cost_per_accepted":69.3626300333,
  "final_utilization":0.9432458486,
  "avg_utilization_over_time":0.9145235633,
  "avg_leftover_capacity_sum_over_time":20730.925,
  "final_leftover_capacity_sum":13764.8,
  "final_leftover_capacity_min":0.2,
  "final_leftover_capacity_max":1365.6,
  "final_leftover_capacity_avg":68.824,
  "avg_e2e_delay_accepted":0.0663401014,
  "p95_e2e_delay_accepted":0.1113570413,
  "avg_access_delay_accepted":0.0080313235,
  "avg_processing_delay_accepted":0.0505601251,
  "avg_network_delay_accepted":0.0077486527,
  "avg_split_proc_overhead_accepted":0.0,
  "avg_split_net_overhead_accepted":0.0,
  "total_transmitted_bits_accepted":2525739162.7352523804,
  "avg_transmitted_bits_per_accepted":1294586.9619350345,
  "total_split_transmitted_bits_accepted":0.0,
  "avg_split_transmitted_bits_per_accepted":0.0,
  "avg_split_overhead_ratio_accepted":0.0,
  "p95_split_overhead_ratio_accepted":0.0,
  "rga_accepted_total":2325,
  "rga_rejected_total":1230,
  "rga_rejection_ratio":0.3459915612,
  "mdca_rejected_total":374,
  "mdca_capacity_rejected_total":367,
  "mdca_reliability_rejected_total":0,
  "mdca_qos_rejected_total":7,
  "mdca_rejection_ratio":0.1052039381,
  "capacity_rejection_ratio":0.1032348805,
  "reliability_rejection_ratio":0.0,
  "qos_rejected_total":7,
  "qos_rejection_ratio":0.0019690577
}