{
  "algo":"mdca",
  "region":"Arizona",
  "time_slots":120,
  "arrival_rate":20.0,
  "mean_service_time":9.0,
  "seed":2,
  "trace_seed":4498339421741185661,
  "algo_seed":4836232127056779440,
  "trace_hash":"ab9177c32d194b43f9365de6ab0ecb7be51f39c031441bec4f1bb4fc27098b8a",
  "arrivals_per_slot":[
    20,
    21,
    20,
    24,
    17,
    20,
    20,
    19,
    15,
    15,
    18,
    20,
    21,
    18,
    19,
    20,
    24,
    21,
    22,
    20,
    32,
    27,
    16,
    22,
    22,
    21,
    21,
    16,
    21,
    36,
    17,
    20,
    20,
    11,
    27,
    15,
    15,
    21,
    25,
    21,
    20,
    16,
    21,
    14,
    19,
    23,
    19,
    15,
    20,
    24,
    22,
    13,
    19,
    18,
    23,
    20,
    13,
    18,
    27,
    31,
    17,
    20,
    28,
    31,
    26,
    20,
    15,
    17,
    21,
    20,
    22,
    22,
    25,
    21,
    24,
    26,
    21,
    23,
    17,
    19,
    22,
    26,
    26,
    14,
    17,
    22,
    27,
    14,
    16,
    19,
    8,
    22,
    16,
    24,
    23,
    16,
    25,
    21,
    21,
    19,
    19,
    14,
    10,
    20,
    21,
    24,
    26,
    13,
    29,
    22,
    24,
    30,
    13,
    20,
    24,
    15,
    17,
    12,
    18,
    10
  ],
  "diversity":true,
  "p_split":0.3,
  "split_reliability_mode":"identical_active_pool",
  "split_recovery_coverage":1.0,
  "split_workload_shares":"0.5,0.5",
  "mechanism":null,
  "fixed_sfc_len":3,
  "fixed_reliability":0.999,
  "max_backup_level":2,
  "explicit_split_replicas":true,
  "split_enforce_distinct":false,
  "strict_split_resource_ablation":false,
  "split_replica_resource_scale":1.0,
  "backhaul_knn_k":4,
  "backhaul_use_device_bw":true,
  "backhaul_bw_scale":0.5,
  "fiber_speed_mps":200000000.0,
  "switch_delay_s":0.0002,
  "region_cloudlet_count":314,
  "cap_base_min":500,
  "cap_base_max":700,
  "cap_scale":0.2,
  "total_arrivals":2429,
  "total_accepted":1949,
  "total_rejected":480,
  "acceptance_ratio":0.8023878139,
  "avg_cost_per_arrival":46.8394794505,
  "total_cost":113773.0955851441,
  "total_cost_resource":79244.0955851441,
  "avg_cost_per_accepted":58.3751131786,
  "final_utilization":0.6251936241,
  "avg_utilization_over_time":0.6455068073,
  "avg_leftover_capacity_sum_over_time":133040.4444444445,
  "final_leftover_capacity_sum":140663.9333333333,
  "final_leftover_capacity_min":0.0,
  "final_leftover_capacity_max":2099.2,
  "final_leftover_capacity_avg":447.9743099788,
  "avg_e2e_delay_accepted":0.0710168182,
  "p95_e2e_delay_accepted":0.1168204299,
  "avg_access_delay_accepted":0.0080617605,
  "avg_processing_delay_accepted":0.0436222214,
  "avg_network_delay_accepted":0.0151267395,
  "avg_split_proc_overhead_accepted":6.926878118e-19,
  "avg_split_net_overhead_accepted":0.0,
  "total_transmitted_bits_accepted":3588404188.4996376038,
  "avg_transmitted_bits_per_accepted":1841151.4563877054,
  "total_split_transmitted_bits_accepted":891863863.01173985,
  "avg_split_transmitted_bits_per_accepted":457600.750647378,
  "avg_split_overhead_ratio_accepted":8.650170254e-18,
  "p95_split_overhead_ratio_accepted":5.158483054e-17,
  "rga_accepted_total":1955,
  "rga_rejected_total":474,
  "rga_rejection_ratio":0.1951420338,
  "mdca_rejected_total":6,
  "mdca_capacity_rejected_total":0,
  "mdca_reliability_rejected_total":0,
  "mdca_qos_rejected_total":6,
  "mdca_rejection_ratio":0.0024701523,
  "capacity_rejection_ratio":0.0,
  "reliability_rejection_ratio":0.0,
  "qos_rejected_total":6,
  "qos_rejection_ratio":0.0024701523
}