region,fixed_reliability,seed,method,share,share_tag,domain_count,domain_failure_prob,total_accepted,expected_target_satisfaction_ratio,expected_reliability,expected_reliability_loss
Alabama,0.998,4,DMDCA,"0.5,0.5",0p5_0p5,6,0.0,1357,1.0,0.9988568127902742,8.881784197001252e-16
Alabama,0.998,4,DMDCA,"0.5,0.5",0p5_0p5,6,0.01,1357,0.9640642514795946,0.992701634168378,0.006155178621897073
Alabama,0.998,4,DMDCA,"0.5,0.5",0p5_0p5,6,0.03,1357,0.8954896764932121,0.9797798718229247,0.019076940967350353
Alabama,0.998,4,DMDCA,"0.5,0.5",0p5_0p5,6,0.05,1357,0.8311238445329773,0.9660591278404059,0.03279768494986912
Alabama,0.998,4,MDCA,nan,nan,6,0.0,1304,1.0,0.9988700120443456,1.7763568394002505e-15
Alabama,0.998,4,MDCA,nan,nan,6,0.01,1304,0.9654341808854057,0.9920182422144673,0.006851769829880006
Alabama,0.998,4,MDCA,nan,nan,6,0.03,1304,0.8993385178480064,0.977769974132818,0.021100037911529368
Alabama,0.998,4,MDCA,nan,nan,6,0.05,1304,0.837127499149252,0.9628114819735962,0.036058530070751105
