{
  "algo":"mdca",
  "region":"Arizona",
  "time_slots":120,
  "arrival_rate":20.0,
  "mean_service_time":9.0,
  "seed":1,
  "trace_seed":11250629592664485414,
  "algo_seed":9475761514817476165,
  "trace_hash":"c9369220699d59c4f83cbf6a3049cc541b2d79a3aa1f07e1088b5236077934f9",
  "arrivals_per_slot":[
    22,
    24,
    16,
    17,
    23,
    25,
    19,
    12,
    22,
    29,
    25,
    20,
    19,
    21,
    25,
    28,
    29,
    26,
    13,
    22,
    24,
    15,
    23,
    22,
    25,
    20,
    20,
    18,
    20,
    22,
    14,
    21,
    23,
    12,
    17,
    23,
    14,
    18,
    22,
    25,
    17,
    22,
    20,
    31,
    21,
    24,
    14,
    19,
    30,
    23,
    18,
    22,
    19,
    17,
    20,
    14,
    16,
    21,
    18,
    11,
    16,
    28,
    17,
    16,
    28,
    20,
    25,
    22,
    22,
    22,
    22,
    17,
    19,
    23,
    15,
    19,
    17,
    22,
    21,
    28,
    16,
    25,
    19,
    23,
    25,
    17,
    14,
    26,
    22,
    20,
    21,
    17,
    24,
    18,
    24,
    20,
    24,
    14,
    18,
    13,
    19,
    19,
    14,
    17,
    23,
    22,
    17,
    23,
    22,
    24,
    19,
    23,
    23,
    21,
    23,
    17,
    22,
    10,
    22,
    19
  ],
  "diversity":true,
  "p_split":0.3,
  "split_reliability_mode":"identical_active_pool",
  "mechanism":null,
  "fixed_sfc_len":4,
  "fixed_reliability":null,
  "max_backup_level":2,
  "explicit_split_replicas":true,
  "split_enforce_distinct":false,
  "strict_split_resource_ablation":false,
  "split_replica_resource_scale":1.0,
  "cap_base_min":500,
  "cap_base_max":700,
  "cap_scale":0.2,
  "total_arrivals":2450,
  "total_accepted":2404,
  "total_rejected":46,
  "acceptance_ratio":0.9812244898,
  "avg_cost_per_arrival":47.5914694777,
  "total_cost":116599.1002203827,
  "total_cost_resource":81091.1002203827,
  "avg_cost_per_accepted":48.5021215559,
  "final_utilization":0.6107850291,
  "avg_utilization_over_time":0.6181024173,
  "avg_leftover_capacity_sum_over_time":143611.5166666667,
  "final_leftover_capacity_sum":146363.2,
  "final_leftover_capacity_min":0.6666666667,
  "final_leftover_capacity_max":2067.2,
  "final_leftover_capacity_avg":466.1248407643,
  "avg_e2e_delay_accepted":0.0909937106,
  "p95_e2e_delay_accepted":0.1418067595,
  "avg_access_delay_accepted":0.0080521259,
  "avg_processing_delay_accepted":0.0574615725,
  "avg_network_delay_accepted":0.0206568394,
  "avg_split_proc_overhead_accepted":7.634515131e-19,
  "avg_split_net_overhead_accepted":0.0,
  "total_transmitted_bits_accepted":6088503811.6405639648,
  "avg_transmitted_bits_per_accepted":2532655.4956907504,
  "total_split_transmitted_bits_accepted":1170961758.3002891541,
  "avg_split_transmitted_bits_per_accepted":487088.9177621835,
  "avg_split_overhead_ratio_accepted":7.893423482e-18,
  "p95_split_overhead_ratio_accepted":4.378796436e-17,
  "rga_accepted_total":2450,
  "rga_rejected_total":0,
  "rga_rejection_ratio":0.0,
  "mdca_rejected_total":46,
  "mdca_capacity_rejected_total":0,
  "mdca_reliability_rejected_total":0,
  "mdca_qos_rejected_total":46,
  "mdca_rejection_ratio":0.0187755102,
  "capacity_rejection_ratio":0.0,
  "reliability_rejection_ratio":0.0,
  "qos_rejected_total":46,
  "qos_rejection_ratio":0.0187755102
}