{
  "algo":"mdca",
  "region":"Alabama",
  "time_slots":120,
  "arrival_rate":12.0,
  "mean_service_time":9.0,
  "seed":3,
  "trace_seed":16822749361596586808,
  "algo_seed":574909283089290248,
  "trace_hash":"32c151d9d483db53d83a78bb52cbf0e0f11fcc4ec06f818bcca35f5a09c67cca",
  "arrivals_per_slot":[
    9,
    20,
    9,
    8,
    12,
    14,
    11,
    9,
    14,
    11,
    12,
    13,
    7,
    13,
    19,
    18,
    13,
    15,
    10,
    13,
    8,
    12,
    12,
    6,
    12,
    7,
    12,
    8,
    12,
    6,
    14,
    11,
    10,
    19,
    12,
    13,
    10,
    17,
    17,
    13,
    18,
    10,
    10,
    12,
    14,
    11,
    13,
    12,
    9,
    13,
    9,
    7,
    12,
    14,
    10,
    12,
    16,
    15,
    12,
    15,
    16,
    7,
    15,
    14,
    11,
    16,
    11,
    12,
    10,
    9,
    8,
    14,
    8,
    9,
    12,
    14,
    11,
    10,
    12,
    16,
    11,
    7,
    14,
    10,
    19,
    12,
    14,
    12,
    11,
    10,
    14,
    15,
    11,
    12,
    13,
    14,
    11,
    9,
    8,
    12,
    20,
    19,
    19,
    9,
    11,
    6,
    10,
    10,
    15,
    9,
    14,
    16,
    9,
    16,
    11,
    12,
    13,
    9,
    6,
    12
  ],
  "diversity":true,
  "p_split":0.3,
  "split_reliability_mode":"identical_active_pool",
  "mechanism":null,
  "fixed_sfc_len":null,
  "fixed_reliability":0.996,
  "max_backup_level":1,
  "explicit_split_replicas":true,
  "split_enforce_distinct":false,
  "strict_split_resource_ablation":false,
  "split_replica_resource_scale":1.0,
  "cap_base_min":500,
  "cap_base_max":700,
  "cap_scale":0.2,
  "total_arrivals":1445,
  "total_accepted":401,
  "total_rejected":1044,
  "acceptance_ratio":0.2775086505,
  "avg_cost_per_arrival":6.1211010564,
  "total_cost":8844.991026457,
  "total_cost_resource":4827.991026457,
  "avg_cost_per_accepted":22.0573342306,
  "final_utilization":0.215023588,
  "avg_utilization_over_time":0.1422530313,
  "avg_leftover_capacity_sum_over_time":148545.4777777778,
  "final_leftover_capacity_sum":135943.0,
  "final_leftover_capacity_min":0.2666666667,
  "final_leftover_capacity_max":2256.0,
  "final_leftover_capacity_avg":992.2846715328,
  "avg_e2e_delay_accepted":0.0550621088,
  "p95_e2e_delay_accepted":0.1113294006,
  "avg_access_delay_accepted":0.0079501887,
  "avg_processing_delay_accepted":0.0315191473,
  "avg_network_delay_accepted":0.0113792322,
  "avg_split_proc_overhead_accepted":6.791810118e-19,
  "avg_split_net_overhead_accepted":0.0,
  "total_transmitted_bits_accepted":523696948.7564641237,
  "avg_transmitted_bits_per_accepted":1305977.4283203594,
  "total_split_transmitted_bits_accepted":199727351.7958237827,
  "avg_split_transmitted_bits_per_accepted":498073.1964983137,
  "avg_split_overhead_ratio_accepted":1.067027285e-17,
  "p95_split_overhead_ratio_accepted":6.530923408e-17,
  "rga_accepted_total":402,
  "rga_rejected_total":1043,
  "rga_rejection_ratio":0.721799308,
  "mdca_rejected_total":1,
  "mdca_capacity_rejected_total":0,
  "mdca_reliability_rejected_total":0,
  "mdca_qos_rejected_total":1,
  "mdca_rejection_ratio":0.0006920415,
  "capacity_rejection_ratio":0.0,
  "reliability_rejection_ratio":0.0,
  "qos_rejected_total":1,
  "qos_rejection_ratio":0.0006920415
}