{
  "algo":"mdca",
  "region":"Alabama",
  "time_slots":120,
  "arrival_rate":12.0,
  "mean_service_time":9.0,
  "seed":2,
  "trace_seed":4521618134406134624,
  "algo_seed":11669654172036368971,
  "trace_hash":"7404bdc3256a959c684d62eb3c10d5587d4c6ffb0abc5e614f237785895deb33",
  "arrivals_per_slot":[
    6,
    14,
    11,
    10,
    17,
    15,
    10,
    14,
    16,
    11,
    10,
    10,
    9,
    12,
    16,
    16,
    12,
    17,
    8,
    12,
    12,
    6,
    12,
    9,
    6,
    16,
    12,
    11,
    13,
    9,
    13,
    14,
    16,
    12,
    11,
    17,
    10,
    22,
    10,
    12,
    15,
    14,
    9,
    11,
    11,
    18,
    11,
    10,
    13,
    13,
    14,
    13,
    13,
    11,
    15,
    10,
    10,
    13,
    10,
    15,
    15,
    7,
    11,
    12,
    13,
    9,
    8,
    7,
    6,
    6,
    11,
    13,
    12,
    4,
    10,
    6,
    14,
    14,
    17,
    6,
    13,
    9,
    13,
    11,
    19,
    8,
    17,
    11,
    10,
    9,
    10,
    16,
    10,
    9,
    17,
    9,
    9,
    10,
    12,
    16,
    9,
    10,
    12,
    13,
    9,
    16,
    14,
    12,
    15,
    11,
    8,
    12,
    12,
    12,
    14,
    13,
    9,
    10,
    11,
    10
  ],
  "diversity":true,
  "p_split":0.3,
  "split_reliability_mode":"identical_active_pool",
  "mechanism":null,
  "fixed_sfc_len":null,
  "fixed_reliability":0.999,
  "max_backup_level":2,
  "explicit_split_replicas":true,
  "split_enforce_distinct":false,
  "strict_split_resource_ablation":false,
  "split_replica_resource_scale":1.0,
  "cap_base_min":500,
  "cap_base_max":700,
  "cap_scale":0.2,
  "total_arrivals":1409,
  "total_accepted":1140,
  "total_rejected":269,
  "acceptance_ratio":0.8090844571,
  "avg_cost_per_arrival":40.4698487942,
  "total_cost":57022.0169509772,
  "total_cost_resource":37172.0169509772,
  "avg_cost_per_accepted":50.0193131149,
  "final_utilization":0.5474559158,
  "avg_utilization_over_time":0.6236848346,
  "avg_leftover_capacity_sum_over_time":66117.7466666667,
  "final_leftover_capacity_sum":79511.0,
  "final_leftover_capacity_min":1.0,
  "final_leftover_capacity_max":2492.0,
  "final_leftover_capacity_avg":580.3722627737,
  "avg_e2e_delay_accepted":0.0653636559,
  "p95_e2e_delay_accepted":0.1295683086,
  "avg_access_delay_accepted":0.0081428394,
  "avg_processing_delay_accepted":0.0384244331,
  "avg_network_delay_accepted":0.0133059951,
  "avg_split_proc_overhead_accepted":4.017254365e-19,
  "avg_split_net_overhead_accepted":0.0,
  "total_transmitted_bits_accepted":2136530713.8559291363,
  "avg_transmitted_bits_per_accepted":1874149.7489964291,
  "total_split_transmitted_bits_accepted":752123552.1212847233,
  "avg_split_transmitted_bits_per_accepted":659757.5018607761,
  "avg_split_overhead_ratio_accepted":5.149892577e-18,
  "p95_split_overhead_ratio_accepted":3.740483237e-17,
  "rga_accepted_total":1149,
  "rga_rejected_total":260,
  "rga_rejection_ratio":0.1845280341,
  "mdca_rejected_total":9,
  "mdca_capacity_rejected_total":0,
  "mdca_reliability_rejected_total":0,
  "mdca_qos_rejected_total":9,
  "mdca_rejection_ratio":0.0063875089,
  "capacity_rejection_ratio":0.0,
  "reliability_rejection_ratio":0.0,
  "qos_rejected_total":9,
  "qos_rejection_ratio":0.0063875089
}