{
  "algo":"random",
  "region":"Arizona",
  "time_slots":120,
  "arrival_rate":12.0,
  "mean_service_time":9.0,
  "seed":1,
  "trace_seed":2714458780796779940,
  "algo_seed":7453658633815173617,
  "trace_hash":"2599fad7c9347aee2c9c9be6525cacbe2eac52eb6ca6c26b8b1efc8973b79f42",
  "arrivals_per_slot":[
    12,
    7,
    13,
    10,
    9,
    11,
    10,
    7,
    6,
    18,
    12,
    9,
    11,
    13,
    7,
    9,
    11,
    13,
    13,
    9,
    9,
    17,
    10,
    16,
    14,
    12,
    10,
    21,
    12,
    13,
    13,
    8,
    12,
    14,
    11,
    20,
    9,
    13,
    14,
    8,
    10,
    10,
    13,
    12,
    12,
    7,
    10,
    11,
    12,
    8,
    19,
    13,
    8,
    13,
    17,
    13,
    16,
    16,
    11,
    7,
    10,
    11,
    8,
    15,
    8,
    11,
    16,
    4,
    15,
    11,
    12,
    8,
    12,
    12,
    14,
    10,
    18,
    17,
    11,
    9,
    12,
    15,
    12,
    12,
    12,
    8,
    14,
    10,
    9,
    8,
    15,
    12,
    11,
    8,
    10,
    12,
    8,
    7,
    6,
    12,
    7,
    13,
    8,
    14,
    13,
    11,
    14,
    14,
    11,
    9,
    10,
    17,
    3,
    13,
    15,
    11,
    12,
    13,
    20,
    15
  ],
  "diversity":false,
  "p_split":null,
  "split_reliability_mode":null,
  "mechanism":null,
  "fixed_sfc_len":null,
  "fixed_reliability":0.96,
  "max_backup_level":2,
  "explicit_split_replicas":false,
  "split_enforce_distinct":false,
  "strict_split_resource_ablation":false,
  "split_replica_resource_scale":1.0,
  "cap_base_min":500,
  "cap_base_max":700,
  "cap_scale":0.2,
  "total_arrivals":1392,
  "total_accepted":1384,
  "total_rejected":8,
  "acceptance_ratio":0.9942528736,
  "avg_cost_per_arrival":65.5950610108,
  "total_cost":91308.3249270528,
  "total_cost_resource":70735.3249270528,
  "avg_cost_per_accepted":65.9742232132,
  "final_utilization":0.4717524708,
  "avg_utilization_over_time":0.4161850118,
  "avg_leftover_capacity_sum_over_time":217845.0750000001,
  "final_leftover_capacity_sum":197110.6,
  "final_leftover_capacity_min":2.2,
  "final_leftover_capacity_max":1952.0,
  "final_leftover_capacity_avg":627.7407643312,
  "avg_e2e_delay_accepted":0.0654416893,
  "p95_e2e_delay_accepted":0.1263519121,
  "avg_access_delay_accepted":0.0080903275,
  "avg_processing_delay_accepted":0.047902448,
  "avg_network_delay_accepted":0.0094489138,
  "avg_split_proc_overhead_accepted":0.0,
  "avg_split_net_overhead_accepted":0.0,
  "total_transmitted_bits_accepted":2082032396.1661295891,
  "avg_transmitted_bits_per_accepted":1504358.6677500936,
  "total_split_transmitted_bits_accepted":0.0,
  "avg_split_transmitted_bits_per_accepted":0.0,
  "avg_split_overhead_ratio_accepted":0.0,
  "p95_split_overhead_ratio_accepted":0.0,
  "rga_accepted_total":1392,
  "rga_rejected_total":0,
  "rga_rejection_ratio":0.0,
  "mdca_rejected_total":8,
  "mdca_capacity_rejected_total":0,
  "mdca_reliability_rejected_total":0,
  "mdca_qos_rejected_total":8,
  "mdca_rejection_ratio":0.0057471264,
  "capacity_rejection_ratio":0.0,
  "reliability_rejection_ratio":0.0,
  "qos_rejected_total":8,
  "qos_rejection_ratio":0.0057471264
}