{
  "algo":"mdca",
  "region":"Alabama",
  "time_slots":120,
  "arrival_rate":12.0,
  "mean_service_time":9.0,
  "seed":1,
  "trace_seed":616990247783453203,
  "algo_seed":1274429512653363058,
  "trace_hash":"aefc16efd32e523cb524ea9d1cb312d71e54e8af74989ca5b157999f59042647",
  "arrivals_per_slot":[
    14,
    14,
    7,
    14,
    7,
    18,
    15,
    13,
    12,
    10,
    15,
    12,
    11,
    10,
    10,
    18,
    7,
    10,
    17,
    21,
    13,
    8,
    12,
    10,
    8,
    13,
    12,
    12,
    13,
    15,
    12,
    14,
    18,
    16,
    9,
    6,
    7,
    10,
    15,
    18,
    9,
    17,
    11,
    8,
    13,
    18,
    12,
    12,
    18,
    12,
    14,
    8,
    12,
    10,
    9,
    12,
    7,
    23,
    13,
    15,
    9,
    7,
    19,
    18,
    15,
    11,
    14,
    15,
    11,
    13,
    15,
    7,
    14,
    18,
    10,
    14,
    12,
    10,
    10,
    19,
    11,
    6,
    16,
    8,
    12,
    10,
    13,
    15,
    8,
    9,
    15,
    8,
    12,
    16,
    8,
    15,
    17,
    14,
    5,
    14,
    9,
    12,
    11,
    9,
    13,
    13,
    10,
    16,
    14,
    12,
    8,
    15,
    16,
    13,
    10,
    13,
    18,
    19,
    8,
    11
  ],
  "diversity":true,
  "p_split":0.3,
  "split_reliability_mode":"identical_active_pool",
  "mechanism":null,
  "fixed_sfc_len":null,
  "fixed_reliability":0.9,
  "max_backup_level":2,
  "explicit_split_replicas":true,
  "split_enforce_distinct":false,
  "strict_split_resource_ablation":false,
  "split_replica_resource_scale":1.0,
  "cap_base_min":500,
  "cap_base_max":700,
  "cap_scale":0.2,
  "total_arrivals":1492,
  "total_accepted":1475,
  "total_rejected":17,
  "acceptance_ratio":0.9886058981,
  "avg_cost_per_arrival":27.6952028602,
  "total_cost":41321.2426674376,
  "total_cost_resource":27680.2426674377,
  "avg_cost_per_accepted":28.0144018084,
  "final_utilization":0.6559996222,
  "avg_utilization_over_time":0.500494497,
  "avg_leftover_capacity_sum_over_time":86018.0444444445,
  "final_leftover_capacity_sum":59239.0666666667,
  "final_leftover_capacity_min":1.0666666667,
  "final_leftover_capacity_max":2600.0,
  "final_leftover_capacity_avg":432.401946472,
  "avg_e2e_delay_accepted":0.0669321159,
  "p95_e2e_delay_accepted":0.129671331,
  "avg_access_delay_accepted":0.0080545165,
  "avg_processing_delay_accepted":0.0450338239,
  "avg_network_delay_accepted":0.010823786,
  "avg_split_proc_overhead_accepted":4.545563549e-19,
  "avg_split_net_overhead_accepted":0.0,
  "total_transmitted_bits_accepted":2420422625.3745536804,
  "avg_transmitted_bits_per_accepted":1640964.4917793584,
  "total_split_transmitted_bits_accepted":461093909.8870205879,
  "avg_split_transmitted_bits_per_accepted":312606.0406013699,
  "avg_split_overhead_ratio_accepted":5.330695398e-18,
  "p95_split_overhead_ratio_accepted":3.714441524e-17,
  "rga_accepted_total":1492,
  "rga_rejected_total":0,
  "rga_rejection_ratio":0.0,
  "mdca_rejected_total":17,
  "mdca_capacity_rejected_total":0,
  "mdca_reliability_rejected_total":0,
  "mdca_qos_rejected_total":17,
  "mdca_rejection_ratio":0.0113941019,
  "capacity_rejection_ratio":0.0,
  "reliability_rejection_ratio":0.0,
  "qos_rejected_total":17,
  "qos_rejection_ratio":0.0113941019
}