{
  "algo":"random",
  "region":"Arizona",
  "time_slots":120,
  "arrival_rate":20.0,
  "mean_service_time":9.0,
  "seed":4,
  "trace_seed":10073548309756387998,
  "algo_seed":14455530561567367807,
  "trace_hash":"b50766b3bb4f5541293102d68ab819a1c477f67cf7f784d2b3ce435a5bebc805",
  "arrivals_per_slot":[
    18,
    23,
    23,
    21,
    16,
    23,
    24,
    18,
    13,
    21,
    21,
    18,
    18,
    23,
    20,
    15,
    17,
    24,
    22,
    23,
    20,
    16,
    13,
    15,
    18,
    15,
    27,
    25,
    15,
    22,
    15,
    21,
    24,
    14,
    16,
    20,
    20,
    20,
    19,
    14,
    21,
    18,
    22,
    14,
    17,
    17,
    19,
    24,
    23,
    24,
    15,
    23,
    15,
    21,
    17,
    22,
    12,
    19,
    15,
    17,
    16,
    13,
    11,
    18,
    21,
    19,
    19,
    27,
    24,
    17,
    20,
    19,
    24,
    18,
    20,
    15,
    16,
    19,
    21,
    22,
    22,
    20,
    21,
    25,
    13,
    16,
    27,
    19,
    20,
    20,
    31,
    12,
    17,
    20,
    21,
    25,
    20,
    26,
    25,
    26,
    15,
    17,
    23,
    21,
    29,
    21,
    20,
    22,
    22,
    22,
    19,
    28,
    19,
    25,
    20,
    13,
    16,
    24,
    19,
    22
  ],
  "diversity":false,
  "p_split":null,
  "split_reliability_mode":null,
  "mechanism":null,
  "fixed_sfc_len":2,
  "fixed_reliability":null,
  "max_backup_level":2,
  "explicit_split_replicas":false,
  "split_enforce_distinct":false,
  "strict_split_resource_ablation":false,
  "split_replica_resource_scale":1.0,
  "cap_base_min":500,
  "cap_base_max":700,
  "cap_scale":0.2,
  "total_arrivals":2367,
  "total_accepted":2366,
  "total_rejected":1,
  "acceptance_ratio":0.9995775243,
  "avg_cost_per_arrival":33.8307206511,
  "total_cost":80077.3157810559,
  "total_cost_resource":61661.3157810559,
  "avg_cost_per_accepted":33.8450193496,
  "final_utilization":0.4186930803,
  "avg_utilization_over_time":0.3526059357,
  "avg_leftover_capacity_sum_over_time":244693.3333333334,
  "final_leftover_capacity_sum":219714.6,
  "final_leftover_capacity_min":1.6,
  "final_leftover_capacity_max":2591.6,
  "final_leftover_capacity_avg":699.7280254777,
  "avg_e2e_delay_accepted":0.0445874355,
  "p95_e2e_delay_accepted":0.0851248339,
  "avg_access_delay_accepted":0.0080222655,
  "avg_processing_delay_accepted":0.0319174204,
  "avg_network_delay_accepted":0.0046477496,
  "avg_split_proc_overhead_accepted":0.0,
  "avg_split_net_overhead_accepted":0.0,
  "total_transmitted_bits_accepted":1759519506.2396812439,
  "avg_transmitted_bits_per_accepted":743668.430363348,
  "total_split_transmitted_bits_accepted":0.0,
  "avg_split_transmitted_bits_per_accepted":0.0,
  "avg_split_overhead_ratio_accepted":0.0,
  "p95_split_overhead_ratio_accepted":0.0,
  "rga_accepted_total":2367,
  "rga_rejected_total":0,
  "rga_rejection_ratio":0.0,
  "mdca_rejected_total":1,
  "mdca_capacity_rejected_total":0,
  "mdca_reliability_rejected_total":0,
  "mdca_qos_rejected_total":1,
  "mdca_rejection_ratio":0.0004224757,
  "capacity_rejection_ratio":0.0,
  "reliability_rejection_ratio":0.0,
  "qos_rejected_total":1,
  "qos_rejection_ratio":0.0004224757
}