{
  "algo":"dtsp",
  "region":"Arizona",
  "time_slots":120,
  "arrival_rate":20.0,
  "mean_service_time":9.0,
  "seed":2,
  "trace_seed":15191276433718129644,
  "algo_seed":17643830267334769152,
  "trace_hash":"39b937723252a356d4ca802548ffd00e364df7ff477c17333ce2158caab099fa",
  "arrivals_per_slot":[
    26,
    20,
    19,
    19,
    26,
    20,
    15,
    24,
    18,
    15,
    21,
    25,
    14,
    18,
    21,
    22,
    17,
    25,
    21,
    30,
    24,
    19,
    21,
    19,
    23,
    19,
    23,
    27,
    17,
    25,
    16,
    18,
    15,
    26,
    24,
    20,
    30,
    22,
    23,
    17,
    28,
    13,
    15,
    21,
    20,
    29,
    23,
    18,
    20,
    21,
    21,
    19,
    18,
    31,
    19,
    20,
    20,
    27,
    14,
    10,
    21,
    23,
    15,
    23,
    17,
    24,
    20,
    21,
    28,
    20,
    24,
    16,
    20,
    18,
    18,
    21,
    14,
    27,
    15,
    26,
    23,
    23,
    17,
    14,
    13,
    21,
    10,
    28,
    20,
    19,
    26,
    27,
    11,
    20,
    16,
    22,
    18,
    16,
    24,
    19,
    20,
    25,
    17,
    26,
    26,
    22,
    16,
    16,
    24,
    23,
    18,
    25,
    28,
    16,
    22,
    10,
    18,
    21,
    19,
    27
  ],
  "diversity":false,
  "p_split":null,
  "split_reliability_mode":null,
  "mechanism":null,
  "fixed_sfc_len":3,
  "fixed_reliability":null,
  "max_backup_level":2,
  "explicit_split_replicas":false,
  "split_enforce_distinct":false,
  "strict_split_resource_ablation":false,
  "split_replica_resource_scale":1.0,
  "cap_base_min":500,
  "cap_base_max":700,
  "cap_scale":0.2,
  "total_arrivals":2468,
  "total_accepted":2455,
  "total_rejected":13,
  "acceptance_ratio":0.994732577,
  "avg_cost_per_arrival":39.4383713402,
  "total_cost":97333.9004676091,
  "total_cost_resource":70317.9004676091,
  "avg_cost_per_accepted":39.6472099664,
  "final_utilization":0.5992183332,
  "avg_utilization_over_time":0.5519847802,
  "avg_leftover_capacity_sum_over_time":167934.025,
  "final_leftover_capacity_sum":150229.0,
  "final_leftover_capacity_min":0.2,
  "final_leftover_capacity_max":2169.6,
  "final_leftover_capacity_avg":478.4363057325,
  "avg_e2e_delay_accepted":0.0655700704,
  "p95_e2e_delay_accepted":0.1133292647,
  "avg_access_delay_accepted":0.0081238031,
  "avg_processing_delay_accepted":0.0480120591,
  "avg_network_delay_accepted":0.0094342082,
  "avg_split_proc_overhead_accepted":0.0,
  "avg_split_net_overhead_accepted":0.0,
  "total_transmitted_bits_accepted":3713251018.8836369514,
  "avg_transmitted_bits_per_accepted":1512525.8732723573,
  "total_split_transmitted_bits_accepted":0.0,
  "avg_split_transmitted_bits_per_accepted":0.0,
  "avg_split_overhead_ratio_accepted":0.0,
  "p95_split_overhead_ratio_accepted":0.0,
  "rga_accepted_total":2468,
  "rga_rejected_total":0,
  "rga_rejection_ratio":0.0,
  "mdca_rejected_total":13,
  "mdca_capacity_rejected_total":0,
  "mdca_reliability_rejected_total":0,
  "mdca_qos_rejected_total":13,
  "mdca_rejection_ratio":0.005267423,
  "capacity_rejection_ratio":0.0,
  "reliability_rejection_ratio":0.0,
  "qos_rejected_total":13,
  "qos_rejection_ratio":0.005267423
}