{
  "algo":"random",
  "region":"Arizona",
  "time_slots":120,
  "arrival_rate":40.0,
  "mean_service_time":9.0,
  "seed":1,
  "trace_seed":7651086222190499405,
  "algo_seed":7453658633815173617,
  "trace_hash":"0f616f9465202bca55a686a4b011461372174f383e2e7ac96723c43ec136128b",
  "arrivals_per_slot":[
    29,
    40,
    26,
    45,
    43,
    41,
    37,
    48,
    34,
    43,
    46,
    43,
    39,
    33,
    41,
    34,
    29,
    39,
    35,
    46,
    45,
    44,
    35,
    46,
    44,
    42,
    35,
    40,
    45,
    39,
    40,
    46,
    47,
    41,
    39,
    38,
    50,
    47,
    34,
    41,
    50,
    39,
    32,
    43,
    34,
    47,
    33,
    39,
    48,
    43,
    43,
    47,
    46,
    45,
    37,
    40,
    43,
    41,
    40,
    45,
    36,
    42,
    39,
    40,
    37,
    47,
    30,
    52,
    54,
    44,
    35,
    39,
    31,
    35,
    33,
    48,
    48,
    36,
    37,
    52,
    40,
    43,
    29,
    39,
    47,
    46,
    38,
    34,
    32,
    43,
    39,
    34,
    36,
    33,
    34,
    46,
    43,
    43,
    55,
    38,
    38,
    27,
    40,
    40,
    41,
    39,
    41,
    37,
    41,
    47,
    36,
    40,
    38,
    32,
    40,
    50,
    32,
    44,
    30,
    43
  ],
  "diversity":false,
  "p_split":null,
  "split_reliability_mode":null,
  "mechanism":null,
  "fixed_sfc_len":null,
  "fixed_reliability":null,
  "max_backup_level":2,
  "explicit_split_replicas":false,
  "split_enforce_distinct":false,
  "strict_split_resource_ablation":false,
  "split_replica_resource_scale":1.0,
  "cap_base_min":500,
  "cap_base_max":700,
  "cap_scale":0.2,
  "total_arrivals":4827,
  "total_accepted":3621,
  "total_rejected":1206,
  "acceptance_ratio":0.750155376,
  "avg_cost_per_arrival":41.2480456974,
  "total_cost":199104.3165814084,
  "total_cost_resource":152062.3165814083,
  "avg_cost_per_accepted":54.9860029222,
  "final_utilization":0.9420374898,
  "avg_utilization_over_time":0.9092202424,
  "avg_leftover_capacity_sum_over_time":34034.9833333334,
  "final_leftover_capacity_sum":21731.2,
  "final_leftover_capacity_min":0.0,
  "final_leftover_capacity_max":285.2,
  "final_leftover_capacity_avg":69.2076433121,
  "avg_e2e_delay_accepted":0.0636129293,
  "p95_e2e_delay_accepted":0.1258588668,
  "avg_access_delay_accepted":0.0080846984,
  "avg_processing_delay_accepted":0.0467724588,
  "avg_network_delay_accepted":0.0087557721,
  "avg_split_proc_overhead_accepted":0.0,
  "avg_split_net_overhead_accepted":0.0,
  "total_transmitted_bits_accepted":5048042533.9633493423,
  "avg_transmitted_bits_per_accepted":1394101.7768471001,
  "total_split_transmitted_bits_accepted":0.0,
  "avg_split_transmitted_bits_per_accepted":0.0,
  "avg_split_overhead_ratio_accepted":0.0,
  "p95_split_overhead_ratio_accepted":0.0,
  "rga_accepted_total":4827,
  "rga_rejected_total":0,
  "rga_rejection_ratio":0.0,
  "mdca_rejected_total":1206,
  "mdca_capacity_rejected_total":1148,
  "mdca_reliability_rejected_total":0,
  "mdca_qos_rejected_total":58,
  "mdca_rejection_ratio":0.249844624,
  "capacity_rejection_ratio":0.2378288792,
  "reliability_rejection_ratio":0.0,
  "qos_rejected_total":58,
  "qos_rejection_ratio":0.0120157448
}