{
  "algo":"mdca",
  "region":"Arizona",
  "time_slots":120,
  "arrival_rate":12.0,
  "mean_service_time":9.0,
  "seed":5,
  "trace_seed":9067342465328337538,
  "algo_seed":7611276670461698591,
  "trace_hash":"919ed4f3e1baca6ede79b333841273b057cf41c127c2fec9a8c03a2f11dea6d1",
  "arrivals_per_slot":[
    13,
    15,
    17,
    10,
    16,
    12,
    12,
    15,
    14,
    6,
    17,
    16,
    13,
    15,
    10,
    13,
    12,
    8,
    16,
    15,
    11,
    12,
    18,
    12,
    3,
    10,
    17,
    17,
    10,
    8,
    14,
    15,
    13,
    10,
    8,
    8,
    8,
    8,
    9,
    13,
    14,
    11,
    12,
    9,
    14,
    14,
    10,
    15,
    7,
    14,
    10,
    9,
    11,
    12,
    7,
    15,
    11,
    14,
    9,
    12,
    14,
    9,
    6,
    12,
    7,
    11,
    14,
    11,
    7,
    8,
    12,
    13,
    13,
    10,
    9,
    9,
    15,
    10,
    13,
    12,
    14,
    13,
    11,
    12,
    11,
    11,
    10,
    9,
    16,
    10,
    12,
    11,
    10,
    16,
    11,
    9,
    15,
    12,
    16,
    14,
    16,
    7,
    13,
    13,
    10,
    14,
    12,
    13,
    12,
    11,
    15,
    15,
    14,
    16,
    15,
    9,
    9,
    12,
    7,
    17
  ],
  "diversity":true,
  "p_split":0.3,
  "split_reliability_mode":"identical_active_pool",
  "mechanism":null,
  "fixed_sfc_len":null,
  "fixed_reliability":0.998,
  "max_backup_level":4,
  "explicit_split_replicas":true,
  "split_enforce_distinct":false,
  "strict_split_resource_ablation":false,
  "split_replica_resource_scale":1.0,
  "cap_base_min":500,
  "cap_base_max":700,
  "cap_scale":0.2,
  "total_arrivals":1427,
  "total_accepted":1414,
  "total_rejected":13,
  "acceptance_ratio":0.990889979,
  "avg_cost_per_arrival":47.0819338319,
  "total_cost":67185.9195780751,
  "total_cost_resource":43563.9195780751,
  "avg_cost_per_accepted":47.5147946097,
  "final_utilization":0.4778844009,
  "avg_utilization_over_time":0.4110846462,
  "avg_leftover_capacity_sum_over_time":221080.7083333333,
  "final_leftover_capacity_sum":196003.8666666667,
  "final_leftover_capacity_min":0.2666666667,
  "final_leftover_capacity_max":2240.0,
  "final_leftover_capacity_avg":624.2161358811,
  "avg_e2e_delay_accepted":0.0697881884,
  "p95_e2e_delay_accepted":0.13225922,
  "avg_access_delay_accepted":0.0079491668,
  "avg_processing_delay_accepted":0.0434030068,
  "avg_network_delay_accepted":0.0149426165,
  "avg_split_proc_overhead_accepted":5.689377737e-19,
  "avg_split_net_overhead_accepted":0.0,
  "total_transmitted_bits_accepted":2503856725.8606820107,
  "avg_transmitted_bits_per_accepted":1770761.4751489973,
  "total_split_transmitted_bits_accepted":578327443.5379574299,
  "avg_split_transmitted_bits_per_accepted":409001.0208896446,
  "avg_split_overhead_ratio_accepted":6.973006682e-18,
  "p95_split_overhead_ratio_accepted":4.572342943e-17,
  "rga_accepted_total":1427,
  "rga_rejected_total":0,
  "rga_rejection_ratio":0.0,
  "mdca_rejected_total":13,
  "mdca_capacity_rejected_total":0,
  "mdca_reliability_rejected_total":0,
  "mdca_qos_rejected_total":13,
  "mdca_rejection_ratio":0.009110021,
  "capacity_rejection_ratio":0.0,
  "reliability_rejection_ratio":0.0,
  "qos_rejected_total":13,
  "qos_rejection_ratio":0.009110021
}