{
  "algo":"mdca",
  "region":"Alabama",
  "time_slots":120,
  "arrival_rate":20.0,
  "mean_service_time":9.0,
  "seed":1,
  "trace_seed":50806299254132396,
  "algo_seed":14880128096359974019,
  "trace_hash":"76014218ed2385e85e8764c400854a315b4b9e66026b18d99954bdff973bc4a2",
  "arrivals_per_slot":[
    24,
    20,
    13,
    18,
    22,
    23,
    21,
    11,
    22,
    21,
    20,
    13,
    15,
    19,
    23,
    19,
    17,
    26,
    12,
    32,
    17,
    21,
    14,
    29,
    26,
    18,
    23,
    23,
    19,
    19,
    20,
    25,
    15,
    26,
    13,
    19,
    18,
    18,
    17,
    16,
    16,
    15,
    23,
    22,
    21,
    20,
    20,
    18,
    22,
    25,
    18,
    19,
    21,
    12,
    13,
    20,
    21,
    26,
    24,
    24,
    17,
    17,
    27,
    19,
    19,
    18,
    15,
    25,
    18,
    28,
    19,
    22,
    13,
    19,
    17,
    25,
    32,
    14,
    20,
    19,
    22,
    25,
    20,
    23,
    26,
    20,
    17,
    21,
    18,
    15,
    15,
    21,
    24,
    24,
    21,
    17,
    21,
    24,
    17,
    22,
    9,
    21,
    17,
    18,
    22,
    21,
    19,
    25,
    17,
    11,
    14,
    16,
    18,
    22,
    22,
    21,
    18,
    21,
    29,
    27
  ],
  "diversity":false,
  "p_split":null,
  "split_reliability_mode":null,
  "mechanism":null,
  "fixed_sfc_len":4,
  "fixed_reliability":null,
  "max_backup_level":2,
  "explicit_split_replicas":false,
  "split_enforce_distinct":false,
  "strict_split_resource_ablation":false,
  "split_replica_resource_scale":1.0,
  "cap_base_min":500,
  "cap_base_max":700,
  "cap_scale":0.2,
  "total_arrivals":2391,
  "total_accepted":1707,
  "total_rejected":684,
  "acceptance_ratio":0.7139272271,
  "avg_cost_per_arrival":39.8936577334,
  "total_cost":95385.7356406686,
  "total_cost_resource":70966.7356406685,
  "avg_cost_per_accepted":55.8791655774,
  "final_utilization":0.9698592616,
  "avg_utilization_over_time":0.9374900201,
  "avg_leftover_capacity_sum_over_time":10726.4,
  "final_leftover_capacity_sum":5172.0,
  "final_leftover_capacity_min":0.0,
  "final_leftover_capacity_max":206.2,
  "final_leftover_capacity_avg":37.7518248175,
  "avg_e2e_delay_accepted":0.0883412537,
  "p95_e2e_delay_accepted":0.1385944119,
  "avg_access_delay_accepted":0.0079987003,
  "avg_processing_delay_accepted":0.068900735,
  "avg_network_delay_accepted":0.0114418184,
  "avg_split_proc_overhead_accepted":0.0,
  "avg_split_net_overhead_accepted":0.0,
  "total_transmitted_bits_accepted":3229763770.2432389259,
  "avg_transmitted_bits_per_accepted":1892070.1641729579,
  "total_split_transmitted_bits_accepted":0.0,
  "avg_split_transmitted_bits_per_accepted":0.0,
  "avg_split_overhead_ratio_accepted":0.0,
  "p95_split_overhead_ratio_accepted":0.0,
  "rga_accepted_total":2391,
  "rga_rejected_total":0,
  "rga_rejection_ratio":0.0,
  "mdca_rejected_total":684,
  "mdca_capacity_rejected_total":647,
  "mdca_reliability_rejected_total":0,
  "mdca_qos_rejected_total":37,
  "mdca_rejection_ratio":0.2860727729,
  "capacity_rejection_ratio":0.2705980761,
  "reliability_rejection_ratio":0.0,
  "qos_rejected_total":37,
  "qos_rejection_ratio":0.0154746968
}