{
  "algo":"hspa",
  "region":"Alabama",
  "time_slots":120,
  "arrival_rate":40.0,
  "mean_service_time":9.0,
  "seed":2,
  "trace_seed":4086735128279936581,
  "algo_seed":3824945755291777617,
  "trace_hash":"4a548ca96474b0905e8ebb2a720c76770ec441a5bf6b97891788487be0640d01",
  "arrivals_per_slot":[
    41,
    50,
    37,
    30,
    45,
    39,
    47,
    37,
    45,
    44,
    45,
    49,
    33,
    44,
    43,
    36,
    36,
    53,
    45,
    37,
    47,
    54,
    42,
    39,
    36,
    28,
    41,
    41,
    31,
    52,
    50,
    41,
    33,
    52,
    50,
    41,
    52,
    50,
    41,
    43,
    50,
    41,
    55,
    46,
    42,
    30,
    51,
    37,
    41,
    35,
    42,
    37,
    52,
    32,
    34,
    43,
    34,
    45,
    39,
    34,
    56,
    41,
    40,
    33,
    41,
    47,
    37,
    38,
    43,
    40,
    50,
    46,
    41,
    41,
    39,
    30,
    46,
    39,
    34,
    46,
    32,
    47,
    36,
    42,
    48,
    30,
    41,
    27,
    50,
    42,
    48,
    47,
    35,
    35,
    34,
    53,
    32,
    40,
    48,
    41,
    38,
    37,
    45,
    53,
    42,
    38,
    32,
    29,
    44,
    41,
    43,
    35,
    36,
    33,
    45,
    32,
    41,
    48,
    43,
    30
  ],
  "diversity":false,
  "p_split":null,
  "split_reliability_mode":null,
  "mechanism":null,
  "fixed_sfc_len":null,
  "fixed_reliability":null,
  "max_backup_level":2,
  "explicit_split_replicas":false,
  "split_enforce_distinct":false,
  "strict_split_resource_ablation":false,
  "split_replica_resource_scale":1.0,
  "cap_base_min":500,
  "cap_base_max":700,
  "cap_scale":0.2,
  "total_arrivals":4941,
  "total_accepted":2222,
  "total_rejected":2719,
  "acceptance_ratio":0.4497065371,
  "avg_cost_per_arrival":20.3533394419,
  "total_cost":100565.850182203,
  "total_cost_resource":76007.850182203,
  "avg_cost_per_accepted":45.2591584978,
  "final_utilization":0.9607022027,
  "avg_utilization_over_time":0.9609528076,
  "avg_leftover_capacity_sum_over_time":6698.6083333333,
  "final_leftover_capacity_sum":6741.6,
  "final_leftover_capacity_min":0.2,
  "final_leftover_capacity_max":183.8,
  "final_leftover_capacity_avg":49.2087591241,
  "avg_e2e_delay_accepted":0.0614556299,
  "p95_e2e_delay_accepted":0.1252728409,
  "avg_access_delay_accepted":0.0080088718,
  "avg_processing_delay_accepted":0.0471290205,
  "avg_network_delay_accepted":0.0063177376,
  "avg_split_proc_overhead_accepted":0.0,
  "avg_split_net_overhead_accepted":0.0,
  "total_transmitted_bits_accepted":2586184475.2661647797,
  "avg_transmitted_bits_per_accepted":1163899.4038101551,
  "total_split_transmitted_bits_accepted":0.0,
  "avg_split_transmitted_bits_per_accepted":0.0,
  "avg_split_overhead_ratio_accepted":0.0,
  "p95_split_overhead_ratio_accepted":0.0,
  "rga_accepted_total":4941,
  "rga_rejected_total":0,
  "rga_rejection_ratio":0.0,
  "mdca_rejected_total":2719,
  "mdca_capacity_rejected_total":2695,
  "mdca_reliability_rejected_total":0,
  "mdca_qos_rejected_total":24,
  "mdca_rejection_ratio":0.5502934629,
  "capacity_rejection_ratio":0.5454361465,
  "reliability_rejection_ratio":0.0,
  "qos_rejected_total":24,
  "qos_rejection_ratio":0.0048573163
}