{
  "algo":"mdca",
  "region":"Alabama",
  "time_slots":120,
  "arrival_rate":12.0,
  "mean_service_time":9.0,
  "seed":1,
  "trace_seed":10394030818635337927,
  "algo_seed":7488865630367255201,
  "trace_hash":"fc9965c07e365791a2078e972ca9d51d2397b2d4003d615815392b9ad724a918",
  "arrivals_per_slot":[
    17,
    14,
    14,
    14,
    14,
    16,
    9,
    16,
    9,
    6,
    20,
    8,
    9,
    10,
    20,
    7,
    7,
    15,
    10,
    15,
    12,
    8,
    15,
    7,
    9,
    12,
    10,
    7,
    11,
    12,
    9,
    5,
    19,
    12,
    19,
    7,
    18,
    16,
    13,
    11,
    16,
    11,
    8,
    15,
    15,
    8,
    12,
    15,
    5,
    12,
    11,
    16,
    14,
    8,
    16,
    16,
    13,
    15,
    10,
    10,
    6,
    19,
    18,
    15,
    12,
    15,
    13,
    12,
    13,
    12,
    11,
    8,
    8,
    19,
    11,
    11,
    9,
    14,
    12,
    14,
    14,
    14,
    18,
    11,
    9,
    13,
    8,
    14,
    13,
    8,
    7,
    14,
    6,
    18,
    17,
    16,
    14,
    10,
    21,
    9,
    8,
    14,
    15,
    13,
    7,
    16,
    9,
    5,
    13,
    13,
    13,
    11,
    7,
    5,
    11,
    10,
    6,
    11,
    10,
    11
  ],
  "diversity":true,
  "p_split":0.3,
  "split_reliability_mode":"identical_active_pool",
  "mechanism":null,
  "fixed_sfc_len":null,
  "fixed_reliability":0.998,
  "max_backup_level":1,
  "explicit_split_replicas":true,
  "split_enforce_distinct":false,
  "strict_split_resource_ablation":false,
  "split_replica_resource_scale":1.0,
  "cap_base_min":500,
  "cap_base_max":700,
  "cap_scale":0.2,
  "total_arrivals":1442,
  "total_accepted":267,
  "total_rejected":1175,
  "acceptance_ratio":0.1851595007,
  "avg_cost_per_arrival":3.9148378918,
  "total_cost":5645.1962400217,
  "total_cost_resource":3079.1962400217,
  "avg_cost_per_accepted":21.1430570787,
  "final_utilization":0.0758985768,
  "avg_utilization_over_time":0.0978914214,
  "avg_leftover_capacity_sum_over_time":157814.5138888889,
  "final_leftover_capacity_sum":161661.9333333333,
  "final_leftover_capacity_min":12.5333333333,
  "final_leftover_capacity_max":2204.0,
  "final_leftover_capacity_avg":1180.0141119221,
  "avg_e2e_delay_accepted":0.0511439106,
  "p95_e2e_delay_accepted":0.1092129749,
  "avg_access_delay_accepted":0.0080998842,
  "avg_processing_delay_accepted":0.0279885557,
  "avg_network_delay_accepted":0.0100266699,
  "avg_split_proc_overhead_accepted":7.552869067e-19,
  "avg_split_net_overhead_accepted":0.0,
  "total_transmitted_bits_accepted":342777214.418058753,
  "avg_transmitted_bits_per_accepted":1283809.7918279355,
  "total_split_transmitted_bits_accepted":155010605.6781664491,
  "avg_split_transmitted_bits_per_accepted":580564.0662103612,
  "avg_split_overhead_ratio_accepted":1.349393704e-17,
  "p95_split_overhead_ratio_accepted":7.405459175e-17,
  "rga_accepted_total":269,
  "rga_rejected_total":1173,
  "rga_rejection_ratio":0.8134535368,
  "mdca_rejected_total":2,
  "mdca_capacity_rejected_total":0,
  "mdca_reliability_rejected_total":0,
  "mdca_qos_rejected_total":2,
  "mdca_rejection_ratio":0.0013869626,
  "capacity_rejection_ratio":0.0,
  "reliability_rejection_ratio":0.0,
  "qos_rejected_total":2,
  "qos_rejection_ratio":0.0013869626
}