{
  "algo":"mdca",
  "region":"Alabama",
  "time_slots":120,
  "arrival_rate":50.0,
  "mean_service_time":9.0,
  "seed":1,
  "trace_seed":9951999930747945595,
  "algo_seed":1274429512653363058,
  "trace_hash":"aca3fe57ab23eb6f2828e97a20e4d7ce2a67f12041d1b6643ada61338db0f9b3",
  "arrivals_per_slot":[
    48,
    49,
    56,
    47,
    62,
    53,
    58,
    44,
    59,
    58,
    55,
    45,
    43,
    43,
    52,
    59,
    47,
    44,
    43,
    53,
    51,
    43,
    50,
    41,
    42,
    49,
    47,
    52,
    40,
    39,
    53,
    46,
    47,
    40,
    46,
    52,
    51,
    44,
    51,
    54,
    55,
    53,
    58,
    41,
    48,
    65,
    44,
    48,
    56,
    55,
    57,
    63,
    56,
    39,
    59,
    54,
    51,
    53,
    51,
    55,
    44,
    53,
    46,
    38,
    51,
    43,
    36,
    44,
    53,
    53,
    59,
    62,
    52,
    50,
    36,
    51,
    34,
    50,
    45,
    62,
    49,
    45,
    43,
    56,
    61,
    43,
    49,
    61,
    51,
    42,
    68,
    46,
    35,
    48,
    47,
    56,
    44,
    57,
    52,
    56,
    47,
    60,
    42,
    57,
    56,
    54,
    49,
    52,
    50,
    53,
    52,
    49,
    36,
    54,
    49,
    51,
    42,
    52,
    50,
    53
  ],
  "diversity":true,
  "p_split":0.3,
  "split_reliability_mode":"identical_active_pool",
  "split_recovery_coverage":1.0,
  "split_workload_shares":"0.5,0.5",
  "mechanism":null,
  "fixed_sfc_len":3,
  "fixed_reliability":0.999,
  "max_backup_level":2,
  "explicit_split_replicas":true,
  "split_enforce_distinct":false,
  "strict_split_resource_ablation":false,
  "split_replica_resource_scale":1.0,
  "backhaul_knn_k":4,
  "backhaul_use_device_bw":true,
  "backhaul_bw_scale":0.5,
  "fiber_speed_mps":200000000.0,
  "switch_delay_s":0.0002,
  "region_cloudlet_count":137,
  "cap_base_min":500,
  "cap_base_max":700,
  "cap_scale":0.2,
  "total_arrivals":5996,
  "total_accepted":1957,
  "total_rejected":4039,
  "acceptance_ratio":0.3263842562,
  "avg_cost_per_arrival":17.8369921578,
  "total_cost":106950.6049781051,
  "total_cost_resource":73394.604978105,
  "avg_cost_per_accepted":54.6502835862,
  "final_utilization":0.9702895568,
  "avg_utilization_over_time":0.9683199008,
  "avg_leftover_capacity_sum_over_time":5557.3166666667,
  "final_leftover_capacity_sum":5211.8,
  "final_leftover_capacity_min":0.2666666667,
  "final_leftover_capacity_max":332.0,
  "final_leftover_capacity_avg":38.0423357664,
  "avg_e2e_delay_accepted":0.0836246653,
  "p95_e2e_delay_accepted":0.1317238027,
  "avg_access_delay_accepted":0.0080252486,
  "avg_processing_delay_accepted":0.0567248577,
  "avg_network_delay_accepted":0.0133945567,
  "avg_split_proc_overhead_accepted":8.795500097e-19,
  "avg_split_net_overhead_accepted":0.0,
  "total_transmitted_bits_accepted":3616481186.0728731155,
  "avg_transmitted_bits_per_accepted":1847971.9908394855,
  "total_split_transmitted_bits_accepted":968067049.8233748674,
  "avg_split_transmitted_bits_per_accepted":494668.9063992718,
  "avg_split_overhead_ratio_accepted":9.887005959e-18,
  "p95_split_overhead_ratio_accepted":5.74965986e-17,
  "rga_accepted_total":4897,
  "rga_rejected_total":1099,
  "rga_rejection_ratio":0.1832888592,
  "mdca_rejected_total":2940,
  "mdca_capacity_rejected_total":2912,
  "mdca_reliability_rejected_total":6,
  "mdca_qos_rejected_total":22,
  "mdca_rejection_ratio":0.4903268846,
  "capacity_rejection_ratio":0.4856571047,
  "reliability_rejection_ratio":0.0010006671,
  "qos_rejected_total":22,
  "qos_rejection_ratio":0.0036691127
}