{
  "algo":"random",
  "region":"Alabama",
  "time_slots":120,
  "arrival_rate":20.0,
  "mean_service_time":9.0,
  "seed":5,
  "trace_seed":8018029854763536747,
  "algo_seed":12524923256282916737,
  "trace_hash":"7442915292e6293a2e3dfb1dfa653151c20d6495d085969f96b62d1a3b1c639b",
  "arrivals_per_slot":[
    11,
    19,
    23,
    23,
    24,
    18,
    16,
    21,
    19,
    20,
    20,
    21,
    15,
    19,
    21,
    21,
    27,
    22,
    21,
    30,
    27,
    11,
    25,
    16,
    21,
    18,
    26,
    13,
    20,
    18,
    23,
    16,
    21,
    31,
    22,
    24,
    13,
    20,
    21,
    23,
    19,
    19,
    25,
    21,
    23,
    23,
    23,
    22,
    18,
    20,
    13,
    15,
    19,
    26,
    16,
    23,
    21,
    25,
    22,
    22,
    16,
    21,
    15,
    15,
    13,
    14,
    15,
    28,
    16,
    14,
    15,
    18,
    20,
    13,
    19,
    13,
    17,
    27,
    18,
    17,
    22,
    28,
    21,
    24,
    20,
    19,
    13,
    22,
    27,
    21,
    22,
    19,
    20,
    23,
    24,
    22,
    18,
    18,
    20,
    12,
    14,
    24,
    13,
    22,
    17,
    23,
    20,
    19,
    23,
    25,
    20,
    12,
    25,
    24,
    15,
    14,
    17,
    15,
    20,
    21
  ],
  "diversity":false,
  "p_split":null,
  "split_reliability_mode":null,
  "mechanism":null,
  "fixed_sfc_len":6,
  "fixed_reliability":null,
  "max_backup_level":2,
  "explicit_split_replicas":false,
  "split_enforce_distinct":false,
  "strict_split_resource_ablation":false,
  "split_replica_resource_scale":1.0,
  "cap_base_min":500,
  "cap_base_max":700,
  "cap_scale":0.2,
  "total_arrivals":2377,
  "total_accepted":694,
  "total_rejected":1683,
  "acceptance_ratio":0.2919646613,
  "avg_cost_per_arrival":38.6818516001,
  "total_cost":91946.7612535072,
  "total_cost_resource":70027.7612535072,
  "avg_cost_per_accepted":132.4881286074,
  "final_utilization":0.9247145692,
  "avg_utilization_over_time":0.9296777305,
  "avg_leftover_capacity_sum_over_time":12270.575,
  "final_leftover_capacity_sum":13136.6,
  "final_leftover_capacity_min":1.0,
  "final_leftover_capacity_max":339.0,
  "final_leftover_capacity_avg":95.8875912409,
  "avg_e2e_delay_accepted":0.1261785016,
  "p95_e2e_delay_accepted":0.1862683355,
  "avg_access_delay_accepted":0.0080642988,
  "avg_processing_delay_accepted":0.0980945088,
  "avg_network_delay_accepted":0.020019694,
  "avg_split_proc_overhead_accepted":0.0,
  "avg_split_net_overhead_accepted":0.0,
  "total_transmitted_bits_accepted":2579931352.9998874664,
  "avg_transmitted_bits_per_accepted":3717480.3357347082,
  "total_split_transmitted_bits_accepted":0.0,
  "avg_split_transmitted_bits_per_accepted":0.0,
  "avg_split_overhead_ratio_accepted":0.0,
  "p95_split_overhead_ratio_accepted":0.0,
  "rga_accepted_total":2377,
  "rga_rejected_total":0,
  "rga_rejection_ratio":0.0,
  "mdca_rejected_total":1683,
  "mdca_capacity_rejected_total":1624,
  "mdca_reliability_rejected_total":0,
  "mdca_qos_rejected_total":59,
  "mdca_rejection_ratio":0.7080353387,
  "capacity_rejection_ratio":0.6832141355,
  "reliability_rejection_ratio":0.0,
  "qos_rejected_total":59,
  "qos_rejection_ratio":0.0248212032
}