region,fixed_reliability,seed,method,share,share_tag,domain_count,domain_failure_prob,total_accepted,expected_target_satisfaction_ratio,expected_reliability,expected_reliability_loss
Arizona,0.9,4,DMDCA,"0.5,0.5",0p5_0p5,6,0.0,1408,1.0,0.9328711174642605,5.551115123125783e-16
Arizona,0.9,4,DMDCA,"0.5,0.5",0p5_0p5,6,0.01,1408,0.9740794720995002,0.9179713602987715,0.014899757165489635
Arizona,0.9,4,DMDCA,"0.5,0.5",0p5_0p5,6,0.03,1408,0.92380757483621,0.8883701791092008,0.044500938355060304
Arizona,0.9,4,DMDCA,"0.5,0.5",0p5_0p5,6,0.05,1408,0.8755748847656248,0.8590484896122,0.07382262785206106
Arizona,0.9,4,MDCA,nan,nan,6,0.0,1413,1.0,0.9331934514043181,-2.220446049250313e-16
Arizona,0.9,4,MDCA,nan,nan,6,0.01,1413,0.9746329236158598,0.9170452032902636,0.016148248114054242
Arizona,0.9,4,MDCA,nan,nan,6,0.03,1413,0.925429295727452,0.8851029635807905,0.04809048782352732
Arizona,0.9,4,MDCA,nan,nan,6,0.05,1413,0.8782117065861643,0.8536418553924967,0.07955159601182116
