{
  "algo":"mdca",
  "region":"Arizona",
  "time_slots":120,
  "arrival_rate":20.0,
  "mean_service_time":9.0,
  "seed":2,
  "trace_seed":215604433147275963,
  "algo_seed":4836232127056779440,
  "trace_hash":"fc6b04c39ed8853474f77ea4d7389864bb1c5cc5b5454f70dc4a799787c3e1cd",
  "arrivals_per_slot":[
    22,
    21,
    19,
    19,
    19,
    22,
    21,
    22,
    13,
    27,
    18,
    19,
    24,
    22,
    13,
    20,
    16,
    24,
    28,
    17,
    19,
    25,
    25,
    18,
    24,
    23,
    18,
    18,
    11,
    19,
    29,
    16,
    25,
    14,
    22,
    21,
    20,
    18,
    18,
    16,
    14,
    25,
    19,
    19,
    14,
    17,
    20,
    14,
    18,
    23,
    24,
    18,
    24,
    16,
    26,
    19,
    26,
    21,
    17,
    15,
    14,
    22,
    14,
    18,
    19,
    14,
    15,
    19,
    16,
    15,
    20,
    23,
    31,
    21,
    17,
    22,
    20,
    24,
    29,
    23,
    27,
    10,
    22,
    23,
    21,
    13,
    25,
    22,
    26,
    18,
    27,
    27,
    26,
    17,
    25,
    21,
    18,
    22,
    23,
    18,
    16,
    29,
    15,
    21,
    24,
    19,
    24,
    15,
    17,
    15,
    21,
    15,
    20,
    24,
    20,
    16,
    24,
    23,
    20,
    24
  ],
  "diversity":true,
  "p_split":0.3,
  "split_reliability_mode":"identical_active_pool",
  "split_recovery_coverage":1.0,
  "split_workload_shares":"0.5,0.5",
  "mechanism":null,
  "fixed_sfc_len":1,
  "fixed_reliability":0.999,
  "max_backup_level":2,
  "explicit_split_replicas":true,
  "split_enforce_distinct":false,
  "strict_split_resource_ablation":false,
  "split_replica_resource_scale":1.0,
  "backhaul_knn_k":4,
  "backhaul_use_device_bw":true,
  "backhaul_bw_scale":0.5,
  "fiber_speed_mps":200000000.0,
  "switch_delay_s":0.0002,
  "region_cloudlet_count":314,
  "cap_base_min":500,
  "cap_base_max":700,
  "cap_scale":0.2,
  "total_arrivals":2423,
  "total_accepted":2423,
  "total_rejected":0,
  "acceptance_ratio":1.0,
  "avg_cost_per_arrival":14.1821384425,
  "total_cost":34363.3214462009,
  "total_cost_resource":20913.3214462009,
  "avg_cost_per_accepted":14.1821384425,
  "final_utilization":0.2748412212,
  "avg_utilization_over_time":0.2465869277,
  "avg_leftover_capacity_sum_over_time":284600.1305555556,
  "final_leftover_capacity_sum":273927.1333333333,
  "final_leftover_capacity_min":0.2,
  "final_leftover_capacity_max":2466.2,
  "final_leftover_capacity_avg":872.3794055202,
  "avg_e2e_delay_accepted":0.0269249738,
  "p95_e2e_delay_accepted":0.0567870496,
  "avg_access_delay_accepted":0.0080204193,
  "avg_processing_delay_accepted":0.014923643,
  "avg_network_delay_accepted":0.0027562761,
  "avg_split_proc_overhead_accepted":2.180038376e-19,
  "avg_split_net_overhead_accepted":0.0,
  "total_transmitted_bits_accepted":527260731.3770030141,
  "avg_transmitted_bits_per_accepted":217606.5750627334,
  "total_split_transmitted_bits_accepted":527260731.3770030141,
  "avg_split_transmitted_bits_per_accepted":217606.5750627334,
  "avg_split_overhead_ratio_accepted":5.675548088e-18,
  "p95_split_overhead_ratio_accepted":5.261460834e-17,
  "rga_accepted_total":2423,
  "rga_rejected_total":0,
  "rga_rejection_ratio":0.0,
  "mdca_rejected_total":0,
  "mdca_capacity_rejected_total":0,
  "mdca_reliability_rejected_total":0,
  "mdca_qos_rejected_total":0,
  "mdca_rejection_ratio":0.0,
  "capacity_rejection_ratio":0.0,
  "reliability_rejection_ratio":0.0,
  "qos_rejected_total":0,
  "qos_rejection_ratio":0.0
}