{
  "algo":"mdca",
  "region":"Arizona",
  "time_slots":120,
  "arrival_rate":12.0,
  "mean_service_time":9.0,
  "seed":1,
  "trace_seed":12774602360984664964,
  "algo_seed":3737587677167370884,
  "trace_hash":"7a27e3ef513e060f56b096745ba47e7c6c2348b41feb9a5dcf6c296e6d8950ca",
  "arrivals_per_slot":[
    6,
    8,
    7,
    9,
    8,
    14,
    13,
    13,
    11,
    16,
    6,
    17,
    4,
    7,
    13,
    16,
    13,
    14,
    11,
    10,
    8,
    13,
    12,
    12,
    19,
    11,
    14,
    18,
    9,
    15,
    11,
    11,
    18,
    10,
    12,
    14,
    20,
    8,
    7,
    13,
    16,
    12,
    11,
    15,
    12,
    15,
    9,
    9,
    13,
    9,
    14,
    7,
    12,
    11,
    8,
    17,
    19,
    9,
    11,
    20,
    14,
    16,
    11,
    11,
    11,
    16,
    12,
    11,
    16,
    9,
    14,
    12,
    14,
    21,
    9,
    12,
    12,
    14,
    16,
    21,
    9,
    9,
    11,
    10,
    17,
    14,
    10,
    14,
    9,
    15,
    10,
    10,
    13,
    7,
    8,
    16,
    14,
    11,
    13,
    11,
    13,
    12,
    11,
    9,
    12,
    15,
    19,
    12,
    13,
    12,
    8,
    10,
    8,
    14,
    13,
    10,
    7,
    14,
    12,
    9
  ],
  "diversity":false,
  "p_split":null,
  "split_reliability_mode":null,
  "mechanism":null,
  "fixed_sfc_len":null,
  "fixed_reliability":0.9,
  "max_backup_level":2,
  "explicit_split_replicas":false,
  "split_enforce_distinct":false,
  "strict_split_resource_ablation":false,
  "split_replica_resource_scale":1.0,
  "cap_base_min":500,
  "cap_base_max":700,
  "cap_scale":0.2,
  "total_arrivals":1456,
  "total_accepted":1442,
  "total_rejected":14,
  "acceptance_ratio":0.9903846154,
  "avg_cost_per_arrival":23.4791351792,
  "total_cost":34185.6208208953,
  "total_cost_resource":21289.6208208953,
  "avg_cost_per_accepted":23.7070879479,
  "final_utilization":0.2588130866,
  "avg_utilization_over_time":0.2428979946,
  "avg_leftover_capacity_sum_over_time":285905.6416666667,
  "final_leftover_capacity_sum":279895.6,
  "final_leftover_capacity_min":0.0,
  "final_leftover_capacity_max":2610.6,
  "final_leftover_capacity_avg":891.3872611465,
  "avg_e2e_delay_accepted":0.0642005308,
  "p95_e2e_delay_accepted":0.1284041061,
  "avg_access_delay_accepted":0.0081187124,
  "avg_processing_delay_accepted":0.0481210677,
  "avg_network_delay_accepted":0.0079607506,
  "avg_split_proc_overhead_accepted":0.0,
  "avg_split_net_overhead_accepted":0.0,
  "total_transmitted_bits_accepted":1894856806.5283770561,
  "avg_transmitted_bits_per_accepted":1314047.7160390965,
  "total_split_transmitted_bits_accepted":0.0,
  "avg_split_transmitted_bits_per_accepted":0.0,
  "avg_split_overhead_ratio_accepted":0.0,
  "p95_split_overhead_ratio_accepted":0.0,
  "rga_accepted_total":1456,
  "rga_rejected_total":0,
  "rga_rejection_ratio":0.0,
  "mdca_rejected_total":14,
  "mdca_capacity_rejected_total":0,
  "mdca_reliability_rejected_total":0,
  "mdca_qos_rejected_total":14,
  "mdca_rejection_ratio":0.0096153846,
  "capacity_rejection_ratio":0.0,
  "reliability_rejection_ratio":0.0,
  "qos_rejected_total":14,
  "qos_rejection_ratio":0.0096153846
}