{
  "algo":"random",
  "region":"Alabama",
  "time_slots":120,
  "arrival_rate":40.0,
  "mean_service_time":9.0,
  "seed":4,
  "trace_seed":14694323168720592454,
  "algo_seed":11812869563047589514,
  "trace_hash":"4e53aa728d462992c495e96e8965d286130d004ad8cb69eb059cae1c9d43bc24",
  "arrivals_per_slot":[
    34,
    40,
    49,
    49,
    36,
    34,
    37,
    52,
    40,
    30,
    36,
    34,
    44,
    42,
    43,
    32,
    36,
    45,
    26,
    49,
    41,
    49,
    42,
    36,
    48,
    38,
    44,
    48,
    39,
    40,
    31,
    35,
    41,
    36,
    42,
    42,
    44,
    44,
    38,
    32,
    33,
    33,
    29,
    35,
    40,
    37,
    44,
    28,
    36,
    33,
    40,
    37,
    32,
    32,
    38,
    31,
    38,
    51,
    43,
    45,
    31,
    34,
    29,
    34,
    38,
    32,
    35,
    30,
    34,
    42,
    42,
    43,
    45,
    31,
    45,
    42,
    46,
    48,
    47,
    35,
    35,
    46,
    35,
    40,
    52,
    27,
    34,
    45,
    48,
    50,
    50,
    42,
    36,
    36,
    41,
    43,
    37,
    35,
    41,
    32,
    44,
    34,
    32,
    33,
    47,
    41,
    60,
    36,
    47,
    51,
    53,
    42,
    49,
    44,
    29,
    36,
    47,
    48,
    38,
    44
  ],
  "diversity":false,
  "p_split":null,
  "split_reliability_mode":null,
  "mechanism":null,
  "fixed_sfc_len":null,
  "fixed_reliability":null,
  "max_backup_level":2,
  "explicit_split_replicas":false,
  "split_enforce_distinct":false,
  "strict_split_resource_ablation":false,
  "split_replica_resource_scale":1.0,
  "cap_base_min":500,
  "cap_base_max":700,
  "cap_scale":0.2,
  "total_arrivals":4756,
  "total_accepted":2048,
  "total_rejected":2708,
  "acceptance_ratio":0.4306139613,
  "avg_cost_per_arrival":20.7988184775,
  "total_cost":98919.180678836,
  "total_cost_resource":74755.180678836,
  "avg_cost_per_accepted":48.3003811908,
  "final_utilization":0.9626047933,
  "avg_utilization_over_time":0.945515362,
  "avg_leftover_capacity_sum_over_time":9482.125,
  "final_leftover_capacity_sum":6508.0,
  "final_leftover_capacity_min":0.0,
  "final_leftover_capacity_max":192.0,
  "final_leftover_capacity_avg":47.503649635,
  "avg_e2e_delay_accepted":0.06324824,
  "p95_e2e_delay_accepted":0.1280169828,
  "avg_access_delay_accepted":0.0080903224,
  "avg_processing_delay_accepted":0.0484089315,
  "avg_network_delay_accepted":0.0067489861,
  "avg_split_proc_overhead_accepted":0.0,
  "avg_split_net_overhead_accepted":0.0,
  "total_transmitted_bits_accepted":2586570731.0863509178,
  "avg_transmitted_bits_per_accepted":1262973.9897882573,
  "total_split_transmitted_bits_accepted":0.0,
  "avg_split_transmitted_bits_per_accepted":0.0,
  "avg_split_overhead_ratio_accepted":0.0,
  "p95_split_overhead_ratio_accepted":0.0,
  "rga_accepted_total":4756,
  "rga_rejected_total":0,
  "rga_rejection_ratio":0.0,
  "mdca_rejected_total":2708,
  "mdca_capacity_rejected_total":2686,
  "mdca_reliability_rejected_total":0,
  "mdca_qos_rejected_total":22,
  "mdca_rejection_ratio":0.5693860387,
  "capacity_rejection_ratio":0.5647603028,
  "reliability_rejection_ratio":0.0,
  "qos_rejected_total":22,
  "qos_rejection_ratio":0.0046257359
}