{
  "algo":"mdca",
  "region":"Arizona",
  "time_slots":120,
  "arrival_rate":20.0,
  "mean_service_time":9.0,
  "seed":1,
  "trace_seed":9093269597766909224,
  "algo_seed":3737587677167370884,
  "trace_hash":"aba3adb61f3192ae1b26acaa8503d32834b91b019de150aadfe1be972d6fdad3",
  "arrivals_per_slot":[
    23,
    15,
    19,
    23,
    22,
    27,
    19,
    25,
    20,
    16,
    19,
    15,
    15,
    22,
    21,
    16,
    33,
    27,
    18,
    23,
    23,
    22,
    18,
    21,
    9,
    21,
    13,
    22,
    29,
    24,
    22,
    20,
    23,
    24,
    15,
    23,
    26,
    22,
    19,
    20,
    15,
    16,
    15,
    20,
    12,
    23,
    15,
    22,
    18,
    19,
    19,
    24,
    24,
    21,
    25,
    17,
    25,
    21,
    26,
    23,
    19,
    25,
    22,
    29,
    28,
    19,
    16,
    20,
    23,
    21,
    17,
    21,
    20,
    17,
    27,
    25,
    14,
    19,
    21,
    20,
    12,
    11,
    18,
    20,
    16,
    24,
    21,
    26,
    20,
    19,
    18,
    15,
    22,
    21,
    24,
    15,
    17,
    22,
    21,
    23,
    23,
    22,
    24,
    21,
    19,
    22,
    12,
    25,
    21,
    20,
    21,
    21,
    14,
    18,
    12,
    21,
    20,
    19,
    10,
    21
  ],
  "diversity":false,
  "p_split":null,
  "split_reliability_mode":null,
  "mechanism":null,
  "fixed_sfc_len":5,
  "fixed_reliability":null,
  "max_backup_level":2,
  "explicit_split_replicas":false,
  "split_enforce_distinct":false,
  "strict_split_resource_ablation":false,
  "split_replica_resource_scale":1.0,
  "cap_base_min":500,
  "cap_base_max":700,
  "cap_scale":0.2,
  "total_arrivals":2428,
  "total_accepted":2330,
  "total_rejected":98,
  "acceptance_ratio":0.9596375618,
  "avg_cost_per_arrival":71.720039249,
  "total_cost":174136.2552965347,
  "total_cost_resource":130734.2552965347,
  "avg_cost_per_accepted":74.736590256,
  "final_utilization":0.7994463636,
  "avg_utilization_over_time":0.8171472252,
  "avg_leftover_capacity_sum_over_time":69318.3166666667,
  "final_leftover_capacity_sum":76028.6,
  "final_leftover_capacity_min":0.0,
  "final_leftover_capacity_max":1702.4,
  "final_leftover_capacity_avg":242.1292993631,
  "avg_e2e_delay_accepted":0.1039667937,
  "p95_e2e_delay_accepted":0.1591098455,
  "avg_access_delay_accepted":0.0080456792,
  "avg_processing_delay_accepted":0.0782768562,
  "avg_network_delay_accepted":0.0176442583,
  "avg_split_proc_overhead_accepted":0.0,
  "avg_split_net_overhead_accepted":0.0,
  "total_transmitted_bits_accepted":6086890234.9374780655,
  "avg_transmitted_bits_per_accepted":2612399.2424624371,
  "total_split_transmitted_bits_accepted":0.0,
  "avg_split_transmitted_bits_per_accepted":0.0,
  "avg_split_overhead_ratio_accepted":0.0,
  "p95_split_overhead_ratio_accepted":0.0,
  "rga_accepted_total":2428,
  "rga_rejected_total":0,
  "rga_rejection_ratio":0.0,
  "mdca_rejected_total":98,
  "mdca_capacity_rejected_total":5,
  "mdca_reliability_rejected_total":0,
  "mdca_qos_rejected_total":93,
  "mdca_rejection_ratio":0.0403624382,
  "capacity_rejection_ratio":0.0020593081,
  "reliability_rejection_ratio":0.0,
  "qos_rejected_total":93,
  "qos_rejection_ratio":0.0383031301
}