{
  "algo":"mdca",
  "region":"Alabama",
  "time_slots":120,
  "arrival_rate":12.0,
  "mean_service_time":9.0,
  "seed":5,
  "trace_seed":5014111546439986536,
  "algo_seed":10056931585136477576,
  "trace_hash":"8db74fed54cfe5ea5cb7eb63f965d379cd6d3add5022762068debb12f4d78b69",
  "arrivals_per_slot":[
    11,
    12,
    11,
    17,
    12,
    10,
    11,
    17,
    9,
    15,
    11,
    9,
    13,
    12,
    1,
    13,
    16,
    20,
    15,
    13,
    13,
    16,
    5,
    13,
    9,
    12,
    15,
    15,
    11,
    10,
    7,
    10,
    11,
    14,
    19,
    11,
    9,
    10,
    13,
    10,
    12,
    7,
    12,
    14,
    23,
    15,
    9,
    11,
    12,
    15,
    5,
    11,
    6,
    10,
    14,
    7,
    16,
    15,
    14,
    15,
    8,
    7,
    8,
    15,
    16,
    4,
    15,
    12,
    11,
    13,
    12,
    16,
    8,
    17,
    11,
    14,
    14,
    14,
    10,
    17,
    13,
    10,
    10,
    7,
    11,
    10,
    11,
    13,
    7,
    14,
    10,
    15,
    12,
    9,
    9,
    5,
    10,
    12,
    14,
    15,
    15,
    18,
    23,
    5,
    11,
    11,
    8,
    11,
    14,
    16,
    13,
    11,
    13,
    13,
    12,
    11,
    17,
    11,
    11,
    12
  ],
  "diversity":false,
  "p_split":null,
  "split_reliability_mode":null,
  "mechanism":null,
  "fixed_sfc_len":null,
  "fixed_reliability":0.93,
  "max_backup_level":2,
  "explicit_split_replicas":false,
  "split_enforce_distinct":false,
  "strict_split_resource_ablation":false,
  "split_replica_resource_scale":1.0,
  "cap_base_min":500,
  "cap_base_max":700,
  "cap_scale":0.2,
  "total_arrivals":1439,
  "total_accepted":1423,
  "total_rejected":16,
  "acceptance_ratio":0.9888811675,
  "avg_cost_per_arrival":33.5456288629,
  "total_cost":48272.1599336666,
  "total_cost_resource":33805.1599336666,
  "avg_cost_per_accepted":33.9228109161,
  "final_utilization":0.6350646366,
  "avg_utilization_over_time":0.5932571192,
  "avg_leftover_capacity_sum_over_time":70076.2666666667,
  "final_leftover_capacity_sum":62873.4,
  "final_leftover_capacity_min":0.0,
  "final_leftover_capacity_max":1987.2,
  "final_leftover_capacity_avg":458.9299270073,
  "avg_e2e_delay_accepted":0.0624684012,
  "p95_e2e_delay_accepted":0.1249526595,
  "avg_access_delay_accepted":0.0081107854,
  "avg_processing_delay_accepted":0.0475832044,
  "avg_network_delay_accepted":0.0067744114,
  "avg_split_proc_overhead_accepted":0.0,
  "avg_split_net_overhead_accepted":0.0,
  "total_transmitted_bits_accepted":1853822697.0416793823,
  "avg_transmitted_bits_per_accepted":1302756.6388205758,
  "total_split_transmitted_bits_accepted":0.0,
  "avg_split_transmitted_bits_per_accepted":0.0,
  "avg_split_overhead_ratio_accepted":0.0,
  "p95_split_overhead_ratio_accepted":0.0,
  "rga_accepted_total":1439,
  "rga_rejected_total":0,
  "rga_rejection_ratio":0.0,
  "mdca_rejected_total":16,
  "mdca_capacity_rejected_total":0,
  "mdca_reliability_rejected_total":0,
  "mdca_qos_rejected_total":16,
  "mdca_rejection_ratio":0.0111188325,
  "capacity_rejection_ratio":0.0,
  "reliability_rejection_ratio":0.0,
  "qos_rejected_total":16,
  "qos_rejection_ratio":0.0111188325
}