{
  "algo":"mdca",
  "region":"Arizona",
  "time_slots":120,
  "arrival_rate":20.0,
  "mean_service_time":9.0,
  "seed":2,
  "trace_seed":8552427652862279523,
  "algo_seed":4836232127056779440,
  "trace_hash":"757f54876c49d7b880dbc0cd9829d45443d65dc3304af1af4c8b9f8210d04e24",
  "arrivals_per_slot":[
    15,
    22,
    22,
    19,
    20,
    19,
    27,
    21,
    20,
    20,
    18,
    16,
    13,
    18,
    23,
    31,
    19,
    17,
    27,
    19,
    15,
    17,
    24,
    20,
    19,
    24,
    19,
    26,
    25,
    10,
    24,
    18,
    18,
    20,
    15,
    19,
    26,
    21,
    21,
    19,
    18,
    14,
    17,
    17,
    9,
    25,
    17,
    19,
    20,
    17,
    12,
    16,
    23,
    21,
    17,
    17,
    23,
    22,
    36,
    25,
    20,
    17,
    13,
    13,
    14,
    18,
    26,
    22,
    11,
    23,
    19,
    23,
    25,
    23,
    24,
    16,
    24,
    24,
    18,
    19,
    21,
    19,
    21,
    17,
    22,
    15,
    21,
    15,
    20,
    19,
    23,
    18,
    17,
    15,
    19,
    21,
    17,
    24,
    16,
    16,
    16,
    15,
    21,
    22,
    29,
    22,
    12,
    20,
    18,
    23,
    22,
    20,
    24,
    19,
    26,
    19,
    16,
    21,
    21,
    20
  ],
  "diversity":true,
  "p_split":0.3,
  "split_reliability_mode":"identical_active_pool",
  "mechanism":null,
  "fixed_sfc_len":5,
  "fixed_reliability":null,
  "max_backup_level":2,
  "explicit_split_replicas":true,
  "split_enforce_distinct":false,
  "strict_split_resource_ablation":false,
  "split_replica_resource_scale":1.0,
  "cap_base_min":500,
  "cap_base_max":700,
  "cap_scale":0.2,
  "total_arrivals":2365,
  "total_accepted":2250,
  "total_rejected":115,
  "acceptance_ratio":0.9513742072,
  "avg_cost_per_arrival":62.5338772483,
  "total_cost":147892.6196921715,
  "total_cost_resource":105444.6196921715,
  "avg_cost_per_accepted":65.7300531965,
  "final_utilization":0.809572103,
  "avg_utilization_over_time":0.7512599955,
  "avg_leftover_capacity_sum_over_time":93593.7,
  "final_leftover_capacity_sum":71652.5333333334,
  "final_leftover_capacity_min":0.0,
  "final_leftover_capacity_max":2443.4,
  "final_leftover_capacity_avg":228.1927813163,
  "avg_e2e_delay_accepted":0.1122838161,
  "p95_e2e_delay_accepted":0.1702716371,
  "avg_access_delay_accepted":0.0080718466,
  "avg_processing_delay_accepted":0.0719418187,
  "avg_network_delay_accepted":0.0264945862,
  "avg_split_proc_overhead_accepted":9.020562075e-19,
  "avg_split_net_overhead_accepted":0.0,
  "total_transmitted_bits_accepted":7452670084.0833072662,
  "avg_transmitted_bits_per_accepted":3312297.8151481366,
  "total_split_transmitted_bits_accepted":1288141221.9249053001,
  "avg_split_transmitted_bits_per_accepted":572507.2097444023,
  "avg_split_overhead_ratio_accepted":7.547353151e-18,
  "p95_split_overhead_ratio_accepted":3.952204676e-17,
  "rga_accepted_total":2365,
  "rga_rejected_total":0,
  "rga_rejection_ratio":0.0,
  "mdca_rejected_total":115,
  "mdca_capacity_rejected_total":0,
  "mdca_reliability_rejected_total":0,
  "mdca_qos_rejected_total":115,
  "mdca_rejection_ratio":0.0486257928,
  "capacity_rejection_ratio":0.0,
  "reliability_rejection_ratio":0.0,
  "qos_rejected_total":115,
  "qos_rejection_ratio":0.0486257928
}