{
  "algo":"mdca",
  "region":"Alabama",
  "time_slots":120,
  "arrival_rate":25.0,
  "mean_service_time":9.0,
  "seed":5,
  "trace_seed":11612220209787170428,
  "algo_seed":6041356402655296302,
  "trace_hash":"ef43996e9ea942bc5fd2eb7087854703648d46375925c0a6a008893d871e4481",
  "arrivals_per_slot":[
    16,
    33,
    24,
    27,
    25,
    31,
    11,
    23,
    25,
    23,
    20,
    29,
    30,
    28,
    31,
    29,
    15,
    28,
    32,
    26,
    29,
    27,
    23,
    24,
    15,
    26,
    23,
    27,
    18,
    20,
    29,
    17,
    21,
    28,
    26,
    24,
    29,
    27,
    21,
    30,
    33,
    23,
    25,
    28,
    23,
    28,
    32,
    23,
    19,
    30,
    25,
    16,
    25,
    33,
    20,
    29,
    24,
    14,
    21,
    30,
    21,
    24,
    29,
    28,
    31,
    33,
    27,
    24,
    20,
    31,
    24,
    20,
    22,
    24,
    21,
    28,
    23,
    28,
    29,
    26,
    28,
    21,
    27,
    24,
    34,
    35,
    28,
    17,
    26,
    23,
    24,
    25,
    25,
    23,
    24,
    22,
    27,
    18,
    26,
    34,
    28,
    21,
    29,
    30,
    32,
    29,
    19,
    24,
    27,
    33,
    29,
    22,
    28,
    12,
    35,
    20,
    23,
    16,
    27,
    20
  ],
  "diversity":true,
  "p_split":0.3,
  "split_reliability_mode":"identical_active_pool",
  "mechanism":null,
  "fixed_sfc_len":null,
  "fixed_reliability":null,
  "max_backup_level":2,
  "explicit_split_replicas":true,
  "split_enforce_distinct":false,
  "strict_split_resource_ablation":false,
  "split_replica_resource_scale":1.0,
  "cap_base_min":500,
  "cap_base_max":700,
  "cap_scale":0.2,
  "total_arrivals":3019,
  "total_accepted":2564,
  "total_rejected":455,
  "acceptance_ratio":0.8492878437,
  "avg_cost_per_arrival":30.4419172462,
  "total_cost":91904.148166161,
  "total_cost_resource":66410.1481661611,
  "avg_cost_per_accepted":35.8440515469,
  "final_utilization":0.9675095684,
  "avg_utilization_over_time":0.9270679436,
  "avg_leftover_capacity_sum_over_time":12571.5027777778,
  "final_leftover_capacity_sum":5600.4666666667,
  "final_leftover_capacity_min":0.0666666667,
  "final_leftover_capacity_max":529.4,
  "final_leftover_capacity_avg":40.8793187348,
  "avg_e2e_delay_accepted":0.0663497868,
  "p95_e2e_delay_accepted":0.1337663354,
  "avg_access_delay_accepted":0.0080569885,
  "avg_processing_delay_accepted":0.0438688255,
  "avg_network_delay_accepted":0.0110823733,
  "avg_split_proc_overhead_accepted":5.194360174e-19,
  "avg_split_net_overhead_accepted":0.0,
  "total_transmitted_bits_accepted":4172852165.3622570038,
  "avg_transmitted_bits_per_accepted":1627477.4435890238,
  "total_split_transmitted_bits_accepted":931109226.0263433456,
  "avg_split_transmitted_bits_per_accepted":363147.1240352353,
  "avg_split_overhead_ratio_accepted":6.386699953e-18,
  "p95_split_overhead_ratio_accepted":4.379132391e-17,
  "rga_accepted_total":3019,
  "rga_rejected_total":0,
  "rga_rejection_ratio":0.0,
  "mdca_rejected_total":455,
  "mdca_capacity_rejected_total":427,
  "mdca_reliability_rejected_total":3,
  "mdca_qos_rejected_total":25,
  "mdca_rejection_ratio":0.1507121563,
  "capacity_rejection_ratio":0.1414375621,
  "reliability_rejection_ratio":0.0009937065,
  "qos_rejected_total":25,
  "qos_rejection_ratio":0.0082808877
}