{
  "algo":"mdca",
  "region":"Alabama",
  "time_slots":120,
  "arrival_rate":5.0,
  "mean_service_time":9.0,
  "seed":2,
  "trace_seed":14635432700816786615,
  "algo_seed":16121394405342853155,
  "trace_hash":"be1c8a0622da0de199c2b5663ccf65c8f96ae8e6e9a7ae3f0db265c31b19052b",
  "arrivals_per_slot":[
    3,
    6,
    6,
    4,
    7,
    3,
    5,
    2,
    3,
    5,
    3,
    7,
    2,
    7,
    6,
    3,
    2,
    5,
    7,
    9,
    8,
    6,
    2,
    5,
    7,
    2,
    5,
    5,
    3,
    7,
    7,
    4,
    4,
    8,
    5,
    3,
    4,
    4,
    5,
    7,
    7,
    4,
    5,
    4,
    7,
    3,
    3,
    5,
    4,
    5,
    10,
    4,
    1,
    5,
    5,
    4,
    5,
    0,
    6,
    8,
    5,
    7,
    6,
    1,
    7,
    3,
    4,
    4,
    7,
    5,
    2,
    5,
    5,
    1,
    8,
    3,
    9,
    2,
    8,
    7,
    3,
    4,
    5,
    6,
    8,
    10,
    7,
    5,
    4,
    4,
    3,
    6,
    6,
    2,
    2,
    12,
    8,
    4,
    6,
    7,
    7,
    4,
    6,
    5,
    4,
    4,
    3,
    6,
    5,
    12,
    5,
    3,
    13,
    5,
    3,
    6,
    2,
    3,
    6,
    3
  ],
  "diversity":false,
  "p_split":null,
  "split_reliability_mode":null,
  "mechanism":null,
  "fixed_sfc_len":null,
  "fixed_reliability":null,
  "max_backup_level":2,
  "explicit_split_replicas":false,
  "split_enforce_distinct":false,
  "strict_split_resource_ablation":false,
  "split_replica_resource_scale":1.0,
  "cap_base_min":500,
  "cap_base_max":700,
  "cap_scale":0.2,
  "total_arrivals":607,
  "total_accepted":601,
  "total_rejected":6,
  "acceptance_ratio":0.9901153213,
  "avg_cost_per_arrival":29.5452046929,
  "total_cost":17933.939248571,
  "total_cost_resource":11319.939248571,
  "avg_cost_per_accepted":29.8401651391,
  "final_utilization":0.2558163705,
  "avg_utilization_over_time":0.249242272,
  "avg_leftover_capacity_sum_over_time":131471.0416666667,
  "final_leftover_capacity_sum":130319.8,
  "final_leftover_capacity_min":1.0,
  "final_leftover_capacity_max":2596.0,
  "final_leftover_capacity_avg":951.2394160584,
  "avg_e2e_delay_accepted":0.06197793,
  "p95_e2e_delay_accepted":0.1181222669,
  "avg_access_delay_accepted":0.0079643552,
  "avg_processing_delay_accepted":0.0475679194,
  "avg_network_delay_accepted":0.0064456554,
  "avg_split_proc_overhead_accepted":0.0,
  "avg_split_net_overhead_accepted":0.0,
  "total_transmitted_bits_accepted":752416022.820699811,
  "avg_transmitted_bits_per_accepted":1251940.1378048251,
  "total_split_transmitted_bits_accepted":0.0,
  "avg_split_transmitted_bits_per_accepted":0.0,
  "avg_split_overhead_ratio_accepted":0.0,
  "p95_split_overhead_ratio_accepted":0.0,
  "rga_accepted_total":607,
  "rga_rejected_total":0,
  "rga_rejection_ratio":0.0,
  "mdca_rejected_total":6,
  "mdca_capacity_rejected_total":0,
  "mdca_reliability_rejected_total":0,
  "mdca_qos_rejected_total":6,
  "mdca_rejection_ratio":0.0098846787,
  "capacity_rejection_ratio":0.0,
  "reliability_rejection_ratio":0.0,
  "qos_rejected_total":6,
  "qos_rejection_ratio":0.0098846787
}