{
  "algo":"mdca",
  "region":"Arizona",
  "time_slots":120,
  "arrival_rate":50.0,
  "mean_service_time":9.0,
  "seed":3,
  "trace_seed":13065058459733893879,
  "algo_seed":18087234375462464239,
  "trace_hash":"e8edfa810ac625a78b876b1b20e088222ade7bf16110210a4f0051fb734130ff",
  "arrivals_per_slot":[
    55,
    46,
    45,
    48,
    49,
    57,
    53,
    54,
    51,
    49,
    41,
    49,
    45,
    51,
    51,
    64,
    61,
    47,
    46,
    56,
    44,
    55,
    55,
    57,
    42,
    56,
    48,
    49,
    53,
    37,
    54,
    55,
    46,
    32,
    61,
    53,
    43,
    50,
    45,
    57,
    51,
    55,
    47,
    44,
    52,
    44,
    34,
    52,
    51,
    52,
    42,
    48,
    52,
    59,
    57,
    43,
    50,
    40,
    45,
    44,
    33,
    57,
    36,
    53,
    52,
    41,
    50,
    60,
    41,
    48,
    42,
    57,
    41,
    46,
    54,
    45,
    50,
    61,
    51,
    44,
    45,
    47,
    48,
    50,
    53,
    46,
    51,
    31,
    37,
    43,
    48,
    42,
    37,
    46,
    54,
    48,
    53,
    44,
    46,
    54,
    49,
    54,
    50,
    50,
    55,
    43,
    38,
    56,
    45,
    47,
    44,
    48,
    48,
    51,
    43,
    61,
    61,
    41,
    74,
    59
  ],
  "diversity":true,
  "p_split":0.3,
  "split_reliability_mode":"identical_active_pool",
  "mechanism":null,
  "fixed_sfc_len":null,
  "fixed_reliability":null,
  "max_backup_level":2,
  "explicit_split_replicas":true,
  "split_enforce_distinct":false,
  "strict_split_resource_ablation":false,
  "split_replica_resource_scale":1.0,
  "cap_base_min":500,
  "cap_base_max":700,
  "cap_scale":0.2,
  "total_arrivals":5874,
  "total_accepted":5401,
  "total_rejected":473,
  "acceptance_ratio":0.9194756554,
  "avg_cost_per_arrival":34.6631585327,
  "total_cost":203611.3932209419,
  "total_cost_resource":148528.3932209419,
  "avg_cost_per_accepted":37.6988322942,
  "final_utilization":0.9727745915,
  "avg_utilization_over_time":0.9198043743,
  "avg_leftover_capacity_sum_over_time":30267.0,
  "final_leftover_capacity_sum":10275.2666666667,
  "final_leftover_capacity_min":0.0,
  "final_leftover_capacity_max":171.2,
  "final_leftover_capacity_avg":32.7237791932,
  "avg_e2e_delay_accepted":0.0684222686,
  "p95_e2e_delay_accepted":0.1335337884,
  "avg_access_delay_accepted":0.0080232237,
  "avg_processing_delay_accepted":0.0432854492,
  "avg_network_delay_accepted":0.0137622643,
  "avg_split_proc_overhead_accepted":5.142984569e-19,
  "avg_split_net_overhead_accepted":0.0,
  "total_transmitted_bits_accepted":9093548646.2743492126,
  "avg_transmitted_bits_per_accepted":1683678.6976993796,
  "total_split_transmitted_bits_accepted":2038731749.645468235,
  "avg_split_transmitted_bits_per_accepted":377473.0141909773,
  "avg_split_overhead_ratio_accepted":6.293090446e-18,
  "p95_split_overhead_ratio_accepted":4.303756761e-17,
  "rga_accepted_total":5874,
  "rga_rejected_total":0,
  "rga_rejection_ratio":0.0,
  "mdca_rejected_total":473,
  "mdca_capacity_rejected_total":418,
  "mdca_reliability_rejected_total":3,
  "mdca_qos_rejected_total":52,
  "mdca_rejection_ratio":0.0805243446,
  "capacity_rejection_ratio":0.0711610487,
  "reliability_rejection_ratio":0.0005107252,
  "qos_rejected_total":52,
  "qos_rejection_ratio":0.0088525707
}