region,fixed_reliability,seed,method,share,share_tag,domain_count,domain_failure_prob,total_accepted,expected_target_satisfaction_ratio,expected_reliability,expected_reliability_loss
Arizona,0.9,1,DMDCA,"0.5,0.5",0p5_0p5,6,0.0,1433,1.0,0.9330279930092356,-4.440892098500626e-16
Arizona,0.9,1,DMDCA,"0.5,0.5",0p5_0p5,6,0.01,1433,0.973747036539779,0.9181418983396809,0.014886094669554262
Arizona,0.9,1,DMDCA,"0.5,0.5",0p5_0p5,6,0.03,1433,0.9228864849313938,0.8885602468687271,0.04446774614050797
Arizona,0.9,1,DMDCA,"0.5,0.5",0p5_0p5,6,0.05,1433,0.8741598602472955,0.859248293459159,0.07377969955007613
Arizona,0.9,1,MDCA,nan,nan,6,0.0,1440,1.0,0.9332521552406269,-1.4432899320127035e-15
Arizona,0.9,1,MDCA,nan,nan,6,0.01,1440,0.9737570778091746,0.9171522334447635,0.01609992179586195
Arizona,0.9,1,MDCA,nan,nan,6,0.03,1440,0.9229505675502416,0.8852782864569143,0.04797386878371113
Arizona,0.9,1,MDCA,nan,nan,6,0.05,1440,0.8743180496093745,0.8538503429674997,0.0794018122731257
