{
  "algo":"mdca",
  "region":"Alabama",
  "time_slots":120,
  "arrival_rate":12.0,
  "mean_service_time":9.0,
  "seed":2,
  "trace_seed":13925045487441963718,
  "algo_seed":16121394405342853155,
  "trace_hash":"4ff10dcccac7dfe984bbf6b1f770a6eb1c1cc617d9761e44c1f9abe545c6c140",
  "arrivals_per_slot":[
    13,
    13,
    14,
    9,
    6,
    7,
    18,
    10,
    11,
    15,
    10,
    13,
    12,
    10,
    5,
    13,
    12,
    11,
    14,
    11,
    15,
    16,
    13,
    11,
    10,
    5,
    11,
    19,
    10,
    9,
    13,
    12,
    14,
    11,
    7,
    12,
    6,
    15,
    11,
    16,
    13,
    12,
    10,
    11,
    8,
    10,
    16,
    10,
    15,
    12,
    18,
    10,
    9,
    13,
    9,
    4,
    12,
    10,
    16,
    13,
    13,
    14,
    9,
    15,
    13,
    23,
    15,
    9,
    12,
    16,
    13,
    9,
    12,
    12,
    14,
    15,
    12,
    9,
    13,
    11,
    15,
    12,
    9,
    12,
    6,
    11,
    10,
    9,
    8,
    20,
    16,
    17,
    10,
    9,
    10,
    15,
    9,
    13,
    11,
    15,
    6,
    9,
    6,
    9,
    19,
    14,
    11,
    9,
    8,
    11,
    10,
    9,
    19,
    6,
    12,
    15,
    10,
    8,
    10,
    10
  ],
  "diversity":false,
  "p_split":null,
  "split_reliability_mode":null,
  "split_recovery_coverage":null,
  "split_workload_shares":null,
  "mechanism":null,
  "fixed_sfc_len":null,
  "fixed_reliability":0.9,
  "max_backup_level":2,
  "explicit_split_replicas":false,
  "split_enforce_distinct":false,
  "strict_split_resource_ablation":false,
  "split_replica_resource_scale":1.0,
  "backhaul_knn_k":4,
  "backhaul_use_device_bw":true,
  "backhaul_bw_scale":0.5,
  "fiber_speed_mps":200000000.0,
  "switch_delay_s":0.0002,
  "region_cloudlet_count":137,
  "cap_base_min":500,
  "cap_base_max":700,
  "cap_scale":0.2,
  "total_arrivals":1401,
  "total_accepted":1387,
  "total_rejected":14,
  "acceptance_ratio":0.9900071378,
  "avg_cost_per_arrival":28.8107751414,
  "total_cost":40363.8959730694,
  "total_cost_resource":27915.8959730694,
  "avg_cost_per_accepted":29.1015832538,
  "final_utilization":0.4562099464,
  "avg_utilization_over_time":0.4679674682,
  "avg_leftover_capacity_sum_over_time":92781.7916666666,
  "final_leftover_capacity_sum":94832.2,
  "final_leftover_capacity_min":1.0,
  "final_leftover_capacity_max":2102.4,
  "final_leftover_capacity_avg":692.2058394161,
  "avg_e2e_delay_accepted":0.0635708798,
  "p95_e2e_delay_accepted":0.1244417903,
  "avg_access_delay_accepted":0.0080377306,
  "avg_processing_delay_accepted":0.047952197,
  "avg_network_delay_accepted":0.0075809522,
  "avg_split_proc_overhead_accepted":0.0,
  "avg_split_net_overhead_accepted":0.0,
  "total_transmitted_bits_accepted":1719006869.754745245,
  "avg_transmitted_bits_per_accepted":1239370.490089939,
  "total_split_transmitted_bits_accepted":0.0,
  "avg_split_transmitted_bits_per_accepted":0.0,
  "avg_split_overhead_ratio_accepted":0.0,
  "p95_split_overhead_ratio_accepted":0.0,
  "rga_accepted_total":1401,
  "rga_rejected_total":0,
  "rga_rejection_ratio":0.0,
  "mdca_rejected_total":14,
  "mdca_capacity_rejected_total":0,
  "mdca_reliability_rejected_total":0,
  "mdca_qos_rejected_total":14,
  "mdca_rejection_ratio":0.0099928622,
  "capacity_rejection_ratio":0.0,
  "reliability_rejection_ratio":0.0,
  "qos_rejected_total":14,
  "qos_rejection_ratio":0.0099928622,
  "placement_trace_path":"D:\\Study\\Code_1\\paper_data\\workload_sharing_sensitivity\\Alabama\\R0p900\\MDCA\\seed2\\placement_trace_Alabama_mdca_seed2.json"
}