{
  "algo":"mdca",
  "region":"Arizona",
  "time_slots":120,
  "arrival_rate":12.0,
  "mean_service_time":9.0,
  "seed":3,
  "trace_seed":6768744189916696028,
  "algo_seed":4081497716676740696,
  "trace_hash":"4dd31115ff65b2f48495b908efcd0ed7b782ea706500412cf036968336fe97ad",
  "arrivals_per_slot":[
    8,
    12,
    15,
    13,
    14,
    9,
    10,
    11,
    15,
    9,
    9,
    15,
    19,
    13,
    15,
    12,
    12,
    7,
    9,
    11,
    11,
    17,
    15,
    13,
    12,
    14,
    16,
    7,
    18,
    10,
    7,
    13,
    14,
    14,
    14,
    15,
    12,
    8,
    14,
    15,
    10,
    11,
    11,
    14,
    7,
    14,
    11,
    5,
    14,
    13,
    9,
    13,
    17,
    19,
    14,
    12,
    7,
    10,
    13,
    7,
    20,
    14,
    13,
    9,
    11,
    14,
    12,
    11,
    12,
    18,
    12,
    7,
    10,
    14,
    13,
    13,
    16,
    13,
    14,
    11,
    9,
    13,
    8,
    10,
    19,
    17,
    12,
    15,
    11,
    8,
    16,
    14,
    11,
    22,
    13,
    15,
    16,
    12,
    13,
    15,
    14,
    8,
    7,
    11,
    8,
    19,
    11,
    10,
    15,
    11,
    9,
    16,
    16,
    14,
    5,
    8,
    17,
    11,
    9,
    8
  ],
  "diversity":false,
  "p_split":null,
  "split_reliability_mode":null,
  "mechanism":null,
  "fixed_sfc_len":null,
  "fixed_reliability":0.996,
  "max_backup_level":3,
  "explicit_split_replicas":false,
  "split_enforce_distinct":false,
  "strict_split_resource_ablation":false,
  "split_replica_resource_scale":1.0,
  "cap_base_min":500,
  "cap_base_max":700,
  "cap_scale":0.2,
  "total_arrivals":1481,
  "total_accepted":1467,
  "total_rejected":14,
  "acceptance_ratio":0.9905469278,
  "avg_cost_per_arrival":48.9301696129,
  "total_cost":72465.581196743,
  "total_cost_resource":49837.581196743,
  "avg_cost_per_accepted":49.3971241968,
  "final_utilization":0.4485804662,
  "avg_utilization_over_time":0.4518890998,
  "avg_leftover_capacity_sum_over_time":205369.6999999999,
  "final_leftover_capacity_sum":206609.4,
  "final_leftover_capacity_min":0.0,
  "final_leftover_capacity_max":2099.2,
  "final_leftover_capacity_avg":657.9917197452,
  "avg_e2e_delay_accepted":0.0645859245,
  "p95_e2e_delay_accepted":0.1288711855,
  "avg_access_delay_accepted":0.0080850446,
  "avg_processing_delay_accepted":0.0473362414,
  "avg_network_delay_accepted":0.0091646385,
  "avg_split_proc_overhead_accepted":0.0,
  "avg_split_net_overhead_accepted":0.0,
  "total_transmitted_bits_accepted":1966276291.8533425331,
  "avg_transmitted_bits_per_accepted":1340338.3039218422,
  "total_split_transmitted_bits_accepted":0.0,
  "avg_split_transmitted_bits_per_accepted":0.0,
  "avg_split_overhead_ratio_accepted":0.0,
  "p95_split_overhead_ratio_accepted":0.0,
  "rga_accepted_total":1481,
  "rga_rejected_total":0,
  "rga_rejection_ratio":0.0,
  "mdca_rejected_total":14,
  "mdca_capacity_rejected_total":0,
  "mdca_reliability_rejected_total":0,
  "mdca_qos_rejected_total":14,
  "mdca_rejection_ratio":0.0094530722,
  "capacity_rejection_ratio":0.0,
  "reliability_rejection_ratio":0.0,
  "qos_rejected_total":14,
  "qos_rejection_ratio":0.0094530722
}