{
  "algo":"mdca",
  "region":"Alabama",
  "time_slots":120,
  "arrival_rate":20.0,
  "mean_service_time":9.0,
  "seed":3,
  "trace_seed":6975436664978442559,
  "algo_seed":15868857010820782473,
  "trace_hash":"000d85fd453093b0cdd43f514e32d67b3997e15df46593d6a1c48688c79b75a2",
  "arrivals_per_slot":[
    25,
    28,
    19,
    9,
    17,
    20,
    20,
    20,
    25,
    18,
    22,
    23,
    19,
    14,
    26,
    18,
    25,
    22,
    21,
    19,
    25,
    23,
    23,
    14,
    13,
    19,
    29,
    21,
    14,
    22,
    17,
    19,
    27,
    12,
    17,
    31,
    17,
    18,
    15,
    24,
    26,
    23,
    22,
    15,
    26,
    21,
    21,
    12,
    22,
    17,
    28,
    18,
    24,
    18,
    18,
    20,
    21,
    18,
    17,
    22,
    15,
    9,
    23,
    18,
    21,
    28,
    24,
    23,
    23,
    20,
    23,
    16,
    18,
    24,
    14,
    23,
    21,
    15,
    26,
    19,
    22,
    15,
    11,
    20,
    23,
    19,
    19,
    13,
    17,
    22,
    14,
    14,
    10,
    17,
    24,
    18,
    15,
    18,
    23,
    15,
    28,
    18,
    19,
    18,
    26,
    21,
    21,
    25,
    23,
    21,
    21,
    21,
    23,
    23,
    16,
    24,
    26,
    22,
    21,
    22
  ],
  "diversity":true,
  "p_split":0.3,
  "split_reliability_mode":"identical_active_pool",
  "mechanism":null,
  "fixed_sfc_len":4,
  "fixed_reliability":null,
  "max_backup_level":2,
  "explicit_split_replicas":true,
  "split_enforce_distinct":false,
  "strict_split_resource_ablation":false,
  "split_replica_resource_scale":1.0,
  "cap_base_min":500,
  "cap_base_max":700,
  "cap_scale":0.2,
  "total_arrivals":2410,
  "total_accepted":1895,
  "total_rejected":515,
  "acceptance_ratio":0.7863070539,
  "avg_cost_per_arrival":40.869067883,
  "total_cost":98494.4535981149,
  "total_cost_resource":70705.4535981149,
  "avg_cost_per_accepted":51.9759649594,
  "final_utilization":0.9670994936,
  "avg_utilization_over_time":0.934543016,
  "avg_leftover_capacity_sum_over_time":11404.8583333333,
  "final_leftover_capacity_sum":5732.4,
  "final_leftover_capacity_min":0.3333333333,
  "final_leftover_capacity_max":539.3333333333,
  "final_leftover_capacity_avg":41.8423357664,
  "avg_e2e_delay_accepted":0.0917686934,
  "p95_e2e_delay_accepted":0.1418156445,
  "avg_access_delay_accepted":0.0080679114,
  "avg_processing_delay_accepted":0.0616723443,
  "avg_network_delay_accepted":0.0168765531,
  "avg_split_proc_overhead_accepted":9.117596739e-19,
  "avg_split_net_overhead_accepted":0.0,
  "total_transmitted_bits_accepted":4763750362.2376346588,
  "avg_transmitted_bits_per_accepted":2513852.4338984881,
  "total_split_transmitted_bits_accepted":932609748.3043274879,
  "avg_split_transmitted_bits_per_accepted":492142.3473901465,
  "avg_split_overhead_ratio_accepted":9.572473358e-18,
  "p95_split_overhead_ratio_accepted":5.205754916e-17,
  "rga_accepted_total":2410,
  "rga_rejected_total":0,
  "rga_rejection_ratio":0.0,
  "mdca_rejected_total":515,
  "mdca_capacity_rejected_total":471,
  "mdca_reliability_rejected_total":1,
  "mdca_qos_rejected_total":43,
  "mdca_rejection_ratio":0.2136929461,
  "capacity_rejection_ratio":0.1954356846,
  "reliability_rejection_ratio":0.0004149378,
  "qos_rejected_total":43,
  "qos_rejection_ratio":0.0178423237
}