{
  "algo":"random",
  "region":"Arizona",
  "time_slots":120,
  "arrival_rate":20.0,
  "mean_service_time":9.0,
  "seed":1,
  "trace_seed":16605789131958009277,
  "algo_seed":7453658633815173617,
  "trace_hash":"4d5c00dee1c6521ec9be2f86ece57c7a718cbba94d88a105a1b66818a0b8c0db",
  "arrivals_per_slot":[
    13,
    26,
    22,
    14,
    16,
    22,
    22,
    17,
    13,
    17,
    13,
    19,
    28,
    20,
    19,
    22,
    29,
    18,
    22,
    16,
    29,
    15,
    18,
    17,
    19,
    16,
    21,
    12,
    17,
    16,
    12,
    23,
    9,
    20,
    30,
    20,
    16,
    22,
    20,
    19,
    29,
    15,
    20,
    22,
    16,
    28,
    22,
    21,
    22,
    21,
    16,
    28,
    28,
    20,
    17,
    18,
    18,
    28,
    16,
    28,
    17,
    21,
    18,
    21,
    20,
    18,
    23,
    22,
    16,
    20,
    16,
    26,
    15,
    23,
    21,
    16,
    21,
    16,
    12,
    20,
    13,
    21,
    25,
    16,
    20,
    20,
    19,
    30,
    16,
    16,
    24,
    13,
    19,
    19,
    32,
    30,
    26,
    11,
    22,
    20,
    22,
    23,
    21,
    27,
    22,
    22,
    19,
    22,
    21,
    21,
    26,
    16,
    13,
    18,
    16,
    15,
    27,
    14,
    19,
    19
  ],
  "diversity":false,
  "p_split":null,
  "split_reliability_mode":null,
  "mechanism":null,
  "fixed_sfc_len":2,
  "fixed_reliability":null,
  "max_backup_level":2,
  "explicit_split_replicas":false,
  "split_enforce_distinct":false,
  "strict_split_resource_ablation":false,
  "split_replica_resource_scale":1.0,
  "cap_base_min":500,
  "cap_base_max":700,
  "cap_scale":0.2,
  "total_arrivals":2389,
  "total_accepted":2386,
  "total_rejected":3,
  "acceptance_ratio":0.9987442445,
  "avg_cost_per_arrival":33.130525823,
  "total_cost":79148.8261911617,
  "total_cost_resource":60266.8261911617,
  "avg_cost_per_accepted":33.1721819745,
  "final_utilization":0.4077478586,
  "avg_utilization_over_time":0.3793047775,
  "avg_leftover_capacity_sum_over_time":230379.2250000001,
  "final_leftover_capacity_sum":219822.2,
  "final_leftover_capacity_min":6.6,
  "final_leftover_capacity_max":2063.0,
  "final_leftover_capacity_avg":700.0707006369,
  "avg_e2e_delay_accepted":0.0445475733,
  "p95_e2e_delay_accepted":0.0834740971,
  "avg_access_delay_accepted":0.0080549105,
  "avg_processing_delay_accepted":0.0317558502,
  "avg_network_delay_accepted":0.0047368125,
  "avg_split_proc_overhead_accepted":0.0,
  "avg_split_net_overhead_accepted":0.0,
  "total_transmitted_bits_accepted":1786406128.0350389481,
  "avg_transmitted_bits_per_accepted":748703.3227305276,
  "total_split_transmitted_bits_accepted":0.0,
  "avg_split_transmitted_bits_per_accepted":0.0,
  "avg_split_overhead_ratio_accepted":0.0,
  "p95_split_overhead_ratio_accepted":0.0,
  "rga_accepted_total":2389,
  "rga_rejected_total":0,
  "rga_rejection_ratio":0.0,
  "mdca_rejected_total":3,
  "mdca_capacity_rejected_total":0,
  "mdca_reliability_rejected_total":0,
  "mdca_qos_rejected_total":3,
  "mdca_rejection_ratio":0.0012557555,
  "capacity_rejection_ratio":0.0,
  "reliability_rejection_ratio":0.0,
  "qos_rejected_total":3,
  "qos_rejection_ratio":0.0012557555
}