{
  "algo":"mdca",
  "region":"Arizona",
  "time_slots":120,
  "arrival_rate":30.0,
  "mean_service_time":9.0,
  "seed":4,
  "trace_seed":1944737363454456996,
  "algo_seed":9982702643186365209,
  "trace_hash":"a37f57064de914d03ef144f40f1bd15477df56e603e893609245b0be757c8384",
  "arrivals_per_slot":[
    29,
    32,
    17,
    21,
    41,
    32,
    35,
    46,
    26,
    25,
    25,
    33,
    26,
    24,
    27,
    34,
    24,
    25,
    35,
    30,
    31,
    32,
    30,
    20,
    32,
    31,
    31,
    23,
    27,
    29,
    34,
    30,
    30,
    36,
    34,
    31,
    25,
    29,
    27,
    28,
    20,
    29,
    29,
    38,
    29,
    26,
    29,
    23,
    20,
    29,
    31,
    29,
    38,
    28,
    22,
    39,
    26,
    20,
    37,
    22,
    35,
    27,
    42,
    23,
    25,
    32,
    26,
    38,
    35,
    37,
    30,
    20,
    31,
    19,
    37,
    28,
    33,
    35,
    28,
    29,
    24,
    29,
    28,
    26,
    25,
    32,
    40,
    29,
    24,
    24,
    36,
    21,
    34,
    24,
    34,
    35,
    31,
    29,
    25,
    31,
    23,
    35,
    25,
    35,
    25,
    22,
    23,
    42,
    31,
    32,
    32,
    31,
    34,
    30,
    25,
    28,
    30,
    41,
    30,
    24
  ],
  "diversity":true,
  "p_split":0.3,
  "split_reliability_mode":"identical_active_pool",
  "split_recovery_coverage":1.0,
  "split_workload_shares":"0.5,0.5",
  "mechanism":null,
  "fixed_sfc_len":3,
  "fixed_reliability":0.999,
  "max_backup_level":2,
  "explicit_split_replicas":true,
  "split_enforce_distinct":false,
  "strict_split_resource_ablation":false,
  "split_replica_resource_scale":1.0,
  "backhaul_knn_k":4,
  "backhaul_use_device_bw":true,
  "backhaul_bw_scale":0.5,
  "fiber_speed_mps":200000000.0,
  "switch_delay_s":0.0002,
  "region_cloudlet_count":314,
  "cap_base_min":500,
  "cap_base_max":700,
  "cap_scale":0.2,
  "total_arrivals":3530,
  "total_accepted":2746,
  "total_rejected":784,
  "acceptance_ratio":0.7779036827,
  "avg_cost_per_arrival":51.991500764,
  "total_cost":183529.9976968458,
  "total_cost_resource":135121.9976968458,
  "avg_cost_per_accepted":66.8353961023,
  "final_utilization":0.873840459,
  "avg_utilization_over_time":0.8705564834,
  "avg_leftover_capacity_sum_over_time":48873.1083333334,
  "final_leftover_capacity_sum":47633.2,
  "final_leftover_capacity_min":0.2,
  "final_leftover_capacity_max":1389.6,
  "final_leftover_capacity_avg":151.698089172,
  "avg_e2e_delay_accepted":0.07251014,
  "p95_e2e_delay_accepted":0.120439006,
  "avg_access_delay_accepted":0.0080698333,
  "avg_processing_delay_accepted":0.0447377729,
  "avg_network_delay_accepted":0.0155600749,
  "avg_split_proc_overhead_accepted":6.3062189e-19,
  "avg_split_net_overhead_accepted":0.0,
  "total_transmitted_bits_accepted":5094919958.0226583481,
  "avg_transmitted_bits_per_accepted":1855396.9257183752,
  "total_split_transmitted_bits_accepted":1284050196.2599649429,
  "avg_split_transmitted_bits_per_accepted":467607.5004588365,
  "avg_split_overhead_ratio_accepted":7.876566775e-18,
  "p95_split_overhead_ratio_accepted":5.016246545e-17,
  "rga_accepted_total":2879,
  "rga_rejected_total":651,
  "rga_rejection_ratio":0.1844192635,
  "mdca_rejected_total":133,
  "mdca_capacity_rejected_total":114,
  "mdca_reliability_rejected_total":0,
  "mdca_qos_rejected_total":19,
  "mdca_rejection_ratio":0.0376770538,
  "capacity_rejection_ratio":0.0322946176,
  "reliability_rejection_ratio":0.0,
  "qos_rejected_total":19,
  "qos_rejection_ratio":0.0053824363
}