{
  "algo":"mdca",
  "region":"Arizona",
  "time_slots":120,
  "arrival_rate":30.0,
  "mean_service_time":9.0,
  "seed":4,
  "trace_seed":8047977166073059441,
  "algo_seed":14420759781778004277,
  "trace_hash":"0740b1b2811a81bce75b783c65490a30d1afc4a6dc719b6941d75a3036251b38",
  "arrivals_per_slot":[
    29,
    26,
    28,
    33,
    27,
    33,
    35,
    32,
    22,
    39,
    18,
    19,
    29,
    32,
    28,
    29,
    24,
    36,
    34,
    41,
    32,
    27,
    28,
    31,
    26,
    30,
    31,
    23,
    33,
    36,
    22,
    38,
    23,
    20,
    29,
    36,
    23,
    27,
    40,
    28,
    18,
    23,
    36,
    29,
    33,
    33,
    34,
    27,
    34,
    25,
    27,
    31,
    30,
    30,
    25,
    24,
    23,
    39,
    24,
    25,
    26,
    25,
    21,
    24,
    35,
    26,
    38,
    28,
    39,
    37,
    26,
    33,
    23,
    28,
    24,
    32,
    25,
    26,
    29,
    32,
    28,
    30,
    26,
    34,
    44,
    33,
    37,
    44,
    31,
    28,
    32,
    29,
    24,
    41,
    27,
    24,
    28,
    32,
    22,
    36,
    28,
    30,
    31,
    22,
    26,
    33,
    28,
    37,
    14,
    24,
    29,
    18,
    36,
    30,
    32,
    29,
    27,
    27,
    33,
    31
  ],
  "diversity":false,
  "p_split":null,
  "split_reliability_mode":null,
  "split_recovery_coverage":null,
  "split_workload_shares":null,
  "mechanism":null,
  "fixed_sfc_len":3,
  "fixed_reliability":0.999,
  "max_backup_level":2,
  "explicit_split_replicas":false,
  "split_enforce_distinct":false,
  "strict_split_resource_ablation":false,
  "split_replica_resource_scale":1.0,
  "backhaul_knn_k":4,
  "backhaul_use_device_bw":true,
  "backhaul_bw_scale":0.5,
  "fiber_speed_mps":200000000.0,
  "switch_delay_s":0.0002,
  "region_cloudlet_count":100,
  "cap_base_min":500,
  "cap_base_max":700,
  "cap_scale":0.2,
  "total_arrivals":3519,
  "total_accepted":1178,
  "total_rejected":2341,
  "acceptance_ratio":0.3347541915,
  "avg_cost_per_arrival":21.0244208296,
  "total_cost":73984.9368994095,
  "total_cost_resource":54002.9368994095,
  "avg_cost_per_accepted":62.8055491506,
  "final_utilization":0.9709017927,
  "avg_utilization_over_time":0.9511513273,
  "avg_leftover_capacity_sum_over_time":5977.7,
  "final_leftover_capacity_sum":3560.8,
  "final_leftover_capacity_min":0.2,
  "final_leftover_capacity_max":472.6,
  "final_leftover_capacity_avg":35.608,
  "avg_e2e_delay_accepted":0.073143977,
  "p95_e2e_delay_accepted":0.1182366516,
  "avg_access_delay_accepted":0.0080299438,
  "avg_processing_delay_accepted":0.0584213238,
  "avg_network_delay_accepted":0.0066927094,
  "avg_split_proc_overhead_accepted":0.0,
  "avg_split_net_overhead_accepted":0.0,
  "total_transmitted_bits_accepted":1445646560.5610897541,
  "avg_transmitted_bits_per_accepted":1227204.211002623,
  "total_split_transmitted_bits_accepted":0.0,
  "avg_split_transmitted_bits_per_accepted":0.0,
  "avg_split_overhead_ratio_accepted":0.0,
  "p95_split_overhead_ratio_accepted":0.0,
  "rga_accepted_total":2325,
  "rga_rejected_total":1194,
  "rga_rejection_ratio":0.3393009378,
  "mdca_rejected_total":1147,
  "mdca_capacity_rejected_total":1138,
  "mdca_reliability_rejected_total":0,
  "mdca_qos_rejected_total":9,
  "mdca_rejection_ratio":0.3259448707,
  "capacity_rejection_ratio":0.3233873259,
  "reliability_rejection_ratio":0.0,
  "qos_rejected_total":9,
  "qos_rejection_ratio":0.0025575448
}