{
  "algo":"mdca",
  "region":"Alabama",
  "time_slots":120,
  "arrival_rate":20.0,
  "mean_service_time":9.0,
  "seed":2,
  "trace_seed":12973337267159549668,
  "algo_seed":1988428424119012433,
  "trace_hash":"a3934cc5f24c37c1a1bda5a8636d40d8eea6036d2104d1c78cd89305926f3631",
  "arrivals_per_slot":[
    17,
    17,
    25,
    15,
    12,
    13,
    17,
    21,
    22,
    22,
    32,
    15,
    19,
    18,
    16,
    23,
    16,
    18,
    20,
    22,
    21,
    29,
    22,
    27,
    20,
    20,
    18,
    27,
    23,
    25,
    26,
    18,
    21,
    21,
    14,
    14,
    16,
    26,
    22,
    19,
    19,
    25,
    20,
    20,
    14,
    25,
    24,
    24,
    18,
    15,
    27,
    15,
    16,
    21,
    12,
    20,
    21,
    21,
    17,
    24,
    18,
    14,
    23,
    14,
    18,
    16,
    22,
    18,
    21,
    27,
    16,
    10,
    22,
    18,
    23,
    24,
    17,
    19,
    18,
    17,
    19,
    21,
    22,
    18,
    17,
    18,
    21,
    22,
    23,
    24,
    20,
    17,
    24,
    16,
    26,
    13,
    21,
    24,
    24,
    20,
    14,
    25,
    16,
    14,
    22,
    17,
    17,
    22,
    16,
    16,
    18,
    12,
    27,
    22,
    22,
    24,
    22,
    18,
    20,
    16
  ],
  "diversity":true,
  "p_split":0.3,
  "split_reliability_mode":"identical_active_pool",
  "mechanism":null,
  "fixed_sfc_len":6,
  "fixed_reliability":null,
  "max_backup_level":2,
  "explicit_split_replicas":true,
  "split_enforce_distinct":false,
  "strict_split_resource_ablation":false,
  "split_replica_resource_scale":1.0,
  "cap_base_min":500,
  "cap_base_max":700,
  "cap_scale":0.2,
  "total_arrivals":2372,
  "total_accepted":1287,
  "total_rejected":1085,
  "acceptance_ratio":0.5425801012,
  "avg_cost_per_arrival":44.8622708013,
  "total_cost":106413.3063406433,
  "total_cost_resource":77574.3063406433,
  "avg_cost_per_accepted":82.6832217099,
  "final_utilization":0.955058799,
  "avg_utilization_over_time":0.9505136681,
  "avg_leftover_capacity_sum_over_time":8562.3527777778,
  "final_leftover_capacity_sum":7775.9333333334,
  "final_leftover_capacity_min":0.4666666667,
  "final_leftover_capacity_max":699.6,
  "final_leftover_capacity_avg":56.7586374696,
  "avg_e2e_delay_accepted":0.1391169359,
  "p95_e2e_delay_accepted":0.2050642903,
  "avg_access_delay_accepted":0.0080459633,
  "avg_processing_delay_accepted":0.0950478037,
  "avg_network_delay_accepted":0.0278968627,
  "avg_split_proc_overhead_accepted":1.22219154e-18,
  "avg_split_net_overhead_accepted":0.0,
  "total_transmitted_bits_accepted":5247351943.4622831345,
  "avg_transmitted_bits_per_accepted":4077196.5372667313,
  "total_split_transmitted_bits_accepted":909036628.5633655787,
  "avg_split_transmitted_bits_per_accepted":706322.1667159018,
  "avg_split_overhead_ratio_accepted":8.503014593e-18,
  "p95_split_overhead_ratio_accepted":3.822238321e-17,
  "rga_accepted_total":2372,
  "rga_rejected_total":0,
  "rga_rejection_ratio":0.0,
  "mdca_rejected_total":1085,
  "mdca_capacity_rejected_total":924,
  "mdca_reliability_rejected_total":0,
  "mdca_qos_rejected_total":161,
  "mdca_rejection_ratio":0.4574198988,
  "capacity_rejection_ratio":0.389544688,
  "reliability_rejection_ratio":0.0,
  "qos_rejected_total":161,
  "qos_rejection_ratio":0.0678752108
}