{
  "algo":"mdca",
  "region":"Alabama",
  "time_slots":120,
  "arrival_rate":50.0,
  "mean_service_time":9.0,
  "seed":3,
  "trace_seed":5629170050633223031,
  "algo_seed":8021305762253439011,
  "trace_hash":"f73f09016609e08b1cce2a64d26eaf2b41d9ed5873765194c4897128e62a16b2",
  "arrivals_per_slot":[
    49,
    56,
    45,
    56,
    43,
    42,
    54,
    51,
    49,
    56,
    41,
    49,
    59,
    63,
    46,
    38,
    60,
    48,
    43,
    43,
    60,
    52,
    54,
    51,
    57,
    43,
    50,
    52,
    53,
    47,
    34,
    46,
    54,
    46,
    46,
    55,
    51,
    47,
    64,
    45,
    53,
    47,
    51,
    56,
    51,
    46,
    42,
    47,
    50,
    44,
    41,
    63,
    52,
    43,
    52,
    54,
    57,
    48,
    42,
    45,
    61,
    47,
    46,
    42,
    55,
    53,
    58,
    63,
    47,
    40,
    57,
    59,
    45,
    45,
    66,
    47,
    56,
    45,
    45,
    51,
    51,
    50,
    48,
    44,
    50,
    36,
    46,
    43,
    43,
    51,
    62,
    46,
    63,
    51,
    43,
    48,
    50,
    54,
    53,
    38,
    55,
    39,
    39,
    45,
    48,
    50,
    43,
    52,
    40,
    50,
    41,
    58,
    54,
    52,
    55,
    42,
    48,
    53,
    41,
    49
  ],
  "diversity":false,
  "p_split":null,
  "split_reliability_mode":null,
  "split_recovery_coverage":null,
  "split_workload_shares":null,
  "mechanism":null,
  "fixed_sfc_len":3,
  "fixed_reliability":0.999,
  "max_backup_level":2,
  "explicit_split_replicas":false,
  "split_enforce_distinct":false,
  "strict_split_resource_ablation":false,
  "split_replica_resource_scale":1.0,
  "backhaul_knn_k":4,
  "backhaul_use_device_bw":true,
  "backhaul_bw_scale":0.5,
  "fiber_speed_mps":200000000.0,
  "switch_delay_s":0.0002,
  "region_cloudlet_count":137,
  "cap_base_min":500,
  "cap_base_max":700,
  "cap_scale":0.2,
  "total_arrivals":5934,
  "total_accepted":1731,
  "total_rejected":4203,
  "acceptance_ratio":0.2917087968,
  "avg_cost_per_arrival":18.0182119228,
  "total_cost":106920.0695496722,
  "total_cost_resource":77547.0695496722,
  "avg_cost_per_accepted":61.767804477,
  "final_utilization":0.959422773,
  "avg_utilization_over_time":0.9598603576,
  "avg_leftover_capacity_sum_over_time":6990.5916666667,
  "final_leftover_capacity_sum":7066.8,
  "final_leftover_capacity_min":0.0,
  "final_leftover_capacity_max":610.0,
  "final_leftover_capacity_avg":51.5824817518,
  "avg_e2e_delay_accepted":0.0765952933,
  "p95_e2e_delay_accepted":0.1211050859,
  "avg_access_delay_accepted":0.008059982,
  "avg_processing_delay_accepted":0.0611748008,
  "avg_network_delay_accepted":0.0073605104,
  "avg_split_proc_overhead_accepted":0.0,
  "avg_split_net_overhead_accepted":0.0,
  "total_transmitted_bits_accepted":2177985611.1512937546,
  "avg_transmitted_bits_per_accepted":1258223.9232532026,
  "total_split_transmitted_bits_accepted":0.0,
  "avg_split_transmitted_bits_per_accepted":0.0,
  "avg_split_overhead_ratio_accepted":0.0,
  "p95_split_overhead_ratio_accepted":0.0,
  "rga_accepted_total":3894,
  "rga_rejected_total":2040,
  "rga_rejection_ratio":0.3437815976,
  "mdca_rejected_total":2163,
  "mdca_capacity_rejected_total":2149,
  "mdca_reliability_rejected_total":0,
  "mdca_qos_rejected_total":14,
  "mdca_rejection_ratio":0.3645096057,
  "capacity_rejection_ratio":0.3621503202,
  "reliability_rejection_ratio":0.0,
  "qos_rejected_total":14,
  "qos_rejection_ratio":0.0023592855
}