{
  "algo":"mdca",
  "region":"Arizona",
  "time_slots":120,
  "arrival_rate":12.0,
  "mean_service_time":9.0,
  "seed":2,
  "trace_seed":3891617833120692526,
  "algo_seed":15122054709930850832,
  "trace_hash":"cc81443e80635432aca563ce1925f8bf26792b90ed7bc892c5c3f8cd4a248782",
  "arrivals_per_slot":[
    11,
    9,
    12,
    7,
    18,
    11,
    11,
    16,
    6,
    10,
    12,
    19,
    17,
    11,
    7,
    15,
    13,
    17,
    7,
    7,
    10,
    12,
    4,
    12,
    14,
    7,
    7,
    11,
    7,
    9,
    10,
    11,
    20,
    8,
    12,
    15,
    9,
    15,
    13,
    11,
    16,
    12,
    12,
    10,
    12,
    15,
    12,
    16,
    16,
    19,
    12,
    18,
    9,
    8,
    13,
    14,
    12,
    12,
    6,
    12,
    13,
    5,
    12,
    14,
    8,
    9,
    7,
    9,
    15,
    7,
    12,
    13,
    11,
    19,
    9,
    12,
    14,
    11,
    15,
    17,
    10,
    13,
    15,
    21,
    14,
    14,
    15,
    17,
    10,
    13,
    17,
    6,
    16,
    15,
    11,
    18,
    15,
    11,
    17,
    14,
    11,
    10,
    9,
    16,
    14,
    18,
    16,
    11,
    11,
    2,
    10,
    10,
    11,
    3,
    8,
    8,
    14,
    16,
    10,
    14
  ],
  "diversity":false,
  "p_split":null,
  "split_reliability_mode":null,
  "mechanism":null,
  "fixed_sfc_len":null,
  "fixed_reliability":0.998,
  "max_backup_level":5,
  "explicit_split_replicas":false,
  "split_enforce_distinct":false,
  "strict_split_resource_ablation":false,
  "split_replica_resource_scale":1.0,
  "cap_base_min":500,
  "cap_base_max":700,
  "cap_scale":0.2,
  "total_arrivals":1445,
  "total_accepted":1431,
  "total_rejected":14,
  "acceptance_ratio":0.9903114187,
  "avg_cost_per_arrival":53.1532383979,
  "total_cost":76806.4294849135,
  "total_cost_resource":52851.4294849135,
  "avg_cost_per_accepted":53.6732561041,
  "final_utilization":0.4962605219,
  "avg_utilization_over_time":0.4638562167,
  "avg_leftover_capacity_sum_over_time":201311.3750000001,
  "final_leftover_capacity_sum":189144.2,
  "final_leftover_capacity_min":0.0,
  "final_leftover_capacity_max":2591.6,
  "final_leftover_capacity_avg":602.3700636943,
  "avg_e2e_delay_accepted":0.0652749532,
  "p95_e2e_delay_accepted":0.1283661067,
  "avg_access_delay_accepted":0.0080843698,
  "avg_processing_delay_accepted":0.047830298,
  "avg_network_delay_accepted":0.0093602854,
  "avg_split_proc_overhead_accepted":0.0,
  "avg_split_net_overhead_accepted":0.0,
  "total_transmitted_bits_accepted":1926573044.6794450283,
  "avg_transmitted_bits_per_accepted":1346312.4001952796,
  "total_split_transmitted_bits_accepted":0.0,
  "avg_split_transmitted_bits_per_accepted":0.0,
  "avg_split_overhead_ratio_accepted":0.0,
  "p95_split_overhead_ratio_accepted":0.0,
  "rga_accepted_total":1445,
  "rga_rejected_total":0,
  "rga_rejection_ratio":0.0,
  "mdca_rejected_total":14,
  "mdca_capacity_rejected_total":0,
  "mdca_reliability_rejected_total":0,
  "mdca_qos_rejected_total":14,
  "mdca_rejection_ratio":0.0096885813,
  "capacity_rejection_ratio":0.0,
  "reliability_rejection_ratio":0.0,
  "qos_rejected_total":14,
  "qos_rejection_ratio":0.0096885813
}