{
  "algo":"hspa",
  "region":"Arizona",
  "time_slots":120,
  "arrival_rate":12.0,
  "mean_service_time":9.0,
  "seed":5,
  "trace_seed":11310146864340505069,
  "algo_seed":17931641280568136439,
  "trace_hash":"59f84caf0a678a48515b14edcd8147d027f3789b296cabd6aee3a83f2793e3f5",
  "arrivals_per_slot":[
    13,
    10,
    12,
    9,
    8,
    12,
    14,
    14,
    7,
    12,
    9,
    13,
    13,
    12,
    16,
    13,
    7,
    17,
    12,
    12,
    10,
    12,
    7,
    9,
    14,
    13,
    13,
    11,
    10,
    10,
    12,
    11,
    16,
    12,
    8,
    17,
    15,
    15,
    8,
    17,
    16,
    19,
    10,
    6,
    16,
    12,
    13,
    10,
    11,
    10,
    11,
    13,
    13,
    4,
    9,
    9,
    5,
    10,
    18,
    18,
    15,
    12,
    14,
    19,
    15,
    8,
    17,
    15,
    13,
    12,
    8,
    15,
    7,
    12,
    11,
    14,
    10,
    13,
    11,
    11,
    15,
    15,
    18,
    13,
    9,
    13,
    9,
    8,
    13,
    9,
    13,
    11,
    18,
    12,
    11,
    8,
    9,
    17,
    10,
    12,
    12,
    8,
    10,
    15,
    11,
    10,
    17,
    9,
    8,
    12,
    10,
    7,
    11,
    11,
    14,
    16,
    5,
    17,
    13,
    8
  ],
  "diversity":false,
  "p_split":null,
  "split_reliability_mode":null,
  "mechanism":null,
  "fixed_sfc_len":null,
  "fixed_reliability":0.9,
  "max_backup_level":2,
  "explicit_split_replicas":false,
  "split_enforce_distinct":false,
  "strict_split_resource_ablation":false,
  "split_replica_resource_scale":1.0,
  "cap_base_min":500,
  "cap_base_max":700,
  "cap_scale":0.2,
  "total_arrivals":1427,
  "total_accepted":1417,
  "total_rejected":10,
  "acceptance_ratio":0.9929922915,
  "avg_cost_per_arrival":27.0968346809,
  "total_cost":38667.183089711,
  "total_cost_resource":24954.183089711,
  "avg_cost_per_accepted":27.2880614606,
  "final_utilization":0.2930085026,
  "avg_utilization_over_time":0.2596731207,
  "avg_leftover_capacity_sum_over_time":278258.8166666666,
  "final_leftover_capacity_sum":265729.4,
  "final_leftover_capacity_min":0.0,
  "final_leftover_capacity_max":2224.0,
  "final_leftover_capacity_avg":846.2719745223,
  "avg_e2e_delay_accepted":0.0639269113,
  "p95_e2e_delay_accepted":0.1234634799,
  "avg_access_delay_accepted":0.0081223659,
  "avg_processing_delay_accepted":0.0471490089,
  "avg_network_delay_accepted":0.0086555366,
  "avg_split_proc_overhead_accepted":0.0,
  "avg_split_net_overhead_accepted":0.0,
  "total_transmitted_bits_accepted":1876138148.9861421585,
  "avg_transmitted_bits_per_accepted":1324021.2766310107,
  "total_split_transmitted_bits_accepted":0.0,
  "avg_split_transmitted_bits_per_accepted":0.0,
  "avg_split_overhead_ratio_accepted":0.0,
  "p95_split_overhead_ratio_accepted":0.0,
  "rga_accepted_total":1427,
  "rga_rejected_total":0,
  "rga_rejection_ratio":0.0,
  "mdca_rejected_total":10,
  "mdca_capacity_rejected_total":0,
  "mdca_reliability_rejected_total":0,
  "mdca_qos_rejected_total":10,
  "mdca_rejection_ratio":0.0070077085,
  "capacity_rejection_ratio":0.0,
  "reliability_rejection_ratio":0.0,
  "qos_rejected_total":10,
  "qos_rejection_ratio":0.0070077085
}