{
  "algo":"hspa",
  "region":"Arizona",
  "time_slots":120,
  "arrival_rate":20.0,
  "mean_service_time":9.0,
  "seed":2,
  "trace_seed":13679261353962528396,
  "algo_seed":3829126596154728036,
  "trace_hash":"b317194af318cd264105440cb5a0bd06eefebec61b9fabf2a9169c7c303bba9b",
  "arrivals_per_slot":[
    24,
    23,
    14,
    29,
    22,
    18,
    20,
    21,
    20,
    22,
    21,
    18,
    20,
    18,
    18,
    21,
    15,
    18,
    17,
    19,
    19,
    18,
    19,
    20,
    21,
    13,
    25,
    16,
    23,
    16,
    26,
    16,
    15,
    25,
    20,
    15,
    18,
    24,
    19,
    24,
    32,
    26,
    24,
    22,
    20,
    16,
    29,
    20,
    28,
    14,
    17,
    22,
    16,
    17,
    28,
    20,
    27,
    19,
    27,
    23,
    17,
    21,
    37,
    10,
    20,
    23,
    14,
    21,
    22,
    25,
    15,
    18,
    21,
    24,
    22,
    27,
    24,
    21,
    17,
    11,
    11,
    26,
    20,
    17,
    24,
    26,
    23,
    31,
    24,
    28,
    24,
    22,
    15,
    13,
    26,
    17,
    21,
    26,
    14,
    16,
    21,
    18,
    28,
    15,
    21,
    27,
    20,
    12,
    20,
    18,
    24,
    16,
    21,
    21,
    23,
    23,
    15,
    16,
    22,
    23
  ],
  "diversity":false,
  "p_split":null,
  "split_reliability_mode":null,
  "mechanism":null,
  "fixed_sfc_len":6,
  "fixed_reliability":null,
  "max_backup_level":2,
  "explicit_split_replicas":false,
  "split_enforce_distinct":false,
  "strict_split_resource_ablation":false,
  "split_replica_resource_scale":1.0,
  "cap_base_min":500,
  "cap_base_max":700,
  "cap_scale":0.2,
  "total_arrivals":2475,
  "total_accepted":1718,
  "total_rejected":757,
  "acceptance_ratio":0.6941414141,
  "avg_cost_per_arrival":85.8990608616,
  "total_cost":212600.1756325428,
  "total_cost_resource":164300.1756325428,
  "avg_cost_per_accepted":123.7486470504,
  "final_utilization":0.9631546217,
  "avg_utilization_over_time":0.9337502089,
  "avg_leftover_capacity_sum_over_time":24864.8583333334,
  "final_leftover_capacity_sum":13828.8,
  "final_leftover_capacity_min":0.0,
  "final_leftover_capacity_max":251.2,
  "final_leftover_capacity_avg":44.0407643312,
  "avg_e2e_delay_accepted":0.1235138985,
  "p95_e2e_delay_accepted":0.1872253915,
  "avg_access_delay_accepted":0.008080197,
  "avg_processing_delay_accepted":0.094516453,
  "avg_network_delay_accepted":0.0209172485,
  "avg_split_proc_overhead_accepted":0.0,
  "avg_split_net_overhead_accepted":0.0,
  "total_transmitted_bits_accepted":5749231070.1126155853,
  "avg_transmitted_bits_per_accepted":3346467.4447686938,
  "total_split_transmitted_bits_accepted":0.0,
  "avg_split_transmitted_bits_per_accepted":0.0,
  "avg_split_overhead_ratio_accepted":0.0,
  "p95_split_overhead_ratio_accepted":0.0,
  "rga_accepted_total":2475,
  "rga_rejected_total":0,
  "rga_rejection_ratio":0.0,
  "mdca_rejected_total":757,
  "mdca_capacity_rejected_total":609,
  "mdca_reliability_rejected_total":0,
  "mdca_qos_rejected_total":148,
  "mdca_rejection_ratio":0.3058585859,
  "capacity_rejection_ratio":0.2460606061,
  "reliability_rejection_ratio":0.0,
  "qos_rejected_total":148,
  "qos_rejection_ratio":0.0597979798
}