{
  "algo":"random",
  "region":"Alabama",
  "time_slots":120,
  "arrival_rate":20.0,
  "mean_service_time":9.0,
  "seed":4,
  "trace_seed":10585293836125466954,
  "algo_seed":11812869563047589514,
  "trace_hash":"c1836d9b745bbfd27eec27a1bbd93b40d253c14b9d605a2cca5d40cc94b95968",
  "arrivals_per_slot":[
    21,
    12,
    20,
    22,
    24,
    24,
    17,
    20,
    19,
    31,
    22,
    22,
    21,
    16,
    26,
    25,
    25,
    22,
    19,
    14,
    16,
    20,
    22,
    27,
    21,
    34,
    28,
    23,
    21,
    26,
    23,
    23,
    30,
    19,
    25,
    18,
    19,
    18,
    21,
    24,
    26,
    23,
    15,
    17,
    19,
    18,
    24,
    13,
    16,
    20,
    24,
    15,
    19,
    22,
    30,
    15,
    30,
    12,
    20,
    25,
    20,
    22,
    17,
    22,
    17,
    21,
    21,
    16,
    21,
    22,
    17,
    20,
    25,
    23,
    20,
    21,
    20,
    23,
    19,
    28,
    24,
    21,
    23,
    22,
    24,
    25,
    20,
    19,
    16,
    17,
    20,
    25,
    23,
    28,
    20,
    18,
    18,
    19,
    26,
    13,
    13,
    15,
    20,
    20,
    25,
    13,
    15,
    17,
    19,
    20,
    26,
    18,
    17,
    22,
    16,
    12,
    15,
    22,
    20,
    20
  ],
  "diversity":false,
  "p_split":null,
  "split_reliability_mode":null,
  "mechanism":null,
  "fixed_sfc_len":5,
  "fixed_reliability":null,
  "max_backup_level":2,
  "explicit_split_replicas":false,
  "split_enforce_distinct":false,
  "strict_split_resource_ablation":false,
  "split_replica_resource_scale":1.0,
  "cap_base_min":500,
  "cap_base_max":700,
  "cap_scale":0.2,
  "total_arrivals":2484,
  "total_accepted":922,
  "total_rejected":1562,
  "acceptance_ratio":0.3711755233,
  "avg_cost_per_arrival":40.1839509418,
  "total_cost":99816.9341395148,
  "total_cost_resource":76427.9341395149,
  "avg_cost_per_accepted":108.2613168541,
  "final_utilization":0.9346618545,
  "avg_utilization_over_time":0.9325976004,
  "avg_leftover_capacity_sum_over_time":11709.6166666667,
  "final_leftover_capacity_sum":11351.0,
  "final_leftover_capacity_min":0.0,
  "final_leftover_capacity_max":373.0,
  "final_leftover_capacity_avg":82.8540145985,
  "avg_e2e_delay_accepted":0.1065185599,
  "p95_e2e_delay_accepted":0.1640307813,
  "avg_access_delay_accepted":0.0080393536,
  "avg_processing_delay_accepted":0.0828756947,
  "avg_network_delay_accepted":0.0156035116,
  "avg_split_proc_overhead_accepted":0.0,
  "avg_split_net_overhead_accepted":0.0,
  "total_transmitted_bits_accepted":2735029259.434223175,
  "avg_transmitted_bits_per_accepted":2966409.1750913481,
  "total_split_transmitted_bits_accepted":0.0,
  "avg_split_transmitted_bits_per_accepted":0.0,
  "avg_split_overhead_ratio_accepted":0.0,
  "p95_split_overhead_ratio_accepted":0.0,
  "rga_accepted_total":2484,
  "rga_rejected_total":0,
  "rga_rejection_ratio":0.0,
  "mdca_rejected_total":1562,
  "mdca_capacity_rejected_total":1515,
  "mdca_reliability_rejected_total":0,
  "mdca_qos_rejected_total":47,
  "mdca_rejection_ratio":0.6288244767,
  "capacity_rejection_ratio":0.6099033816,
  "reliability_rejection_ratio":0.0,
  "qos_rejected_total":47,
  "qos_rejection_ratio":0.018921095
}