{
  "algo":"mdca",
  "region":"Arizona",
  "time_slots":120,
  "arrival_rate":20.0,
  "mean_service_time":9.0,
  "seed":1,
  "trace_seed":2358679936837188267,
  "algo_seed":3737587677167370884,
  "trace_hash":"0f0bcc0ea3785d7ad56f5881151641e37e74a325a7f77c169600811e4fe1f5c0",
  "arrivals_per_slot":[
    21,
    25,
    21,
    16,
    21,
    19,
    26,
    25,
    14,
    24,
    15,
    16,
    25,
    25,
    14,
    13,
    15,
    14,
    25,
    21,
    17,
    26,
    12,
    19,
    21,
    20,
    22,
    21,
    18,
    15,
    20,
    25,
    21,
    16,
    20,
    16,
    19,
    19,
    18,
    28,
    14,
    16,
    22,
    26,
    22,
    21,
    19,
    20,
    19,
    11,
    19,
    18,
    21,
    19,
    19,
    24,
    19,
    16,
    20,
    21,
    14,
    20,
    19,
    15,
    29,
    25,
    15,
    24,
    13,
    20,
    24,
    21,
    23,
    18,
    24,
    20,
    13,
    14,
    18,
    18,
    22,
    21,
    13,
    22,
    24,
    19,
    26,
    14,
    20,
    21,
    23,
    22,
    15,
    20,
    16,
    22,
    23,
    24,
    14,
    18,
    19,
    27,
    21,
    21,
    14,
    13,
    18,
    15,
    16,
    21,
    23,
    26,
    15,
    16,
    22,
    20,
    22,
    17,
    25,
    15
  ],
  "diversity":false,
  "p_split":null,
  "split_reliability_mode":null,
  "mechanism":null,
  "fixed_sfc_len":1,
  "fixed_reliability":null,
  "max_backup_level":2,
  "explicit_split_replicas":false,
  "split_enforce_distinct":false,
  "strict_split_resource_ablation":false,
  "split_replica_resource_scale":1.0,
  "cap_base_min":500,
  "cap_base_max":700,
  "cap_scale":0.2,
  "total_arrivals":2346,
  "total_accepted":2346,
  "total_rejected":0,
  "acceptance_ratio":1.0,
  "avg_cost_per_arrival":7.9514199684,
  "total_cost":18654.0312459545,
  "total_cost_resource":11542.0312459545,
  "avg_cost_per_accepted":7.9514199684,
  "final_utilization":0.1636596681,
  "avg_utilization_over_time":0.1450040321,
  "avg_leftover_capacity_sum_over_time":318986.3416666667,
  "final_leftover_capacity_sum":312026.2,
  "final_leftover_capacity_min":3.6,
  "final_leftover_capacity_max":2515.6,
  "final_leftover_capacity_avg":993.7140127389,
  "avg_e2e_delay_accepted":0.0238080208,
  "p95_e2e_delay_accepted":0.052905331,
  "avg_access_delay_accepted":0.0080608994,
  "avg_processing_delay_accepted":0.0157471214,
  "avg_network_delay_accepted":0.0,
  "avg_split_proc_overhead_accepted":0.0,
  "avg_split_net_overhead_accepted":0.0,
  "total_transmitted_bits_accepted":0.0,
  "avg_transmitted_bits_per_accepted":0.0,
  "total_split_transmitted_bits_accepted":0.0,
  "avg_split_transmitted_bits_per_accepted":0.0,
  "avg_split_overhead_ratio_accepted":0.0,
  "p95_split_overhead_ratio_accepted":0.0,
  "rga_accepted_total":2346,
  "rga_rejected_total":0,
  "rga_rejection_ratio":0.0,
  "mdca_rejected_total":0,
  "mdca_capacity_rejected_total":0,
  "mdca_reliability_rejected_total":0,
  "mdca_qos_rejected_total":0,
  "mdca_rejection_ratio":0.0,
  "capacity_rejection_ratio":0.0,
  "reliability_rejection_ratio":0.0,
  "qos_rejected_total":0,
  "qos_rejection_ratio":0.0
}