{
  "algo":"random",
  "region":"Alabama",
  "time_slots":120,
  "arrival_rate":12.0,
  "mean_service_time":9.0,
  "seed":2,
  "trace_seed":16757585547385223833,
  "algo_seed":13852390656172401847,
  "trace_hash":"eb881893e6249b6f5ee8c44d7909716475fccf4c165c96d97805d09dd9a5768d",
  "arrivals_per_slot":[
    9,
    10,
    9,
    11,
    11,
    16,
    11,
    4,
    6,
    15,
    14,
    11,
    12,
    14,
    11,
    10,
    11,
    12,
    12,
    17,
    12,
    14,
    8,
    9,
    13,
    12,
    10,
    10,
    10,
    15,
    14,
    11,
    14,
    14,
    13,
    12,
    10,
    16,
    10,
    12,
    11,
    17,
    11,
    15,
    15,
    14,
    10,
    7,
    14,
    12,
    9,
    14,
    13,
    13,
    17,
    8,
    12,
    12,
    7,
    13,
    15,
    7,
    12,
    12,
    9,
    7,
    6,
    8,
    13,
    13,
    13,
    13,
    17,
    14,
    11,
    9,
    9,
    12,
    14,
    13,
    10,
    17,
    12,
    16,
    11,
    17,
    16,
    6,
    9,
    8,
    11,
    12,
    13,
    11,
    11,
    14,
    12,
    20,
    9,
    11,
    11,
    15,
    10,
    9,
    19,
    13,
    12,
    9,
    9,
    12,
    21,
    14,
    18,
    10,
    17,
    12,
    12,
    9,
    11,
    12
  ],
  "diversity":false,
  "p_split":null,
  "split_reliability_mode":null,
  "mechanism":null,
  "fixed_sfc_len":null,
  "fixed_reliability":0.998,
  "max_backup_level":2,
  "explicit_split_replicas":false,
  "split_enforce_distinct":false,
  "strict_split_resource_ablation":false,
  "split_replica_resource_scale":1.0,
  "cap_base_min":500,
  "cap_base_max":700,
  "cap_scale":0.2,
  "total_arrivals":1437,
  "total_accepted":1208,
  "total_rejected":229,
  "acceptance_ratio":0.8406402227,
  "avg_cost_per_arrival":58.57853613,
  "total_cost":84177.3564188506,
  "total_cost_resource":64192.3564188505,
  "avg_cost_per_accepted":69.6832420686,
  "final_utilization":0.8577265151,
  "avg_utilization_over_time":0.850608761,
  "avg_leftover_capacity_sum_over_time":25632.25,
  "final_leftover_capacity_sum":24411.0,
  "final_leftover_capacity_min":0.2,
  "final_leftover_capacity_max":769.4,
  "final_leftover_capacity_avg":178.1824817518,
  "avg_e2e_delay_accepted":0.0607850406,
  "p95_e2e_delay_accepted":0.1201688623,
  "avg_access_delay_accepted":0.0080094422,
  "avg_processing_delay_accepted":0.0452832118,
  "avg_network_delay_accepted":0.0074923866,
  "avg_split_proc_overhead_accepted":0.0,
  "avg_split_net_overhead_accepted":0.0,
  "total_transmitted_bits_accepted":1677482036.9502902031,
  "avg_transmitted_bits_per_accepted":1388644.070323088,
  "total_split_transmitted_bits_accepted":0.0,
  "avg_split_transmitted_bits_per_accepted":0.0,
  "avg_split_overhead_ratio_accepted":0.0,
  "p95_split_overhead_ratio_accepted":0.0,
  "rga_accepted_total":1388,
  "rga_rejected_total":49,
  "rga_rejection_ratio":0.034098817,
  "mdca_rejected_total":180,
  "mdca_capacity_rejected_total":167,
  "mdca_reliability_rejected_total":0,
  "mdca_qos_rejected_total":13,
  "mdca_rejection_ratio":0.1252609603,
  "capacity_rejection_ratio":0.1162143354,
  "reliability_rejection_ratio":0.0,
  "qos_rejected_total":13,
  "qos_rejection_ratio":0.0090466249
}