region,fixed_reliability,seed,method,share,share_tag,domain_count,domain_failure_prob,total_accepted,expected_target_satisfaction_ratio,expected_reliability,expected_reliability_loss
Alabama,0.9,5,DMDCA,"0.5,0.5",0p5_0p5,6,0.0,1450,1.0,0.9330441980602117,-8.881784197001252e-16
Alabama,0.9,5,DMDCA,"0.5,0.5",0p5_0p5,6,0.01,1450,0.9746241534024821,0.9180579759308457,0.014986222129365068
Alabama,0.9,5,DMDCA,"0.5,0.5",0p5_0p5,6,0.03,1450,0.9253999297136551,0.8883111273424195,0.04473307071779131
Alabama,0.9,5,DMDCA,"0.5,0.5",0p5_0p5,6,0.05,1450,0.8781589689655168,0.8588782211929533,0.07416597686725745
Alabama,0.9,5,MDCA,nan,nan,6,0.0,1455,1.0,0.9331251502627455,-5.551115123125783e-16
Alabama,0.9,5,MDCA,nan,nan,6,0.01,1455,0.9744595135855052,0.9171237128416492,0.01600143742109572
Alabama,0.9,5,MDCA,nan,nan,6,0.03,1455,0.9249539391780001,0.8854570307651313,0.047668119497613626
Alabama,0.9,5,MDCA,nan,nan,6,0.05,1455,0.8774897829682132,0.8542482433346029,0.07887690692814198
