{
  "algo":"dtsp",
  "region":"Alabama",
  "time_slots":120,
  "arrival_rate":12.0,
  "mean_service_time":9.0,
  "seed":4,
  "trace_seed":17437551054791642339,
  "algo_seed":10631498835370800008,
  "trace_hash":"771d4e0fc80918f885d46161ff8eeab02a7f4846ee3e763e2f3893801cae8ee6",
  "arrivals_per_slot":[
    13,
    14,
    9,
    15,
    14,
    9,
    7,
    10,
    12,
    11,
    8,
    12,
    12,
    12,
    9,
    16,
    16,
    12,
    13,
    8,
    9,
    10,
    13,
    7,
    13,
    14,
    11,
    7,
    7,
    19,
    9,
    12,
    11,
    9,
    11,
    14,
    13,
    15,
    16,
    11,
    15,
    15,
    12,
    5,
    8,
    14,
    12,
    8,
    10,
    12,
    16,
    13,
    13,
    12,
    10,
    14,
    14,
    10,
    12,
    11,
    11,
    9,
    11,
    13,
    13,
    6,
    14,
    12,
    15,
    10,
    11,
    12,
    5,
    8,
    14,
    10,
    14,
    15,
    16,
    16,
    19,
    13,
    16,
    10,
    10,
    9,
    12,
    11,
    14,
    16,
    14,
    14,
    13,
    10,
    11,
    16,
    12,
    18,
    20,
    15,
    14,
    12,
    17,
    9,
    14,
    13,
    10,
    18,
    9,
    18,
    18,
    12,
    8,
    17,
    14,
    12,
    14,
    12,
    12,
    15
  ],
  "diversity":false,
  "p_split":null,
  "split_reliability_mode":null,
  "mechanism":null,
  "fixed_sfc_len":null,
  "fixed_reliability":0.996,
  "max_backup_level":2,
  "explicit_split_replicas":false,
  "split_enforce_distinct":false,
  "strict_split_resource_ablation":false,
  "split_replica_resource_scale":1.0,
  "cap_base_min":500,
  "cap_base_max":700,
  "cap_scale":0.2,
  "total_arrivals":1475,
  "total_accepted":1254,
  "total_rejected":221,
  "acceptance_ratio":0.8501694915,
  "avg_cost_per_arrival":60.539059517,
  "total_cost":89295.1127875043,
  "total_cost_resource":69004.1127875043,
  "avg_cost_per_accepted":71.2082239135,
  "final_utilization":0.9570194379,
  "avg_utilization_over_time":0.8850122603,
  "avg_leftover_capacity_sum_over_time":20001.9333333333,
  "final_leftover_capacity_sum":7476.4,
  "final_leftover_capacity_min":0.2,
  "final_leftover_capacity_max":630.4,
  "final_leftover_capacity_avg":54.5722627737,
  "avg_e2e_delay_accepted":0.0649594989,
  "p95_e2e_delay_accepted":0.1282863881,
  "avg_access_delay_accepted":0.0080455062,
  "avg_processing_delay_accepted":0.0488953162,
  "avg_network_delay_accepted":0.0080186764,
  "avg_split_proc_overhead_accepted":0.0,
  "avg_split_net_overhead_accepted":0.0,
  "total_transmitted_bits_accepted":1848755837.3745939732,
  "avg_transmitted_bits_per_accepted":1474286.9516543811,
  "total_split_transmitted_bits_accepted":0.0,
  "avg_split_transmitted_bits_per_accepted":0.0,
  "avg_split_overhead_ratio_accepted":0.0,
  "p95_split_overhead_ratio_accepted":0.0,
  "rga_accepted_total":1475,
  "rga_rejected_total":0,
  "rga_rejection_ratio":0.0,
  "mdca_rejected_total":221,
  "mdca_capacity_rejected_total":210,
  "mdca_reliability_rejected_total":0,
  "mdca_qos_rejected_total":11,
  "mdca_rejection_ratio":0.1498305085,
  "capacity_rejection_ratio":0.1423728814,
  "reliability_rejection_ratio":0.0,
  "qos_rejected_total":11,
  "qos_rejection_ratio":0.0074576271
}