{
  "algo":"mdca",
  "region":"Arizona",
  "time_slots":120,
  "arrival_rate":20.0,
  "mean_service_time":9.0,
  "seed":1,
  "trace_seed":16672717412841423785,
  "algo_seed":9475761514817476165,
  "trace_hash":"5ed8b839eefb0e996eda11fc09b6496fa4f3907bcd4d0d68d5a5b4a9829bce82",
  "arrivals_per_slot":[
    16,
    22,
    15,
    24,
    19,
    20,
    17,
    20,
    25,
    18,
    17,
    17,
    23,
    20,
    19,
    21,
    17,
    19,
    22,
    26,
    24,
    16,
    15,
    19,
    17,
    18,
    19,
    17,
    27,
    19,
    23,
    20,
    23,
    34,
    28,
    20,
    20,
    11,
    24,
    12,
    22,
    22,
    18,
    13,
    23,
    17,
    16,
    12,
    11,
    18,
    15,
    20,
    16,
    28,
    17,
    27,
    19,
    13,
    20,
    17,
    20,
    25,
    21,
    17,
    10,
    24,
    27,
    19,
    13,
    24,
    20,
    27,
    20,
    24,
    19,
    21,
    25,
    15,
    19,
    18,
    22,
    26,
    16,
    22,
    22,
    16,
    16,
    20,
    21,
    24,
    18,
    13,
    21,
    18,
    16,
    20,
    19,
    18,
    20,
    13,
    23,
    11,
    21,
    21,
    19,
    16,
    17,
    23,
    20,
    18,
    25,
    19,
    24,
    18,
    14,
    12,
    13,
    14,
    18,
    15
  ],
  "diversity":true,
  "p_split":0.3,
  "split_reliability_mode":"identical_active_pool",
  "split_recovery_coverage":1.0,
  "split_workload_shares":"0.5,0.5",
  "mechanism":null,
  "fixed_sfc_len":3,
  "fixed_reliability":0.999,
  "max_backup_level":2,
  "explicit_split_replicas":true,
  "split_enforce_distinct":false,
  "strict_split_resource_ablation":false,
  "split_replica_resource_scale":1.0,
  "backhaul_knn_k":4,
  "backhaul_use_device_bw":true,
  "backhaul_bw_scale":0.5,
  "fiber_speed_mps":200000000.0,
  "switch_delay_s":0.0002,
  "region_cloudlet_count":200,
  "cap_base_min":500,
  "cap_base_max":700,
  "cap_scale":0.2,
  "total_arrivals":2317,
  "total_accepted":1784,
  "total_rejected":533,
  "acceptance_ratio":0.7699611567,
  "avg_cost_per_arrival":50.8941252452,
  "total_cost":117921.6881932395,
  "total_cost_resource":86783.6881932394,
  "avg_cost_per_accepted":66.0996010052,
  "final_utilization":0.8755278961,
  "avg_utilization_over_time":0.8796677566,
  "avg_leftover_capacity_sum_over_time":29173.3972222222,
  "final_leftover_capacity_sum":30177.0666666667,
  "final_leftover_capacity_min":0.1333333333,
  "final_leftover_capacity_max":1394.8,
  "final_leftover_capacity_avg":150.8853333333,
  "avg_e2e_delay_accepted":0.0703380084,
  "p95_e2e_delay_accepted":0.1148702607,
  "avg_access_delay_accepted":0.0081302208,
  "avg_processing_delay_accepted":0.0443922335,
  "avg_network_delay_accepted":0.0136609599,
  "avg_split_proc_overhead_accepted":6.867424075e-19,
  "avg_split_net_overhead_accepted":0.0,
  "total_transmitted_bits_accepted":3358861876.7976417542,
  "avg_transmitted_bits_per_accepted":1882770.1103125794,
  "total_split_transmitted_bits_accepted":870731013.1600883007,
  "avg_split_transmitted_bits_per_accepted":488077.9221749374,
  "avg_split_overhead_ratio_accepted":9.116111148e-18,
  "p95_split_overhead_ratio_accepted":5.4986091e-17,
  "rga_accepted_total":1900,
  "rga_rejected_total":417,
  "rga_rejection_ratio":0.1799741044,
  "mdca_rejected_total":116,
  "mdca_capacity_rejected_total":103,
  "mdca_reliability_rejected_total":0,
  "mdca_qos_rejected_total":13,
  "mdca_rejection_ratio":0.0500647389,
  "capacity_rejection_ratio":0.0444540354,
  "reliability_rejection_ratio":0.0,
  "qos_rejected_total":13,
  "qos_rejection_ratio":0.0056107035
}