{
  "algo":"dtsp",
  "region":"Arizona",
  "time_slots":120,
  "arrival_rate":45.0,
  "mean_service_time":9.0,
  "seed":1,
  "trace_seed":6139546628779328738,
  "algo_seed":13714346850831613210,
  "trace_hash":"b71b0ccd36c2a3f18a90721ffb4ccbeaede3a07e9d4ee8e9320452d1bd5ca512",
  "arrivals_per_slot":[
    42,
    42,
    50,
    42,
    51,
    45,
    40,
    42,
    31,
    54,
    34,
    57,
    51,
    48,
    40,
    50,
    56,
    32,
    53,
    47,
    46,
    30,
    42,
    42,
    47,
    40,
    43,
    45,
    38,
    37,
    37,
    42,
    33,
    45,
    42,
    47,
    49,
    44,
    47,
    40,
    40,
    44,
    43,
    59,
    48,
    54,
    36,
    54,
    55,
    41,
    42,
    27,
    46,
    36,
    50,
    36,
    49,
    39,
    42,
    41,
    47,
    41,
    43,
    44,
    50,
    50,
    27,
    40,
    52,
    44,
    35,
    65,
    45,
    51,
    44,
    44,
    44,
    38,
    50,
    43,
    49,
    48,
    44,
    45,
    45,
    41,
    38,
    44,
    40,
    40,
    56,
    53,
    50,
    43,
    38,
    36,
    46,
    46,
    50,
    50,
    38,
    51,
    41,
    48,
    52,
    45,
    54,
    60,
    48,
    41,
    38,
    56,
    53,
    39,
    35,
    32,
    41,
    39,
    47,
    49
  ],
  "diversity":false,
  "p_split":null,
  "split_reliability_mode":null,
  "mechanism":null,
  "fixed_sfc_len":null,
  "fixed_reliability":null,
  "max_backup_level":2,
  "explicit_split_replicas":false,
  "split_enforce_distinct":false,
  "strict_split_resource_ablation":false,
  "split_replica_resource_scale":1.0,
  "cap_base_min":500,
  "cap_base_max":700,
  "cap_scale":0.2,
  "total_arrivals":5331,
  "total_accepted":4438,
  "total_rejected":893,
  "acceptance_ratio":0.832489214,
  "avg_cost_per_arrival":38.8857303279,
  "total_cost":207299.8283779172,
  "total_cost_resource":159336.8283779171,
  "avg_cost_per_accepted":46.7101911622,
  "final_utilization":0.9762170163,
  "avg_utilization_over_time":0.932299586,
  "avg_leftover_capacity_sum_over_time":25557.2583333333,
  "final_leftover_capacity_sum":8978.2,
  "final_leftover_capacity_min":0.2,
  "final_leftover_capacity_max":249.4,
  "final_leftover_capacity_avg":28.5929936306,
  "avg_e2e_delay_accepted":0.0657403203,
  "p95_e2e_delay_accepted":0.1282392907,
  "avg_access_delay_accepted":0.008053963,
  "avg_processing_delay_accepted":0.0483231119,
  "avg_network_delay_accepted":0.0093632454,
  "avg_split_proc_overhead_accepted":0.0,
  "avg_split_net_overhead_accepted":0.0,
  "total_transmitted_bits_accepted":6566817524.7459087372,
  "avg_transmitted_bits_per_accepted":1479679.4783113811,
  "total_split_transmitted_bits_accepted":0.0,
  "avg_split_transmitted_bits_per_accepted":0.0,
  "avg_split_overhead_ratio_accepted":0.0,
  "p95_split_overhead_ratio_accepted":0.0,
  "rga_accepted_total":5331,
  "rga_rejected_total":0,
  "rga_rejection_ratio":0.0,
  "mdca_rejected_total":893,
  "mdca_capacity_rejected_total":849,
  "mdca_reliability_rejected_total":0,
  "mdca_qos_rejected_total":44,
  "mdca_rejection_ratio":0.167510786,
  "capacity_rejection_ratio":0.159257175,
  "reliability_rejection_ratio":0.0,
  "qos_rejected_total":44,
  "qos_rejection_ratio":0.008253611
}