{
  "algo":"dtsp",
  "region":"Arizona",
  "time_slots":120,
  "arrival_rate":20.0,
  "mean_service_time":9.0,
  "seed":4,
  "trace_seed":885083003266149278,
  "algo_seed":12873430469308396488,
  "trace_hash":"d47260a94839730cff1d46b208a94aaa8dbb59eac2a679e607325713c9ec2e34",
  "arrivals_per_slot":[
    25,
    15,
    22,
    16,
    17,
    27,
    24,
    28,
    11,
    15,
    23,
    22,
    21,
    16,
    27,
    23,
    11,
    11,
    15,
    18,
    22,
    17,
    24,
    20,
    19,
    15,
    23,
    25,
    23,
    15,
    13,
    28,
    21,
    27,
    17,
    21,
    13,
    33,
    22,
    23,
    21,
    24,
    22,
    33,
    27,
    29,
    26,
    28,
    27,
    26,
    24,
    22,
    19,
    25,
    24,
    16,
    25,
    22,
    21,
    27,
    17,
    17,
    25,
    19,
    23,
    12,
    20,
    20,
    16,
    18,
    22,
    22,
    23,
    25,
    25,
    22,
    24,
    27,
    24,
    24,
    31,
    21,
    31,
    11,
    24,
    19,
    22,
    21,
    25,
    17,
    19,
    21,
    16,
    23,
    19,
    21,
    22,
    25,
    17,
    31,
    21,
    18,
    22,
    23,
    22,
    23,
    27,
    17,
    17,
    20,
    21,
    25,
    21,
    22,
    24,
    19,
    24,
    26,
    27,
    17
  ],
  "diversity":false,
  "p_split":null,
  "split_reliability_mode":null,
  "mechanism":null,
  "fixed_sfc_len":null,
  "fixed_reliability":null,
  "max_backup_level":2,
  "explicit_split_replicas":false,
  "split_enforce_distinct":false,
  "strict_split_resource_ablation":false,
  "split_replica_resource_scale":1.0,
  "cap_base_min":500,
  "cap_base_max":700,
  "cap_scale":0.2,
  "total_arrivals":2593,
  "total_accepted":2567,
  "total_rejected":26,
  "acceptance_ratio":0.9899730042,
  "avg_cost_per_arrival":37.9157052042,
  "total_cost":98315.4235943715,
  "total_cost_resource":69771.4235943715,
  "avg_cost_per_accepted":38.2997364996,
  "final_utilization":0.6291559464,
  "avg_utilization_over_time":0.5629639209,
  "avg_leftover_capacity_sum_over_time":164666.1916666666,
  "final_leftover_capacity_sum":139726.4,
  "final_leftover_capacity_min":0.0,
  "final_leftover_capacity_max":2192.6,
  "final_leftover_capacity_avg":444.9885350318,
  "avg_e2e_delay_accepted":0.0643867902,
  "p95_e2e_delay_accepted":0.1249165579,
  "avg_access_delay_accepted":0.0080758594,
  "avg_processing_delay_accepted":0.0468420648,
  "avg_network_delay_accepted":0.0094688661,
  "avg_split_proc_overhead_accepted":0.0,
  "avg_split_net_overhead_accepted":0.0,
  "total_transmitted_bits_accepted":3914070487.7646245956,
  "avg_transmitted_bits_per_accepted":1524764.5063360438,
  "total_split_transmitted_bits_accepted":0.0,
  "avg_split_transmitted_bits_per_accepted":0.0,
  "avg_split_overhead_ratio_accepted":0.0,
  "p95_split_overhead_ratio_accepted":0.0,
  "rga_accepted_total":2593,
  "rga_rejected_total":0,
  "rga_rejection_ratio":0.0,
  "mdca_rejected_total":26,
  "mdca_capacity_rejected_total":0,
  "mdca_reliability_rejected_total":0,
  "mdca_qos_rejected_total":26,
  "mdca_rejection_ratio":0.0100269958,
  "capacity_rejection_ratio":0.0,
  "reliability_rejection_ratio":0.0,
  "qos_rejected_total":26,
  "qos_rejection_ratio":0.0100269958
}