{
  "algo":"mdca",
  "region":"Arizona",
  "time_slots":120,
  "arrival_rate":12.0,
  "mean_service_time":9.0,
  "seed":1,
  "trace_seed":6993029101249686725,
  "algo_seed":9475761514817476165,
  "trace_hash":"0be56a03d78cdedc4e9b1608fc9878bfa232942c164966c435115df75f962959",
  "arrivals_per_slot":[
    16,
    8,
    19,
    11,
    9,
    10,
    12,
    19,
    6,
    9,
    13,
    10,
    14,
    9,
    16,
    12,
    14,
    14,
    14,
    11,
    11,
    16,
    14,
    11,
    12,
    8,
    11,
    11,
    12,
    7,
    18,
    12,
    13,
    14,
    11,
    16,
    16,
    13,
    8,
    9,
    19,
    15,
    18,
    7,
    7,
    13,
    24,
    12,
    7,
    13,
    9,
    14,
    14,
    13,
    17,
    10,
    9,
    9,
    11,
    13,
    8,
    3,
    13,
    12,
    7,
    12,
    10,
    18,
    12,
    11,
    8,
    12,
    11,
    8,
    12,
    8,
    9,
    9,
    9,
    7,
    8,
    7,
    12,
    9,
    8,
    21,
    15,
    18,
    17,
    7,
    12,
    9,
    12,
    18,
    10,
    13,
    7,
    18,
    13,
    19,
    8,
    13,
    16,
    22,
    12,
    9,
    11,
    9,
    15,
    15,
    11,
    14,
    16,
    11,
    5,
    10,
    7,
    13,
    9,
    11
  ],
  "diversity":true,
  "p_split":0.3,
  "split_reliability_mode":"identical_active_pool",
  "mechanism":null,
  "fixed_sfc_len":null,
  "fixed_reliability":0.99,
  "max_backup_level":2,
  "explicit_split_replicas":true,
  "split_enforce_distinct":false,
  "strict_split_resource_ablation":false,
  "split_replica_resource_scale":1.0,
  "cap_base_min":500,
  "cap_base_max":700,
  "cap_scale":0.2,
  "total_arrivals":1432,
  "total_accepted":1415,
  "total_rejected":17,
  "acceptance_ratio":0.9881284916,
  "avg_cost_per_arrival":37.1680094306,
  "total_cost":53224.5895046582,
  "total_cost_resource":33654.5895046582,
  "avg_cost_per_accepted":37.6145508867,
  "final_utilization":0.3475765193,
  "avg_utilization_over_time":0.3392918453,
  "avg_leftover_capacity_sum_over_time":248542.0222222223,
  "final_leftover_capacity_sum":245425.5333333333,
  "final_leftover_capacity_min":0.0666666667,
  "final_leftover_capacity_max":2439.6,
  "final_leftover_capacity_avg":781.6099787686,
  "avg_e2e_delay_accepted":0.0719967742,
  "p95_e2e_delay_accepted":0.1359251488,
  "avg_access_delay_accepted":0.0080175841,
  "avg_processing_delay_accepted":0.0454767385,
  "avg_network_delay_accepted":0.0148715011,
  "avg_split_proc_overhead_accepted":5.933612455e-19,
  "avg_split_net_overhead_accepted":0.0,
  "total_transmitted_bits_accepted":2563337760.7471604347,
  "avg_transmitted_bits_per_accepted":1811546.1206693712,
  "total_split_transmitted_bits_accepted":581244556.801581502,
  "avg_split_transmitted_bits_per_accepted":410773.538375676,
  "avg_split_overhead_ratio_accepted":7.178046897e-18,
  "p95_split_overhead_ratio_accepted":4.908226937e-17,
  "rga_accepted_total":1432,
  "rga_rejected_total":0,
  "rga_rejection_ratio":0.0,
  "mdca_rejected_total":17,
  "mdca_capacity_rejected_total":0,
  "mdca_reliability_rejected_total":0,
  "mdca_qos_rejected_total":17,
  "mdca_rejection_ratio":0.0118715084,
  "capacity_rejection_ratio":0.0,
  "reliability_rejection_ratio":0.0,
  "qos_rejected_total":17,
  "qos_rejection_ratio":0.0118715084
}