{
  "algo":"mdca",
  "region":"Alabama",
  "time_slots":120,
  "arrival_rate":12.0,
  "mean_service_time":9.0,
  "seed":5,
  "trace_seed":2423446912683703478,
  "algo_seed":10284031153424937908,
  "trace_hash":"242807615d01f26b618bf2474c8c191b5431614999303085f85b6b1352045e68",
  "arrivals_per_slot":[
    13,
    19,
    12,
    12,
    6,
    12,
    10,
    7,
    9,
    12,
    14,
    7,
    14,
    11,
    15,
    13,
    11,
    13,
    13,
    11,
    15,
    12,
    11,
    14,
    14,
    14,
    12,
    10,
    15,
    8,
    12,
    8,
    13,
    14,
    8,
    10,
    15,
    16,
    14,
    15,
    11,
    9,
    16,
    15,
    16,
    18,
    15,
    13,
    7,
    10,
    9,
    10,
    11,
    16,
    9,
    9,
    10,
    8,
    9,
    11,
    13,
    15,
    9,
    14,
    10,
    13,
    9,
    17,
    8,
    24,
    17,
    8,
    6,
    5,
    12,
    12,
    9,
    11,
    18,
    10,
    13,
    13,
    13,
    13,
    6,
    14,
    6,
    11,
    11,
    8,
    14,
    11,
    19,
    8,
    12,
    14,
    17,
    11,
    14,
    11,
    8,
    22,
    10,
    14,
    18,
    10,
    7,
    8,
    9,
    8,
    8,
    16,
    16,
    13,
    7,
    11,
    18,
    8,
    11,
    6
  ],
  "diversity":true,
  "p_split":0.3,
  "split_reliability_mode":"identical_active_pool",
  "mechanism":null,
  "fixed_sfc_len":null,
  "fixed_reliability":0.999,
  "max_backup_level":4,
  "explicit_split_replicas":true,
  "split_enforce_distinct":false,
  "strict_split_resource_ablation":false,
  "split_replica_resource_scale":1.0,
  "cap_base_min":500,
  "cap_base_max":700,
  "cap_scale":0.2,
  "total_arrivals":1423,
  "total_accepted":1309,
  "total_rejected":114,
  "acceptance_ratio":0.9198875615,
  "avg_cost_per_arrival":60.8506755352,
  "total_cost":86590.5112865952,
  "total_cost_resource":63897.5112865952,
  "avg_cost_per_accepted":66.1501232136,
  "final_utilization":0.8578422128,
  "avg_utilization_over_time":0.8763742135,
  "avg_leftover_capacity_sum_over_time":21633.4,
  "final_leftover_capacity_sum":24876.3333333333,
  "final_leftover_capacity_min":0.6,
  "final_leftover_capacity_max":1770.6,
  "final_leftover_capacity_avg":181.5790754258,
  "avg_e2e_delay_accepted":0.0654564666,
  "p95_e2e_delay_accepted":0.1270047957,
  "avg_access_delay_accepted":0.0081305236,
  "avg_processing_delay_accepted":0.0417640835,
  "avg_network_delay_accepted":0.0119468408,
  "avg_split_proc_overhead_accepted":5.890638541e-19,
  "avg_split_net_overhead_accepted":0.0,
  "total_transmitted_bits_accepted":2227828439.2783021927,
  "avg_transmitted_bits_per_accepted":1701931.5808084814,
  "total_split_transmitted_bits_accepted":537384875.5797197819,
  "avg_split_transmitted_bits_per_accepted":410530.8445987164,
  "avg_split_overhead_ratio_accepted":7.915322134e-18,
  "p95_split_overhead_ratio_accepted":5.171037542e-17,
  "rga_accepted_total":1423,
  "rga_rejected_total":0,
  "rga_rejection_ratio":0.0,
  "mdca_rejected_total":114,
  "mdca_capacity_rejected_total":102,
  "mdca_reliability_rejected_total":0,
  "mdca_qos_rejected_total":12,
  "mdca_rejection_ratio":0.0801124385,
  "capacity_rejection_ratio":0.0716795502,
  "reliability_rejection_ratio":0.0,
  "qos_rejected_total":12,
  "qos_rejection_ratio":0.0084328883
}