{
  "algo":"mdca",
  "region":"Arizona",
  "time_slots":120,
  "arrival_rate":12.0,
  "mean_service_time":9.0,
  "seed":3,
  "trace_seed":6768744189916696028,
  "algo_seed":16390338165465153816,
  "trace_hash":"4dd31115ff65b2f48495b908efcd0ed7b782ea706500412cf036968336fe97ad",
  "arrivals_per_slot":[
    8,
    12,
    15,
    13,
    14,
    9,
    10,
    11,
    15,
    9,
    9,
    15,
    19,
    13,
    15,
    12,
    12,
    7,
    9,
    11,
    11,
    17,
    15,
    13,
    12,
    14,
    16,
    7,
    18,
    10,
    7,
    13,
    14,
    14,
    14,
    15,
    12,
    8,
    14,
    15,
    10,
    11,
    11,
    14,
    7,
    14,
    11,
    5,
    14,
    13,
    9,
    13,
    17,
    19,
    14,
    12,
    7,
    10,
    13,
    7,
    20,
    14,
    13,
    9,
    11,
    14,
    12,
    11,
    12,
    18,
    12,
    7,
    10,
    14,
    13,
    13,
    16,
    13,
    14,
    11,
    9,
    13,
    8,
    10,
    19,
    17,
    12,
    15,
    11,
    8,
    16,
    14,
    11,
    22,
    13,
    15,
    16,
    12,
    13,
    15,
    14,
    8,
    7,
    11,
    8,
    19,
    11,
    10,
    15,
    11,
    9,
    16,
    16,
    14,
    5,
    8,
    17,
    11,
    9,
    8
  ],
  "diversity":true,
  "p_split":0.3,
  "split_reliability_mode":"identical_active_pool",
  "mechanism":null,
  "fixed_sfc_len":null,
  "fixed_reliability":0.996,
  "max_backup_level":5,
  "explicit_split_replicas":true,
  "split_enforce_distinct":false,
  "strict_split_resource_ablation":false,
  "split_replica_resource_scale":1.0,
  "cap_base_min":500,
  "cap_base_max":700,
  "cap_scale":0.2,
  "total_arrivals":1481,
  "total_accepted":1463,
  "total_rejected":18,
  "acceptance_ratio":0.98784605,
  "avg_cost_per_arrival":44.6345905205,
  "total_cost":66103.8285608396,
  "total_cost_resource":43576.8285608395,
  "avg_cost_per_accepted":45.1837515795,
  "final_utilization":0.4095949751,
  "avg_utilization_over_time":0.4146400385,
  "avg_leftover_capacity_sum_over_time":219326.4166666667,
  "final_leftover_capacity_sum":221216.7333333334,
  "final_leftover_capacity_min":0.4,
  "final_leftover_capacity_max":2099.2,
  "final_leftover_capacity_avg":704.5118895966,
  "avg_e2e_delay_accepted":0.0697185453,
  "p95_e2e_delay_accepted":0.1355905552,
  "avg_access_delay_accepted":0.0080839244,
  "avg_processing_delay_accepted":0.0440621463,
  "avg_network_delay_accepted":0.0143961573,
  "avg_split_proc_overhead_accepted":5.149033967e-19,
  "avg_split_net_overhead_accepted":0.0,
  "total_transmitted_bits_accepted":2606674285.7503700256,
  "avg_transmitted_bits_per_accepted":1781732.252734361,
  "total_split_transmitted_bits_accepted":581680370.3737787008,
  "avg_split_transmitted_bits_per_accepted":397594.2381228836,
  "avg_split_overhead_ratio_accepted":6.666657034e-18,
  "p95_split_overhead_ratio_accepted":4.275378018e-17,
  "rga_accepted_total":1481,
  "rga_rejected_total":0,
  "rga_rejection_ratio":0.0,
  "mdca_rejected_total":18,
  "mdca_capacity_rejected_total":0,
  "mdca_reliability_rejected_total":0,
  "mdca_qos_rejected_total":18,
  "mdca_rejection_ratio":0.01215395,
  "capacity_rejection_ratio":0.0,
  "reliability_rejection_ratio":0.0,
  "qos_rejected_total":18,
  "qos_rejection_ratio":0.01215395
}