{
  "algo":"mdca",
  "region":"Arizona",
  "time_slots":120,
  "arrival_rate":20.0,
  "mean_service_time":9.0,
  "seed":3,
  "trace_seed":17585035749892808829,
  "algo_seed":18185845460186161846,
  "trace_hash":"448b620e3273629525eb9b8933c66f9ad7e5004545bcb776da9ab3e497620d66",
  "arrivals_per_slot":[
    22,
    27,
    14,
    18,
    26,
    22,
    20,
    12,
    11,
    21,
    12,
    23,
    23,
    18,
    18,
    23,
    26,
    18,
    22,
    18,
    13,
    18,
    23,
    21,
    18,
    20,
    15,
    25,
    20,
    20,
    25,
    24,
    23,
    19,
    23,
    26,
    13,
    18,
    21,
    12,
    18,
    12,
    18,
    18,
    23,
    21,
    27,
    15,
    26,
    19,
    16,
    17,
    13,
    11,
    16,
    25,
    19,
    20,
    32,
    13,
    11,
    15,
    18,
    20,
    30,
    23,
    31,
    16,
    16,
    21,
    23,
    22,
    14,
    16,
    25,
    19,
    30,
    27,
    16,
    25,
    16,
    14,
    14,
    16,
    29,
    18,
    21,
    27,
    26,
    16,
    23,
    20,
    15,
    16,
    18,
    20,
    20,
    17,
    18,
    17,
    17,
    12,
    23,
    18,
    18,
    18,
    18,
    19,
    14,
    21,
    15,
    24,
    23,
    20,
    14,
    19,
    23,
    23,
    14,
    19
  ],
  "diversity":false,
  "p_split":null,
  "split_reliability_mode":null,
  "mechanism":null,
  "fixed_sfc_len":6,
  "fixed_reliability":null,
  "max_backup_level":2,
  "explicit_split_replicas":false,
  "split_enforce_distinct":false,
  "strict_split_resource_ablation":false,
  "split_replica_resource_scale":1.0,
  "cap_base_min":500,
  "cap_base_max":700,
  "cap_scale":0.2,
  "total_arrivals":2341,
  "total_accepted":2045,
  "total_rejected":296,
  "acceptance_ratio":0.8735583084,
  "avg_cost_per_arrival":82.1267092653,
  "total_cost":192258.6263900046,
  "total_cost_resource":146030.6263900047,
  "avg_cost_per_accepted":94.0139982347,
  "final_utilization":0.9368085796,
  "avg_utilization_over_time":0.8892950882,
  "avg_leftover_capacity_sum_over_time":41509.1166666667,
  "final_leftover_capacity_sum":23693.8,
  "final_leftover_capacity_min":0.0,
  "final_leftover_capacity_max":1596.0,
  "final_leftover_capacity_avg":75.4579617834,
  "avg_e2e_delay_accepted":0.1239327645,
  "p95_e2e_delay_accepted":0.1841169049,
  "avg_access_delay_accepted":0.0080421497,
  "avg_processing_delay_accepted":0.0949577375,
  "avg_network_delay_accepted":0.0209328772,
  "avg_split_proc_overhead_accepted":0.0,
  "avg_split_net_overhead_accepted":0.0,
  "total_transmitted_bits_accepted":6814529293.8981952667,
  "avg_transmitted_bits_per_accepted":3332288.1632754011,
  "total_split_transmitted_bits_accepted":0.0,
  "avg_split_transmitted_bits_per_accepted":0.0,
  "avg_split_overhead_ratio_accepted":0.0,
  "p95_split_overhead_ratio_accepted":0.0,
  "rga_accepted_total":2341,
  "rga_rejected_total":0,
  "rga_rejection_ratio":0.0,
  "mdca_rejected_total":296,
  "mdca_capacity_rejected_total":154,
  "mdca_reliability_rejected_total":0,
  "mdca_qos_rejected_total":142,
  "mdca_rejection_ratio":0.1264416916,
  "capacity_rejection_ratio":0.0657838531,
  "reliability_rejection_ratio":0.0,
  "qos_rejected_total":142,
  "qos_rejection_ratio":0.0606578385
}