{
  "algo":"hspa",
  "region":"Alabama",
  "time_slots":120,
  "arrival_rate":12.0,
  "mean_service_time":9.0,
  "seed":1,
  "trace_seed":10394030818635337927,
  "algo_seed":15883823183653897534,
  "trace_hash":"1351d277ff066a0ea7c5c2456bc0a81c62fbace9a4525e35357f01458dfb8f9f",
  "arrivals_per_slot":[
    17,
    14,
    14,
    14,
    14,
    16,
    9,
    16,
    9,
    6,
    20,
    8,
    9,
    10,
    20,
    7,
    7,
    15,
    10,
    15,
    12,
    8,
    15,
    7,
    9,
    12,
    10,
    7,
    11,
    12,
    9,
    5,
    19,
    12,
    19,
    7,
    18,
    16,
    13,
    11,
    16,
    11,
    8,
    15,
    15,
    8,
    12,
    15,
    5,
    12,
    11,
    16,
    14,
    8,
    16,
    16,
    13,
    15,
    10,
    10,
    6,
    19,
    18,
    15,
    12,
    15,
    13,
    12,
    13,
    12,
    11,
    8,
    8,
    19,
    11,
    11,
    9,
    14,
    12,
    14,
    14,
    14,
    18,
    11,
    9,
    13,
    8,
    14,
    13,
    8,
    7,
    14,
    6,
    18,
    17,
    16,
    14,
    10,
    21,
    9,
    8,
    14,
    15,
    13,
    7,
    16,
    9,
    5,
    13,
    13,
    13,
    11,
    7,
    5,
    11,
    10,
    6,
    11,
    10,
    11
  ],
  "diversity":false,
  "p_split":null,
  "split_reliability_mode":null,
  "mechanism":null,
  "fixed_sfc_len":null,
  "fixed_reliability":0.998,
  "max_backup_level":2,
  "explicit_split_replicas":false,
  "split_enforce_distinct":false,
  "strict_split_resource_ablation":false,
  "split_replica_resource_scale":1.0,
  "cap_base_min":500,
  "cap_base_max":700,
  "cap_scale":0.2,
  "total_arrivals":1442,
  "total_accepted":1256,
  "total_rejected":186,
  "acceptance_ratio":0.8710124827,
  "avg_cost_per_arrival":57.3361957606,
  "total_cost":82678.7942868025,
  "total_cost_resource":62440.7942868026,
  "avg_cost_per_accepted":65.827065515,
  "final_utilization":0.8513223993,
  "avg_utilization_over_time":0.8785974321,
  "avg_leftover_capacity_sum_over_time":21238.1166666667,
  "final_leftover_capacity_sum":26009.6,
  "final_leftover_capacity_min":0.0,
  "final_leftover_capacity_max":1402.0,
  "final_leftover_capacity_avg":189.8510948905,
  "avg_e2e_delay_accepted":0.0616768543,
  "p95_e2e_delay_accepted":0.1264563472,
  "avg_access_delay_accepted":0.0080280075,
  "avg_processing_delay_accepted":0.0471382206,
  "avg_network_delay_accepted":0.0065106262,
  "avg_split_proc_overhead_accepted":0.0,
  "avg_split_net_overhead_accepted":0.0,
  "total_transmitted_bits_accepted":1555338271.1369524002,
  "avg_transmitted_bits_per_accepted":1238326.6489943888,
  "total_split_transmitted_bits_accepted":0.0,
  "avg_split_transmitted_bits_per_accepted":0.0,
  "avg_split_overhead_ratio_accepted":0.0,
  "p95_split_overhead_ratio_accepted":0.0,
  "rga_accepted_total":1381,
  "rga_rejected_total":61,
  "rga_rejection_ratio":0.0423023578,
  "mdca_rejected_total":125,
  "mdca_capacity_rejected_total":114,
  "mdca_reliability_rejected_total":0,
  "mdca_qos_rejected_total":11,
  "mdca_rejection_ratio":0.0866851595,
  "capacity_rejection_ratio":0.0790568655,
  "reliability_rejection_ratio":0.0,
  "qos_rejected_total":11,
  "qos_rejection_ratio":0.007628294
}