{
  "algo":"mdca",
  "region":"Arizona",
  "time_slots":120,
  "arrival_rate":12.0,
  "mean_service_time":9.0,
  "seed":1,
  "trace_seed":16840283913898114547,
  "algo_seed":7068560908372958033,
  "trace_hash":"6aa26bd8bed79c36458fd5348c96cb321c8416776732e223d147a84ab3c5a430",
  "arrivals_per_slot":[
    21,
    13,
    18,
    12,
    13,
    8,
    10,
    12,
    9,
    13,
    9,
    13,
    15,
    11,
    15,
    13,
    10,
    12,
    9,
    11,
    16,
    14,
    15,
    11,
    12,
    17,
    16,
    10,
    7,
    7,
    13,
    7,
    14,
    12,
    11,
    12,
    12,
    8,
    14,
    11,
    10,
    13,
    11,
    12,
    8,
    14,
    14,
    16,
    13,
    10,
    8,
    10,
    15,
    11,
    10,
    8,
    13,
    11,
    13,
    10,
    11,
    16,
    17,
    10,
    9,
    10,
    8,
    16,
    14,
    11,
    10,
    16,
    9,
    19,
    11,
    9,
    13,
    10,
    12,
    16,
    10,
    14,
    13,
    11,
    12,
    12,
    17,
    13,
    14,
    8,
    12,
    12,
    10,
    17,
    9,
    14,
    11,
    13,
    12,
    12,
    15,
    10,
    8,
    11,
    13,
    14,
    16,
    11,
    14,
    12,
    11,
    14,
    11,
    15,
    13,
    7,
    9,
    17,
    14,
    11
  ],
  "diversity":false,
  "p_split":null,
  "split_reliability_mode":null,
  "mechanism":null,
  "fixed_sfc_len":null,
  "fixed_reliability":0.999,
  "max_backup_level":5,
  "explicit_split_replicas":false,
  "split_enforce_distinct":false,
  "strict_split_resource_ablation":false,
  "split_replica_resource_scale":1.0,
  "cap_base_min":500,
  "cap_base_max":700,
  "cap_scale":0.2,
  "total_arrivals":1455,
  "total_accepted":1438,
  "total_rejected":17,
  "acceptance_ratio":0.9883161512,
  "avg_cost_per_arrival":60.3121059479,
  "total_cost":87754.1141541767,
  "total_cost_resource":61148.1141541768,
  "avg_cost_per_accepted":61.0251141545,
  "final_utilization":0.6299029243,
  "avg_utilization_over_time":0.5165369552,
  "avg_leftover_capacity_sum_over_time":182497.05,
  "final_leftover_capacity_sum":139703.8,
  "final_leftover_capacity_min":0.4,
  "final_leftover_capacity_max":2196.4,
  "final_leftover_capacity_avg":444.9165605096,
  "avg_e2e_delay_accepted":0.065743918,
  "p95_e2e_delay_accepted":0.1309297798,
  "avg_access_delay_accepted":0.0080789967,
  "avg_processing_delay_accepted":0.0482820202,
  "avg_network_delay_accepted":0.0093829011,
  "avg_split_proc_overhead_accepted":0.0,
  "avg_split_net_overhead_accepted":0.0,
  "total_transmitted_bits_accepted":1992419151.0337705612,
  "avg_transmitted_bits_per_accepted":1385548.7837508835,
  "total_split_transmitted_bits_accepted":0.0,
  "avg_split_transmitted_bits_per_accepted":0.0,
  "avg_split_overhead_ratio_accepted":0.0,
  "p95_split_overhead_ratio_accepted":0.0,
  "rga_accepted_total":1455,
  "rga_rejected_total":0,
  "rga_rejection_ratio":0.0,
  "mdca_rejected_total":17,
  "mdca_capacity_rejected_total":0,
  "mdca_reliability_rejected_total":0,
  "mdca_qos_rejected_total":17,
  "mdca_rejection_ratio":0.0116838488,
  "capacity_rejection_ratio":0.0,
  "reliability_rejection_ratio":0.0,
  "qos_rejected_total":17,
  "qos_rejection_ratio":0.0116838488
}