{
  "algo":"mdca",
  "region":"Arizona",
  "time_slots":120,
  "arrival_rate":45.0,
  "mean_service_time":9.0,
  "seed":5,
  "trace_seed":3552931085376727416,
  "algo_seed":8179750290924396156,
  "trace_hash":"faed3d3451d2a177d03e44a1c53aa65f01cc93e4338171b46336e6a7a4c2d110",
  "arrivals_per_slot":[
    30,
    48,
    43,
    45,
    53,
    47,
    47,
    40,
    36,
    48,
    54,
    43,
    40,
    40,
    53,
    48,
    46,
    43,
    34,
    41,
    37,
    37,
    44,
    36,
    40,
    43,
    48,
    65,
    43,
    43,
    44,
    44,
    37,
    45,
    48,
    45,
    46,
    43,
    39,
    40,
    39,
    31,
    50,
    41,
    45,
    45,
    38,
    42,
    46,
    49,
    34,
    42,
    48,
    44,
    53,
    46,
    43,
    41,
    44,
    37,
    53,
    31,
    43,
    44,
    46,
    45,
    48,
    44,
    38,
    43,
    48,
    57,
    39,
    47,
    47,
    42,
    41,
    43,
    51,
    36,
    47,
    46,
    41,
    45,
    39,
    39,
    37,
    59,
    50,
    43,
    49,
    59,
    47,
    55,
    46,
    48,
    45,
    36,
    42,
    47,
    53,
    37,
    37,
    43,
    50,
    54,
    54,
    54,
    57,
    38,
    37,
    50,
    38,
    43,
    45,
    52,
    40,
    47,
    40,
    41
  ],
  "diversity":false,
  "p_split":null,
  "split_reliability_mode":null,
  "mechanism":null,
  "fixed_sfc_len":null,
  "fixed_reliability":null,
  "max_backup_level":2,
  "explicit_split_replicas":false,
  "split_enforce_distinct":false,
  "strict_split_resource_ablation":false,
  "split_replica_resource_scale":1.0,
  "cap_base_min":500,
  "cap_base_max":700,
  "cap_scale":0.2,
  "total_arrivals":5320,
  "total_accepted":4940,
  "total_rejected":380,
  "acceptance_ratio":0.9285714286,
  "avg_cost_per_arrival":38.9593262195,
  "total_cost":207263.6154877405,
  "total_cost_resource":157031.6154877405,
  "avg_cost_per_accepted":41.9561974672,
  "final_utilization":0.9710314265,
  "avg_utilization_over_time":0.9202287249,
  "avg_leftover_capacity_sum_over_time":30312.925,
  "final_leftover_capacity_sum":11008.0,
  "final_leftover_capacity_min":0.0,
  "final_leftover_capacity_max":272.4,
  "final_leftover_capacity_avg":35.0573248408,
  "avg_e2e_delay_accepted":0.063130052,
  "p95_e2e_delay_accepted":0.1247694168,
  "avg_access_delay_accepted":0.0080325565,
  "avg_processing_delay_accepted":0.0469355338,
  "avg_network_delay_accepted":0.0081619618,
  "avg_split_proc_overhead_accepted":0.0,
  "avg_split_net_overhead_accepted":0.0,
  "total_transmitted_bits_accepted":6349462190.7191429138,
  "avg_transmitted_bits_per_accepted":1285316.2329390978,
  "total_split_transmitted_bits_accepted":0.0,
  "avg_split_transmitted_bits_per_accepted":0.0,
  "avg_split_overhead_ratio_accepted":0.0,
  "p95_split_overhead_ratio_accepted":0.0,
  "rga_accepted_total":5320,
  "rga_rejected_total":0,
  "rga_rejection_ratio":0.0,
  "mdca_rejected_total":380,
  "mdca_capacity_rejected_total":333,
  "mdca_reliability_rejected_total":0,
  "mdca_qos_rejected_total":47,
  "mdca_rejection_ratio":0.0714285714,
  "capacity_rejection_ratio":0.062593985,
  "reliability_rejection_ratio":0.0,
  "qos_rejected_total":47,
  "qos_rejection_ratio":0.0088345865
}