{
  "algo":"hspa",
  "region":"Alabama",
  "time_slots":120,
  "arrival_rate":15.0,
  "mean_service_time":9.0,
  "seed":1,
  "trace_seed":5366849790666961142,
  "algo_seed":15883823183653897534,
  "trace_hash":"3fbcd2dd8d50345f9a2b794ad2ba4087e379d9bd034f2a44d42ad95e9a83370a",
  "arrivals_per_slot":[
    9,
    17,
    14,
    10,
    15,
    19,
    13,
    14,
    12,
    11,
    18,
    22,
    15,
    15,
    21,
    14,
    11,
    17,
    11,
    15,
    14,
    19,
    13,
    16,
    13,
    15,
    13,
    15,
    20,
    17,
    23,
    15,
    20,
    17,
    15,
    16,
    10,
    20,
    11,
    13,
    12,
    14,
    20,
    16,
    13,
    9,
    16,
    16,
    15,
    19,
    15,
    11,
    19,
    10,
    14,
    21,
    26,
    17,
    19,
    17,
    19,
    11,
    13,
    12,
    17,
    24,
    18,
    18,
    18,
    21,
    13,
    13,
    15,
    19,
    16,
    17,
    13,
    15,
    14,
    17,
    15,
    8,
    12,
    12,
    15,
    16,
    20,
    9,
    11,
    15,
    9,
    14,
    26,
    11,
    19,
    11,
    13,
    12,
    13,
    22,
    11,
    11,
    16,
    13,
    18,
    14,
    17,
    14,
    18,
    17,
    14,
    16,
    12,
    17,
    22,
    16,
    9,
    18,
    11,
    17
  ],
  "diversity":false,
  "p_split":null,
  "split_reliability_mode":null,
  "mechanism":null,
  "fixed_sfc_len":null,
  "fixed_reliability":null,
  "max_backup_level":2,
  "explicit_split_replicas":false,
  "split_enforce_distinct":false,
  "strict_split_resource_ablation":false,
  "split_replica_resource_scale":1.0,
  "cap_base_min":500,
  "cap_base_max":700,
  "cap_scale":0.2,
  "total_arrivals":1834,
  "total_accepted":1680,
  "total_rejected":154,
  "acceptance_ratio":0.9160305344,
  "avg_cost_per_arrival":45.5130349644,
  "total_cost":83470.9061247067,
  "total_cost_resource":62813.9061247067,
  "avg_cost_per_accepted":49.6850631695,
  "final_utilization":0.9706485303,
  "avg_utilization_over_time":0.863896767,
  "avg_leftover_capacity_sum_over_time":23582.0083333333,
  "final_leftover_capacity_sum":5085.6,
  "final_leftover_capacity_min":0.2,
  "final_leftover_capacity_max":542.0,
  "final_leftover_capacity_avg":37.1211678832,
  "avg_e2e_delay_accepted":0.0647422181,
  "p95_e2e_delay_accepted":0.1277825165,
  "avg_access_delay_accepted":0.0080683877,
  "avg_processing_delay_accepted":0.0498150422,
  "avg_network_delay_accepted":0.0068587882,
  "avg_split_proc_overhead_accepted":0.0,
  "avg_split_net_overhead_accepted":0.0,
  "total_transmitted_bits_accepted":2191627048.4072117805,
  "avg_transmitted_bits_per_accepted":1304539.9097661974,
  "total_split_transmitted_bits_accepted":0.0,
  "avg_split_transmitted_bits_per_accepted":0.0,
  "avg_split_overhead_ratio_accepted":0.0,
  "p95_split_overhead_ratio_accepted":0.0,
  "rga_accepted_total":1834,
  "rga_rejected_total":0,
  "rga_rejection_ratio":0.0,
  "mdca_rejected_total":154,
  "mdca_capacity_rejected_total":142,
  "mdca_reliability_rejected_total":0,
  "mdca_qos_rejected_total":12,
  "mdca_rejection_ratio":0.0839694656,
  "capacity_rejection_ratio":0.0774263904,
  "reliability_rejection_ratio":0.0,
  "qos_rejected_total":12,
  "qos_rejection_ratio":0.0065430752
}