{
  "algo":"hspa",
  "region":"Alabama",
  "time_slots":120,
  "arrival_rate":40.0,
  "mean_service_time":9.0,
  "seed":1,
  "trace_seed":12305058452086399011,
  "algo_seed":15883823183653897534,
  "trace_hash":"d1fc172e4305810dbc97760536a7de7ee215347dbe1512962a8ab8dbc13af541",
  "arrivals_per_slot":[
    42,
    41,
    38,
    34,
    32,
    44,
    45,
    33,
    39,
    38,
    34,
    35,
    38,
    48,
    26,
    45,
    47,
    49,
    44,
    21,
    34,
    47,
    39,
    39,
    46,
    42,
    32,
    27,
    47,
    37,
    39,
    24,
    33,
    54,
    49,
    36,
    47,
    37,
    44,
    24,
    46,
    48,
    44,
    40,
    42,
    31,
    31,
    39,
    36,
    38,
    46,
    31,
    47,
    42,
    34,
    43,
    29,
    36,
    43,
    39,
    40,
    37,
    40,
    40,
    31,
    40,
    45,
    40,
    37,
    35,
    45,
    39,
    38,
    45,
    33,
    44,
    33,
    47,
    52,
    33,
    45,
    34,
    40,
    35,
    46,
    40,
    35,
    39,
    52,
    44,
    44,
    42,
    40,
    33,
    41,
    48,
    35,
    42,
    39,
    42,
    44,
    51,
    39,
    33,
    56,
    41,
    45,
    34,
    43,
    33,
    40,
    45,
    28,
    46,
    44,
    58,
    41,
    27,
    47,
    30
  ],
  "diversity":false,
  "p_split":null,
  "split_reliability_mode":null,
  "mechanism":null,
  "fixed_sfc_len":null,
  "fixed_reliability":null,
  "max_backup_level":2,
  "explicit_split_replicas":false,
  "split_enforce_distinct":false,
  "strict_split_resource_ablation":false,
  "split_replica_resource_scale":1.0,
  "cap_base_min":500,
  "cap_base_max":700,
  "cap_scale":0.2,
  "total_arrivals":4770,
  "total_accepted":2192,
  "total_rejected":2578,
  "acceptance_ratio":0.4595387841,
  "avg_cost_per_arrival":20.8095271084,
  "total_cost":99261.4443069057,
  "total_cost_resource":74741.4443069057,
  "avg_cost_per_accepted":45.2835056145,
  "final_utilization":0.9674040193,
  "avg_utilization_over_time":0.9625944157,
  "avg_leftover_capacity_sum_over_time":6548.85,
  "final_leftover_capacity_sum":5706.8,
  "final_leftover_capacity_min":0.0,
  "final_leftover_capacity_max":245.4,
  "final_leftover_capacity_avg":41.6554744526,
  "avg_e2e_delay_accepted":0.0613500231,
  "p95_e2e_delay_accepted":0.120974191,
  "avg_access_delay_accepted":0.0080386705,
  "avg_processing_delay_accepted":0.0469696917,
  "avg_network_delay_accepted":0.006341661,
  "avg_split_proc_overhead_accepted":0.0,
  "avg_split_net_overhead_accepted":0.0,
  "total_transmitted_bits_accepted":2598782620.7441730499,
  "avg_transmitted_bits_per_accepted":1185576.0131132177,
  "total_split_transmitted_bits_accepted":0.0,
  "avg_split_transmitted_bits_per_accepted":0.0,
  "avg_split_overhead_ratio_accepted":0.0,
  "p95_split_overhead_ratio_accepted":0.0,
  "rga_accepted_total":4770,
  "rga_rejected_total":0,
  "rga_rejection_ratio":0.0,
  "mdca_rejected_total":2578,
  "mdca_capacity_rejected_total":2566,
  "mdca_reliability_rejected_total":0,
  "mdca_qos_rejected_total":12,
  "mdca_rejection_ratio":0.5404612159,
  "capacity_rejection_ratio":0.5379454927,
  "reliability_rejection_ratio":0.0,
  "qos_rejected_total":12,
  "qos_rejection_ratio":0.0025157233
}