{
  "algo":"mdca",
  "region":"Alabama",
  "time_slots":120,
  "arrival_rate":45.0,
  "mean_service_time":9.0,
  "seed":3,
  "trace_seed":11514292769212086197,
  "algo_seed":15868857010820782473,
  "trace_hash":"9ec975daed31570a91b174ef20be4452dd09d83b8ae7f8ff1b273609b739f1b8",
  "arrivals_per_slot":[
    37,
    33,
    54,
    44,
    34,
    56,
    49,
    47,
    43,
    46,
    48,
    49,
    39,
    44,
    43,
    34,
    42,
    32,
    43,
    49,
    33,
    40,
    62,
    44,
    48,
    36,
    31,
    37,
    43,
    45,
    39,
    46,
    36,
    48,
    51,
    40,
    39,
    51,
    44,
    51,
    47,
    52,
    52,
    41,
    29,
    47,
    52,
    52,
    44,
    29,
    53,
    48,
    31,
    48,
    63,
    40,
    47,
    37,
    33,
    49,
    46,
    47,
    41,
    45,
    51,
    48,
    41,
    49,
    52,
    42,
    42,
    51,
    47,
    47,
    43,
    49,
    49,
    52,
    44,
    33,
    56,
    35,
    41,
    47,
    37,
    51,
    54,
    42,
    48,
    41,
    49,
    43,
    50,
    42,
    43,
    37,
    30,
    46,
    51,
    45,
    42,
    26,
    44,
    46,
    40,
    38,
    53,
    45,
    53,
    39,
    49,
    45,
    43,
    59,
    58,
    33,
    47,
    52,
    40,
    49
  ],
  "diversity":true,
  "p_split":0.3,
  "split_reliability_mode":"identical_active_pool",
  "mechanism":null,
  "fixed_sfc_len":null,
  "fixed_reliability":null,
  "max_backup_level":2,
  "explicit_split_replicas":true,
  "split_enforce_distinct":false,
  "strict_split_resource_ablation":false,
  "split_replica_resource_scale":1.0,
  "cap_base_min":500,
  "cap_base_max":700,
  "cap_scale":0.2,
  "total_arrivals":5332,
  "total_accepted":3385,
  "total_rejected":1947,
  "acceptance_ratio":0.6348462116,
  "avg_cost_per_arrival":19.2826227842,
  "total_cost":102814.9446851079,
  "total_cost_resource":73874.9446851079,
  "avg_cost_per_accepted":30.3736911921,
  "final_utilization":0.9734603688,
  "avg_utilization_over_time":0.955711675,
  "avg_leftover_capacity_sum_over_time":7643.8194444445,
  "final_leftover_capacity_sum":4580.5333333333,
  "final_leftover_capacity_min":0.0,
  "final_leftover_capacity_max":900.0,
  "final_leftover_capacity_avg":33.4345498783,
  "avg_e2e_delay_accepted":0.0627239234,
  "p95_e2e_delay_accepted":0.1294527459,
  "avg_access_delay_accepted":0.0080711744,
  "avg_processing_delay_accepted":0.0419605812,
  "avg_network_delay_accepted":0.0095962257,
  "avg_split_proc_overhead_accepted":4.949214762e-19,
  "avg_split_net_overhead_accepted":0.0,
  "total_transmitted_bits_accepted":4602771225.1397895813,
  "avg_transmitted_bits_per_accepted":1359755.1625228329,
  "total_split_transmitted_bits_accepted":1113789047.740377903,
  "avg_split_transmitted_bits_per_accepted":329036.6463043952,
  "avg_split_overhead_ratio_accepted":6.502394861e-18,
  "p95_split_overhead_ratio_accepted":4.745008054e-17,
  "rga_accepted_total":5332,
  "rga_rejected_total":0,
  "rga_rejection_ratio":0.0,
  "mdca_rejected_total":1947,
  "mdca_capacity_rejected_total":1910,
  "mdca_reliability_rejected_total":5,
  "mdca_qos_rejected_total":32,
  "mdca_rejection_ratio":0.3651537884,
  "capacity_rejection_ratio":0.3582145536,
  "reliability_rejection_ratio":0.0009377344,
  "qos_rejected_total":32,
  "qos_rejection_ratio":0.0060015004
}