{
  "algo":"dtsp",
  "region":"Alabama",
  "time_slots":120,
  "arrival_rate":12.0,
  "mean_service_time":9.0,
  "seed":1,
  "trace_seed":10053988639621156201,
  "algo_seed":14894763211395462469,
  "trace_hash":"d3e68b4b37b3cae775ccbe2bebd0104f07de1077e9efca871c6c714713b76e00",
  "arrivals_per_slot":[
    21,
    10,
    7,
    5,
    16,
    12,
    7,
    13,
    11,
    13,
    9,
    18,
    18,
    19,
    6,
    13,
    19,
    13,
    7,
    17,
    9,
    12,
    10,
    8,
    14,
    16,
    5,
    13,
    12,
    12,
    13,
    13,
    8,
    11,
    5,
    11,
    11,
    8,
    13,
    13,
    10,
    7,
    13,
    14,
    8,
    15,
    8,
    13,
    15,
    13,
    8,
    12,
    11,
    11,
    13,
    12,
    18,
    10,
    14,
    10,
    11,
    10,
    19,
    12,
    16,
    13,
    4,
    9,
    9,
    12,
    14,
    11,
    19,
    9,
    14,
    8,
    16,
    6,
    15,
    9,
    12,
    13,
    4,
    8,
    12,
    7,
    11,
    16,
    16,
    12,
    15,
    13,
    20,
    6,
    11,
    10,
    13,
    14,
    13,
    15,
    11,
    12,
    12,
    10,
    10,
    12,
    14,
    13,
    12,
    11,
    14,
    11,
    11,
    3,
    15,
    16,
    14,
    5,
    17,
    12
  ],
  "diversity":false,
  "p_split":null,
  "split_reliability_mode":null,
  "mechanism":null,
  "fixed_sfc_len":null,
  "fixed_reliability":0.992,
  "max_backup_level":2,
  "explicit_split_replicas":false,
  "split_enforce_distinct":false,
  "strict_split_resource_ablation":false,
  "split_replica_resource_scale":1.0,
  "cap_base_min":500,
  "cap_base_max":700,
  "cap_scale":0.2,
  "total_arrivals":1418,
  "total_accepted":1334,
  "total_rejected":84,
  "acceptance_ratio":0.9407616361,
  "avg_cost_per_arrival":56.8827789312,
  "total_cost":80659.7805244479,
  "total_cost_resource":60716.7805244479,
  "avg_cost_per_accepted":60.4646030918,
  "final_utilization":0.8476009276,
  "avg_utilization_over_time":0.8399815942,
  "avg_leftover_capacity_sum_over_time":27519.1333333333,
  "final_leftover_capacity_sum":26208.8,
  "final_leftover_capacity_min":0.0,
  "final_leftover_capacity_max":2121.6,
  "final_leftover_capacity_avg":191.3051094891,
  "avg_e2e_delay_accepted":0.0640279152,
  "p95_e2e_delay_accepted":0.123158014,
  "avg_access_delay_accepted":0.0080538064,
  "avg_processing_delay_accepted":0.0476999519,
  "avg_network_delay_accepted":0.0082741569,
  "avg_split_proc_overhead_accepted":0.0,
  "avg_split_net_overhead_accepted":0.0,
  "total_transmitted_bits_accepted":1984935320.7002606392,
  "avg_transmitted_bits_per_accepted":1487957.5117693108,
  "total_split_transmitted_bits_accepted":0.0,
  "avg_split_transmitted_bits_per_accepted":0.0,
  "avg_split_overhead_ratio_accepted":0.0,
  "p95_split_overhead_ratio_accepted":0.0,
  "rga_accepted_total":1418,
  "rga_rejected_total":0,
  "rga_rejection_ratio":0.0,
  "mdca_rejected_total":84,
  "mdca_capacity_rejected_total":71,
  "mdca_reliability_rejected_total":0,
  "mdca_qos_rejected_total":13,
  "mdca_rejection_ratio":0.0592383639,
  "capacity_rejection_ratio":0.0500705219,
  "reliability_rejection_ratio":0.0,
  "qos_rejected_total":13,
  "qos_rejection_ratio":0.009167842
}