{
  "algo":"mdca",
  "region":"Arizona",
  "time_slots":120,
  "arrival_rate":12.0,
  "mean_service_time":9.0,
  "seed":3,
  "trace_seed":11597032042856832576,
  "algo_seed":18087234375462464239,
  "trace_hash":"439e67192adbc49b319c702f6371a082f0fcd3030b47760b449f341e8ce23893",
  "arrivals_per_slot":[
    12,
    7,
    11,
    12,
    8,
    13,
    11,
    7,
    11,
    8,
    15,
    15,
    14,
    12,
    12,
    13,
    9,
    9,
    11,
    19,
    11,
    13,
    14,
    11,
    14,
    13,
    15,
    13,
    9,
    13,
    17,
    11,
    11,
    12,
    13,
    11,
    14,
    12,
    7,
    15,
    13,
    10,
    9,
    12,
    9,
    14,
    20,
    10,
    12,
    9,
    11,
    13,
    16,
    12,
    11,
    9,
    13,
    13,
    5,
    13,
    8,
    12,
    8,
    6,
    11,
    18,
    13,
    10,
    10,
    10,
    10,
    9,
    15,
    15,
    9,
    11,
    11,
    10,
    14,
    13,
    15,
    8,
    13,
    8,
    15,
    7,
    10,
    10,
    9,
    9,
    16,
    10,
    11,
    16,
    10,
    17,
    12,
    9,
    19,
    11,
    15,
    14,
    11,
    12,
    11,
    5,
    6,
    6,
    15,
    16,
    8,
    9,
    11,
    3,
    7,
    15,
    13,
    6,
    9,
    16
  ],
  "diversity":true,
  "p_split":0.3,
  "split_reliability_mode":"identical_active_pool",
  "split_recovery_coverage":1.0,
  "split_workload_shares":"0.5,0.5",
  "mechanism":null,
  "fixed_sfc_len":null,
  "fixed_reliability":0.95,
  "max_backup_level":2,
  "explicit_split_replicas":true,
  "split_enforce_distinct":false,
  "strict_split_resource_ablation":false,
  "split_replica_resource_scale":1.0,
  "backhaul_knn_k":4,
  "backhaul_use_device_bw":true,
  "backhaul_bw_scale":0.5,
  "fiber_speed_mps":200000000.0,
  "switch_delay_s":0.0002,
  "region_cloudlet_count":314,
  "cap_base_min":500,
  "cap_base_max":700,
  "cap_scale":0.2,
  "total_arrivals":1378,
  "total_accepted":1364,
  "total_rejected":14,
  "acceptance_ratio":0.9898403483,
  "avg_cost_per_arrival":27.0206718199,
  "total_cost":37234.4857677981,
  "total_cost_resource":22513.4857677981,
  "avg_cost_per_accepted":27.2980100937,
  "final_utilization":0.2407444672,
  "avg_utilization_over_time":0.2550392698,
  "avg_leftover_capacity_sum_over_time":279873.4027777778,
  "final_leftover_capacity_sum":285243.8,
  "final_leftover_capacity_min":0.4666666667,
  "final_leftover_capacity_max":2245.8,
  "final_leftover_capacity_avg":908.4197452229,
  "avg_e2e_delay_accepted":0.0684033013,
  "p95_e2e_delay_accepted":0.1320673888,
  "avg_access_delay_accepted":0.0080157802,
  "avg_processing_delay_accepted":0.0441287791,
  "avg_network_delay_accepted":0.0129748725,
  "avg_split_proc_overhead_accepted":5.290652243e-19,
  "avg_split_net_overhead_accepted":0.0,
  "total_transmitted_bits_accepted":2327279397.1236562729,
  "avg_transmitted_bits_per_accepted":1706216.5668061997,
  "total_split_transmitted_bits_accepted":498810313.3386404514,
  "avg_split_transmitted_bits_per_accepted":365696.7106588273,
  "avg_split_overhead_ratio_accepted":6.480954289e-18,
  "p95_split_overhead_ratio_accepted":4.629229934e-17,
  "rga_accepted_total":1378,
  "rga_rejected_total":0,
  "rga_rejection_ratio":0.0,
  "mdca_rejected_total":14,
  "mdca_capacity_rejected_total":0,
  "mdca_reliability_rejected_total":0,
  "mdca_qos_rejected_total":14,
  "mdca_rejection_ratio":0.0101596517,
  "capacity_rejection_ratio":0.0,
  "reliability_rejection_ratio":0.0,
  "qos_rejected_total":14,
  "qos_rejection_ratio":0.0101596517,
  "placement_trace_path":"D:\\Study\\Code_1\\paper_data\\workload_sharing_sensitivity\\Arizona\\R0p950\\DMDCA_share0p5_0p5\\seed3\\placement_trace_Arizona_mdca_seed3.json"
}