{
  "algo":"mdca",
  "region":"Arizona",
  "time_slots":120,
  "arrival_rate":20.0,
  "mean_service_time":9.0,
  "seed":3,
  "trace_seed":1049729916029259469,
  "algo_seed":18185845460186161846,
  "trace_hash":"cc7955194e53e65be3958ecf809f840b720e7b4a78bb085bf56f87dbfbbde050",
  "arrivals_per_slot":[
    17,
    17,
    24,
    18,
    17,
    23,
    14,
    21,
    26,
    16,
    20,
    24,
    15,
    13,
    20,
    12,
    13,
    18,
    19,
    15,
    29,
    17,
    9,
    25,
    20,
    17,
    17,
    32,
    21,
    15,
    30,
    17,
    15,
    16,
    24,
    17,
    16,
    17,
    21,
    22,
    16,
    21,
    25,
    18,
    23,
    18,
    16,
    25,
    20,
    18,
    20,
    12,
    21,
    20,
    22,
    29,
    23,
    20,
    20,
    17,
    18,
    23,
    18,
    17,
    24,
    13,
    19,
    28,
    25,
    18,
    38,
    18,
    18,
    18,
    31,
    20,
    13,
    18,
    19,
    14,
    16,
    20,
    19,
    14,
    16,
    16,
    24,
    24,
    19,
    23,
    17,
    16,
    22,
    18,
    20,
    21,
    24,
    18,
    15,
    22,
    15,
    17,
    17,
    19,
    22,
    25,
    18,
    22,
    23,
    12,
    16,
    27,
    18,
    30,
    16,
    19,
    23,
    17,
    26,
    31
  ],
  "diversity":false,
  "p_split":null,
  "split_reliability_mode":null,
  "split_recovery_coverage":null,
  "split_workload_shares":null,
  "mechanism":null,
  "fixed_sfc_len":1,
  "fixed_reliability":0.999,
  "max_backup_level":2,
  "explicit_split_replicas":false,
  "split_enforce_distinct":false,
  "strict_split_resource_ablation":false,
  "split_replica_resource_scale":1.0,
  "backhaul_knn_k":4,
  "backhaul_use_device_bw":true,
  "backhaul_bw_scale":0.5,
  "fiber_speed_mps":200000000.0,
  "switch_delay_s":0.0002,
  "region_cloudlet_count":314,
  "cap_base_min":500,
  "cap_base_max":700,
  "cap_scale":0.2,
  "total_arrivals":2370,
  "total_accepted":2370,
  "total_rejected":0,
  "acceptance_ratio":1.0,
  "avg_cost_per_arrival":15.4901248044,
  "total_cost":36711.5957865035,
  "total_cost_resource":23614.5957865035,
  "avg_cost_per_accepted":15.4901248044,
  "final_utilization":0.3185833769,
  "avg_utilization_over_time":0.244818347,
  "avg_leftover_capacity_sum_over_time":283136.7833333333,
  "final_leftover_capacity_sum":255480.4,
  "final_leftover_capacity_min":1.6,
  "final_leftover_capacity_max":2367.4,
  "final_leftover_capacity_avg":813.6318471338,
  "avg_e2e_delay_accepted":0.0239843468,
  "p95_e2e_delay_accepted":0.0530354496,
  "avg_access_delay_accepted":0.0080483143,
  "avg_processing_delay_accepted":0.0159360325,
  "avg_network_delay_accepted":0.0,
  "avg_split_proc_overhead_accepted":0.0,
  "avg_split_net_overhead_accepted":0.0,
  "total_transmitted_bits_accepted":0.0,
  "avg_transmitted_bits_per_accepted":0.0,
  "total_split_transmitted_bits_accepted":0.0,
  "avg_split_transmitted_bits_per_accepted":0.0,
  "avg_split_overhead_ratio_accepted":0.0,
  "p95_split_overhead_ratio_accepted":0.0,
  "rga_accepted_total":2370,
  "rga_rejected_total":0,
  "rga_rejection_ratio":0.0,
  "mdca_rejected_total":0,
  "mdca_capacity_rejected_total":0,
  "mdca_reliability_rejected_total":0,
  "mdca_qos_rejected_total":0,
  "mdca_rejection_ratio":0.0,
  "capacity_rejection_ratio":0.0,
  "reliability_rejection_ratio":0.0,
  "qos_rejected_total":0,
  "qos_rejection_ratio":0.0
}