{
  "algo":"dtsp",
  "region":"Alabama",
  "time_slots":120,
  "arrival_rate":40.0,
  "mean_service_time":9.0,
  "seed":1,
  "trace_seed":12305058452086399011,
  "algo_seed":14894763211395462469,
  "trace_hash":"d1fc172e4305810dbc97760536a7de7ee215347dbe1512962a8ab8dbc13af541",
  "arrivals_per_slot":[
    42,
    41,
    38,
    34,
    32,
    44,
    45,
    33,
    39,
    38,
    34,
    35,
    38,
    48,
    26,
    45,
    47,
    49,
    44,
    21,
    34,
    47,
    39,
    39,
    46,
    42,
    32,
    27,
    47,
    37,
    39,
    24,
    33,
    54,
    49,
    36,
    47,
    37,
    44,
    24,
    46,
    48,
    44,
    40,
    42,
    31,
    31,
    39,
    36,
    38,
    46,
    31,
    47,
    42,
    34,
    43,
    29,
    36,
    43,
    39,
    40,
    37,
    40,
    40,
    31,
    40,
    45,
    40,
    37,
    35,
    45,
    39,
    38,
    45,
    33,
    44,
    33,
    47,
    52,
    33,
    45,
    34,
    40,
    35,
    46,
    40,
    35,
    39,
    52,
    44,
    44,
    42,
    40,
    33,
    41,
    48,
    35,
    42,
    39,
    42,
    44,
    51,
    39,
    33,
    56,
    41,
    45,
    34,
    43,
    33,
    40,
    45,
    28,
    46,
    44,
    58,
    41,
    27,
    47,
    30
  ],
  "diversity":false,
  "p_split":null,
  "split_reliability_mode":null,
  "mechanism":null,
  "fixed_sfc_len":null,
  "fixed_reliability":null,
  "max_backup_level":2,
  "explicit_split_replicas":false,
  "split_enforce_distinct":false,
  "strict_split_resource_ablation":false,
  "split_replica_resource_scale":1.0,
  "cap_base_min":500,
  "cap_base_max":700,
  "cap_scale":0.2,
  "total_arrivals":4770,
  "total_accepted":2525,
  "total_rejected":2245,
  "acceptance_ratio":0.5293501048,
  "avg_cost_per_arrival":21.643973225,
  "total_cost":103241.7522834277,
  "total_cost_resource":78585.7522834277,
  "avg_cost_per_accepted":40.8878226865,
  "final_utilization":0.9664615757,
  "avg_utilization_over_time":0.9578139422,
  "avg_leftover_capacity_sum_over_time":7385.8,
  "final_leftover_capacity_sum":5871.8,
  "final_leftover_capacity_min":0.0,
  "final_leftover_capacity_max":251.0,
  "final_leftover_capacity_avg":42.8598540146,
  "avg_e2e_delay_accepted":0.0632150726,
  "p95_e2e_delay_accepted":0.1268674197,
  "avg_access_delay_accepted":0.0080526949,
  "avg_processing_delay_accepted":0.047763173,
  "avg_network_delay_accepted":0.0073992047,
  "avg_split_proc_overhead_accepted":0.0,
  "avg_split_net_overhead_accepted":0.0,
  "total_transmitted_bits_accepted":3412250026.1495780945,
  "avg_transmitted_bits_per_accepted":1351386.1489701299,
  "total_split_transmitted_bits_accepted":0.0,
  "avg_split_transmitted_bits_per_accepted":0.0,
  "avg_split_overhead_ratio_accepted":0.0,
  "p95_split_overhead_ratio_accepted":0.0,
  "rga_accepted_total":4770,
  "rga_rejected_total":0,
  "rga_rejection_ratio":0.0,
  "mdca_rejected_total":2245,
  "mdca_capacity_rejected_total":2219,
  "mdca_reliability_rejected_total":0,
  "mdca_qos_rejected_total":26,
  "mdca_rejection_ratio":0.4706498952,
  "capacity_rejection_ratio":0.4651991614,
  "reliability_rejection_ratio":0.0,
  "qos_rejected_total":26,
  "qos_rejection_ratio":0.0054507338
}