{
  "algo":"mdca",
  "region":"Alabama",
  "time_slots":120,
  "arrival_rate":12.0,
  "mean_service_time":9.0,
  "seed":5,
  "trace_seed":13453296925202207706,
  "algo_seed":10056931585136477576,
  "trace_hash":"9833bc4068c71308d8be5a36dfd6b0d2abdd0d72bf16993814190550d31e0dba",
  "arrivals_per_slot":[
    11,
    11,
    20,
    15,
    16,
    23,
    14,
    17,
    12,
    10,
    15,
    9,
    7,
    10,
    18,
    17,
    17,
    16,
    12,
    10,
    9,
    18,
    10,
    10,
    14,
    10,
    11,
    12,
    13,
    14,
    20,
    17,
    13,
    11,
    11,
    17,
    7,
    14,
    11,
    11,
    6,
    17,
    11,
    12,
    15,
    14,
    11,
    11,
    15,
    7,
    12,
    7,
    15,
    11,
    6,
    8,
    13,
    12,
    11,
    8,
    14,
    13,
    7,
    7,
    14,
    7,
    11,
    10,
    11,
    9,
    17,
    10,
    12,
    14,
    9,
    9,
    10,
    14,
    11,
    6,
    14,
    10,
    14,
    16,
    12,
    13,
    11,
    16,
    15,
    14,
    9,
    15,
    5,
    18,
    12,
    5,
    8,
    20,
    14,
    13,
    14,
    10,
    19,
    5,
    10,
    11,
    12,
    16,
    8,
    10,
    8,
    13,
    13,
    7,
    17,
    9,
    19,
    12,
    8,
    16
  ],
  "diversity":false,
  "p_split":null,
  "split_reliability_mode":null,
  "mechanism":null,
  "fixed_sfc_len":null,
  "fixed_reliability":0.992,
  "max_backup_level":2,
  "explicit_split_replicas":false,
  "split_enforce_distinct":false,
  "strict_split_resource_ablation":false,
  "split_replica_resource_scale":1.0,
  "cap_base_min":500,
  "cap_base_max":700,
  "cap_scale":0.2,
  "total_arrivals":1461,
  "total_accepted":1433,
  "total_rejected":28,
  "acceptance_ratio":0.9808350445,
  "avg_cost_per_arrival":53.8496597732,
  "total_cost":78674.3529287106,
  "total_cost_resource":58385.3529287106,
  "avg_cost_per_accepted":54.901851311,
  "final_utilization":0.8280694205,
  "avg_utilization_over_time":0.833775923,
  "avg_leftover_capacity_sum_over_time":28430.7666666667,
  "final_leftover_capacity_sum":29406.8,
  "final_leftover_capacity_min":0.0,
  "final_leftover_capacity_max":1726.4,
  "final_leftover_capacity_avg":214.6481751825,
  "avg_e2e_delay_accepted":0.0630535576,
  "p95_e2e_delay_accepted":0.1286952418,
  "avg_access_delay_accepted":0.0081011072,
  "avg_processing_delay_accepted":0.0472672984,
  "avg_network_delay_accepted":0.0076851519,
  "avg_split_proc_overhead_accepted":0.0,
  "avg_split_net_overhead_accepted":0.0,
  "total_transmitted_bits_accepted":1886938891.0017240047,
  "avg_transmitted_bits_per_accepted":1316775.2205176023,
  "total_split_transmitted_bits_accepted":0.0,
  "avg_split_transmitted_bits_per_accepted":0.0,
  "avg_split_overhead_ratio_accepted":0.0,
  "p95_split_overhead_ratio_accepted":0.0,
  "rga_accepted_total":1461,
  "rga_rejected_total":0,
  "rga_rejection_ratio":0.0,
  "mdca_rejected_total":28,
  "mdca_capacity_rejected_total":13,
  "mdca_reliability_rejected_total":0,
  "mdca_qos_rejected_total":15,
  "mdca_rejection_ratio":0.0191649555,
  "capacity_rejection_ratio":0.0088980151,
  "reliability_rejection_ratio":0.0,
  "qos_rejected_total":15,
  "qos_rejection_ratio":0.0102669405
}