{
  "algo":"dtsp",
  "region":"Alabama",
  "time_slots":120,
  "arrival_rate":20.0,
  "mean_service_time":9.0,
  "seed":4,
  "trace_seed":6056892415799580764,
  "algo_seed":10631498835370800008,
  "trace_hash":"79363f8064dfd55d337440a8110d30ead2385a0c02466d90249ed61a616a946c",
  "arrivals_per_slot":[
    19,
    16,
    19,
    23,
    17,
    16,
    10,
    30,
    14,
    20,
    17,
    19,
    14,
    16,
    24,
    29,
    18,
    13,
    12,
    17,
    19,
    25,
    20,
    8,
    17,
    18,
    16,
    21,
    12,
    34,
    20,
    22,
    18,
    19,
    20,
    20,
    25,
    12,
    17,
    20,
    18,
    25,
    26,
    22,
    18,
    22,
    25,
    25,
    16,
    18,
    19,
    21,
    22,
    25,
    17,
    20,
    16,
    25,
    15,
    22,
    14,
    22,
    23,
    19,
    21,
    17,
    21,
    14,
    13,
    19,
    23,
    12,
    25,
    16,
    21,
    22,
    19,
    20,
    24,
    15,
    18,
    20,
    22,
    17,
    19,
    16,
    20,
    14,
    27,
    18,
    24,
    24,
    19,
    16,
    19,
    16,
    27,
    31,
    16,
    15,
    19,
    23,
    23,
    19,
    21,
    11,
    23,
    19,
    20,
    22,
    20,
    18,
    26,
    14,
    15,
    20,
    24,
    21,
    15,
    14
  ],
  "diversity":false,
  "p_split":null,
  "split_reliability_mode":null,
  "mechanism":null,
  "fixed_sfc_len":null,
  "fixed_reliability":null,
  "max_backup_level":2,
  "explicit_split_replicas":false,
  "split_enforce_distinct":false,
  "strict_split_resource_ablation":false,
  "split_replica_resource_scale":1.0,
  "cap_base_min":500,
  "cap_base_max":700,
  "cap_scale":0.2,
  "total_arrivals":2328,
  "total_accepted":1997,
  "total_rejected":331,
  "acceptance_ratio":0.8578178694,
  "avg_cost_per_arrival":39.9099040058,
  "total_cost":92910.2565254825,
  "total_cost_resource":71870.2565254825,
  "avg_cost_per_accepted":46.5249156362,
  "final_utilization":0.9614784905,
  "avg_utilization_over_time":0.9074219144,
  "avg_leftover_capacity_sum_over_time":16030.8583333333,
  "final_leftover_capacity_sum":6670.4,
  "final_leftover_capacity_min":0.0,
  "final_leftover_capacity_max":350.8,
  "final_leftover_capacity_avg":48.6890510949,
  "avg_e2e_delay_accepted":0.0632987031,
  "p95_e2e_delay_accepted":0.1226225009,
  "avg_access_delay_accepted":0.0080698709,
  "avg_processing_delay_accepted":0.0476382817,
  "avg_network_delay_accepted":0.0075905505,
  "avg_split_proc_overhead_accepted":0.0,
  "avg_split_net_overhead_accepted":0.0,
  "total_transmitted_bits_accepted":2897043544.6253118515,
  "avg_transmitted_bits_per_accepted":1450697.8190412177,
  "total_split_transmitted_bits_accepted":0.0,
  "avg_split_transmitted_bits_per_accepted":0.0,
  "avg_split_overhead_ratio_accepted":0.0,
  "p95_split_overhead_ratio_accepted":0.0,
  "rga_accepted_total":2328,
  "rga_rejected_total":0,
  "rga_rejection_ratio":0.0,
  "mdca_rejected_total":331,
  "mdca_capacity_rejected_total":303,
  "mdca_reliability_rejected_total":0,
  "mdca_qos_rejected_total":28,
  "mdca_rejection_ratio":0.1421821306,
  "capacity_rejection_ratio":0.1301546392,
  "reliability_rejection_ratio":0.0,
  "qos_rejected_total":28,
  "qos_rejection_ratio":0.0120274914
}