{
  "algo":"mdca",
  "region":"Arizona",
  "time_slots":120,
  "arrival_rate":25.0,
  "mean_service_time":9.0,
  "seed":5,
  "trace_seed":18193197724461815108,
  "algo_seed":8179750290924396156,
  "trace_hash":"466c6abf22db65caf07bbfe715fc5e184fb65f885004feb033860fe1e1633553",
  "arrivals_per_slot":[
    24,
    20,
    19,
    26,
    20,
    24,
    25,
    27,
    18,
    24,
    25,
    22,
    31,
    32,
    32,
    25,
    30,
    25,
    35,
    23,
    18,
    28,
    21,
    15,
    26,
    21,
    28,
    17,
    38,
    20,
    25,
    23,
    21,
    31,
    23,
    33,
    33,
    22,
    23,
    31,
    30,
    28,
    20,
    26,
    29,
    25,
    28,
    24,
    18,
    23,
    16,
    27,
    25,
    20,
    23,
    29,
    28,
    24,
    27,
    24,
    29,
    20,
    28,
    20,
    26,
    23,
    23,
    26,
    31,
    22,
    27,
    16,
    29,
    23,
    25,
    24,
    28,
    19,
    19,
    31,
    20,
    20,
    24,
    18,
    28,
    26,
    23,
    15,
    22,
    25,
    21,
    29,
    24,
    21,
    21,
    25,
    29,
    27,
    21,
    23,
    25,
    22,
    33,
    25,
    25,
    26,
    28,
    18,
    36,
    25,
    27,
    27,
    30,
    28,
    26,
    19,
    30,
    16,
    22,
    31
  ],
  "diversity":false,
  "p_split":null,
  "split_reliability_mode":null,
  "mechanism":null,
  "fixed_sfc_len":null,
  "fixed_reliability":null,
  "max_backup_level":2,
  "explicit_split_replicas":false,
  "split_enforce_distinct":false,
  "strict_split_resource_ablation":false,
  "split_replica_resource_scale":1.0,
  "cap_base_min":500,
  "cap_base_max":700,
  "cap_scale":0.2,
  "total_arrivals":2968,
  "total_accepted":2938,
  "total_rejected":30,
  "acceptance_ratio":0.9898921833,
  "avg_cost_per_arrival":36.9927130346,
  "total_cost":109794.3722866105,
  "total_cost_resource":78985.3722866105,
  "avg_cost_per_accepted":37.3704466598,
  "final_utilization":0.7304446461,
  "avg_utilization_over_time":0.6066815329,
  "avg_leftover_capacity_sum_over_time":148477.8,
  "final_leftover_capacity_sum":101757.2,
  "final_leftover_capacity_min":0.0,
  "final_leftover_capacity_max":2016.0,
  "final_leftover_capacity_avg":324.0675159236,
  "avg_e2e_delay_accepted":0.0639932199,
  "p95_e2e_delay_accepted":0.1279836813,
  "avg_access_delay_accepted":0.0080564429,
  "avg_processing_delay_accepted":0.0470269162,
  "avg_network_delay_accepted":0.0089098609,
  "avg_split_proc_overhead_accepted":0.0,
  "avg_split_net_overhead_accepted":0.0,
  "total_transmitted_bits_accepted":3904437621.0562953949,
  "avg_transmitted_bits_per_accepted":1328944.050733933,
  "total_split_transmitted_bits_accepted":0.0,
  "avg_split_transmitted_bits_per_accepted":0.0,
  "avg_split_overhead_ratio_accepted":0.0,
  "p95_split_overhead_ratio_accepted":0.0,
  "rga_accepted_total":2968,
  "rga_rejected_total":0,
  "rga_rejection_ratio":0.0,
  "mdca_rejected_total":30,
  "mdca_capacity_rejected_total":0,
  "mdca_reliability_rejected_total":0,
  "mdca_qos_rejected_total":30,
  "mdca_rejection_ratio":0.0101078167,
  "capacity_rejection_ratio":0.0,
  "reliability_rejection_ratio":0.0,
  "qos_rejected_total":30,
  "qos_rejection_ratio":0.0101078167
}