{
  "algo":"mdca",
  "region":"Alabama",
  "time_slots":120,
  "arrival_rate":45.0,
  "mean_service_time":9.0,
  "seed":1,
  "trace_seed":4470465416319269932,
  "algo_seed":1274429512653363058,
  "trace_hash":"bd1e6c7dd47a4254c10b418ded185abd463d10a3783f130a45ba1e8f35f6e96b",
  "arrivals_per_slot":[
    44,
    59,
    52,
    38,
    49,
    43,
    38,
    34,
    39,
    27,
    43,
    46,
    50,
    35,
    41,
    43,
    39,
    38,
    43,
    48,
    42,
    45,
    37,
    45,
    52,
    38,
    43,
    37,
    42,
    54,
    57,
    50,
    42,
    44,
    66,
    50,
    46,
    45,
    46,
    34,
    36,
    45,
    36,
    32,
    42,
    40,
    44,
    48,
    52,
    54,
    47,
    41,
    41,
    48,
    42,
    47,
    43,
    44,
    49,
    37,
    50,
    48,
    45,
    47,
    39,
    42,
    31,
    51,
    48,
    54,
    48,
    40,
    47,
    49,
    39,
    50,
    40,
    43,
    39,
    52,
    45,
    50,
    42,
    33,
    44,
    46,
    44,
    46,
    48,
    52,
    43,
    35,
    44,
    61,
    42,
    61,
    46,
    46,
    56,
    36,
    47,
    43,
    57,
    52,
    46,
    49,
    46,
    38,
    61,
    51,
    49,
    46,
    48,
    46,
    42,
    48,
    45,
    48,
    49,
    46
  ],
  "diversity":true,
  "p_split":0.3,
  "split_reliability_mode":"identical_active_pool",
  "mechanism":null,
  "fixed_sfc_len":null,
  "fixed_reliability":null,
  "max_backup_level":2,
  "explicit_split_replicas":true,
  "split_enforce_distinct":false,
  "strict_split_resource_ablation":false,
  "split_replica_resource_scale":1.0,
  "cap_base_min":500,
  "cap_base_max":700,
  "cap_scale":0.2,
  "total_arrivals":5411,
  "total_accepted":3397,
  "total_rejected":2014,
  "acceptance_ratio":0.6277952319,
  "avg_cost_per_arrival":18.8246522444,
  "total_cost":101860.1932946596,
  "total_cost_resource":73430.1932946596,
  "avg_cost_per_accepted":29.985338032,
  "final_utilization":0.9668046078,
  "avg_utilization_over_time":0.9599261502,
  "avg_leftover_capacity_sum_over_time":6983.9583333333,
  "final_leftover_capacity_sum":5785.2,
  "final_leftover_capacity_min":0.6,
  "final_leftover_capacity_max":209.4,
  "final_leftover_capacity_avg":42.2277372263,
  "avg_e2e_delay_accepted":0.0623341371,
  "p95_e2e_delay_accepted":0.1287520038,
  "avg_access_delay_accepted":0.0080476514,
  "avg_processing_delay_accepted":0.0414584909,
  "avg_network_delay_accepted":0.0098246199,
  "avg_split_proc_overhead_accepted":4.668739882e-19,
  "avg_split_net_overhead_accepted":0.0,
  "total_transmitted_bits_accepted":4598336813.3405580521,
  "avg_transmitted_bits_per_accepted":1353646.3978041089,
  "total_split_transmitted_bits_accepted":1105108926.8234653473,
  "avg_split_transmitted_bits_per_accepted":325319.0835512115,
  "avg_split_overhead_ratio_accepted":6.223092945e-18,
  "p95_split_overhead_ratio_accepted":4.466162443e-17,
  "rga_accepted_total":5411,
  "rga_rejected_total":0,
  "rga_rejection_ratio":0.0,
  "mdca_rejected_total":2014,
  "mdca_capacity_rejected_total":1972,
  "mdca_reliability_rejected_total":3,
  "mdca_qos_rejected_total":39,
  "mdca_rejection_ratio":0.3722047681,
  "capacity_rejection_ratio":0.3644428017,
  "reliability_rejection_ratio":0.0005544262,
  "qos_rejected_total":39,
  "qos_rejection_ratio":0.0072075402
}