{
  "algo":"mdca",
  "region":"Arizona",
  "time_slots":120,
  "arrival_rate":12.0,
  "mean_service_time":9.0,
  "seed":1,
  "trace_seed":16840283913898114547,
  "algo_seed":9475761514817476165,
  "trace_hash":"6aa26bd8bed79c36458fd5348c96cb321c8416776732e223d147a84ab3c5a430",
  "arrivals_per_slot":[
    21,
    13,
    18,
    12,
    13,
    8,
    10,
    12,
    9,
    13,
    9,
    13,
    15,
    11,
    15,
    13,
    10,
    12,
    9,
    11,
    16,
    14,
    15,
    11,
    12,
    17,
    16,
    10,
    7,
    7,
    13,
    7,
    14,
    12,
    11,
    12,
    12,
    8,
    14,
    11,
    10,
    13,
    11,
    12,
    8,
    14,
    14,
    16,
    13,
    10,
    8,
    10,
    15,
    11,
    10,
    8,
    13,
    11,
    13,
    10,
    11,
    16,
    17,
    10,
    9,
    10,
    8,
    16,
    14,
    11,
    10,
    16,
    9,
    19,
    11,
    9,
    13,
    10,
    12,
    16,
    10,
    14,
    13,
    11,
    12,
    12,
    17,
    13,
    14,
    8,
    12,
    12,
    10,
    17,
    9,
    14,
    11,
    13,
    12,
    12,
    15,
    10,
    8,
    11,
    13,
    14,
    16,
    11,
    14,
    12,
    11,
    14,
    11,
    15,
    13,
    7,
    9,
    17,
    14,
    11
  ],
  "diversity":true,
  "p_split":0.3,
  "split_reliability_mode":"identical_active_pool",
  "split_recovery_coverage":1.0,
  "split_workload_shares":"0.5,0.5",
  "mechanism":null,
  "fixed_sfc_len":null,
  "fixed_reliability":0.999,
  "max_backup_level":2,
  "explicit_split_replicas":true,
  "split_enforce_distinct":false,
  "strict_split_resource_ablation":false,
  "split_replica_resource_scale":1.0,
  "backhaul_knn_k":4,
  "backhaul_use_device_bw":true,
  "backhaul_bw_scale":0.5,
  "fiber_speed_mps":200000000.0,
  "switch_delay_s":0.0002,
  "region_cloudlet_count":314,
  "cap_base_min":500,
  "cap_base_max":700,
  "cap_scale":0.2,
  "total_arrivals":1455,
  "total_accepted":1154,
  "total_rejected":301,
  "acceptance_ratio":0.7931271478,
  "avg_cost_per_arrival":36.7291767209,
  "total_cost":53440.9521289145,
  "total_cost_resource":34065.9521289145,
  "avg_cost_per_accepted":46.3093172694,
  "final_utilization":0.3903495154,
  "avg_utilization_over_time":0.354684135,
  "avg_leftover_capacity_sum_over_time":243593.0583333334,
  "final_leftover_capacity_sum":230130.1333333334,
  "final_leftover_capacity_min":0.0,
  "final_leftover_capacity_max":2198.4,
  "final_leftover_capacity_avg":732.8985138004,
  "avg_e2e_delay_accepted":0.0681228529,
  "p95_e2e_delay_accepted":0.1387607935,
  "avg_access_delay_accepted":0.0080834743,
  "avg_processing_delay_accepted":0.0417492065,
  "avg_network_delay_accepted":0.0142558551,
  "avg_split_proc_overhead_accepted":7.076439136e-19,
  "avg_split_net_overhead_accepted":0.0,
  "total_transmitted_bits_accepted":2008265474.7618379593,
  "avg_transmitted_bits_per_accepted":1740264.7094989931,
  "total_split_transmitted_bits_accepted":523832323.47996521,
  "avg_split_transmitted_bits_per_accepted":453927.4900173009,
  "avg_split_overhead_ratio_accepted":8.868409961e-18,
  "p95_split_overhead_ratio_accepted":5.528663142e-17,
  "rga_accepted_total":1175,
  "rga_rejected_total":280,
  "rga_rejection_ratio":0.1924398625,
  "mdca_rejected_total":21,
  "mdca_capacity_rejected_total":0,
  "mdca_reliability_rejected_total":0,
  "mdca_qos_rejected_total":21,
  "mdca_rejection_ratio":0.0144329897,
  "capacity_rejection_ratio":0.0,
  "reliability_rejection_ratio":0.0,
  "qos_rejected_total":21,
  "qos_rejection_ratio":0.0144329897,
  "placement_trace_path":"D:\\Study\\Code_1\\paper_data\\mobility_stress\\sim_runs\\Arizona\\R0p999\\DMDCA\\seed1\\placement_trace_Arizona_mdca_seed1.json"
}