{
  "algo":"random",
  "region":"Arizona",
  "time_slots":120,
  "arrival_rate":12.0,
  "mean_service_time":9.0,
  "seed":2,
  "trace_seed":4898252039901755047,
  "algo_seed":8689418211928376907,
  "trace_hash":"6080c33c5fa65cba43ec8c4df4a5282e24516cada853901fa7af90e97e5c0ff4",
  "arrivals_per_slot":[
    11,
    13,
    7,
    6,
    14,
    9,
    19,
    16,
    6,
    14,
    11,
    12,
    8,
    11,
    6,
    11,
    12,
    16,
    12,
    4,
    18,
    12,
    18,
    10,
    14,
    12,
    10,
    10,
    8,
    7,
    17,
    16,
    22,
    14,
    8,
    18,
    12,
    11,
    12,
    20,
    10,
    8,
    14,
    12,
    17,
    15,
    12,
    14,
    15,
    11,
    11,
    10,
    9,
    11,
    9,
    12,
    10,
    12,
    10,
    12,
    13,
    12,
    8,
    17,
    10,
    15,
    10,
    11,
    14,
    9,
    8,
    11,
    13,
    11,
    11,
    18,
    10,
    10,
    13,
    11,
    8,
    16,
    10,
    6,
    13,
    14,
    14,
    7,
    17,
    10,
    9,
    11,
    7,
    13,
    9,
    11,
    17,
    18,
    12,
    15,
    17,
    15,
    9,
    11,
    16,
    12,
    12,
    12,
    18,
    12,
    12,
    15,
    17,
    8,
    12,
    13,
    7,
    15,
    11,
    14
  ],
  "diversity":false,
  "p_split":null,
  "split_reliability_mode":null,
  "mechanism":null,
  "fixed_sfc_len":null,
  "fixed_reliability":0.992,
  "max_backup_level":2,
  "explicit_split_replicas":false,
  "split_enforce_distinct":false,
  "strict_split_resource_ablation":false,
  "split_replica_resource_scale":1.0,
  "cap_base_min":500,
  "cap_base_max":700,
  "cap_scale":0.2,
  "total_arrivals":1451,
  "total_accepted":1436,
  "total_rejected":15,
  "acceptance_ratio":0.9896623019,
  "avg_cost_per_arrival":71.0700153904,
  "total_cost":103122.5923314839,
  "total_cost_resource":79049.5923314839,
  "avg_cost_per_accepted":71.812390203,
  "final_utilization":0.5258592089,
  "avg_utilization_over_time":0.463259171,
  "avg_leftover_capacity_sum_over_time":202878.0499999999,
  "final_leftover_capacity_sum":179216.4,
  "final_leftover_capacity_min":7.8,
  "final_leftover_capacity_max":2033.2,
  "final_leftover_capacity_avg":570.752866242,
  "avg_e2e_delay_accepted":0.0671703975,
  "p95_e2e_delay_accepted":0.1314661069,
  "avg_access_delay_accepted":0.0081303243,
  "avg_processing_delay_accepted":0.0493713293,
  "avg_network_delay_accepted":0.0096687438,
  "avg_split_proc_overhead_accepted":0.0,
  "avg_split_net_overhead_accepted":0.0,
  "total_transmitted_bits_accepted":2231356327.2358431816,
  "avg_transmitted_bits_per_accepted":1553869.3086600578,
  "total_split_transmitted_bits_accepted":0.0,
  "avg_split_transmitted_bits_per_accepted":0.0,
  "avg_split_overhead_ratio_accepted":0.0,
  "p95_split_overhead_ratio_accepted":0.0,
  "rga_accepted_total":1451,
  "rga_rejected_total":0,
  "rga_rejection_ratio":0.0,
  "mdca_rejected_total":15,
  "mdca_capacity_rejected_total":0,
  "mdca_reliability_rejected_total":0,
  "mdca_qos_rejected_total":15,
  "mdca_rejection_ratio":0.0103376981,
  "capacity_rejection_ratio":0.0,
  "reliability_rejection_ratio":0.0,
  "qos_rejected_total":15,
  "qos_rejection_ratio":0.0103376981
}