{
  "algo":"mdca",
  "region":"Alabama",
  "time_slots":120,
  "arrival_rate":50.0,
  "mean_service_time":9.0,
  "seed":5,
  "trace_seed":13842603951528395421,
  "algo_seed":10056931585136477576,
  "trace_hash":"bfbb18d6fdcb05fa61362d6ba759b87ec98e66564d51fe07a07a5e782cb93642",
  "arrivals_per_slot":[
    48,
    40,
    48,
    51,
    54,
    56,
    41,
    42,
    56,
    50,
    45,
    46,
    47,
    43,
    50,
    50,
    53,
    51,
    53,
    44,
    51,
    37,
    42,
    50,
    50,
    48,
    52,
    44,
    53,
    53,
    46,
    51,
    65,
    49,
    52,
    54,
    49,
    48,
    51,
    52,
    57,
    49,
    54,
    37,
    48,
    56,
    38,
    52,
    42,
    37,
    60,
    53,
    51,
    41,
    53,
    52,
    54,
    53,
    43,
    47,
    45,
    56,
    51,
    49,
    58,
    49,
    57,
    45,
    55,
    67,
    57,
    45,
    41,
    45,
    53,
    47,
    42,
    54,
    55,
    57,
    50,
    46,
    55,
    41,
    49,
    55,
    48,
    54,
    55,
    53,
    55,
    50,
    38,
    42,
    47,
    39,
    49,
    41,
    51,
    42,
    44,
    46,
    45,
    44,
    58,
    51,
    41,
    58,
    64,
    57,
    48,
    44,
    49,
    47,
    45,
    58,
    52,
    54,
    49,
    32
  ],
  "diversity":false,
  "p_split":null,
  "split_reliability_mode":null,
  "mechanism":null,
  "fixed_sfc_len":null,
  "fixed_reliability":null,
  "max_backup_level":2,
  "explicit_split_replicas":false,
  "split_enforce_distinct":false,
  "strict_split_resource_ablation":false,
  "split_replica_resource_scale":1.0,
  "cap_base_min":500,
  "cap_base_max":700,
  "cap_scale":0.2,
  "total_arrivals":5916,
  "total_accepted":3426,
  "total_rejected":2490,
  "acceptance_ratio":0.5791075051,
  "avg_cost_per_arrival":16.6711695861,
  "total_cost":98626.6392711638,
  "total_cost_resource":71843.6392711638,
  "avg_cost_per_accepted":28.7876938912,
  "final_utilization":0.9625028585,
  "avg_utilization_over_time":0.9587029226,
  "avg_leftover_capacity_sum_over_time":7151.2166666667,
  "final_leftover_capacity_sum":6493.2,
  "final_leftover_capacity_min":0.0,
  "final_leftover_capacity_max":214.0,
  "final_leftover_capacity_avg":47.395620438,
  "avg_e2e_delay_accepted":0.0563940161,
  "p95_e2e_delay_accepted":0.1200570816,
  "avg_access_delay_accepted":0.008101509,
  "avg_processing_delay_accepted":0.0432946864,
  "avg_network_delay_accepted":0.0049978207,
  "avg_split_proc_overhead_accepted":0.0,
  "avg_split_net_overhead_accepted":0.0,
  "total_transmitted_bits_accepted":3184443809.5941329002,
  "avg_transmitted_bits_per_accepted":929493.2310549133,
  "total_split_transmitted_bits_accepted":0.0,
  "avg_split_transmitted_bits_per_accepted":0.0,
  "avg_split_overhead_ratio_accepted":0.0,
  "p95_split_overhead_ratio_accepted":0.0,
  "rga_accepted_total":5916,
  "rga_rejected_total":0,
  "rga_rejection_ratio":0.0,
  "mdca_rejected_total":2490,
  "mdca_capacity_rejected_total":2465,
  "mdca_reliability_rejected_total":0,
  "mdca_qos_rejected_total":25,
  "mdca_rejection_ratio":0.4208924949,
  "capacity_rejection_ratio":0.4166666667,
  "reliability_rejection_ratio":0.0,
  "qos_rejected_total":25,
  "qos_rejection_ratio":0.0042258283
}