{
  "algo":"mdca",
  "region":"Alabama",
  "time_slots":120,
  "arrival_rate":25.0,
  "mean_service_time":9.0,
  "seed":3,
  "trace_seed":6228351046502841511,
  "algo_seed":8021305762253439011,
  "trace_hash":"8c6162640b5aee2c2068c97fb6c8082d06f66828d8e148344379a6dc75d01677",
  "arrivals_per_slot":[
    29,
    29,
    24,
    22,
    25,
    21,
    24,
    18,
    21,
    21,
    25,
    24,
    29,
    28,
    18,
    21,
    28,
    23,
    29,
    17,
    28,
    21,
    28,
    22,
    26,
    26,
    22,
    24,
    24,
    20,
    20,
    29,
    30,
    17,
    24,
    37,
    26,
    27,
    27,
    21,
    25,
    31,
    21,
    18,
    26,
    14,
    32,
    13,
    22,
    21,
    26,
    32,
    25,
    32,
    26,
    30,
    25,
    32,
    38,
    26,
    18,
    22,
    26,
    24,
    26,
    27,
    29,
    17,
    32,
    21,
    30,
    32,
    27,
    27,
    23,
    27,
    17,
    22,
    16,
    31,
    28,
    23,
    22,
    28,
    27,
    24,
    26,
    22,
    31,
    30,
    20,
    28,
    22,
    22,
    25,
    28,
    20,
    30,
    31,
    25,
    19,
    21,
    24,
    26,
    15,
    17,
    26,
    27,
    21,
    31,
    19,
    21,
    25,
    21,
    18,
    24,
    30,
    23,
    25,
    23
  ],
  "diversity":false,
  "p_split":null,
  "split_reliability_mode":null,
  "mechanism":null,
  "fixed_sfc_len":null,
  "fixed_reliability":null,
  "max_backup_level":2,
  "explicit_split_replicas":false,
  "split_enforce_distinct":false,
  "strict_split_resource_ablation":false,
  "split_replica_resource_scale":1.0,
  "cap_base_min":500,
  "cap_base_max":700,
  "cap_scale":0.2,
  "total_arrivals":2952,
  "total_accepted":2422,
  "total_rejected":530,
  "acceptance_ratio":0.8204607046,
  "avg_cost_per_arrival":31.7964555777,
  "total_cost":93863.1368654036,
  "total_cost_resource":70505.1368654036,
  "avg_cost_per_accepted":38.7543917694,
  "final_utilization":0.9700365145,
  "avg_utilization_over_time":0.9293130331,
  "avg_leftover_capacity_sum_over_time":12296.5916666667,
  "final_leftover_capacity_sum":5212.4,
  "final_leftover_capacity_min":0.0,
  "final_leftover_capacity_max":329.4,
  "final_leftover_capacity_avg":38.0467153285,
  "avg_e2e_delay_accepted":0.0620104229,
  "p95_e2e_delay_accepted":0.1230689014,
  "avg_access_delay_accepted":0.0081273066,
  "avg_processing_delay_accepted":0.0470557162,
  "avg_network_delay_accepted":0.0068274001,
  "avg_split_proc_overhead_accepted":0.0,
  "avg_split_net_overhead_accepted":0.0,
  "total_transmitted_bits_accepted":2895921172.3914365768,
  "avg_transmitted_bits_per_accepted":1195673.4815819308,
  "total_split_transmitted_bits_accepted":0.0,
  "avg_split_transmitted_bits_per_accepted":0.0,
  "avg_split_overhead_ratio_accepted":0.0,
  "p95_split_overhead_ratio_accepted":0.0,
  "rga_accepted_total":2952,
  "rga_rejected_total":0,
  "rga_rejection_ratio":0.0,
  "mdca_rejected_total":530,
  "mdca_capacity_rejected_total":512,
  "mdca_reliability_rejected_total":0,
  "mdca_qos_rejected_total":18,
  "mdca_rejection_ratio":0.1795392954,
  "capacity_rejection_ratio":0.1734417344,
  "reliability_rejection_ratio":0.0,
  "qos_rejected_total":18,
  "qos_rejection_ratio":0.006097561
}