{
  "algo":"mdca",
  "region":"Alabama",
  "time_slots":120,
  "arrival_rate":20.0,
  "mean_service_time":9.0,
  "seed":1,
  "trace_seed":16768760097479525272,
  "algo_seed":1274429512653363058,
  "trace_hash":"b64a2adbf58fae57dce63a28e7339411eb4807ff13a66531ae9ae53616c42822",
  "arrivals_per_slot":[
    23,
    23,
    21,
    14,
    23,
    24,
    25,
    22,
    24,
    25,
    24,
    18,
    13,
    21,
    19,
    23,
    31,
    24,
    9,
    12,
    26,
    24,
    22,
    21,
    18,
    26,
    21,
    21,
    22,
    25,
    25,
    20,
    16,
    24,
    14,
    27,
    25,
    19,
    29,
    25,
    19,
    16,
    12,
    21,
    23,
    16,
    26,
    12,
    26,
    17,
    10,
    20,
    16,
    22,
    19,
    17,
    25,
    21,
    19,
    21,
    16,
    25,
    24,
    16,
    29,
    24,
    18,
    19,
    20,
    12,
    18,
    19,
    24,
    20,
    16,
    14,
    20,
    19,
    19,
    26,
    13,
    22,
    27,
    16,
    18,
    18,
    18,
    20,
    15,
    16,
    11,
    14,
    21,
    20,
    12,
    23,
    17,
    19,
    14,
    21,
    24,
    19,
    20,
    16,
    21,
    12,
    11,
    11,
    22,
    19,
    21,
    16,
    18,
    29,
    18,
    19,
    15,
    30,
    20,
    20
  ],
  "diversity":true,
  "p_split":0.3,
  "split_reliability_mode":"identical_active_pool",
  "split_recovery_coverage":1.0,
  "split_workload_shares":"0.5,0.5",
  "mechanism":null,
  "fixed_sfc_len":3,
  "fixed_reliability":null,
  "max_backup_level":2,
  "explicit_split_replicas":true,
  "split_enforce_distinct":false,
  "strict_split_resource_ablation":false,
  "split_replica_resource_scale":1.0,
  "cap_base_min":500,
  "cap_base_max":700,
  "cap_scale":0.2,
  "total_arrivals":2380,
  "total_accepted":2237,
  "total_rejected":143,
  "acceptance_ratio":0.9399159664,
  "avg_cost_per_arrival":37.3935424389,
  "total_cost":88996.6310044691,
  "total_cost_resource":64977.6310044692,
  "avg_cost_per_accepted":39.7839208782,
  "final_utilization":0.9550252297,
  "avg_utilization_over_time":0.8882037931,
  "avg_leftover_capacity_sum_over_time":19454.1722222222,
  "final_leftover_capacity_sum":7826.2666666667,
  "final_leftover_capacity_min":0.9333333333,
  "final_leftover_capacity_max":397.2,
  "final_leftover_capacity_avg":57.1260340633,
  "avg_e2e_delay_accepted":0.0682790076,
  "p95_e2e_delay_accepted":0.1123719504,
  "avg_access_delay_accepted":0.0080654267,
  "avg_processing_delay_accepted":0.0446836004,
  "avg_network_delay_accepted":0.0121338745,
  "avg_split_proc_overhead_accepted":5.350734012e-19,
  "avg_split_net_overhead_accepted":0.0,
  "total_transmitted_bits_accepted":3835229193.9785752296,
  "avg_transmitted_bits_per_accepted":1714452.0312823313,
  "total_split_transmitted_bits_accepted":819652352.2628854513,
  "avg_split_transmitted_bits_per_accepted":366406.9522855992,
  "avg_split_overhead_ratio_accepted":7.343009586e-18,
  "p95_split_overhead_ratio_accepted":4.748642179e-17,
  "rga_accepted_total":2380,
  "rga_rejected_total":0,
  "rga_rejection_ratio":0.0,
  "mdca_rejected_total":143,
  "mdca_capacity_rejected_total":126,
  "mdca_reliability_rejected_total":0,
  "mdca_qos_rejected_total":17,
  "mdca_rejection_ratio":0.0600840336,
  "capacity_rejection_ratio":0.0529411765,
  "reliability_rejection_ratio":0.0,
  "qos_rejected_total":17,
  "qos_rejection_ratio":0.0071428571,
  "placement_trace_path":"D:\\Study\\Code_1\\paper_data\\large_scale_lb_reference\\split_enabled\\length\\Alabama\\fixed_sfc_len_3\\DMDCA\\seed1\\placement_trace_Alabama_mdca_seed1.json"
}