{
  "algo":"hspa",
  "region":"Arizona",
  "time_slots":120,
  "arrival_rate":12.0,
  "mean_service_time":9.0,
  "seed":3,
  "trace_seed":17854909124254939115,
  "algo_seed":5690859720453196328,
  "trace_hash":"56fc88d3e1310010b50e9af9f1ea011a7cfe39640324ac906ed0a96b5918dbc9",
  "arrivals_per_slot":[
    8,
    8,
    8,
    9,
    18,
    8,
    11,
    14,
    12,
    10,
    7,
    14,
    12,
    5,
    9,
    9,
    13,
    10,
    15,
    15,
    11,
    8,
    16,
    21,
    15,
    6,
    10,
    11,
    12,
    11,
    14,
    14,
    13,
    12,
    11,
    11,
    9,
    10,
    8,
    15,
    10,
    10,
    19,
    5,
    14,
    19,
    7,
    10,
    15,
    11,
    15,
    11,
    15,
    14,
    10,
    18,
    15,
    10,
    13,
    20,
    10,
    7,
    13,
    12,
    7,
    12,
    9,
    16,
    13,
    15,
    14,
    11,
    15,
    12,
    11,
    18,
    15,
    13,
    14,
    12,
    10,
    11,
    16,
    17,
    17,
    10,
    12,
    12,
    11,
    17,
    19,
    14,
    9,
    14,
    13,
    16,
    8,
    16,
    12,
    12,
    16,
    14,
    12,
    17,
    14,
    12,
    14,
    15,
    10,
    11,
    11,
    14,
    12,
    14,
    7,
    6,
    14,
    16,
    10,
    17
  ],
  "diversity":false,
  "p_split":null,
  "split_reliability_mode":null,
  "mechanism":null,
  "fixed_sfc_len":null,
  "fixed_reliability":0.9,
  "max_backup_level":2,
  "explicit_split_replicas":false,
  "split_enforce_distinct":false,
  "strict_split_resource_ablation":false,
  "split_replica_resource_scale":1.0,
  "cap_base_min":500,
  "cap_base_max":700,
  "cap_scale":0.2,
  "total_arrivals":1485,
  "total_accepted":1471,
  "total_rejected":14,
  "acceptance_ratio":0.9905723906,
  "avg_cost_per_arrival":26.075395122,
  "total_cost":38721.9617562104,
  "total_cost_resource":24611.9617562104,
  "avg_cost_per_accepted":26.3235633965,
  "final_utilization":0.3580113678,
  "avg_utilization_over_time":0.2769971682,
  "avg_leftover_capacity_sum_over_time":270788.275,
  "final_leftover_capacity_sum":240445.8,
  "final_leftover_capacity_min":0.0,
  "final_leftover_capacity_max":2553.6,
  "final_leftover_capacity_avg":765.750955414,
  "avg_e2e_delay_accepted":0.0631910789,
  "p95_e2e_delay_accepted":0.119989226,
  "avg_access_delay_accepted":0.0080794231,
  "avg_processing_delay_accepted":0.0466969101,
  "avg_network_delay_accepted":0.0084147457,
  "avg_split_proc_overhead_accepted":0.0,
  "avg_split_net_overhead_accepted":0.0,
  "total_transmitted_bits_accepted":1941419941.4533774853,
  "avg_transmitted_bits_per_accepted":1319796.0173034517,
  "total_split_transmitted_bits_accepted":0.0,
  "avg_split_transmitted_bits_per_accepted":0.0,
  "avg_split_overhead_ratio_accepted":0.0,
  "p95_split_overhead_ratio_accepted":0.0,
  "rga_accepted_total":1485,
  "rga_rejected_total":0,
  "rga_rejection_ratio":0.0,
  "mdca_rejected_total":14,
  "mdca_capacity_rejected_total":0,
  "mdca_reliability_rejected_total":0,
  "mdca_qos_rejected_total":14,
  "mdca_rejection_ratio":0.0094276094,
  "capacity_rejection_ratio":0.0,
  "reliability_rejection_ratio":0.0,
  "qos_rejected_total":14,
  "qos_rejection_ratio":0.0094276094
}