region,fixed_reliability,seed,method,share,share_tag,domain_count,domain_failure_prob,total_accepted,expected_target_satisfaction_ratio,expected_reliability,expected_reliability_loss
Alabama,0.9,2,DMDCA,"0.5,0.5",0p5_0p5,6,0.0,1382,1.0,0.9322645920832108,4.440892098500626e-16
Alabama,0.9,2,DMDCA,"0.5,0.5",0p5_0p5,6,0.01,1382,0.9744582397492774,0.917338629584028,0.01492596249918321
Alabama,0.9,2,DMDCA,"0.5,0.5",0p5_0p5,6,0.03,1382,0.9249185564118877,0.8876936824392774,0.04457090964393384
Alabama,0.9,2,DMDCA,"0.5,0.5",0p5_0p5,6,0.05,1382,0.8773831890037083,0.858339283846339,0.07392530823687227
Alabama,0.9,2,MDCA,nan,nan,6,0.0,1387,1.0,0.9323216632369471,9.992007221626409e-16
Alabama,0.9,2,MDCA,nan,nan,6,0.01,1387,0.9749170614080762,0.9165578808863848,0.015763782350563305
Alabama,0.9,2,MDCA,nan,nan,6,0.03,1387,0.9262414642252756,0.8853442248388085,0.046977438398139615
Alabama,0.9,2,MDCA,nan,nan,6,0.05,1387,0.8795011468321912,0.8545588649193456,0.07776279831760247
