region,fixed_reliability,seed,method,share,share_tag,domain_count,domain_failure_prob,total_accepted,expected_target_satisfaction_ratio,expected_reliability,expected_reliability_loss
Alabama,0.998,1,DMDCA,"0.5,0.5",0p5_0p5,6,0.0,1340,1.0,0.9988414733518943,-5.551115123125783e-16
Alabama,0.998,1,DMDCA,"0.5,0.5",0p5_0p5,6,0.01,1340,0.9648322946130491,0.9921533554571422,0.006688117894751544
Alabama,0.998,1,DMDCA,"0.5,0.5",0p5_0p5,6,0.03,1340,0.8976632944946972,0.978206429737632,0.020635043614261717
Alabama,0.998,1,DMDCA,"0.5,0.5",0p5_0p5,6,0.05,1340,0.8345403307602606,0.9635147186257207,0.03532675472617308
Alabama,0.998,1,MDCA,nan,nan,6,0.0,1280,1.0,0.9988550262945799,3.3306690738754696e-16
Alabama,0.998,1,MDCA,nan,nan,6,0.01,1280,0.964941864961697,0.9918284370179241,0.0070265892766561144
Alabama,0.998,1,MDCA,nan,nan,6,0.03,1280,0.8979600844384281,0.9772315165036815,0.021623509790898776
Alabama,0.998,1,MDCA,nan,nan,6,0.05,1280,0.8349857794433593,0.961926481248366,0.036928545046214234
