{
  "algo":"dtsp",
  "region":"Alabama",
  "time_slots":120,
  "arrival_rate":45.0,
  "mean_service_time":9.0,
  "seed":2,
  "trace_seed":14399679533592422187,
  "algo_seed":13203952052646951863,
  "trace_hash":"5cea221dd4a1bd1a316346c51a7fe91e786858b0bbd67b1de15a1ed8f47ff9da",
  "arrivals_per_slot":[
    41,
    49,
    45,
    43,
    55,
    51,
    46,
    57,
    47,
    43,
    46,
    34,
    41,
    40,
    56,
    40,
    48,
    47,
    35,
    40,
    39,
    48,
    43,
    49,
    45,
    49,
    49,
    52,
    47,
    40,
    42,
    36,
    32,
    49,
    52,
    37,
    40,
    41,
    56,
    47,
    55,
    34,
    41,
    52,
    55,
    46,
    55,
    39,
    35,
    56,
    44,
    50,
    36,
    42,
    49,
    42,
    41,
    61,
    50,
    44,
    38,
    43,
    43,
    52,
    29,
    40,
    52,
    46,
    42,
    39,
    43,
    39,
    46,
    53,
    32,
    52,
    48,
    28,
    41,
    43,
    44,
    50,
    37,
    44,
    57,
    40,
    48,
    45,
    61,
    46,
    50,
    56,
    37,
    51,
    47,
    52,
    42,
    52,
    56,
    39,
    40,
    33,
    48,
    50,
    47,
    45,
    49,
    54,
    45,
    42,
    36,
    56,
    37,
    52,
    52,
    36,
    49,
    44,
    53,
    51
  ],
  "diversity":false,
  "p_split":null,
  "split_reliability_mode":null,
  "mechanism":null,
  "fixed_sfc_len":null,
  "fixed_reliability":null,
  "max_backup_level":2,
  "explicit_split_replicas":false,
  "split_enforce_distinct":false,
  "strict_split_resource_ablation":false,
  "split_replica_resource_scale":1.0,
  "cap_base_min":500,
  "cap_base_max":700,
  "cap_scale":0.2,
  "total_arrivals":5446,
  "total_accepted":2367,
  "total_rejected":3079,
  "acceptance_ratio":0.4346309218,
  "avg_cost_per_arrival":17.2001156208,
  "total_cost":93671.8296710422,
  "total_cost_resource":71479.8296710421,
  "avg_cost_per_accepted":39.5740725268,
  "final_utilization":0.9754331496,
  "avg_utilization_over_time":0.9604945957,
  "avg_leftover_capacity_sum_over_time":6825.325,
  "final_leftover_capacity_sum":4244.4,
  "final_leftover_capacity_min":0.0,
  "final_leftover_capacity_max":128.0,
  "final_leftover_capacity_avg":30.9810218978,
  "avg_e2e_delay_accepted":0.062628275,
  "p95_e2e_delay_accepted":0.121064883,
  "avg_access_delay_accepted":0.0080340441,
  "avg_processing_delay_accepted":0.0474645742,
  "avg_network_delay_accepted":0.0071296567,
  "avg_split_proc_overhead_accepted":0.0,
  "avg_split_net_overhead_accepted":0.0,
  "total_transmitted_bits_accepted":3102026283.7840647697,
  "avg_transmitted_bits_per_accepted":1310530.7493806779,
  "total_split_transmitted_bits_accepted":0.0,
  "avg_split_transmitted_bits_per_accepted":0.0,
  "avg_split_overhead_ratio_accepted":0.0,
  "p95_split_overhead_ratio_accepted":0.0,
  "rga_accepted_total":5446,
  "rga_rejected_total":0,
  "rga_rejection_ratio":0.0,
  "mdca_rejected_total":3079,
  "mdca_capacity_rejected_total":3056,
  "mdca_reliability_rejected_total":0,
  "mdca_qos_rejected_total":23,
  "mdca_rejection_ratio":0.5653690782,
  "capacity_rejection_ratio":0.5611457951,
  "reliability_rejection_ratio":0.0,
  "qos_rejected_total":23,
  "qos_rejection_ratio":0.0042232831
}