{
  "algo":"dtsp",
  "region":"Alabama",
  "time_slots":120,
  "arrival_rate":12.0,
  "mean_service_time":9.0,
  "seed":1,
  "trace_seed":7107730351518388438,
  "algo_seed":14894763211395462469,
  "trace_hash":"d31ee475ffc5c4b5cc30e993772834ec552e9456ae409ed6db918f9cc1445010",
  "arrivals_per_slot":[
    7,
    9,
    8,
    11,
    13,
    10,
    13,
    10,
    17,
    8,
    10,
    15,
    15,
    7,
    16,
    13,
    4,
    15,
    9,
    11,
    10,
    6,
    8,
    15,
    9,
    16,
    14,
    15,
    18,
    9,
    16,
    7,
    12,
    10,
    12,
    7,
    10,
    12,
    12,
    16,
    5,
    11,
    10,
    11,
    10,
    12,
    9,
    13,
    8,
    12,
    9,
    13,
    18,
    17,
    15,
    16,
    9,
    8,
    12,
    15,
    7,
    16,
    12,
    14,
    12,
    14,
    9,
    8,
    8,
    8,
    16,
    13,
    9,
    14,
    8,
    14,
    10,
    14,
    12,
    9,
    15,
    11,
    15,
    11,
    17,
    9,
    7,
    9,
    11,
    9,
    5,
    16,
    13,
    11,
    5,
    16,
    12,
    14,
    12,
    20,
    5,
    13,
    8,
    10,
    17,
    15,
    13,
    12,
    12,
    10,
    12,
    14,
    10,
    8,
    17,
    8,
    12,
    6,
    21,
    14
  ],
  "diversity":false,
  "p_split":null,
  "split_reliability_mode":null,
  "mechanism":null,
  "fixed_sfc_len":null,
  "fixed_reliability":0.999,
  "max_backup_level":2,
  "explicit_split_replicas":false,
  "split_enforce_distinct":false,
  "strict_split_resource_ablation":false,
  "split_replica_resource_scale":1.0,
  "cap_base_min":500,
  "cap_base_max":700,
  "cap_scale":0.2,
  "total_arrivals":1390,
  "total_accepted":898,
  "total_rejected":492,
  "acceptance_ratio":0.6460431655,
  "avg_cost_per_arrival":36.3602082658,
  "total_cost":50540.6894894342,
  "total_cost_resource":36586.6894894342,
  "avg_cost_per_accepted":56.2813914136,
  "final_utilization":0.8187447777,
  "avg_utilization_over_time":0.6072525747,
  "avg_leftover_capacity_sum_over_time":69282.7666666667,
  "final_leftover_capacity_sum":31974.4,
  "final_leftover_capacity_min":0.0,
  "final_leftover_capacity_max":1562.6,
  "final_leftover_capacity_avg":233.3897810219,
  "avg_e2e_delay_accepted":0.0564014003,
  "p95_e2e_delay_accepted":0.1193331791,
  "avg_access_delay_accepted":0.0080758249,
  "avg_processing_delay_accepted":0.041195125,
  "avg_network_delay_accepted":0.0071304504,
  "avg_split_proc_overhead_accepted":0.0,
  "avg_split_net_overhead_accepted":0.0,
  "total_transmitted_bits_accepted":1097903230.6016173363,
  "avg_transmitted_bits_per_accepted":1222609.3881977922,
  "total_split_transmitted_bits_accepted":0.0,
  "avg_split_transmitted_bits_per_accepted":0.0,
  "avg_split_overhead_ratio_accepted":0.0,
  "p95_split_overhead_ratio_accepted":0.0,
  "rga_accepted_total":907,
  "rga_rejected_total":483,
  "rga_rejection_ratio":0.3474820144,
  "mdca_rejected_total":9,
  "mdca_capacity_rejected_total":0,
  "mdca_reliability_rejected_total":0,
  "mdca_qos_rejected_total":9,
  "mdca_rejection_ratio":0.0064748201,
  "capacity_rejection_ratio":0.0,
  "reliability_rejection_ratio":0.0,
  "qos_rejected_total":9,
  "qos_rejection_ratio":0.0064748201
}