{
  "algo":"mdca",
  "region":"Arizona",
  "time_slots":120,
  "arrival_rate":12.0,
  "mean_service_time":9.0,
  "seed":1,
  "trace_seed":5586230097686055098,
  "algo_seed":7068560908372958033,
  "trace_hash":"9648d3d4c4a9937bd6c06634ebf9a72dd107b373a7ad2b84b4084b3a914e98a0",
  "arrivals_per_slot":[
    9,
    12,
    13,
    15,
    9,
    11,
    7,
    22,
    11,
    14,
    13,
    14,
    7,
    10,
    12,
    14,
    10,
    18,
    7,
    19,
    8,
    10,
    11,
    11,
    7,
    13,
    11,
    18,
    8,
    9,
    10,
    15,
    8,
    10,
    14,
    10,
    21,
    9,
    11,
    10,
    8,
    16,
    7,
    12,
    10,
    12,
    11,
    10,
    11,
    18,
    9,
    9,
    5,
    15,
    10,
    9,
    9,
    11,
    18,
    9,
    12,
    13,
    12,
    10,
    11,
    12,
    13,
    4,
    15,
    10,
    12,
    9,
    15,
    15,
    3,
    14,
    13,
    14,
    9,
    12,
    12,
    12,
    8,
    9,
    18,
    12,
    11,
    8,
    10,
    12,
    13,
    9,
    11,
    11,
    10,
    12,
    7,
    12,
    14,
    17,
    11,
    18,
    9,
    10,
    13,
    11,
    13,
    11,
    8,
    9,
    20,
    10,
    11,
    11,
    8,
    8,
    12,
    9,
    14,
    7
  ],
  "diversity":false,
  "p_split":null,
  "split_reliability_mode":null,
  "mechanism":null,
  "fixed_sfc_len":null,
  "fixed_reliability":0.998,
  "max_backup_level":5,
  "explicit_split_replicas":false,
  "split_enforce_distinct":false,
  "strict_split_resource_ablation":false,
  "split_replica_resource_scale":1.0,
  "cap_base_min":500,
  "cap_base_max":700,
  "cap_scale":0.2,
  "total_arrivals":1369,
  "total_accepted":1353,
  "total_rejected":16,
  "acceptance_ratio":0.988312637,
  "avg_cost_per_arrival":52.4093029524,
  "total_cost":71748.3357418812,
  "total_cost_resource":49241.3357418811,
  "avg_cost_per_accepted":53.02907298,
  "final_utilization":0.4132407208,
  "avg_utilization_over_time":0.4391032577,
  "avg_leftover_capacity_sum_over_time":212522.5416666666,
  "final_leftover_capacity_sum":222321.8,
  "final_leftover_capacity_min":0.4,
  "final_leftover_capacity_max":2599.2,
  "final_leftover_capacity_avg":708.0312101911,
  "avg_e2e_delay_accepted":0.0647404965,
  "p95_e2e_delay_accepted":0.1258043844,
  "avg_access_delay_accepted":0.0080820592,
  "avg_processing_delay_accepted":0.0479465154,
  "avg_network_delay_accepted":0.0087119219,
  "avg_split_proc_overhead_accepted":0.0,
  "avg_split_net_overhead_accepted":0.0,
  "total_transmitted_bits_accepted":1812222884.5153033733,
  "avg_transmitted_bits_per_accepted":1339410.8533002981,
  "total_split_transmitted_bits_accepted":0.0,
  "avg_split_transmitted_bits_per_accepted":0.0,
  "avg_split_overhead_ratio_accepted":0.0,
  "p95_split_overhead_ratio_accepted":0.0,
  "rga_accepted_total":1369,
  "rga_rejected_total":0,
  "rga_rejection_ratio":0.0,
  "mdca_rejected_total":16,
  "mdca_capacity_rejected_total":0,
  "mdca_reliability_rejected_total":0,
  "mdca_qos_rejected_total":16,
  "mdca_rejection_ratio":0.011687363,
  "capacity_rejection_ratio":0.0,
  "reliability_rejection_ratio":0.0,
  "qos_rejected_total":16,
  "qos_rejection_ratio":0.011687363
}