{
  "algo":"mdca",
  "region":"Arizona",
  "time_slots":120,
  "arrival_rate":12.0,
  "mean_service_time":9.0,
  "seed":2,
  "trace_seed":17371165153394102535,
  "algo_seed":15339333719092900080,
  "trace_hash":"f818ce0a9b7ae042394d7ffcafbed9c1dd8c3879b8dbb8fb57c8ed1f23bf9f95",
  "arrivals_per_slot":[
    11,
    7,
    10,
    13,
    11,
    10,
    7,
    10,
    16,
    6,
    10,
    9,
    10,
    9,
    12,
    13,
    14,
    12,
    9,
    11,
    18,
    6,
    7,
    8,
    7,
    8,
    11,
    9,
    14,
    14,
    8,
    17,
    10,
    9,
    8,
    12,
    10,
    12,
    11,
    11,
    11,
    9,
    11,
    11,
    11,
    14,
    11,
    9,
    15,
    14,
    16,
    14,
    14,
    14,
    11,
    12,
    9,
    7,
    12,
    15,
    11,
    14,
    10,
    12,
    8,
    12,
    10,
    10,
    13,
    9,
    15,
    19,
    18,
    21,
    18,
    10,
    9,
    12,
    14,
    11,
    12,
    9,
    14,
    10,
    19,
    8,
    5,
    15,
    9,
    15,
    13,
    9,
    11,
    12,
    8,
    9,
    10,
    19,
    15,
    11,
    17,
    11,
    14,
    14,
    12,
    14,
    14,
    18,
    17,
    12,
    16,
    13,
    13,
    16,
    9,
    15,
    12,
    6,
    15,
    15
  ],
  "diversity":false,
  "p_split":null,
  "split_reliability_mode":null,
  "mechanism":null,
  "fixed_sfc_len":null,
  "fixed_reliability":0.996,
  "max_backup_level":1,
  "explicit_split_replicas":false,
  "split_enforce_distinct":false,
  "strict_split_resource_ablation":false,
  "split_replica_resource_scale":1.0,
  "cap_base_min":500,
  "cap_base_max":700,
  "cap_scale":0.2,
  "total_arrivals":1422,
  "total_accepted":221,
  "total_rejected":1201,
  "acceptance_ratio":0.1554149086,
  "avg_cost_per_arrival":2.5863096398,
  "total_cost":3677.7323077291,
  "total_cost_resource":1945.7323077291,
  "avg_cost_per_accepted":16.6413226594,
  "final_utilization":0.0418713249,
  "avg_utilization_over_time":0.0332552377,
  "avg_leftover_capacity_sum_over_time":361796.2999999999,
  "final_leftover_capacity_sum":358571.8,
  "final_leftover_capacity_min":2.0,
  "final_leftover_capacity_max":2223.0,
  "final_leftover_capacity_avg":1141.9484076433,
  "avg_e2e_delay_accepted":0.0438740617,
  "p95_e2e_delay_accepted":0.0950840041,
  "avg_access_delay_accepted":0.0081430179,
  "avg_processing_delay_accepted":0.0319079833,
  "avg_network_delay_accepted":0.0038230605,
  "avg_split_proc_overhead_accepted":0.0,
  "avg_split_net_overhead_accepted":0.0,
  "total_transmitted_bits_accepted":95463296.4073041081,
  "avg_transmitted_bits_per_accepted":431960.6172276204,
  "total_split_transmitted_bits_accepted":0.0,
  "avg_split_transmitted_bits_per_accepted":0.0,
  "avg_split_overhead_ratio_accepted":0.0,
  "p95_split_overhead_ratio_accepted":0.0,
  "rga_accepted_total":222,
  "rga_rejected_total":1200,
  "rga_rejection_ratio":0.8438818565,
  "mdca_rejected_total":1,
  "mdca_capacity_rejected_total":0,
  "mdca_reliability_rejected_total":0,
  "mdca_qos_rejected_total":1,
  "mdca_rejection_ratio":0.0007032349,
  "capacity_rejection_ratio":0.0,
  "reliability_rejection_ratio":0.0,
  "qos_rejected_total":1,
  "qos_rejection_ratio":0.0007032349
}