{
  "algo":"hspa",
  "region":"Alabama",
  "time_slots":120,
  "arrival_rate":20.0,
  "mean_service_time":9.0,
  "seed":1,
  "trace_seed":16125654765533160437,
  "algo_seed":15883823183653897534,
  "trace_hash":"00d26fcfdabc6d32445a6be0f19df0b78101bc5ebfc63aaf47de8a2c69dfced0",
  "arrivals_per_slot":[
    20,
    17,
    24,
    20,
    20,
    16,
    16,
    22,
    16,
    14,
    25,
    19,
    22,
    15,
    20,
    27,
    17,
    22,
    19,
    23,
    29,
    8,
    14,
    23,
    15,
    24,
    20,
    11,
    27,
    13,
    17,
    23,
    10,
    17,
    19,
    17,
    11,
    18,
    25,
    16,
    16,
    20,
    24,
    20,
    18,
    19,
    14,
    22,
    16,
    17,
    19,
    16,
    17,
    24,
    29,
    28,
    23,
    25,
    25,
    19,
    18,
    23,
    14,
    18,
    19,
    23,
    14,
    13,
    21,
    22,
    19,
    24,
    16,
    19,
    16,
    17,
    29,
    18,
    16,
    22,
    12,
    19,
    19,
    23,
    17,
    18,
    26,
    16,
    27,
    20,
    20,
    17,
    19,
    18,
    26,
    18,
    21,
    26,
    16,
    17,
    27,
    19,
    21,
    26,
    20,
    21,
    16,
    21,
    25,
    20,
    22,
    18,
    19,
    15,
    20,
    21,
    26,
    22,
    17,
    14
  ],
  "diversity":false,
  "p_split":null,
  "split_reliability_mode":null,
  "mechanism":null,
  "fixed_sfc_len":5,
  "fixed_reliability":null,
  "max_backup_level":2,
  "explicit_split_replicas":false,
  "split_enforce_distinct":false,
  "strict_split_resource_ablation":false,
  "split_replica_resource_scale":1.0,
  "cap_base_min":500,
  "cap_base_max":700,
  "cap_scale":0.2,
  "total_arrivals":2348,
  "total_accepted":967,
  "total_rejected":1381,
  "acceptance_ratio":0.4118398637,
  "avg_cost_per_arrival":37.0852215596,
  "total_cost":87076.1002220491,
  "total_cost_resource":65345.100222049,
  "avg_cost_per_accepted":90.0476734458,
  "final_utilization":0.9618026032,
  "avg_utilization_over_time":0.9538722083,
  "avg_leftover_capacity_sum_over_time":8039.825,
  "final_leftover_capacity_sum":6657.6,
  "final_leftover_capacity_min":0.2,
  "final_leftover_capacity_max":354.6,
  "final_leftover_capacity_avg":48.595620438,
  "avg_e2e_delay_accepted":0.105534573,
  "p95_e2e_delay_accepted":0.1659956415,
  "avg_access_delay_accepted":0.0081641298,
  "avg_processing_delay_accepted":0.0837963615,
  "avg_network_delay_accepted":0.0135740818,
  "avg_split_proc_overhead_accepted":0.0,
  "avg_split_net_overhead_accepted":0.0,
  "total_transmitted_bits_accepted":2510651906.2368431091,
  "avg_transmitted_bits_per_accepted":2596330.8234093515,
  "total_split_transmitted_bits_accepted":0.0,
  "avg_split_transmitted_bits_per_accepted":0.0,
  "avg_split_overhead_ratio_accepted":0.0,
  "p95_split_overhead_ratio_accepted":0.0,
  "rga_accepted_total":2348,
  "rga_rejected_total":0,
  "rga_rejection_ratio":0.0,
  "mdca_rejected_total":1381,
  "mdca_capacity_rejected_total":1348,
  "mdca_reliability_rejected_total":0,
  "mdca_qos_rejected_total":33,
  "mdca_rejection_ratio":0.5881601363,
  "capacity_rejection_ratio":0.5741056218,
  "reliability_rejection_ratio":0.0,
  "qos_rejected_total":33,
  "qos_rejection_ratio":0.0140545145
}