{
  "algo":"random",
  "region":"Arizona",
  "time_slots":120,
  "arrival_rate":30.0,
  "mean_service_time":9.0,
  "seed":3,
  "trace_seed":6565116537056524946,
  "algo_seed":16411256898775438693,
  "trace_hash":"831ce0878e51575a53688d0c8ba3e758546af9c9c7e9b4983cc8d0f05e567a6c",
  "arrivals_per_slot":[
    26,
    30,
    26,
    33,
    25,
    24,
    35,
    37,
    43,
    24,
    31,
    37,
    37,
    31,
    26,
    36,
    33,
    24,
    31,
    33,
    38,
    34,
    44,
    29,
    27,
    30,
    24,
    31,
    33,
    31,
    29,
    28,
    33,
    25,
    27,
    30,
    38,
    26,
    34,
    30,
    31,
    35,
    30,
    37,
    29,
    28,
    30,
    33,
    27,
    25,
    36,
    28,
    24,
    34,
    34,
    32,
    27,
    31,
    36,
    22,
    28,
    31,
    23,
    29,
    32,
    30,
    39,
    28,
    31,
    29,
    25,
    31,
    30,
    29,
    31,
    35,
    26,
    37,
    30,
    37,
    30,
    20,
    30,
    31,
    35,
    33,
    28,
    29,
    28,
    31,
    30,
    25,
    31,
    25,
    38,
    37,
    34,
    33,
    26,
    34,
    27,
    29,
    35,
    35,
    29,
    28,
    24,
    32,
    25,
    23,
    25,
    28,
    27,
    32,
    25,
    30,
    37,
    35,
    32,
    30
  ],
  "diversity":false,
  "p_split":null,
  "split_reliability_mode":null,
  "mechanism":null,
  "fixed_sfc_len":null,
  "fixed_reliability":null,
  "max_backup_level":2,
  "explicit_split_replicas":false,
  "split_enforce_distinct":false,
  "strict_split_resource_ablation":false,
  "split_replica_resource_scale":1.0,
  "cap_base_min":500,
  "cap_base_max":700,
  "cap_scale":0.2,
  "total_arrivals":3659,
  "total_accepted":3263,
  "total_rejected":396,
  "acceptance_ratio":0.8917737087,
  "avg_cost_per_arrival":50.1424170688,
  "total_cost":183471.1040546182,
  "total_cost_resource":138948.1040546182,
  "avg_cost_per_accepted":56.2277364556,
  "final_utilization":0.9469955548,
  "avg_utilization_over_time":0.8776692692,
  "avg_leftover_capacity_sum_over_time":45803.7083333334,
  "final_leftover_capacity_sum":19846.2,
  "final_leftover_capacity_min":0.0,
  "final_leftover_capacity_max":363.6,
  "final_leftover_capacity_avg":63.2044585987,
  "avg_e2e_delay_accepted":0.0651427408,
  "p95_e2e_delay_accepted":0.1263285516,
  "avg_access_delay_accepted":0.0080364538,
  "avg_processing_delay_accepted":0.0478695521,
  "avg_network_delay_accepted":0.0092367349,
  "avg_split_proc_overhead_accepted":0.0,
  "avg_split_net_overhead_accepted":0.0,
  "total_transmitted_bits_accepted":4764785804.0060853958,
  "avg_transmitted_bits_per_accepted":1460246.9518866336,
  "total_split_transmitted_bits_accepted":0.0,
  "avg_split_transmitted_bits_per_accepted":0.0,
  "avg_split_overhead_ratio_accepted":0.0,
  "p95_split_overhead_ratio_accepted":0.0,
  "rga_accepted_total":3659,
  "rga_rejected_total":0,
  "rga_rejection_ratio":0.0,
  "mdca_rejected_total":396,
  "mdca_capacity_rejected_total":366,
  "mdca_reliability_rejected_total":0,
  "mdca_qos_rejected_total":30,
  "mdca_rejection_ratio":0.1082262913,
  "capacity_rejection_ratio":0.1000273299,
  "reliability_rejection_ratio":0.0,
  "qos_rejected_total":30,
  "qos_rejection_ratio":0.0081989615
}