{
  "algo":"mdca",
  "region":"Arizona",
  "time_slots":120,
  "arrival_rate":20.0,
  "mean_service_time":9.0,
  "seed":5,
  "trace_seed":10516336970267053630,
  "algo_seed":8713146723775295805,
  "trace_hash":"287c656a5e025ed87f6619a6902b547e95518f88e2949388215f5d46e5a7adab",
  "arrivals_per_slot":[
    15,
    15,
    27,
    17,
    24,
    12,
    18,
    23,
    23,
    26,
    20,
    27,
    18,
    20,
    21,
    23,
    25,
    15,
    21,
    23,
    16,
    27,
    25,
    26,
    23,
    23,
    23,
    19,
    22,
    20,
    23,
    18,
    18,
    16,
    13,
    16,
    24,
    23,
    25,
    15,
    20,
    20,
    16,
    19,
    21,
    19,
    17,
    20,
    16,
    20,
    17,
    24,
    23,
    23,
    22,
    13,
    27,
    24,
    28,
    15,
    20,
    16,
    23,
    12,
    24,
    17,
    17,
    16,
    20,
    16,
    22,
    23,
    19,
    19,
    16,
    19,
    23,
    23,
    28,
    14,
    21,
    28,
    16,
    20,
    15,
    14,
    20,
    20,
    21,
    15,
    27,
    21,
    19,
    19,
    25,
    19,
    22,
    24,
    21,
    20,
    13,
    20,
    23,
    17,
    20,
    18,
    24,
    20,
    12,
    17,
    26,
    22,
    13,
    17,
    17,
    16,
    17,
    19,
    27,
    19
  ],
  "diversity":true,
  "p_split":0.3,
  "split_reliability_mode":"identical_active_pool",
  "split_recovery_coverage":1.0,
  "split_workload_shares":"0.5,0.5",
  "mechanism":null,
  "fixed_sfc_len":3,
  "fixed_reliability":0.999,
  "max_backup_level":2,
  "explicit_split_replicas":true,
  "split_enforce_distinct":false,
  "strict_split_resource_ablation":false,
  "split_replica_resource_scale":1.0,
  "backhaul_knn_k":4,
  "backhaul_use_device_bw":true,
  "backhaul_bw_scale":0.5,
  "fiber_speed_mps":200000000.0,
  "switch_delay_s":0.0002,
  "region_cloudlet_count":100,
  "cap_base_min":500,
  "cap_base_max":700,
  "cap_scale":0.2,
  "total_arrivals":2403,
  "total_accepted":1155,
  "total_rejected":1248,
  "acceptance_ratio":0.4806491885,
  "avg_cost_per_arrival":30.0084018174,
  "total_cost":72110.1895672071,
  "total_cost_resource":51809.1895672071,
  "avg_cost_per_accepted":62.4330645604,
  "final_utilization":0.9565245587,
  "avg_utilization_over_time":0.944933451,
  "avg_leftover_capacity_sum_over_time":6736.5222222222,
  "final_leftover_capacity_sum":5318.5333333333,
  "final_leftover_capacity_min":0.2,
  "final_leftover_capacity_max":605.0,
  "final_leftover_capacity_avg":53.1853333333,
  "avg_e2e_delay_accepted":0.0757092208,
  "p95_e2e_delay_accepted":0.1224072897,
  "avg_access_delay_accepted":0.0080585708,
  "avg_processing_delay_accepted":0.050265081,
  "avg_network_delay_accepted":0.0125268486,
  "avg_split_proc_overhead_accepted":8.027789592e-19,
  "avg_split_net_overhead_accepted":0.0,
  "total_transmitted_bits_accepted":2158265087.1007289886,
  "avg_transmitted_bits_per_accepted":1868627.7810395921,
  "total_split_transmitted_bits_accepted":583020769.6571871042,
  "avg_split_transmitted_bits_per_accepted":504779.8871490798,
  "avg_split_overhead_ratio_accepted":1.013010139e-17,
  "p95_split_overhead_ratio_accepted":5.825933902e-17,
  "rga_accepted_total":1966,
  "rga_rejected_total":437,
  "rga_rejection_ratio":0.1818560133,
  "mdca_rejected_total":811,
  "mdca_capacity_rejected_total":798,
  "mdca_reliability_rejected_total":1,
  "mdca_qos_rejected_total":12,
  "mdca_rejection_ratio":0.3374947982,
  "capacity_rejection_ratio":0.3320848939,
  "reliability_rejection_ratio":0.0004161465,
  "qos_rejected_total":12,
  "qos_rejection_ratio":0.0049937578
}