{
  "algo":"mdca",
  "region":"Arizona",
  "time_slots":120,
  "arrival_rate":20.0,
  "mean_service_time":9.0,
  "seed":5,
  "trace_seed":12738724341556070016,
  "algo_seed":8713146723775295805,
  "trace_hash":"e4450b57d7b73a28da4a9b351a4f5ca21d19e87ba4732063f71db53c284fe70b",
  "arrivals_per_slot":[
    14,
    14,
    15,
    17,
    24,
    24,
    16,
    26,
    26,
    21,
    26,
    17,
    20,
    16,
    19,
    23,
    23,
    22,
    15,
    22,
    28,
    18,
    21,
    16,
    26,
    19,
    21,
    15,
    20,
    15,
    22,
    26,
    27,
    28,
    20,
    23,
    26,
    24,
    19,
    23,
    26,
    18,
    18,
    23,
    25,
    13,
    32,
    26,
    25,
    17,
    20,
    21,
    24,
    17,
    16,
    35,
    19,
    14,
    20,
    20,
    20,
    20,
    21,
    22,
    13,
    16,
    25,
    24,
    21,
    22,
    20,
    23,
    24,
    18,
    17,
    22,
    19,
    19,
    20,
    21,
    21,
    22,
    27,
    14,
    23,
    24,
    26,
    18,
    22,
    20,
    13,
    17,
    19,
    13,
    26,
    30,
    23,
    14,
    11,
    16,
    23,
    16,
    22,
    25,
    17,
    17,
    19,
    17,
    13,
    22,
    19,
    20,
    18,
    17,
    24,
    15,
    28,
    12,
    21,
    13
  ],
  "diversity":true,
  "p_split":0.3,
  "split_reliability_mode":"identical_active_pool",
  "split_recovery_coverage":1.0,
  "split_workload_shares":"0.5,0.5",
  "mechanism":null,
  "fixed_sfc_len":3,
  "fixed_reliability":0.999,
  "max_backup_level":2,
  "explicit_split_replicas":true,
  "split_enforce_distinct":false,
  "strict_split_resource_ablation":false,
  "split_replica_resource_scale":1.0,
  "backhaul_knn_k":4,
  "backhaul_use_device_bw":true,
  "backhaul_bw_scale":0.5,
  "fiber_speed_mps":200000000.0,
  "switch_delay_s":0.0002,
  "region_cloudlet_count":314,
  "cap_base_min":500,
  "cap_base_max":700,
  "cap_scale":0.2,
  "total_arrivals":2450,
  "total_accepted":1944,
  "total_rejected":506,
  "acceptance_ratio":0.7934693878,
  "avg_cost_per_arrival":46.2082892608,
  "total_cost":113210.3086888691,
  "total_cost_resource":78997.3086888691,
  "avg_cost_per_accepted":58.2357554984,
  "final_utilization":0.5998414274,
  "avg_utilization_over_time":0.6206511932,
  "avg_leftover_capacity_sum_over_time":142898.4194444445,
  "final_leftover_capacity_sum":150737.3333333334,
  "final_leftover_capacity_min":1.0,
  "final_leftover_capacity_max":2224.0,
  "final_leftover_capacity_avg":480.0552016985,
  "avg_e2e_delay_accepted":0.0706362136,
  "p95_e2e_delay_accepted":0.1158787709,
  "avg_access_delay_accepted":0.0079960104,
  "avg_processing_delay_accepted":0.0433294936,
  "avg_network_delay_accepted":0.0151840132,
  "avg_split_proc_overhead_accepted":6.746146851e-19,
  "avg_split_net_overhead_accepted":0.0,
  "total_transmitted_bits_accepted":3564907830.1721820831,
  "avg_transmitted_bits_per_accepted":1833800.324162645,
  "total_split_transmitted_bits_accepted":902257916.8558046818,
  "avg_split_transmitted_bits_per_accepted":464124.44282706,
  "avg_split_overhead_ratio_accepted":8.918359601e-18,
  "p95_split_overhead_ratio_accepted":5.128018567e-17,
  "rga_accepted_total":1957,
  "rga_rejected_total":493,
  "rga_rejection_ratio":0.2012244898,
  "mdca_rejected_total":13,
  "mdca_capacity_rejected_total":0,
  "mdca_reliability_rejected_total":0,
  "mdca_qos_rejected_total":13,
  "mdca_rejection_ratio":0.0053061224,
  "capacity_rejection_ratio":0.0,
  "reliability_rejection_ratio":0.0,
  "qos_rejected_total":13,
  "qos_rejection_ratio":0.0053061224
}