{
  "algo":"mdca",
  "region":"Alabama",
  "time_slots":120,
  "arrival_rate":35.0,
  "mean_service_time":9.0,
  "seed":2,
  "trace_seed":1031201585465071651,
  "algo_seed":16121394405342853155,
  "trace_hash":"0c16f09da623970276f90d324c58f7138316c28a4a21d3b85d3f3eb41eb1151c",
  "arrivals_per_slot":[
    30,
    32,
    28,
    39,
    48,
    38,
    42,
    41,
    26,
    31,
    41,
    41,
    26,
    40,
    31,
    29,
    40,
    40,
    38,
    27,
    24,
    31,
    39,
    46,
    22,
    35,
    34,
    34,
    34,
    30,
    33,
    33,
    44,
    42,
    29,
    29,
    28,
    40,
    37,
    39,
    28,
    31,
    34,
    30,
    36,
    32,
    36,
    35,
    38,
    31,
    39,
    32,
    36,
    34,
    35,
    37,
    41,
    33,
    32,
    25,
    31,
    37,
    39,
    33,
    41,
    44,
    52,
    42,
    42,
    35,
    34,
    34,
    39,
    41,
    36,
    31,
    30,
    40,
    48,
    41,
    26,
    39,
    26,
    34,
    37,
    28,
    40,
    33,
    35,
    31,
    43,
    30,
    40,
    46,
    34,
    29,
    29,
    38,
    38,
    35,
    35,
    42,
    36,
    30,
    25,
    39,
    37,
    30,
    26,
    34,
    52,
    26,
    44,
    36,
    46,
    40,
    33,
    31,
    43,
    26
  ],
  "diversity":false,
  "p_split":null,
  "split_reliability_mode":null,
  "mechanism":null,
  "fixed_sfc_len":null,
  "fixed_reliability":null,
  "max_backup_level":2,
  "explicit_split_replicas":false,
  "split_enforce_distinct":false,
  "strict_split_resource_ablation":false,
  "split_replica_resource_scale":1.0,
  "cap_base_min":500,
  "cap_base_max":700,
  "cap_scale":0.2,
  "total_arrivals":4238,
  "total_accepted":2944,
  "total_rejected":1294,
  "acceptance_ratio":0.6946672959,
  "avg_cost_per_arrival":23.4704989566,
  "total_cost":99467.9745778929,
  "total_cost_resource":73788.974577893,
  "avg_cost_per_accepted":33.7866761474,
  "final_utilization":0.9689542972,
  "avg_utilization_over_time":0.9514675268,
  "avg_leftover_capacity_sum_over_time":8436.2833333333,
  "final_leftover_capacity_sum":5396.6,
  "final_leftover_capacity_min":0.0,
  "final_leftover_capacity_max":465.0,
  "final_leftover_capacity_avg":39.3912408759,
  "avg_e2e_delay_accepted":0.0587567753,
  "p95_e2e_delay_accepted":0.1230973849,
  "avg_access_delay_accepted":0.0080931719,
  "avg_processing_delay_accepted":0.0450846778,
  "avg_network_delay_accepted":0.0055789256,
  "avg_split_proc_overhead_accepted":0.0,
  "avg_split_net_overhead_accepted":0.0,
  "total_transmitted_bits_accepted":3039880663.7994680405,
  "avg_transmitted_bits_per_accepted":1032568.1602579715,
  "total_split_transmitted_bits_accepted":0.0,
  "avg_split_transmitted_bits_per_accepted":0.0,
  "avg_split_overhead_ratio_accepted":0.0,
  "p95_split_overhead_ratio_accepted":0.0,
  "rga_accepted_total":4238,
  "rga_rejected_total":0,
  "rga_rejection_ratio":0.0,
  "mdca_rejected_total":1294,
  "mdca_capacity_rejected_total":1281,
  "mdca_reliability_rejected_total":0,
  "mdca_qos_rejected_total":13,
  "mdca_rejection_ratio":0.3053327041,
  "capacity_rejection_ratio":0.3022652194,
  "reliability_rejection_ratio":0.0,
  "qos_rejected_total":13,
  "qos_rejection_ratio":0.0030674847
}