{
  "algo":"mdca",
  "region":"Arizona",
  "time_slots":120,
  "arrival_rate":30.0,
  "mean_service_time":9.0,
  "seed":3,
  "trace_seed":3171690750945004834,
  "algo_seed":18185845460186161846,
  "trace_hash":"b868528cee9b1759d533522560f266616b78591a422751e42fde22a7848bb69a",
  "arrivals_per_slot":[
    32,
    24,
    25,
    29,
    21,
    36,
    39,
    28,
    31,
    21,
    29,
    25,
    20,
    28,
    34,
    21,
    34,
    28,
    26,
    25,
    31,
    29,
    29,
    24,
    34,
    37,
    27,
    21,
    33,
    29,
    25,
    31,
    31,
    23,
    25,
    23,
    40,
    29,
    45,
    26,
    42,
    25,
    19,
    26,
    29,
    23,
    25,
    23,
    28,
    28,
    27,
    38,
    33,
    28,
    30,
    30,
    35,
    31,
    34,
    22,
    36,
    39,
    27,
    38,
    31,
    28,
    29,
    44,
    23,
    30,
    34,
    28,
    43,
    26,
    32,
    43,
    37,
    22,
    24,
    28,
    26,
    30,
    29,
    20,
    31,
    27,
    36,
    28,
    20,
    38,
    26,
    40,
    22,
    33,
    37,
    33,
    32,
    27,
    35,
    43,
    29,
    34,
    23,
    35,
    21,
    29,
    29,
    36,
    37,
    31,
    32,
    23,
    23,
    24,
    35,
    32,
    33,
    23,
    37,
    30
  ],
  "diversity":false,
  "p_split":null,
  "split_reliability_mode":null,
  "split_recovery_coverage":null,
  "split_workload_shares":null,
  "mechanism":null,
  "fixed_sfc_len":3,
  "fixed_reliability":0.999,
  "max_backup_level":2,
  "explicit_split_replicas":false,
  "split_enforce_distinct":false,
  "strict_split_resource_ablation":false,
  "split_replica_resource_scale":1.0,
  "backhaul_knn_k":4,
  "backhaul_use_device_bw":true,
  "backhaul_bw_scale":0.5,
  "fiber_speed_mps":200000000.0,
  "switch_delay_s":0.0002,
  "region_cloudlet_count":200,
  "cap_base_min":500,
  "cap_base_max":700,
  "cap_scale":0.2,
  "total_arrivals":3575,
  "total_accepted":1916,
  "total_rejected":1659,
  "acceptance_ratio":0.5359440559,
  "avg_cost_per_arrival":36.4569369423,
  "total_cost":130333.5495685774,
  "total_cost_resource":97621.5495685774,
  "avg_cost_per_accepted":68.0237732613,
  "final_utilization":0.9492665697,
  "avg_utilization_over_time":0.9151220999,
  "avg_leftover_capacity_sum_over_time":20425.8666666667,
  "final_leftover_capacity_sum":12209.0,
  "final_leftover_capacity_min":0.0,
  "final_leftover_capacity_max":1105.2,
  "final_leftover_capacity_avg":61.045,
  "avg_e2e_delay_accepted":0.0670122344,
  "p95_e2e_delay_accepted":0.1144585292,
  "avg_access_delay_accepted":0.0080785404,
  "avg_processing_delay_accepted":0.0512513848,
  "avg_network_delay_accepted":0.0076823091,
  "avg_split_proc_overhead_accepted":0.0,
  "avg_split_net_overhead_accepted":0.0,
  "total_transmitted_bits_accepted":2513655562.940141201,
  "avg_transmitted_bits_per_accepted":1311928.7906785705,
  "total_split_transmitted_bits_accepted":0.0,
  "avg_split_transmitted_bits_per_accepted":0.0,
  "avg_split_overhead_ratio_accepted":0.0,
  "p95_split_overhead_ratio_accepted":0.0,
  "rga_accepted_total":2327,
  "rga_rejected_total":1248,
  "rga_rejection_ratio":0.3490909091,
  "mdca_rejected_total":411,
  "mdca_capacity_rejected_total":399,
  "mdca_reliability_rejected_total":0,
  "mdca_qos_rejected_total":12,
  "mdca_rejection_ratio":0.114965035,
  "capacity_rejection_ratio":0.1116083916,
  "reliability_rejection_ratio":0.0,
  "qos_rejected_total":12,
  "qos_rejection_ratio":0.0033566434
}