{
  "algo":"mdca",
  "region":"Arizona",
  "time_slots":120,
  "arrival_rate":10.0,
  "mean_service_time":9.0,
  "seed":4,
  "trace_seed":6924464926681292769,
  "algo_seed":14420759781778004277,
  "trace_hash":"58af4a545a85870c91f354953fcf52ff9cc6414141de735ca9f80ea31b9f15eb",
  "arrivals_per_slot":[
    9,
    13,
    11,
    13,
    10,
    3,
    13,
    12,
    8,
    3,
    11,
    1,
    6,
    13,
    5,
    12,
    13,
    14,
    15,
    12,
    12,
    9,
    10,
    9,
    10,
    10,
    5,
    9,
    12,
    6,
    6,
    13,
    6,
    8,
    8,
    9,
    7,
    17,
    10,
    14,
    8,
    6,
    17,
    11,
    18,
    9,
    10,
    11,
    8,
    9,
    12,
    9,
    11,
    10,
    6,
    17,
    10,
    6,
    7,
    11,
    8,
    14,
    8,
    9,
    13,
    5,
    11,
    17,
    10,
    7,
    8,
    11,
    12,
    9,
    8,
    10,
    14,
    11,
    15,
    11,
    5,
    6,
    6,
    6,
    8,
    13,
    11,
    10,
    10,
    22,
    13,
    4,
    8,
    5,
    8,
    5,
    6,
    8,
    9,
    11,
    9,
    13,
    14,
    11,
    10,
    13,
    5,
    7,
    10,
    12,
    13,
    7,
    10,
    17,
    9,
    15,
    11,
    16,
    7,
    16
  ],
  "diversity":false,
  "p_split":null,
  "split_reliability_mode":null,
  "mechanism":null,
  "fixed_sfc_len":null,
  "fixed_reliability":null,
  "max_backup_level":2,
  "explicit_split_replicas":false,
  "split_enforce_distinct":false,
  "strict_split_resource_ablation":false,
  "split_replica_resource_scale":1.0,
  "cap_base_min":500,
  "cap_base_max":700,
  "cap_scale":0.2,
  "total_arrivals":1203,
  "total_accepted":1191,
  "total_rejected":12,
  "acceptance_ratio":0.9900249377,
  "avg_cost_per_arrival":27.9244365753,
  "total_cost":33593.0972001338,
  "total_cost_resource":20945.0972001338,
  "avg_cost_per_accepted":28.2057911,
  "final_utilization":0.3139546816,
  "avg_utilization_over_time":0.2342640695,
  "avg_leftover_capacity_sum_over_time":289516.7916666667,
  "final_leftover_capacity_sum":259386.6,
  "final_leftover_capacity_min":0.6,
  "final_leftover_capacity_max":2386.4,
  "final_leftover_capacity_avg":826.0719745223,
  "avg_e2e_delay_accepted":0.0637900314,
  "p95_e2e_delay_accepted":0.1270970292,
  "avg_access_delay_accepted":0.007964083,
  "avg_processing_delay_accepted":0.0478019149,
  "avg_network_delay_accepted":0.0080240334,
  "avg_split_proc_overhead_accepted":0.0,
  "avg_split_net_overhead_accepted":0.0,
  "total_transmitted_bits_accepted":1497969395.6235377789,
  "avg_transmitted_bits_per_accepted":1257740.8863337848,
  "total_split_transmitted_bits_accepted":0.0,
  "avg_split_transmitted_bits_per_accepted":0.0,
  "avg_split_overhead_ratio_accepted":0.0,
  "p95_split_overhead_ratio_accepted":0.0,
  "rga_accepted_total":1203,
  "rga_rejected_total":0,
  "rga_rejection_ratio":0.0,
  "mdca_rejected_total":12,
  "mdca_capacity_rejected_total":0,
  "mdca_reliability_rejected_total":0,
  "mdca_qos_rejected_total":12,
  "mdca_rejection_ratio":0.0099750623,
  "capacity_rejection_ratio":0.0,
  "reliability_rejection_ratio":0.0,
  "qos_rejected_total":12,
  "qos_rejection_ratio":0.0099750623
}