{
  "algo":"mdca",
  "region":"Arizona",
  "time_slots":120,
  "arrival_rate":20.0,
  "mean_service_time":9.0,
  "seed":3,
  "trace_seed":12517108952218681986,
  "algo_seed":18087234375462464239,
  "trace_hash":"ce92923f853b17e332f46a8cec76a43ad6796003a56adda1e0f5782ac825bdd8",
  "arrivals_per_slot":[
    17,
    25,
    30,
    14,
    22,
    19,
    21,
    16,
    33,
    26,
    22,
    19,
    21,
    20,
    21,
    25,
    22,
    30,
    20,
    19,
    15,
    20,
    20,
    22,
    18,
    22,
    25,
    13,
    26,
    19,
    23,
    20,
    21,
    16,
    22,
    18,
    15,
    20,
    18,
    17,
    24,
    29,
    22,
    23,
    25,
    16,
    11,
    23,
    29,
    19,
    23,
    19,
    17,
    26,
    18,
    26,
    24,
    18,
    16,
    27,
    23,
    17,
    23,
    19,
    22,
    17,
    22,
    16,
    21,
    21,
    13,
    18,
    27,
    22,
    26,
    13,
    16,
    30,
    16,
    17,
    15,
    13,
    20,
    19,
    16,
    16,
    17,
    19,
    18,
    22,
    16,
    18,
    22,
    26,
    27,
    31,
    19,
    26,
    17,
    27,
    20,
    20,
    19,
    17,
    22,
    25,
    20,
    14,
    24,
    15,
    28,
    18,
    10,
    13,
    21,
    15,
    20,
    20,
    15,
    19
  ],
  "diversity":true,
  "p_split":0.3,
  "split_reliability_mode":"identical_active_pool",
  "mechanism":null,
  "fixed_sfc_len":3,
  "fixed_reliability":null,
  "max_backup_level":2,
  "explicit_split_replicas":true,
  "split_enforce_distinct":false,
  "strict_split_resource_ablation":false,
  "split_replica_resource_scale":1.0,
  "cap_base_min":500,
  "cap_base_max":700,
  "cap_scale":0.2,
  "total_arrivals":2445,
  "total_accepted":2434,
  "total_rejected":11,
  "acceptance_ratio":0.9955010225,
  "avg_cost_per_arrival":31.6401698639,
  "total_cost":77360.2153173505,
  "total_cost_resource":51196.2153173505,
  "avg_cost_per_accepted":31.783161593,
  "final_utilization":0.4559763665,
  "avg_utilization_over_time":0.4667983367,
  "avg_leftover_capacity_sum_over_time":201378.6444444445,
  "final_leftover_capacity_sum":205465.8666666667,
  "final_leftover_capacity_min":0.0,
  "final_leftover_capacity_max":2192.0,
  "final_leftover_capacity_avg":654.3498938429,
  "avg_e2e_delay_accepted":0.0696206359,
  "p95_e2e_delay_accepted":0.1174628915,
  "avg_access_delay_accepted":0.00804759,
  "avg_processing_delay_accepted":0.0444157278,
  "avg_network_delay_accepted":0.0137606106,
  "avg_split_proc_overhead_accepted":5.500299271e-19,
  "avg_split_net_overhead_accepted":0.0,
  "total_transmitted_bits_accepted":4170133957.448829174,
  "avg_transmitted_bits_per_accepted":1713284.2881876866,
  "total_split_transmitted_bits_accepted":900609059.3240400553,
  "avg_split_transmitted_bits_per_accepted":370011.9389170255,
  "avg_split_overhead_ratio_accepted":7.074652896e-18,
  "p95_split_overhead_ratio_accepted":4.730070477e-17,
  "rga_accepted_total":2445,
  "rga_rejected_total":0,
  "rga_rejection_ratio":0.0,
  "mdca_rejected_total":11,
  "mdca_capacity_rejected_total":0,
  "mdca_reliability_rejected_total":0,
  "mdca_qos_rejected_total":11,
  "mdca_rejection_ratio":0.0044989775,
  "capacity_rejection_ratio":0.0,
  "reliability_rejection_ratio":0.0,
  "qos_rejected_total":11,
  "qos_rejection_ratio":0.0044989775
}