{
  "algo":"mdca",
  "region":"Arizona",
  "time_slots":120,
  "arrival_rate":20.0,
  "mean_service_time":9.0,
  "seed":2,
  "trace_seed":13693250832121045929,
  "algo_seed":4836232127056779440,
  "trace_hash":"523699b4840eab7ff6a08c524e02539909f51d5180e5a4f14431cb79106ed1b7",
  "arrivals_per_slot":[
    21,
    23,
    16,
    27,
    20,
    18,
    26,
    18,
    20,
    19,
    20,
    24,
    14,
    18,
    24,
    16,
    26,
    18,
    18,
    10,
    30,
    17,
    22,
    12,
    17,
    11,
    19,
    16,
    16,
    27,
    16,
    16,
    19,
    22,
    18,
    14,
    23,
    22,
    20,
    22,
    20,
    22,
    11,
    22,
    22,
    25,
    20,
    11,
    23,
    17,
    19,
    16,
    19,
    20,
    17,
    22,
    27,
    17,
    25,
    26,
    18,
    27,
    20,
    24,
    18,
    21,
    20,
    17,
    17,
    21,
    28,
    27,
    24,
    26,
    23,
    24,
    18,
    15,
    28,
    17,
    28,
    17,
    23,
    25,
    20,
    21,
    13,
    23,
    12,
    20,
    16,
    14,
    19,
    23,
    24,
    17,
    19,
    21,
    17,
    15,
    14,
    18,
    21,
    18,
    19,
    16,
    24,
    13,
    25,
    26,
    22,
    18,
    17,
    24,
    25,
    10,
    15,
    13,
    19,
    20
  ],
  "diversity":true,
  "p_split":0.3,
  "split_reliability_mode":"identical_active_pool",
  "split_recovery_coverage":1.0,
  "split_workload_shares":"0.5,0.5",
  "mechanism":null,
  "fixed_sfc_len":6,
  "fixed_reliability":0.999,
  "max_backup_level":2,
  "explicit_split_replicas":true,
  "split_enforce_distinct":false,
  "strict_split_resource_ablation":false,
  "split_replica_resource_scale":1.0,
  "backhaul_knn_k":4,
  "backhaul_use_device_bw":true,
  "backhaul_bw_scale":0.5,
  "fiber_speed_mps":200000000.0,
  "switch_delay_s":0.0002,
  "region_cloudlet_count":314,
  "cap_base_min":500,
  "cap_base_max":700,
  "cap_scale":0.2,
  "total_arrivals":2373,
  "total_accepted":933,
  "total_rejected":1440,
  "acceptance_ratio":0.3931731985,
  "avg_cost_per_arrival":50.0841779957,
  "total_cost":118849.7543838533,
  "total_cost_resource":84257.7543838533,
  "avg_cost_per_accepted":127.3845170245,
  "final_utilization":0.7252609293,
  "avg_utilization_over_time":0.636085919,
  "avg_leftover_capacity_sum_over_time":136607.0138888889,
  "final_leftover_capacity_sum":103132.2666666667,
  "final_leftover_capacity_min":0.0,
  "final_leftover_capacity_max":2025.6,
  "final_leftover_capacity_avg":328.4467091295,
  "avg_e2e_delay_accepted":0.135040985,
  "p95_e2e_delay_accepted":0.1915042266,
  "avg_access_delay_accepted":0.0080158825,
  "avg_processing_delay_accepted":0.0843701285,
  "avg_network_delay_accepted":0.0339156028,
  "avg_split_proc_overhead_accepted":1.312198385e-18,
  "avg_split_net_overhead_accepted":0.0,
  "total_transmitted_bits_accepted":4060770696.152794838,
  "avg_transmitted_bits_per_accepted":4352380.1673663398,
  "total_split_transmitted_bits_accepted":790038130.858938694,
  "avg_split_transmitted_bits_per_accepted":846771.8444361616,
  "avg_split_overhead_ratio_accepted":9.426067052e-18,
  "p95_split_overhead_ratio_accepted":4.03677486e-17,
  "rga_accepted_total":1022,
  "rga_rejected_total":1351,
  "rga_rejection_ratio":0.5693215339,
  "mdca_rejected_total":89,
  "mdca_capacity_rejected_total":0,
  "mdca_reliability_rejected_total":0,
  "mdca_qos_rejected_total":89,
  "mdca_rejection_ratio":0.0375052676,
  "capacity_rejection_ratio":0.0,
  "reliability_rejection_ratio":0.0,
  "qos_rejected_total":89,
  "qos_rejection_ratio":0.0375052676
}