{
  "algo":"mdca",
  "region":"Arizona",
  "time_slots":120,
  "arrival_rate":40.0,
  "mean_service_time":9.0,
  "seed":2,
  "trace_seed":18386744504593220068,
  "algo_seed":12017847392608320075,
  "trace_hash":"afb2d3609a35e85f9cd340b06381dee539d62ff45e876680e84273193b386fb2",
  "arrivals_per_slot":[
    39,
    37,
    43,
    47,
    42,
    38,
    40,
    38,
    42,
    38,
    42,
    38,
    40,
    43,
    26,
    31,
    37,
    38,
    33,
    31,
    39,
    45,
    32,
    38,
    43,
    46,
    42,
    39,
    49,
    36,
    44,
    58,
    47,
    38,
    51,
    26,
    48,
    32,
    44,
    48,
    43,
    33,
    37,
    32,
    35,
    44,
    54,
    34,
    37,
    44,
    38,
    52,
    43,
    51,
    43,
    50,
    54,
    32,
    45,
    34,
    34,
    37,
    40,
    30,
    44,
    45,
    34,
    46,
    46,
    47,
    40,
    31,
    33,
    37,
    38,
    43,
    42,
    47,
    43,
    43,
    51,
    55,
    37,
    46,
    45,
    40,
    37,
    40,
    42,
    45,
    38,
    56,
    54,
    46,
    28,
    32,
    48,
    44,
    43,
    37,
    45,
    34,
    49,
    45,
    38,
    46,
    27,
    38,
    45,
    33,
    37,
    42,
    40,
    34,
    36,
    36,
    47,
    40,
    35,
    45
  ],
  "diversity":false,
  "p_split":null,
  "split_reliability_mode":null,
  "mechanism":null,
  "fixed_sfc_len":null,
  "fixed_reliability":null,
  "max_backup_level":2,
  "explicit_split_replicas":false,
  "split_enforce_distinct":false,
  "strict_split_resource_ablation":false,
  "split_replica_resource_scale":1.0,
  "cap_base_min":500,
  "cap_base_max":700,
  "cap_scale":0.2,
  "total_arrivals":4899,
  "total_accepted":4567,
  "total_rejected":332,
  "acceptance_ratio":0.9322310676,
  "avg_cost_per_arrival":39.7763502057,
  "total_cost":194864.3396576505,
  "total_cost_resource":147754.3396576506,
  "avg_cost_per_accepted":42.6679088368,
  "final_utilization":0.9654677496,
  "avg_utilization_over_time":0.9107199992,
  "avg_leftover_capacity_sum_over_time":33428.825,
  "final_leftover_capacity_sum":12929.8,
  "final_leftover_capacity_min":0.0,
  "final_leftover_capacity_max":770.8,
  "final_leftover_capacity_avg":41.1777070064,
  "avg_e2e_delay_accepted":0.0644569535,
  "p95_e2e_delay_accepted":0.1279700422,
  "avg_access_delay_accepted":0.0080416471,
  "avg_processing_delay_accepted":0.04806232,
  "avg_network_delay_accepted":0.0083529865,
  "avg_split_proc_overhead_accepted":0.0,
  "avg_split_net_overhead_accepted":0.0,
  "total_transmitted_bits_accepted":6074116321.2045526505,
  "avg_transmitted_bits_per_accepted":1330001.3841043471,
  "total_split_transmitted_bits_accepted":0.0,
  "avg_split_transmitted_bits_per_accepted":0.0,
  "avg_split_overhead_ratio_accepted":0.0,
  "p95_split_overhead_ratio_accepted":0.0,
  "rga_accepted_total":4899,
  "rga_rejected_total":0,
  "rga_rejection_ratio":0.0,
  "mdca_rejected_total":332,
  "mdca_capacity_rejected_total":287,
  "mdca_reliability_rejected_total":0,
  "mdca_qos_rejected_total":45,
  "mdca_rejection_ratio":0.0677689324,
  "capacity_rejection_ratio":0.0585833844,
  "reliability_rejection_ratio":0.0,
  "qos_rejected_total":45,
  "qos_rejection_ratio":0.0091855481
}