{
  "algo":"dtsp",
  "region":"Arizona",
  "time_slots":120,
  "arrival_rate":40.0,
  "mean_service_time":9.0,
  "seed":5,
  "trace_seed":10028954054166839077,
  "algo_seed":13274000025865092566,
  "trace_hash":"361bfa4d1edb7dec907fe741703a8d7eede2bc4516ac025c4b49fe219a9609bc",
  "arrivals_per_slot":[
    43,
    33,
    43,
    38,
    39,
    43,
    36,
    44,
    35,
    38,
    48,
    36,
    38,
    36,
    37,
    39,
    34,
    40,
    44,
    36,
    48,
    39,
    33,
    32,
    42,
    34,
    41,
    40,
    41,
    45,
    37,
    49,
    51,
    41,
    42,
    44,
    36,
    44,
    44,
    34,
    40,
    44,
    41,
    43,
    39,
    38,
    36,
    32,
    44,
    40,
    43,
    41,
    41,
    39,
    34,
    54,
    44,
    43,
    42,
    57,
    49,
    50,
    42,
    41,
    33,
    49,
    52,
    32,
    39,
    43,
    37,
    32,
    45,
    48,
    39,
    46,
    38,
    40,
    42,
    47,
    32,
    41,
    42,
    35,
    38,
    29,
    40,
    51,
    43,
    34,
    33,
    34,
    41,
    48,
    44,
    46,
    45,
    36,
    36,
    33,
    57,
    38,
    25,
    35,
    37,
    46,
    42,
    35,
    40,
    38,
    44,
    31,
    42,
    39,
    31,
    44,
    33,
    48,
    41,
    56
  ],
  "diversity":false,
  "p_split":null,
  "split_reliability_mode":null,
  "mechanism":null,
  "fixed_sfc_len":null,
  "fixed_reliability":null,
  "max_backup_level":2,
  "explicit_split_replicas":false,
  "split_enforce_distinct":false,
  "strict_split_resource_ablation":false,
  "split_replica_resource_scale":1.0,
  "cap_base_min":500,
  "cap_base_max":700,
  "cap_scale":0.2,
  "total_arrivals":4859,
  "total_accepted":4207,
  "total_rejected":652,
  "acceptance_ratio":0.8658160115,
  "avg_cost_per_arrival":40.1983461738,
  "total_cost":195323.7640583157,
  "total_cost_resource":149846.7640583156,
  "avg_cost_per_accepted":46.4282776464,
  "final_utilization":0.9667279348,
  "avg_utilization_over_time":0.923193148,
  "avg_leftover_capacity_sum_over_time":28707.8666666667,
  "final_leftover_capacity_sum":12436.0,
  "final_leftover_capacity_min":0.0,
  "final_leftover_capacity_max":312.8,
  "final_leftover_capacity_avg":39.6050955414,
  "avg_e2e_delay_accepted":0.0655541449,
  "p95_e2e_delay_accepted":0.1292812481,
  "avg_access_delay_accepted":0.0080573776,
  "avg_processing_delay_accepted":0.0481970063,
  "avg_network_delay_accepted":0.009299761,
  "avg_split_proc_overhead_accepted":0.0,
  "avg_split_net_overhead_accepted":0.0,
  "total_transmitted_bits_accepted":6215851704.3285179138,
  "avg_transmitted_bits_per_accepted":1477502.1878603559,
  "total_split_transmitted_bits_accepted":0.0,
  "avg_split_transmitted_bits_per_accepted":0.0,
  "avg_split_overhead_ratio_accepted":0.0,
  "p95_split_overhead_ratio_accepted":0.0,
  "rga_accepted_total":4859,
  "rga_rejected_total":0,
  "rga_rejection_ratio":0.0,
  "mdca_rejected_total":652,
  "mdca_capacity_rejected_total":608,
  "mdca_reliability_rejected_total":0,
  "mdca_qos_rejected_total":44,
  "mdca_rejection_ratio":0.1341839885,
  "capacity_rejection_ratio":0.1251286273,
  "reliability_rejection_ratio":0.0,
  "qos_rejected_total":44,
  "qos_rejection_ratio":0.0090553612
}