{
  "algo":"mdca",
  "region":"Alabama",
  "time_slots":120,
  "arrival_rate":12.0,
  "mean_service_time":9.0,
  "seed":5,
  "trace_seed":5608125887345209314,
  "algo_seed":3365887926995568034,
  "trace_hash":"25f8a5d2d4c20d874e49b75b37a195c3860a66093ec7d7471633ff76f7b46ab6",
  "arrivals_per_slot":[
    17,
    9,
    20,
    8,
    17,
    11,
    10,
    8,
    10,
    8,
    3,
    14,
    14,
    7,
    14,
    12,
    14,
    9,
    8,
    19,
    11,
    22,
    11,
    8,
    14,
    16,
    11,
    14,
    14,
    15,
    15,
    13,
    8,
    10,
    13,
    14,
    11,
    15,
    11,
    13,
    8,
    14,
    7,
    9,
    20,
    14,
    12,
    11,
    22,
    13,
    11,
    11,
    11,
    8,
    15,
    12,
    10,
    14,
    13,
    19,
    16,
    15,
    13,
    9,
    16,
    13,
    12,
    8,
    15,
    9,
    13,
    11,
    13,
    11,
    13,
    13,
    10,
    8,
    19,
    12,
    8,
    12,
    10,
    13,
    15,
    15,
    17,
    10,
    9,
    6,
    13,
    15,
    7,
    13,
    21,
    8,
    9,
    7,
    13,
    13,
    11,
    11,
    14,
    13,
    9,
    9,
    17,
    8,
    12,
    6,
    9,
    9,
    18,
    10,
    7,
    9,
    9,
    14,
    9,
    10
  ],
  "diversity":false,
  "p_split":null,
  "split_reliability_mode":null,
  "mechanism":null,
  "fixed_sfc_len":null,
  "fixed_reliability":0.996,
  "max_backup_level":5,
  "explicit_split_replicas":false,
  "split_enforce_distinct":false,
  "strict_split_resource_ablation":false,
  "split_replica_resource_scale":1.0,
  "cap_base_min":500,
  "cap_base_max":700,
  "cap_scale":0.2,
  "total_arrivals":1442,
  "total_accepted":1342,
  "total_rejected":100,
  "acceptance_ratio":0.9306518724,
  "avg_cost_per_arrival":56.0087885832,
  "total_cost":80764.6731369288,
  "total_cost_resource":60952.6731369287,
  "avg_cost_per_accepted":60.1823197742,
  "final_utilization":0.744240442,
  "avg_utilization_over_time":0.8556065562,
  "avg_leftover_capacity_sum_over_time":24952.4,
  "final_leftover_capacity_sum":44197.4,
  "final_leftover_capacity_min":0.0,
  "final_leftover_capacity_max":1948.8,
  "final_leftover_capacity_avg":322.6087591241,
  "avg_e2e_delay_accepted":0.0625326707,
  "p95_e2e_delay_accepted":0.1263888861,
  "avg_access_delay_accepted":0.0080163487,
  "avg_processing_delay_accepted":0.0469457455,
  "avg_network_delay_accepted":0.0075705765,
  "avg_split_proc_overhead_accepted":0.0,
  "avg_split_net_overhead_accepted":0.0,
  "total_transmitted_bits_accepted":1699216102.0240511894,
  "avg_transmitted_bits_per_accepted":1266181.8942057013,
  "total_split_transmitted_bits_accepted":0.0,
  "avg_split_transmitted_bits_per_accepted":0.0,
  "avg_split_overhead_ratio_accepted":0.0,
  "p95_split_overhead_ratio_accepted":0.0,
  "rga_accepted_total":1442,
  "rga_rejected_total":0,
  "rga_rejection_ratio":0.0,
  "mdca_rejected_total":100,
  "mdca_capacity_rejected_total":92,
  "mdca_reliability_rejected_total":0,
  "mdca_qos_rejected_total":8,
  "mdca_rejection_ratio":0.0693481276,
  "capacity_rejection_ratio":0.0638002774,
  "reliability_rejection_ratio":0.0,
  "qos_rejected_total":8,
  "qos_rejection_ratio":0.0055478502
}