{
  "algo":"hspa",
  "region":"Alabama",
  "time_slots":120,
  "arrival_rate":50.0,
  "mean_service_time":9.0,
  "seed":4,
  "trace_seed":10827828261754887195,
  "algo_seed":11781817971983258927,
  "trace_hash":"2cd9474aa5fd194f49134112d4574859b6ed2eea4e4b5112d2fc305c560d90ce",
  "arrivals_per_slot":[
    51,
    55,
    47,
    39,
    45,
    60,
    44,
    47,
    40,
    53,
    47,
    53,
    39,
    61,
    65,
    51,
    48,
    54,
    46,
    38,
    47,
    54,
    65,
    63,
    44,
    53,
    52,
    48,
    67,
    46,
    54,
    65,
    43,
    40,
    50,
    47,
    42,
    43,
    29,
    48,
    55,
    51,
    50,
    50,
    52,
    52,
    50,
    49,
    56,
    41,
    43,
    44,
    48,
    45,
    43,
    57,
    51,
    52,
    58,
    60,
    52,
    55,
    49,
    53,
    54,
    64,
    52,
    53,
    50,
    51,
    41,
    54,
    38,
    62,
    58,
    50,
    58,
    49,
    59,
    52,
    41,
    57,
    53,
    47,
    38,
    52,
    51,
    53,
    48,
    51,
    46,
    39,
    42,
    51,
    63,
    47,
    52,
    51,
    63,
    45,
    48,
    40,
    44,
    51,
    51,
    35,
    47,
    55,
    48,
    51,
    60,
    53,
    52,
    55,
    46,
    37,
    54,
    45,
    54,
    53
  ],
  "diversity":false,
  "p_split":null,
  "split_reliability_mode":null,
  "mechanism":null,
  "fixed_sfc_len":null,
  "fixed_reliability":null,
  "max_backup_level":2,
  "explicit_split_replicas":false,
  "split_enforce_distinct":false,
  "strict_split_resource_ablation":false,
  "split_replica_resource_scale":1.0,
  "cap_base_min":500,
  "cap_base_max":700,
  "cap_scale":0.2,
  "total_arrivals":6013,
  "total_accepted":2283,
  "total_rejected":3730,
  "acceptance_ratio":0.3796773657,
  "avg_cost_per_arrival":16.5884949262,
  "total_cost":99746.619991445,
  "total_cost_resource":74758.619991445,
  "avg_cost_per_accepted":43.6910293436,
  "final_utilization":0.971809239,
  "avg_utilization_over_time":0.9653611541,
  "avg_leftover_capacity_sum_over_time":5985.3916666667,
  "final_leftover_capacity_sum":4871.2,
  "final_leftover_capacity_min":0.0,
  "final_leftover_capacity_max":217.4,
  "final_leftover_capacity_avg":35.5562043796,
  "avg_e2e_delay_accepted":0.0609859379,
  "p95_e2e_delay_accepted":0.1213658717,
  "avg_access_delay_accepted":0.0080358752,
  "avg_processing_delay_accepted":0.0466582261,
  "avg_network_delay_accepted":0.0062918366,
  "avg_split_proc_overhead_accepted":0.0,
  "avg_split_net_overhead_accepted":0.0,
  "total_transmitted_bits_accepted":2650075757.8069586754,
  "avg_transmitted_bits_per_accepted":1160786.5781020406,
  "total_split_transmitted_bits_accepted":0.0,
  "avg_split_transmitted_bits_per_accepted":0.0,
  "avg_split_overhead_ratio_accepted":0.0,
  "p95_split_overhead_ratio_accepted":0.0,
  "rga_accepted_total":6013,
  "rga_rejected_total":0,
  "rga_rejection_ratio":0.0,
  "mdca_rejected_total":3730,
  "mdca_capacity_rejected_total":3712,
  "mdca_reliability_rejected_total":0,
  "mdca_qos_rejected_total":18,
  "mdca_rejection_ratio":0.6203226343,
  "capacity_rejection_ratio":0.6173291202,
  "reliability_rejection_ratio":0.0,
  "qos_rejected_total":18,
  "qos_rejection_ratio":0.0029935141
}