{
  "algo":"mdca",
  "region":"Alabama",
  "time_slots":120,
  "arrival_rate":30.0,
  "mean_service_time":9.0,
  "seed":3,
  "trace_seed":12113770634442162204,
  "algo_seed":15868857010820782473,
  "trace_hash":"52e6356080a80e7caf4e174ed75199f0bda47a89c006dca164c8362cb0de02d9",
  "arrivals_per_slot":[
    27,
    30,
    28,
    27,
    22,
    20,
    25,
    33,
    23,
    30,
    41,
    26,
    24,
    22,
    38,
    35,
    32,
    25,
    35,
    25,
    32,
    27,
    27,
    34,
    38,
    38,
    35,
    34,
    30,
    29,
    44,
    39,
    37,
    22,
    22,
    26,
    30,
    30,
    30,
    34,
    22,
    34,
    30,
    26,
    26,
    38,
    28,
    29,
    24,
    38,
    29,
    25,
    27,
    38,
    25,
    33,
    27,
    34,
    18,
    39,
    33,
    38,
    19,
    38,
    36,
    35,
    26,
    30,
    30,
    37,
    36,
    29,
    29,
    28,
    35,
    29,
    32,
    31,
    27,
    27,
    36,
    27,
    20,
    26,
    28,
    24,
    31,
    30,
    29,
    33,
    23,
    33,
    29,
    36,
    29,
    24,
    24,
    36,
    24,
    31,
    23,
    25,
    22,
    35,
    34,
    28,
    28,
    30,
    30,
    38,
    25,
    26,
    24,
    32,
    33,
    37,
    30,
    29,
    25,
    22
  ],
  "diversity":true,
  "p_split":0.3,
  "split_reliability_mode":"identical_active_pool",
  "split_recovery_coverage":1.0,
  "split_workload_shares":"0.5,0.5",
  "mechanism":null,
  "fixed_sfc_len":3,
  "fixed_reliability":0.999,
  "max_backup_level":2,
  "explicit_split_replicas":true,
  "split_enforce_distinct":false,
  "strict_split_resource_ablation":false,
  "split_replica_resource_scale":1.0,
  "backhaul_knn_k":4,
  "backhaul_use_device_bw":true,
  "backhaul_bw_scale":0.5,
  "fiber_speed_mps":200000000.0,
  "switch_delay_s":0.0002,
  "region_cloudlet_count":137,
  "cap_base_min":500,
  "cap_base_max":700,
  "cap_scale":0.2,
  "total_arrivals":3570,
  "total_accepted":1690,
  "total_rejected":1880,
  "acceptance_ratio":0.4733893557,
  "avg_cost_per_arrival":30.8186428374,
  "total_cost":110022.5549294166,
  "total_cost_resource":80748.5549294166,
  "avg_cost_per_accepted":65.1021035085,
  "final_utilization":0.9447719321,
  "avg_utilization_over_time":0.9486897857,
  "avg_leftover_capacity_sum_over_time":8968.9638888889,
  "final_leftover_capacity_sum":9653.8,
  "final_leftover_capacity_min":1.0,
  "final_leftover_capacity_max":813.2,
  "final_leftover_capacity_avg":70.4656934307,
  "avg_e2e_delay_accepted":0.0766600428,
  "p95_e2e_delay_accepted":0.125189641,
  "avg_access_delay_accepted":0.0080754149,
  "avg_processing_delay_accepted":0.0505406248,
  "avg_network_delay_accepted":0.0130996377,
  "avg_split_proc_overhead_accepted":7.670249216e-19,
  "avg_split_net_overhead_accepted":0.0,
  "total_transmitted_bits_accepted":3105040108.0339212418,
  "avg_transmitted_bits_per_accepted":1837301.8390733262,
  "total_split_transmitted_bits_accepted":816145241.1310341358,
  "avg_split_transmitted_bits_per_accepted":482926.1781840438,
  "avg_split_overhead_ratio_accepted":9.588262199e-18,
  "p95_split_overhead_ratio_accepted":5.608769368e-17,
  "rga_accepted_total":2859,
  "rga_rejected_total":711,
  "rga_rejection_ratio":0.1991596639,
  "mdca_rejected_total":1169,
  "mdca_capacity_rejected_total":1157,
  "mdca_reliability_rejected_total":2,
  "mdca_qos_rejected_total":10,
  "mdca_rejection_ratio":0.3274509804,
  "capacity_rejection_ratio":0.3240896359,
  "reliability_rejection_ratio":0.0005602241,
  "qos_rejected_total":10,
  "qos_rejection_ratio":0.0028011204
}