{
  "algo":"mdca",
  "region":"Alabama",
  "time_slots":120,
  "arrival_rate":30.0,
  "mean_service_time":9.0,
  "seed":2,
  "trace_seed":3593770126572175754,
  "algo_seed":16121394405342853155,
  "trace_hash":"563c8002c2740a453d09ae8e0fe4821a146df8b0ac69e8dc582c6866398a1405",
  "arrivals_per_slot":[
    25,
    23,
    34,
    33,
    32,
    23,
    45,
    31,
    23,
    25,
    25,
    22,
    22,
    22,
    36,
    34,
    32,
    33,
    42,
    28,
    28,
    27,
    31,
    24,
    32,
    33,
    34,
    34,
    21,
    28,
    25,
    22,
    26,
    38,
    35,
    30,
    36,
    25,
    26,
    38,
    25,
    31,
    32,
    29,
    35,
    38,
    38,
    42,
    33,
    26,
    27,
    20,
    29,
    30,
    23,
    26,
    35,
    30,
    34,
    42,
    35,
    38,
    31,
    19,
    30,
    21,
    27,
    39,
    42,
    34,
    29,
    34,
    36,
    34,
    30,
    28,
    28,
    28,
    34,
    29,
    37,
    27,
    29,
    35,
    23,
    29,
    24,
    28,
    27,
    23,
    33,
    34,
    22,
    30,
    28,
    20,
    31,
    32,
    31,
    25,
    25,
    24,
    25,
    22,
    24,
    31,
    34,
    26,
    28,
    33,
    41,
    30,
    20,
    23,
    27,
    30,
    30,
    26,
    29,
    37
  ],
  "diversity":false,
  "p_split":null,
  "split_reliability_mode":null,
  "mechanism":null,
  "fixed_sfc_len":null,
  "fixed_reliability":null,
  "max_backup_level":2,
  "explicit_split_replicas":false,
  "split_enforce_distinct":false,
  "strict_split_resource_ablation":false,
  "split_replica_resource_scale":1.0,
  "cap_base_min":500,
  "cap_base_max":700,
  "cap_scale":0.2,
  "total_arrivals":3567,
  "total_accepted":2742,
  "total_rejected":825,
  "acceptance_ratio":0.7687132044,
  "avg_cost_per_arrival":27.1431676559,
  "total_cost":96819.6790285752,
  "total_cost_resource":72073.6790285753,
  "avg_cost_per_accepted":35.3098756486,
  "final_utilization":0.9666472943,
  "avg_utilization_over_time":0.9413531988,
  "avg_leftover_capacity_sum_over_time":10333.3083333333,
  "final_leftover_capacity_sum":5876.6,
  "final_leftover_capacity_min":0.2,
  "final_leftover_capacity_max":329.2,
  "final_leftover_capacity_avg":42.8948905109,
  "avg_e2e_delay_accepted":0.0584645162,
  "p95_e2e_delay_accepted":0.1204838653,
  "avg_access_delay_accepted":0.0080067921,
  "avg_processing_delay_accepted":0.044776811,
  "avg_network_delay_accepted":0.0056809131,
  "avg_split_proc_overhead_accepted":0.0,
  "avg_split_net_overhead_accepted":0.0,
  "total_transmitted_bits_accepted":2992530169.0541081429,
  "avg_transmitted_bits_per_accepted":1091367.6765332269,
  "total_split_transmitted_bits_accepted":0.0,
  "avg_split_transmitted_bits_per_accepted":0.0,
  "avg_split_overhead_ratio_accepted":0.0,
  "p95_split_overhead_ratio_accepted":0.0,
  "rga_accepted_total":3567,
  "rga_rejected_total":0,
  "rga_rejection_ratio":0.0,
  "mdca_rejected_total":825,
  "mdca_capacity_rejected_total":804,
  "mdca_reliability_rejected_total":0,
  "mdca_qos_rejected_total":21,
  "mdca_rejection_ratio":0.2312867956,
  "capacity_rejection_ratio":0.2253994954,
  "reliability_rejection_ratio":0.0,
  "qos_rejected_total":21,
  "qos_rejection_ratio":0.0058873003
}