region,fixed_reliability,seed,method,share,share_tag,domain_count,domain_failure_prob,total_accepted,expected_target_satisfaction_ratio,expected_reliability,expected_reliability_loss
Arizona,0.999,2,DMDCA,"0.5,0.5",0p5_0p5,6,0.0,1117,1.0,0.9993748749259368,-8.881784197001252e-16
Arizona,0.999,2,DMDCA,"0.5,0.5",0p5_0p5,6,0.01,1117,0.9651708844939741,0.9933869757780479,0.005987899147887998
Arizona,0.999,2,DMDCA,"0.5,0.5",0p5_0p5,6,0.03,1117,0.89858311247753,0.9808526691984827,0.018522205727453223
Arizona,0.999,2,DMDCA,"0.5,0.5",0p5_0p5,6,0.05,1117,0.8359230865180172,0.9675854211056429,0.03178945382029297
Arizona,0.999,2,MDCA,nan,nan,6,0.0,894,1.0,0.9993978795389583,-5.551115123125783e-16
Arizona,0.999,2,MDCA,nan,nan,6,0.01,894,0.9680028033426548,0.9931632785018234,0.006234601037134357
Arizona,0.999,2,MDCA,nan,nan,6,0.03,894,0.9065966153701978,0.9801873570252819,0.019210522513675832
Arizona,0.999,2,MDCA,nan,nan,6,0.05,894,0.848512068180229,0.9665471654329071,0.03285071410605067
