{
  "algo":"mdca",
  "region":"Alabama",
  "time_slots":120,
  "arrival_rate":10.0,
  "mean_service_time":9.0,
  "seed":3,
  "trace_seed":7636870918471745289,
  "algo_seed":8021305762253439011,
  "trace_hash":"b57dbf59ff8d13023408a4fec7084cd6f31876b1584209aedf98911c4781d924",
  "arrivals_per_slot":[
    7,
    8,
    5,
    13,
    18,
    11,
    8,
    9,
    7,
    10,
    13,
    11,
    12,
    7,
    10,
    7,
    9,
    10,
    8,
    8,
    9,
    11,
    11,
    6,
    9,
    11,
    13,
    8,
    16,
    18,
    11,
    20,
    8,
    7,
    13,
    10,
    10,
    15,
    11,
    10,
    8,
    9,
    5,
    16,
    10,
    13,
    8,
    10,
    8,
    11,
    10,
    10,
    8,
    14,
    12,
    13,
    7,
    9,
    12,
    2,
    7,
    13,
    10,
    8,
    13,
    6,
    9,
    10,
    14,
    6,
    7,
    12,
    8,
    17,
    12,
    9,
    12,
    11,
    16,
    8,
    10,
    11,
    8,
    12,
    13,
    13,
    11,
    12,
    9,
    14,
    13,
    7,
    12,
    8,
    7,
    12,
    15,
    10,
    8,
    6,
    14,
    6,
    11,
    5,
    11,
    14,
    13,
    3,
    15,
    9,
    11,
    9,
    8,
    8,
    15,
    8,
    4,
    4,
    5,
    9
  ],
  "diversity":false,
  "p_split":null,
  "split_reliability_mode":null,
  "mechanism":null,
  "fixed_sfc_len":null,
  "fixed_reliability":null,
  "max_backup_level":2,
  "explicit_split_replicas":false,
  "split_enforce_distinct":false,
  "strict_split_resource_ablation":false,
  "split_replica_resource_scale":1.0,
  "cap_base_min":500,
  "cap_base_max":700,
  "cap_scale":0.2,
  "total_arrivals":1214,
  "total_accepted":1205,
  "total_rejected":9,
  "acceptance_ratio":0.9925864909,
  "avg_cost_per_arrival":34.3856408856,
  "total_cost":41744.1680350868,
  "total_cost_resource":29157.1680350868,
  "avg_cost_per_accepted":34.6424630997,
  "final_utilization":0.4609930707,
  "avg_utilization_over_time":0.5194522183,
  "avg_leftover_capacity_sum_over_time":83691.625,
  "final_leftover_capacity_sum":93872.8,
  "final_leftover_capacity_min":0.4,
  "final_leftover_capacity_max":2308.0,
  "final_leftover_capacity_avg":685.202919708,
  "avg_e2e_delay_accepted":0.0618643194,
  "p95_e2e_delay_accepted":0.1231722449,
  "avg_access_delay_accepted":0.0080461044,
  "avg_processing_delay_accepted":0.0470402711,
  "avg_network_delay_accepted":0.0067779438,
  "avg_split_proc_overhead_accepted":0.0,
  "avg_split_net_overhead_accepted":0.0,
  "total_transmitted_bits_accepted":1524207031.2197780609,
  "avg_transmitted_bits_per_accepted":1264902.1005973262,
  "total_split_transmitted_bits_accepted":0.0,
  "avg_split_transmitted_bits_per_accepted":0.0,
  "avg_split_overhead_ratio_accepted":0.0,
  "p95_split_overhead_ratio_accepted":0.0,
  "rga_accepted_total":1214,
  "rga_rejected_total":0,
  "rga_rejection_ratio":0.0,
  "mdca_rejected_total":9,
  "mdca_capacity_rejected_total":0,
  "mdca_reliability_rejected_total":0,
  "mdca_qos_rejected_total":9,
  "mdca_rejection_ratio":0.0074135091,
  "capacity_rejection_ratio":0.0,
  "reliability_rejection_ratio":0.0,
  "qos_rejected_total":9,
  "qos_rejection_ratio":0.0074135091
}