{
  "algo":"hspa",
  "region":"Arizona",
  "time_slots":120,
  "arrival_rate":20.0,
  "mean_service_time":9.0,
  "seed":2,
  "trace_seed":8552427652862279523,
  "algo_seed":3829126596154728036,
  "trace_hash":"c95607e0e367036c7bf7c7027b186a7c324d69f5813de3c8c39aa5a963b495d4",
  "arrivals_per_slot":[
    15,
    22,
    22,
    19,
    20,
    19,
    27,
    21,
    20,
    20,
    18,
    16,
    13,
    18,
    23,
    31,
    19,
    17,
    27,
    19,
    15,
    17,
    24,
    20,
    19,
    24,
    19,
    26,
    25,
    10,
    24,
    18,
    18,
    20,
    15,
    19,
    26,
    21,
    21,
    19,
    18,
    14,
    17,
    17,
    9,
    25,
    17,
    19,
    20,
    17,
    12,
    16,
    23,
    21,
    17,
    17,
    23,
    22,
    36,
    25,
    20,
    17,
    13,
    13,
    14,
    18,
    26,
    22,
    11,
    23,
    19,
    23,
    25,
    23,
    24,
    16,
    24,
    24,
    18,
    19,
    21,
    19,
    21,
    17,
    22,
    15,
    21,
    15,
    20,
    19,
    23,
    18,
    17,
    15,
    19,
    21,
    17,
    24,
    16,
    16,
    16,
    15,
    21,
    22,
    29,
    22,
    12,
    20,
    18,
    23,
    22,
    20,
    24,
    19,
    26,
    19,
    16,
    21,
    21,
    20
  ],
  "diversity":false,
  "p_split":null,
  "split_reliability_mode":null,
  "mechanism":null,
  "fixed_sfc_len":5,
  "fixed_reliability":null,
  "max_backup_level":2,
  "explicit_split_replicas":false,
  "split_enforce_distinct":false,
  "strict_split_resource_ablation":false,
  "split_replica_resource_scale":1.0,
  "cap_base_min":500,
  "cap_base_max":700,
  "cap_scale":0.2,
  "total_arrivals":2365,
  "total_accepted":1994,
  "total_rejected":371,
  "acceptance_ratio":0.8431289641,
  "avg_cost_per_arrival":79.7984423235,
  "total_cost":188723.3160950803,
  "total_cost_resource":143140.3160950804,
  "avg_cost_per_accepted":94.645594832,
  "final_utilization":0.9553906863,
  "avg_utilization_over_time":0.9093167375,
  "avg_leftover_capacity_sum_over_time":34121.5,
  "final_leftover_capacity_sum":16785.2,
  "final_leftover_capacity_min":0.2,
  "final_leftover_capacity_max":1032.4,
  "final_leftover_capacity_avg":53.4560509554,
  "avg_e2e_delay_accepted":0.1035033211,
  "p95_e2e_delay_accepted":0.1597939499,
  "avg_access_delay_accepted":0.0080817158,
  "avg_processing_delay_accepted":0.0781341521,
  "avg_network_delay_accepted":0.0172874531,
  "avg_split_proc_overhead_accepted":0.0,
  "avg_split_net_overhead_accepted":0.0,
  "total_transmitted_bits_accepted":5431291676.2885799408,
  "avg_transmitted_bits_per_accepted":2723817.2900143331,
  "total_split_transmitted_bits_accepted":0.0,
  "avg_split_transmitted_bits_per_accepted":0.0,
  "avg_split_overhead_ratio_accepted":0.0,
  "p95_split_overhead_ratio_accepted":0.0,
  "rga_accepted_total":2365,
  "rga_rejected_total":0,
  "rga_rejection_ratio":0.0,
  "mdca_rejected_total":371,
  "mdca_capacity_rejected_total":292,
  "mdca_reliability_rejected_total":0,
  "mdca_qos_rejected_total":79,
  "mdca_rejection_ratio":0.1568710359,
  "capacity_rejection_ratio":0.1234672304,
  "reliability_rejection_ratio":0.0,
  "qos_rejected_total":79,
  "qos_rejection_ratio":0.0334038055
}