{
  "algo":"mdca",
  "region":"Alabama",
  "time_slots":120,
  "arrival_rate":40.0,
  "mean_service_time":9.0,
  "seed":1,
  "trace_seed":12305058452086399011,
  "algo_seed":1274429512653363058,
  "trace_hash":"f23b990a17aa4bd83d1915319171e85746ffdab3e50b4287f4d9f873b237609b",
  "arrivals_per_slot":[
    42,
    41,
    38,
    34,
    32,
    44,
    45,
    33,
    39,
    38,
    34,
    35,
    38,
    48,
    26,
    45,
    47,
    49,
    44,
    21,
    34,
    47,
    39,
    39,
    46,
    42,
    32,
    27,
    47,
    37,
    39,
    24,
    33,
    54,
    49,
    36,
    47,
    37,
    44,
    24,
    46,
    48,
    44,
    40,
    42,
    31,
    31,
    39,
    36,
    38,
    46,
    31,
    47,
    42,
    34,
    43,
    29,
    36,
    43,
    39,
    40,
    37,
    40,
    40,
    31,
    40,
    45,
    40,
    37,
    35,
    45,
    39,
    38,
    45,
    33,
    44,
    33,
    47,
    52,
    33,
    45,
    34,
    40,
    35,
    46,
    40,
    35,
    39,
    52,
    44,
    44,
    42,
    40,
    33,
    41,
    48,
    35,
    42,
    39,
    42,
    44,
    51,
    39,
    33,
    56,
    41,
    45,
    34,
    43,
    33,
    40,
    45,
    28,
    46,
    44,
    58,
    41,
    27,
    47,
    30
  ],
  "diversity":true,
  "p_split":0.3,
  "split_reliability_mode":"identical_active_pool",
  "mechanism":null,
  "fixed_sfc_len":null,
  "fixed_reliability":null,
  "max_backup_level":2,
  "explicit_split_replicas":true,
  "split_enforce_distinct":false,
  "strict_split_resource_ablation":false,
  "split_replica_resource_scale":1.0,
  "cap_base_min":500,
  "cap_base_max":700,
  "cap_scale":0.2,
  "total_arrivals":4770,
  "total_accepted":3275,
  "total_rejected":1495,
  "acceptance_ratio":0.6865828092,
  "avg_cost_per_arrival":21.5574648853,
  "total_cost":102829.1075028347,
  "total_cost_resource":74000.1075028347,
  "avg_cost_per_accepted":31.3982007642,
  "final_utilization":0.9734128108,
  "avg_utilization_over_time":0.9561921143,
  "avg_leftover_capacity_sum_over_time":7669.7444444445,
  "final_leftover_capacity_sum":4654.8,
  "final_leftover_capacity_min":0.2,
  "final_leftover_capacity_max":193.0,
  "final_leftover_capacity_avg":33.9766423358,
  "avg_e2e_delay_accepted":0.0631729839,
  "p95_e2e_delay_accepted":0.1288611705,
  "avg_access_delay_accepted":0.008009895,
  "avg_processing_delay_accepted":0.0420390556,
  "avg_network_delay_accepted":0.0100181491,
  "avg_split_proc_overhead_accepted":5.242572703e-19,
  "avg_split_net_overhead_accepted":0.0,
  "total_transmitted_bits_accepted":4626401079.0947065353,
  "avg_transmitted_bits_per_accepted":1412641.5508686127,
  "total_split_transmitted_bits_accepted":1109332155.9029769897,
  "avg_split_transmitted_bits_per_accepted":338727.3758482373,
  "avg_split_overhead_ratio_accepted":6.889072265e-18,
  "p95_split_overhead_ratio_accepted":4.656431411e-17,
  "rga_accepted_total":4770,
  "rga_rejected_total":0,
  "rga_rejection_ratio":0.0,
  "mdca_rejected_total":1495,
  "mdca_capacity_rejected_total":1457,
  "mdca_reliability_rejected_total":5,
  "mdca_qos_rejected_total":33,
  "mdca_rejection_ratio":0.3134171908,
  "capacity_rejection_ratio":0.3054507338,
  "reliability_rejection_ratio":0.001048218,
  "qos_rejected_total":33,
  "qos_rejection_ratio":0.006918239
}