{
  "algo":"hspa",
  "region":"Arizona",
  "time_slots":120,
  "arrival_rate":12.0,
  "mean_service_time":9.0,
  "seed":4,
  "trace_seed":9198539886969664778,
  "algo_seed":5871001202714428341,
  "trace_hash":"f252f216f7214826f3c42fd91b232e223db9b72a0b2d55b6b4c16d4dafe49862",
  "arrivals_per_slot":[
    16,
    14,
    11,
    11,
    12,
    13,
    19,
    13,
    7,
    17,
    10,
    18,
    12,
    19,
    6,
    12,
    11,
    17,
    11,
    19,
    11,
    18,
    11,
    9,
    13,
    14,
    8,
    7,
    11,
    5,
    4,
    15,
    9,
    15,
    15,
    9,
    14,
    15,
    14,
    18,
    12,
    8,
    18,
    8,
    8,
    12,
    8,
    12,
    15,
    15,
    21,
    10,
    15,
    11,
    10,
    13,
    11,
    11,
    13,
    20,
    13,
    13,
    12,
    10,
    17,
    11,
    14,
    10,
    13,
    12,
    12,
    9,
    10,
    19,
    14,
    12,
    14,
    11,
    12,
    19,
    10,
    16,
    11,
    15,
    13,
    9,
    15,
    15,
    6,
    17,
    9,
    16,
    7,
    8,
    12,
    12,
    10,
    15,
    11,
    19,
    17,
    13,
    14,
    11,
    15,
    12,
    10,
    11,
    13,
    11,
    16,
    11,
    11,
    12,
    10,
    8,
    8,
    16,
    14,
    10
  ],
  "diversity":false,
  "p_split":null,
  "split_reliability_mode":null,
  "mechanism":null,
  "fixed_sfc_len":null,
  "fixed_reliability":0.93,
  "max_backup_level":2,
  "explicit_split_replicas":false,
  "split_enforce_distinct":false,
  "strict_split_resource_ablation":false,
  "split_replica_resource_scale":1.0,
  "cap_base_min":500,
  "cap_base_max":700,
  "cap_scale":0.2,
  "total_arrivals":1500,
  "total_accepted":1496,
  "total_rejected":4,
  "acceptance_ratio":0.9973333333,
  "avg_cost_per_arrival":32.2191957477,
  "total_cost":48328.7936216108,
  "total_cost_resource":31717.7936216108,
  "avg_cost_per_accepted":32.30534333,
  "final_utilization":0.3942714389,
  "avg_utilization_over_time":0.3296358748,
  "avg_leftover_capacity_sum_over_time":253206.1833333333,
  "final_leftover_capacity_sum":228792.4,
  "final_leftover_capacity_min":0.2,
  "final_leftover_capacity_max":2644.8,
  "final_leftover_capacity_avg":728.6382165605,
  "avg_e2e_delay_accepted":0.063073693,
  "p95_e2e_delay_accepted":0.1229999748,
  "avg_access_delay_accepted":0.0081128788,
  "avg_processing_delay_accepted":0.0467554792,
  "avg_network_delay_accepted":0.008205335,
  "avg_split_proc_overhead_accepted":0.0,
  "avg_split_net_overhead_accepted":0.0,
  "total_transmitted_bits_accepted":1946302651.8207273483,
  "avg_transmitted_bits_per_accepted":1301004.4464042296,
  "total_split_transmitted_bits_accepted":0.0,
  "avg_split_transmitted_bits_per_accepted":0.0,
  "avg_split_overhead_ratio_accepted":0.0,
  "p95_split_overhead_ratio_accepted":0.0,
  "rga_accepted_total":1500,
  "rga_rejected_total":0,
  "rga_rejection_ratio":0.0,
  "mdca_rejected_total":4,
  "mdca_capacity_rejected_total":0,
  "mdca_reliability_rejected_total":0,
  "mdca_qos_rejected_total":4,
  "mdca_rejection_ratio":0.0026666667,
  "capacity_rejection_ratio":0.0,
  "reliability_rejection_ratio":0.0,
  "qos_rejected_total":4,
  "qos_rejection_ratio":0.0026666667
}