{
  "algo":"dtsp",
  "region":"Alabama",
  "time_slots":120,
  "arrival_rate":12.0,
  "mean_service_time":9.0,
  "seed":4,
  "trace_seed":4302582646611326966,
  "algo_seed":10631498835370800008,
  "trace_hash":"bfd24cd077b9205e8575bb5b89d6dc848d83e069796b0e8f61770b5565de3149",
  "arrivals_per_slot":[
    12,
    8,
    19,
    13,
    18,
    14,
    8,
    11,
    11,
    8,
    14,
    7,
    14,
    15,
    16,
    11,
    8,
    8,
    9,
    10,
    15,
    11,
    12,
    13,
    14,
    17,
    13,
    10,
    19,
    9,
    14,
    15,
    15,
    7,
    12,
    6,
    9,
    10,
    11,
    11,
    6,
    13,
    9,
    15,
    12,
    13,
    16,
    8,
    11,
    11,
    12,
    12,
    14,
    15,
    10,
    13,
    10,
    13,
    17,
    10,
    10,
    14,
    14,
    10,
    11,
    10,
    12,
    5,
    17,
    16,
    12,
    8,
    14,
    12,
    11,
    12,
    12,
    20,
    21,
    15,
    8,
    16,
    9,
    17,
    10,
    7,
    8,
    14,
    10,
    9,
    7,
    9,
    15,
    22,
    16,
    11,
    15,
    17,
    8,
    10,
    13,
    10,
    5,
    15,
    11,
    15,
    19,
    13,
    12,
    11,
    8,
    13,
    12,
    9,
    8,
    13,
    6,
    6,
    9,
    12
  ],
  "diversity":false,
  "p_split":null,
  "split_reliability_mode":null,
  "mechanism":null,
  "fixed_sfc_len":null,
  "fixed_reliability":0.99,
  "max_backup_level":2,
  "explicit_split_replicas":false,
  "split_enforce_distinct":false,
  "strict_split_resource_ablation":false,
  "split_replica_resource_scale":1.0,
  "cap_base_min":500,
  "cap_base_max":700,
  "cap_scale":0.2,
  "total_arrivals":1431,
  "total_accepted":1331,
  "total_rejected":100,
  "acceptance_ratio":0.930118798,
  "avg_cost_per_arrival":54.4300858019,
  "total_cost":77889.4527825379,
  "total_cost_resource":59404.4527825379,
  "avg_cost_per_accepted":58.5194987096,
  "final_utilization":0.9022143752,
  "avg_utilization_over_time":0.8642828745,
  "avg_leftover_capacity_sum_over_time":23690.7,
  "final_leftover_capacity_sum":17069.4,
  "final_leftover_capacity_min":0.0,
  "final_leftover_capacity_max":1152.0,
  "final_leftover_capacity_avg":124.5941605839,
  "avg_e2e_delay_accepted":0.0637286777,
  "p95_e2e_delay_accepted":0.1227097177,
  "avg_access_delay_accepted":0.0080727018,
  "avg_processing_delay_accepted":0.0476278842,
  "avg_network_delay_accepted":0.0080280917,
  "avg_split_proc_overhead_accepted":0.0,
  "avg_split_net_overhead_accepted":0.0,
  "total_transmitted_bits_accepted":1962870723.2701859474,
  "avg_transmitted_bits_per_accepted":1474733.8266492756,
  "total_split_transmitted_bits_accepted":0.0,
  "avg_split_transmitted_bits_per_accepted":0.0,
  "avg_split_overhead_ratio_accepted":0.0,
  "p95_split_overhead_ratio_accepted":0.0,
  "rga_accepted_total":1431,
  "rga_rejected_total":0,
  "rga_rejection_ratio":0.0,
  "mdca_rejected_total":100,
  "mdca_capacity_rejected_total":92,
  "mdca_reliability_rejected_total":0,
  "mdca_qos_rejected_total":8,
  "mdca_rejection_ratio":0.069881202,
  "capacity_rejection_ratio":0.0642907058,
  "reliability_rejection_ratio":0.0,
  "qos_rejected_total":8,
  "qos_rejection_ratio":0.0055904962
}