{
  "algo":"random",
  "region":"Arizona",
  "time_slots":120,
  "arrival_rate":35.0,
  "mean_service_time":9.0,
  "seed":4,
  "trace_seed":11706715555328246332,
  "algo_seed":14455530561567367807,
  "trace_hash":"af667de3206c78b82fa5e19d919cffd1465b0c4705c007d7f908e1e5e9d16530",
  "arrivals_per_slot":[
    29,
    40,
    37,
    36,
    37,
    31,
    27,
    25,
    38,
    36,
    38,
    32,
    31,
    44,
    38,
    48,
    35,
    49,
    38,
    28,
    39,
    39,
    35,
    43,
    29,
    35,
    37,
    32,
    35,
    25,
    32,
    27,
    34,
    39,
    38,
    33,
    39,
    32,
    40,
    37,
    39,
    38,
    28,
    46,
    40,
    43,
    24,
    36,
    30,
    33,
    34,
    42,
    31,
    40,
    39,
    30,
    34,
    35,
    34,
    32,
    42,
    38,
    45,
    38,
    33,
    32,
    43,
    44,
    38,
    35,
    41,
    41,
    35,
    31,
    34,
    39,
    40,
    37,
    26,
    32,
    34,
    40,
    33,
    35,
    32,
    25,
    28,
    31,
    43,
    41,
    29,
    27,
    32,
    48,
    37,
    28,
    40,
    31,
    36,
    47,
    40,
    29,
    38,
    35,
    33,
    27,
    34,
    32,
    36,
    37,
    38,
    30,
    27,
    38,
    34,
    26,
    33,
    38,
    43,
    34
  ],
  "diversity":false,
  "p_split":null,
  "split_reliability_mode":null,
  "mechanism":null,
  "fixed_sfc_len":null,
  "fixed_reliability":null,
  "max_backup_level":2,
  "explicit_split_replicas":false,
  "split_enforce_distinct":false,
  "strict_split_resource_ablation":false,
  "split_replica_resource_scale":1.0,
  "cap_base_min":500,
  "cap_base_max":700,
  "cap_scale":0.2,
  "total_arrivals":4248,
  "total_accepted":3542,
  "total_rejected":706,
  "acceptance_ratio":0.8338041431,
  "avg_cost_per_arrival":47.501491903,
  "total_cost":201786.3376039233,
  "total_cost_resource":153838.3376039233,
  "avg_cost_per_accepted":56.9696040666,
  "final_utilization":0.9209878279,
  "avg_utilization_over_time":0.8923244353,
  "avg_leftover_capacity_sum_over_time":40139.9,
  "final_leftover_capacity_sum":29454.6,
  "final_leftover_capacity_min":0.0,
  "final_leftover_capacity_max":303.8,
  "final_leftover_capacity_avg":93.8044585987,
  "avg_e2e_delay_accepted":0.0651853719,
  "p95_e2e_delay_accepted":0.1287152843,
  "avg_access_delay_accepted":0.0080678701,
  "avg_processing_delay_accepted":0.0479770097,
  "avg_network_delay_accepted":0.0091404921,
  "avg_split_proc_overhead_accepted":0.0,
  "avg_split_net_overhead_accepted":0.0,
  "total_transmitted_bits_accepted":5149529466.1424732208,
  "avg_transmitted_bits_per_accepted":1453847.9576912685,
  "total_split_transmitted_bits_accepted":0.0,
  "avg_split_transmitted_bits_per_accepted":0.0,
  "avg_split_overhead_ratio_accepted":0.0,
  "p95_split_overhead_ratio_accepted":0.0,
  "rga_accepted_total":4248,
  "rga_rejected_total":0,
  "rga_rejection_ratio":0.0,
  "mdca_rejected_total":706,
  "mdca_capacity_rejected_total":666,
  "mdca_reliability_rejected_total":0,
  "mdca_qos_rejected_total":40,
  "mdca_rejection_ratio":0.1661958569,
  "capacity_rejection_ratio":0.156779661,
  "reliability_rejection_ratio":0.0,
  "qos_rejected_total":40,
  "qos_rejection_ratio":0.0094161959
}