{
  "algo":"random",
  "region":"Arizona",
  "time_slots":120,
  "arrival_rate":20.0,
  "mean_service_time":9.0,
  "seed":5,
  "trace_seed":12530289205490906894,
  "algo_seed":1537971742767984452,
  "trace_hash":"72d3641cf9b56bcadbe2fca66cad897e05e034ee5b0cf56cc0e4cda80bc9111b",
  "arrivals_per_slot":[
    15,
    21,
    21,
    12,
    13,
    15,
    22,
    26,
    20,
    21,
    16,
    14,
    22,
    12,
    15,
    15,
    17,
    20,
    26,
    19,
    19,
    23,
    15,
    20,
    20,
    17,
    22,
    21,
    14,
    17,
    15,
    28,
    16,
    23,
    27,
    23,
    22,
    17,
    17,
    22,
    14,
    26,
    22,
    16,
    18,
    18,
    28,
    17,
    20,
    20,
    22,
    18,
    15,
    18,
    14,
    22,
    20,
    18,
    23,
    22,
    22,
    23,
    16,
    27,
    19,
    18,
    29,
    16,
    18,
    19,
    31,
    21,
    22,
    20,
    12,
    20,
    21,
    17,
    18,
    27,
    18,
    17,
    26,
    16,
    26,
    28,
    26,
    24,
    24,
    16,
    15,
    15,
    17,
    22,
    25,
    22,
    22,
    18,
    23,
    23,
    23,
    18,
    21,
    12,
    20,
    29,
    27,
    14,
    13,
    18,
    24,
    25,
    19,
    15,
    23,
    23,
    18,
    26,
    15,
    15
  ],
  "diversity":false,
  "p_split":null,
  "split_reliability_mode":null,
  "mechanism":null,
  "fixed_sfc_len":null,
  "fixed_reliability":null,
  "max_backup_level":2,
  "explicit_split_replicas":false,
  "split_enforce_distinct":false,
  "strict_split_resource_ablation":false,
  "split_replica_resource_scale":1.0,
  "cap_base_min":500,
  "cap_base_max":700,
  "cap_scale":0.2,
  "total_arrivals":2388,
  "total_accepted":2373,
  "total_rejected":15,
  "acceptance_ratio":0.993718593,
  "avg_cost_per_arrival":61.7297585988,
  "total_cost":147410.6635338887,
  "total_cost_resource":113895.6635338887,
  "avg_cost_per_accepted":62.1199593485,
  "final_utilization":0.7505227466,
  "avg_utilization_over_time":0.6470597621,
  "avg_leftover_capacity_sum_over_time":133277.575,
  "final_leftover_capacity_sum":94207.8,
  "final_leftover_capacity_min":0.0,
  "final_leftover_capacity_max":1449.0,
  "final_leftover_capacity_avg":300.0248407643,
  "avg_e2e_delay_accepted":0.0659139885,
  "p95_e2e_delay_accepted":0.1312971956,
  "avg_access_delay_accepted":0.0081121974,
  "avg_processing_delay_accepted":0.0482086569,
  "avg_network_delay_accepted":0.0095931342,
  "avg_split_proc_overhead_accepted":0.0,
  "avg_split_net_overhead_accepted":0.0,
  "total_transmitted_bits_accepted":3633835034.0048894882,
  "avg_transmitted_bits_per_accepted":1531325.3409207289,
  "total_split_transmitted_bits_accepted":0.0,
  "avg_split_transmitted_bits_per_accepted":0.0,
  "avg_split_overhead_ratio_accepted":0.0,
  "p95_split_overhead_ratio_accepted":0.0,
  "rga_accepted_total":2388,
  "rga_rejected_total":0,
  "rga_rejection_ratio":0.0,
  "mdca_rejected_total":15,
  "mdca_capacity_rejected_total":0,
  "mdca_reliability_rejected_total":0,
  "mdca_qos_rejected_total":15,
  "mdca_rejection_ratio":0.006281407,
  "capacity_rejection_ratio":0.0,
  "reliability_rejection_ratio":0.0,
  "qos_rejected_total":15,
  "qos_rejection_ratio":0.006281407
}