scale,J,K,L,M,total_runs,solved_instances,ratio_instances,timeout_count,infeasible_count,mdca_infeasible_count,mean_mdca_opt_ratio,max_mdca_opt_ratio,mean_opt_runtime_s,mean_lb_opt_ratio
3x5x2,3,5,2,2,10,10,9,0,0,1,1.0635762574339662,1.159516053679357,1.571498210003483,0.7525618339610812
4x5x2,4,5,2,2,10,9,9,1,0,0,1.0473013187131612,1.0993777228407378,26.315659477776435,0.7358765707381818
4x6x2,4,6,2,2,10,9,9,1,0,0,1.0900729884469083,1.1751852028936367,37.93711113333443,0.7447160255548408
5x5x2,5,5,2,2,10,3,3,7,0,0,1.0371369346013848,1.0791477107232028,34.64141843333103,0.8034197567729885
5x8x3,5,8,3,2,10,0,0,10,0,0,,,,
