{
  "algo":"mdca",
  "region":"Alabama",
  "time_slots":120,
  "arrival_rate":15.0,
  "mean_service_time":9.0,
  "seed":2,
  "trace_seed":12353848753208995478,
  "algo_seed":1988428424119012433,
  "trace_hash":"429db02362fc9849e7cba2df1c0f555d786f6bcfb30a6418cacf679e8a9e3ee7",
  "arrivals_per_slot":[
    14,
    19,
    17,
    12,
    15,
    18,
    15,
    16,
    10,
    19,
    15,
    15,
    16,
    11,
    10,
    14,
    11,
    13,
    14,
    3,
    13,
    17,
    10,
    18,
    16,
    17,
    21,
    12,
    14,
    17,
    14,
    9,
    15,
    18,
    13,
    19,
    16,
    14,
    24,
    12,
    21,
    20,
    11,
    17,
    17,
    13,
    15,
    12,
    14,
    13,
    12,
    17,
    16,
    8,
    19,
    15,
    18,
    14,
    21,
    11,
    16,
    20,
    20,
    12,
    17,
    23,
    15,
    14,
    15,
    12,
    21,
    22,
    15,
    10,
    16,
    9,
    14,
    19,
    11,
    22,
    16,
    13,
    20,
    19,
    21,
    22,
    20,
    15,
    15,
    19,
    13,
    17,
    12,
    13,
    8,
    16,
    11,
    9,
    15,
    15,
    20,
    14,
    19,
    22,
    13,
    13,
    30,
    16,
    23,
    18,
    21,
    13,
    20,
    14,
    16,
    8,
    10,
    14,
    15,
    12
  ],
  "diversity":true,
  "p_split":0.3,
  "split_reliability_mode":"identical_active_pool",
  "mechanism":null,
  "fixed_sfc_len":null,
  "fixed_reliability":null,
  "max_backup_level":2,
  "explicit_split_replicas":true,
  "split_enforce_distinct":false,
  "strict_split_resource_ablation":false,
  "split_replica_resource_scale":1.0,
  "cap_base_min":500,
  "cap_base_max":700,
  "cap_scale":0.2,
  "total_arrivals":1853,
  "total_accepted":1826,
  "total_rejected":27,
  "acceptance_ratio":0.985429034,
  "avg_cost_per_arrival":37.2745333135,
  "total_cost":69069.7102300073,
  "total_cost_resource":49299.7102300073,
  "avg_cost_per_accepted":37.8256901588,
  "final_utilization":0.8592874928,
  "avg_utilization_over_time":0.7493630335,
  "avg_leftover_capacity_sum_over_time":43544.6138888889,
  "final_leftover_capacity_sum":24446.8,
  "final_leftover_capacity_min":0.6666666667,
  "final_leftover_capacity_max":1929.6,
  "final_leftover_capacity_avg":178.4437956204,
  "avg_e2e_delay_accepted":0.067918415,
  "p95_e2e_delay_accepted":0.1324116297,
  "avg_access_delay_accepted":0.0081044719,
  "avg_processing_delay_accepted":0.0441398566,
  "avg_network_delay_accepted":0.0121639142,
  "avg_split_proc_overhead_accepted":5.937580353e-19,
  "avg_split_net_overhead_accepted":0.0,
  "total_transmitted_bits_accepted":3203385509.1920309067,
  "avg_transmitted_bits_per_accepted":1754318.4606747157,
  "total_split_transmitted_bits_accepted":700012834.1307675838,
  "avg_split_transmitted_bits_per_accepted":383358.6167200261,
  "avg_split_overhead_ratio_accepted":7.10414707e-18,
  "p95_split_overhead_ratio_accepted":4.808106472e-17,
  "rga_accepted_total":1853,
  "rga_rejected_total":0,
  "rga_rejection_ratio":0.0,
  "mdca_rejected_total":27,
  "mdca_capacity_rejected_total":10,
  "mdca_reliability_rejected_total":0,
  "mdca_qos_rejected_total":17,
  "mdca_rejection_ratio":0.014570966,
  "capacity_rejection_ratio":0.0053966541,
  "reliability_rejection_ratio":0.0,
  "qos_rejected_total":17,
  "qos_rejection_ratio":0.0091743119
}