region,fixed_reliability,seed,method,share,share_tag,domain_count,domain_failure_prob,total_accepted,expected_target_satisfaction_ratio,expected_reliability,expected_reliability_loss
Arizona,0.9,5,DMDCA,"0.5,0.5",0p5_0p5,6,0.0,1414,1.0,0.9320641863380785,-2.220446049250313e-16
Arizona,0.9,5,DMDCA,"0.5,0.5",0p5_0p5,6,0.01,1414,0.9738929675026211,0.9169296023091437,0.015134584028934639
Arizona,0.9,5,DMDCA,"0.5,0.5",0p5_0p5,6,0.03,1414,0.9233252419508299,0.8868779941490377,0.04518619218904063
Arizona,0.9,5,DMDCA,"0.5,0.5",0p5_0p5,6,0.05,1414,0.8748907371154523,0.857132039201899,0.07493214713617935
Arizona,0.9,5,MDCA,nan,nan,6,0.0,1416,1.0,0.9325569907736564,-3.3306690738754696e-16
Arizona,0.9,5,MDCA,nan,nan,6,0.01,1416,0.9743985892653306,0.9166549128323129,0.01590207794134313
Arizona,0.9,5,MDCA,nan,nan,6,0.03,1416,0.9247727462661947,0.8851702847389568,0.0473867060346993
Arizona,0.9,5,MDCA,nan,nan,6,0.05,1416,0.8771917190589686,0.8541222366762024,0.07843475409745371
