slot,arrivals,rga_accepted,rga_rejected,mdca_rejected,capacity_rejected,reliability_rejected,accepted,rejected,qos_rejected,avg_e2e_delay,p95_e2e_delay,avg_access_delay,avg_processing_delay,avg_network_delay,avg_split_proc_overhead,avg_split_net_overhead,avg_transmitted_bits,avg_split_transmitted_bits,avg_split_overhead_ratio,leftover_sum,utilization,active_tasks
0,2,2,0,0,0,0,2,0,0,0.07436017978855489,0.0843251169753677,0.00800478380755857,0.05608475026636645,0.007641105202737596,1.734723475976807e-18,0.0,1551264.0646346796,0.0,2.030523375556718e-17,169306.6666666667,0.025674078848426096,2
1,1,1,0,0,0,0,1,0,0,0.04375702252477824,0.04375702252477824,0.00837799189486564,0.03537903062991261,0.0,0.0,0.0,0.0,0.0,0.0,170581.6666666667,0.01833670948237487,2
2,1,1,0,0,0,0,1,0,0,0.06638354799149779,0.06638354799149779,0.008174904562002481,0.046350882705414806,0.0066255008624411926,0.0,0.0,818371.3028685026,0.0,0.0,171150.0,0.015066065098292003,2
3,0,0,0,0,0,0,0,0,0,0.0,0.0,0.0,0.0,0.0,0.0,0.0,0.0,0.0,0.0,171924.0,0.01061185028313616,1
4,1,1,0,0,0,0,1,0,0,0.039849379734078746,0.039849379734078746,0.00662181241657758,0.02176107005414693,0.007683270664687722,1.734723475976807e-18,0.0,912699.3300879649,304233.11002932163,4.35320069610341e-17,170630.3333333333,0.01805664257323958,2
