{
  "algo":"mdca",
  "region":"Arizona",
  "time_slots":120,
  "arrival_rate":25.0,
  "mean_service_time":9.0,
  "seed":2,
  "trace_seed":3336211089843640872,
  "algo_seed":12017847392608320075,
  "trace_hash":"882e78edd938d537cc65095097f3e31d81d839343d369743d512bb48a3dada76",
  "arrivals_per_slot":[
    27,
    19,
    28,
    15,
    28,
    25,
    34,
    31,
    25,
    23,
    19,
    28,
    18,
    31,
    25,
    18,
    22,
    32,
    28,
    18,
    24,
    35,
    27,
    24,
    35,
    21,
    20,
    22,
    21,
    34,
    23,
    20,
    31,
    22,
    33,
    26,
    21,
    26,
    25,
    26,
    19,
    23,
    26,
    29,
    29,
    27,
    20,
    18,
    25,
    28,
    29,
    24,
    26,
    29,
    35,
    24,
    20,
    26,
    25,
    23,
    24,
    26,
    27,
    21,
    18,
    25,
    20,
    37,
    22,
    26,
    19,
    26,
    25,
    19,
    33,
    27,
    28,
    16,
    25,
    23,
    23,
    36,
    19,
    32,
    28,
    26,
    26,
    20,
    18,
    26,
    20,
    26,
    30,
    23,
    29,
    27,
    18,
    25,
    24,
    24,
    27,
    25,
    29,
    31,
    31,
    22,
    25,
    25,
    23,
    34,
    20,
    34,
    22,
    26,
    30,
    25,
    20,
    21,
    17,
    28
  ],
  "diversity":false,
  "p_split":null,
  "split_reliability_mode":null,
  "mechanism":null,
  "fixed_sfc_len":null,
  "fixed_reliability":null,
  "max_backup_level":2,
  "explicit_split_replicas":false,
  "split_enforce_distinct":false,
  "strict_split_resource_ablation":false,
  "split_replica_resource_scale":1.0,
  "cap_base_min":500,
  "cap_base_max":700,
  "cap_scale":0.2,
  "total_arrivals":3017,
  "total_accepted":2994,
  "total_rejected":23,
  "acceptance_ratio":0.992376533,
  "avg_cost_per_arrival":37.3666777635,
  "total_cost":112735.2668124758,
  "total_cost_resource":80761.2668124758,
  "avg_cost_per_accepted":37.6537297303,
  "final_utilization":0.6314589813,
  "avg_utilization_over_time":0.6087797398,
  "avg_leftover_capacity_sum_over_time":149357.9583333334,
  "final_leftover_capacity_sum":140699.6,
  "final_leftover_capacity_min":0.0,
  "final_leftover_capacity_max":2083.2,
  "final_leftover_capacity_avg":448.0878980892,
  "avg_e2e_delay_accepted":0.0650697938,
  "p95_e2e_delay_accepted":0.1282075763,
  "avg_access_delay_accepted":0.0080010131,
  "avg_processing_delay_accepted":0.0479087915,
  "avg_network_delay_accepted":0.0091599892,
  "avg_split_proc_overhead_accepted":0.0,
  "avg_split_net_overhead_accepted":0.0,
  "total_transmitted_bits_accepted":4030744839.5711464882,
  "avg_transmitted_bits_per_accepted":1346274.1615134089,
  "total_split_transmitted_bits_accepted":0.0,
  "avg_split_transmitted_bits_per_accepted":0.0,
  "avg_split_overhead_ratio_accepted":0.0,
  "p95_split_overhead_ratio_accepted":0.0,
  "rga_accepted_total":3017,
  "rga_rejected_total":0,
  "rga_rejection_ratio":0.0,
  "mdca_rejected_total":23,
  "mdca_capacity_rejected_total":0,
  "mdca_reliability_rejected_total":0,
  "mdca_qos_rejected_total":23,
  "mdca_rejection_ratio":0.007623467,
  "capacity_rejection_ratio":0.0,
  "reliability_rejection_ratio":0.0,
  "qos_rejected_total":23,
  "qos_rejection_ratio":0.007623467
}