{
  "algo":"random",
  "region":"Alabama",
  "time_slots":120,
  "arrival_rate":20.0,
  "mean_service_time":9.0,
  "seed":2,
  "trace_seed":17715942079816181306,
  "algo_seed":13852390656172401847,
  "trace_hash":"9b1b34bf3ef4cf3da2742151afbf88d1049916ac4859b9a4fcbe166752e75592",
  "arrivals_per_slot":[
    24,
    27,
    14,
    22,
    16,
    14,
    22,
    18,
    27,
    21,
    17,
    29,
    20,
    18,
    25,
    18,
    23,
    13,
    25,
    26,
    23,
    19,
    12,
    19,
    17,
    11,
    21,
    20,
    23,
    19,
    19,
    29,
    21,
    23,
    21,
    16,
    23,
    30,
    24,
    17,
    25,
    19,
    24,
    25,
    23,
    21,
    22,
    25,
    24,
    21,
    23,
    14,
    16,
    24,
    29,
    19,
    18,
    16,
    13,
    26,
    21,
    24,
    19,
    26,
    14,
    23,
    18,
    29,
    13,
    20,
    23,
    9,
    13,
    23,
    21,
    19,
    21,
    17,
    11,
    22,
    10,
    19,
    19,
    19,
    14,
    20,
    14,
    14,
    27,
    24,
    17,
    23,
    23,
    18,
    21,
    20,
    14,
    21,
    19,
    15,
    19,
    18,
    24,
    12,
    18,
    12,
    14,
    24,
    22,
    14,
    11,
    22,
    15,
    21,
    16,
    17,
    30,
    21,
    14,
    18
  ],
  "diversity":false,
  "p_split":null,
  "split_reliability_mode":null,
  "mechanism":null,
  "fixed_sfc_len":2,
  "fixed_reliability":null,
  "max_backup_level":2,
  "explicit_split_replicas":false,
  "split_enforce_distinct":false,
  "strict_split_resource_ablation":false,
  "split_replica_resource_scale":1.0,
  "cap_base_min":500,
  "cap_base_max":700,
  "cap_scale":0.2,
  "total_arrivals":2372,
  "total_accepted":2348,
  "total_rejected":24,
  "acceptance_ratio":0.9898819562,
  "avg_cost_per_arrival":34.1168162294,
  "total_cost":80925.0880961039,
  "total_cost_resource":62371.0880961039,
  "avg_cost_per_accepted":34.465540075,
  "final_utilization":0.7939264477,
  "avg_utilization_over_time":0.7634529377,
  "avg_leftover_capacity_sum_over_time":40972.3166666667,
  "final_leftover_capacity_sum":35694.0,
  "final_leftover_capacity_min":1.8,
  "final_leftover_capacity_max":1382.6,
  "final_leftover_capacity_avg":260.5401459854,
  "avg_e2e_delay_accepted":0.0442013979,
  "p95_e2e_delay_accepted":0.0849022271,
  "avg_access_delay_accepted":0.0080864859,
  "avg_processing_delay_accepted":0.0321457961,
  "avg_network_delay_accepted":0.0039691159,
  "avg_split_proc_overhead_accepted":0.0,
  "avg_split_net_overhead_accepted":0.0,
  "total_transmitted_bits_accepted":1751639756.7296967506,
  "avg_transmitted_bits_per_accepted":746013.5250126477,
  "total_split_transmitted_bits_accepted":0.0,
  "avg_split_transmitted_bits_per_accepted":0.0,
  "avg_split_overhead_ratio_accepted":0.0,
  "p95_split_overhead_ratio_accepted":0.0,
  "rga_accepted_total":2372,
  "rga_rejected_total":0,
  "rga_rejection_ratio":0.0,
  "mdca_rejected_total":24,
  "mdca_capacity_rejected_total":22,
  "mdca_reliability_rejected_total":0,
  "mdca_qos_rejected_total":2,
  "mdca_rejection_ratio":0.0101180438,
  "capacity_rejection_ratio":0.0092748735,
  "reliability_rejection_ratio":0.0,
  "qos_rejected_total":2,
  "qos_rejection_ratio":0.0008431703
}