{
  "algo":"mdca",
  "region":"Arizona",
  "time_slots":120,
  "arrival_rate":12.0,
  "mean_service_time":9.0,
  "seed":5,
  "trace_seed":11454857388609130654,
  "algo_seed":9083723963231765436,
  "trace_hash":"1748f1275925d0d4d9759bbc89df8077cb24da27270c0977cc7d034960fe63de",
  "arrivals_per_slot":[
    13,
    16,
    12,
    13,
    10,
    11,
    9,
    12,
    8,
    8,
    15,
    8,
    10,
    11,
    11,
    11,
    13,
    9,
    8,
    14,
    7,
    11,
    8,
    13,
    11,
    14,
    7,
    16,
    12,
    7,
    8,
    12,
    13,
    10,
    9,
    13,
    15,
    10,
    13,
    8,
    15,
    13,
    8,
    15,
    10,
    11,
    18,
    10,
    14,
    6,
    9,
    13,
    18,
    14,
    20,
    14,
    11,
    11,
    11,
    9,
    9,
    13,
    16,
    18,
    7,
    12,
    11,
    8,
    17,
    7,
    14,
    8,
    13,
    9,
    16,
    13,
    10,
    14,
    19,
    16,
    14,
    9,
    7,
    12,
    12,
    9,
    12,
    7,
    14,
    11,
    10,
    18,
    17,
    18,
    16,
    10,
    9,
    15,
    11,
    9,
    12,
    13,
    15,
    12,
    10,
    13,
    8,
    12,
    13,
    13,
    9,
    10,
    10,
    13,
    11,
    9,
    8,
    10,
    8,
    10
  ],
  "diversity":true,
  "p_split":0.3,
  "split_reliability_mode":"identical_active_pool",
  "mechanism":null,
  "fixed_sfc_len":null,
  "fixed_reliability":0.999,
  "max_backup_level":5,
  "explicit_split_replicas":true,
  "split_enforce_distinct":false,
  "strict_split_resource_ablation":false,
  "split_replica_resource_scale":1.0,
  "cap_base_min":500,
  "cap_base_max":700,
  "cap_scale":0.2,
  "total_arrivals":1398,
  "total_accepted":1371,
  "total_rejected":27,
  "acceptance_ratio":0.9806866953,
  "avg_cost_per_arrival":56.5433103414,
  "total_cost":79047.5478572602,
  "total_cost_resource":53796.5478572602,
  "avg_cost_per_accepted":57.6568547464,
  "final_utilization":0.4967836641,
  "avg_utilization_over_time":0.4788157064,
  "avg_leftover_capacity_sum_over_time":196293.3277777778,
  "final_leftover_capacity_sum":189526.0666666667,
  "final_leftover_capacity_min":0.0,
  "final_leftover_capacity_max":2306.6,
  "final_leftover_capacity_avg":603.5861995754,
  "avg_e2e_delay_accepted":0.0691261599,
  "p95_e2e_delay_accepted":0.1326821889,
  "avg_access_delay_accepted":0.0080531549,
  "avg_processing_delay_accepted":0.042781673,
  "avg_network_delay_accepted":0.0146962461,
  "avg_split_proc_overhead_accepted":5.652718548e-19,
  "avg_split_net_overhead_accepted":0.0,
  "total_transmitted_bits_accepted":2478494972.7165231705,
  "avg_transmitted_bits_per_accepted":1807800.8553731022,
  "total_split_transmitted_bits_accepted":573894357.7893788815,
  "avg_split_transmitted_bits_per_accepted":418595.4469652654,
  "avg_split_overhead_ratio_accepted":7.159118845e-18,
  "p95_split_overhead_ratio_accepted":4.708206925e-17,
  "rga_accepted_total":1398,
  "rga_rejected_total":0,
  "rga_rejection_ratio":0.0,
  "mdca_rejected_total":27,
  "mdca_capacity_rejected_total":0,
  "mdca_reliability_rejected_total":0,
  "mdca_qos_rejected_total":27,
  "mdca_rejection_ratio":0.0193133047,
  "capacity_rejection_ratio":0.0,
  "reliability_rejection_ratio":0.0,
  "qos_rejected_total":27,
  "qos_rejection_ratio":0.0193133047
}