{
  "algo":"random",
  "region":"Alabama",
  "time_slots":120,
  "arrival_rate":35.0,
  "mean_service_time":9.0,
  "seed":4,
  "trace_seed":8720953290351370637,
  "algo_seed":11812869563047589514,
  "trace_hash":"25184ff8da7004356be84b43793690cb694d06476575c16abd01c2c77517311b",
  "arrivals_per_slot":[
    42,
    39,
    34,
    38,
    34,
    32,
    33,
    32,
    32,
    29,
    37,
    37,
    31,
    32,
    39,
    31,
    26,
    37,
    44,
    33,
    32,
    32,
    33,
    30,
    34,
    39,
    38,
    33,
    39,
    30,
    45,
    32,
    36,
    32,
    28,
    34,
    35,
    29,
    41,
    21,
    27,
    36,
    26,
    39,
    33,
    24,
    23,
    46,
    31,
    30,
    38,
    24,
    42,
    34,
    43,
    38,
    27,
    33,
    39,
    37,
    30,
    29,
    28,
    32,
    42,
    31,
    45,
    19,
    41,
    27,
    32,
    32,
    28,
    27,
    35,
    27,
    30,
    46,
    39,
    36,
    27,
    39,
    34,
    32,
    41,
    38,
    41,
    30,
    30,
    26,
    46,
    20,
    37,
    30,
    36,
    36,
    34,
    36,
    35,
    34,
    26,
    29,
    34,
    38,
    27,
    31,
    43,
    27,
    29,
    25,
    44,
    32,
    31,
    34,
    48,
    49,
    43,
    29,
    40,
    37
  ],
  "diversity":false,
  "p_split":null,
  "split_reliability_mode":null,
  "mechanism":null,
  "fixed_sfc_len":null,
  "fixed_reliability":null,
  "max_backup_level":2,
  "explicit_split_replicas":false,
  "split_enforce_distinct":false,
  "strict_split_resource_ablation":false,
  "split_replica_resource_scale":1.0,
  "cap_base_min":500,
  "cap_base_max":700,
  "cap_scale":0.2,
  "total_arrivals":4069,
  "total_accepted":1974,
  "total_rejected":2095,
  "acceptance_ratio":0.4851314819,
  "avg_cost_per_arrival":22.5286681531,
  "total_cost":91669.1507151123,
  "total_cost_resource":68604.1507151122,
  "avg_cost_per_accepted":46.4382729053,
  "final_utilization":0.9475129924,
  "avg_utilization_over_time":0.9406479528,
  "avg_leftover_capacity_sum_over_time":10120.8416666667,
  "final_leftover_capacity_sum":8950.2,
  "final_leftover_capacity_min":0.8,
  "final_leftover_capacity_max":215.4,
  "final_leftover_capacity_avg":65.3299270073,
  "avg_e2e_delay_accepted":0.0611880269,
  "p95_e2e_delay_accepted":0.1236027061,
  "avg_access_delay_accepted":0.0080704992,
  "avg_processing_delay_accepted":0.0464501958,
  "avg_network_delay_accepted":0.0066673318,
  "avg_split_proc_overhead_accepted":0.0,
  "avg_split_net_overhead_accepted":0.0,
  "total_transmitted_bits_accepted":2483428051.8130302429,
  "avg_transmitted_bits_per_accepted":1258068.9218910993,
  "total_split_transmitted_bits_accepted":0.0,
  "avg_split_transmitted_bits_per_accepted":0.0,
  "avg_split_overhead_ratio_accepted":0.0,
  "p95_split_overhead_ratio_accepted":0.0,
  "rga_accepted_total":4069,
  "rga_rejected_total":0,
  "rga_rejection_ratio":0.0,
  "mdca_rejected_total":2095,
  "mdca_capacity_rejected_total":2073,
  "mdca_reliability_rejected_total":0,
  "mdca_qos_rejected_total":22,
  "mdca_rejection_ratio":0.5148685181,
  "capacity_rejection_ratio":0.5094617842,
  "reliability_rejection_ratio":0.0,
  "qos_rejected_total":22,
  "qos_rejection_ratio":0.0054067338
}