{
  "algo":"mdca",
  "region":"Arizona",
  "time_slots":120,
  "arrival_rate":12.0,
  "mean_service_time":9.0,
  "seed":3,
  "trace_seed":2127322057513395584,
  "algo_seed":3694423613584515130,
  "trace_hash":"fc283134865706015a2d74f7453479e826aac6b86f38840e3ab8670ca6592033",
  "arrivals_per_slot":[
    21,
    18,
    16,
    16,
    6,
    17,
    14,
    10,
    11,
    8,
    9,
    18,
    14,
    13,
    12,
    10,
    13,
    12,
    13,
    9,
    15,
    10,
    9,
    12,
    9,
    17,
    15,
    10,
    9,
    11,
    17,
    14,
    8,
    6,
    15,
    17,
    16,
    10,
    9,
    15,
    9,
    21,
    13,
    11,
    15,
    12,
    13,
    17,
    10,
    11,
    12,
    18,
    21,
    13,
    12,
    8,
    11,
    11,
    7,
    10,
    15,
    15,
    9,
    22,
    7,
    8,
    12,
    11,
    13,
    13,
    18,
    7,
    6,
    12,
    6,
    9,
    13,
    8,
    10,
    12,
    14,
    16,
    13,
    10,
    12,
    11,
    13,
    17,
    5,
    15,
    24,
    15,
    12,
    14,
    7,
    15,
    10,
    10,
    10,
    11,
    13,
    17,
    15,
    15,
    9,
    9,
    15,
    10,
    12,
    12,
    11,
    16,
    15,
    10,
    11,
    18,
    12,
    6,
    17,
    10
  ],
  "diversity":false,
  "p_split":null,
  "split_reliability_mode":null,
  "mechanism":null,
  "fixed_sfc_len":null,
  "fixed_reliability":0.999,
  "max_backup_level":1,
  "explicit_split_replicas":false,
  "split_enforce_distinct":false,
  "strict_split_resource_ablation":false,
  "split_replica_resource_scale":1.0,
  "cap_base_min":500,
  "cap_base_max":700,
  "cap_scale":0.2,
  "total_arrivals":1492,
  "total_accepted":47,
  "total_rejected":1445,
  "acceptance_ratio":0.0315013405,
  "avg_cost_per_arrival":0.327654047,
  "total_cost":488.859838052,
  "total_cost_resource":266.859838052,
  "avg_cost_per_accepted":10.40127315,
  "final_utilization":0.0069391579,
  "avg_utilization_over_time":0.0046213463,
  "avg_leftover_capacity_sum_over_time":369511.0333333333,
  "final_leftover_capacity_sum":368650.6,
  "final_leftover_capacity_min":71.0,
  "final_leftover_capacity_max":2473.8,
  "final_leftover_capacity_avg":1174.0464968153,
  "avg_e2e_delay_accepted":0.0245399477,
  "p95_e2e_delay_accepted":0.0507851012,
  "avg_access_delay_accepted":0.0077943981,
  "avg_processing_delay_accepted":0.0163973265,
  "avg_network_delay_accepted":0.0003482231,
  "avg_split_proc_overhead_accepted":0.0,
  "avg_split_net_overhead_accepted":0.0,
  "total_transmitted_bits_accepted":2058148.0215742518,
  "avg_transmitted_bits_per_accepted":43790.38343775,
  "total_split_transmitted_bits_accepted":0.0,
  "avg_split_transmitted_bits_per_accepted":0.0,
  "avg_split_overhead_ratio_accepted":0.0,
  "p95_split_overhead_ratio_accepted":0.0,
  "rga_accepted_total":47,
  "rga_rejected_total":1445,
  "rga_rejection_ratio":0.9684986595,
  "mdca_rejected_total":0,
  "mdca_capacity_rejected_total":0,
  "mdca_reliability_rejected_total":0,
  "mdca_qos_rejected_total":0,
  "mdca_rejection_ratio":0.0,
  "capacity_rejection_ratio":0.0,
  "reliability_rejection_ratio":0.0,
  "qos_rejected_total":0,
  "qos_rejection_ratio":0.0
}