{
  "algo":"mdca",
  "region":"Arizona",
  "time_slots":120,
  "arrival_rate":12.0,
  "mean_service_time":9.0,
  "seed":5,
  "trace_seed":9067342465328337538,
  "algo_seed":538437384130157936,
  "trace_hash":"919ed4f3e1baca6ede79b333841273b057cf41c127c2fec9a8c03a2f11dea6d1",
  "arrivals_per_slot":[
    13,
    15,
    17,
    10,
    16,
    12,
    12,
    15,
    14,
    6,
    17,
    16,
    13,
    15,
    10,
    13,
    12,
    8,
    16,
    15,
    11,
    12,
    18,
    12,
    3,
    10,
    17,
    17,
    10,
    8,
    14,
    15,
    13,
    10,
    8,
    8,
    8,
    8,
    9,
    13,
    14,
    11,
    12,
    9,
    14,
    14,
    10,
    15,
    7,
    14,
    10,
    9,
    11,
    12,
    7,
    15,
    11,
    14,
    9,
    12,
    14,
    9,
    6,
    12,
    7,
    11,
    14,
    11,
    7,
    8,
    12,
    13,
    13,
    10,
    9,
    9,
    15,
    10,
    13,
    12,
    14,
    13,
    11,
    12,
    11,
    11,
    10,
    9,
    16,
    10,
    12,
    11,
    10,
    16,
    11,
    9,
    15,
    12,
    16,
    14,
    16,
    7,
    13,
    13,
    10,
    14,
    12,
    13,
    12,
    11,
    15,
    15,
    14,
    16,
    15,
    9,
    9,
    12,
    7,
    17
  ],
  "diversity":true,
  "p_split":0.3,
  "split_reliability_mode":"identical_active_pool",
  "mechanism":null,
  "fixed_sfc_len":null,
  "fixed_reliability":0.998,
  "max_backup_level":3,
  "explicit_split_replicas":true,
  "split_enforce_distinct":false,
  "strict_split_resource_ablation":false,
  "split_replica_resource_scale":1.0,
  "cap_base_min":500,
  "cap_base_max":700,
  "cap_scale":0.2,
  "total_arrivals":1427,
  "total_accepted":1413,
  "total_rejected":14,
  "acceptance_ratio":0.9901892081,
  "avg_cost_per_arrival":47.0772413206,
  "total_cost":67179.2233644345,
  "total_cost_resource":43589.2233644345,
  "avg_cost_per_accepted":47.5436824943,
  "final_utilization":0.4843272513,
  "avg_utilization_over_time":0.4119913084,
  "avg_leftover_capacity_sum_over_time":220740.3444444445,
  "final_leftover_capacity_sum":193585.2,
  "final_leftover_capacity_min":0.4,
  "final_leftover_capacity_max":2240.0,
  "final_leftover_capacity_avg":616.5133757962,
  "avg_e2e_delay_accepted":0.0691844036,
  "p95_e2e_delay_accepted":0.1316586382,
  "avg_access_delay_accepted":0.0079492719,
  "avg_processing_delay_accepted":0.0433366215,
  "avg_network_delay_accepted":0.0143782788,
  "avg_split_proc_overhead_accepted":5.810034572e-19,
  "avg_split_net_overhead_accepted":0.0,
  "total_transmitted_bits_accepted":2488942288.1960811615,
  "avg_transmitted_bits_per_accepted":1761459.5104006235,
  "total_split_transmitted_bits_accepted":561042390.3152503967,
  "avg_split_transmitted_bits_per_accepted":397057.601072364,
  "avg_split_overhead_ratio_accepted":7.213157113e-18,
  "p95_split_overhead_ratio_accepted":4.507502946e-17,
  "rga_accepted_total":1427,
  "rga_rejected_total":0,
  "rga_rejection_ratio":0.0,
  "mdca_rejected_total":14,
  "mdca_capacity_rejected_total":0,
  "mdca_reliability_rejected_total":0,
  "mdca_qos_rejected_total":14,
  "mdca_rejection_ratio":0.0098107919,
  "capacity_rejection_ratio":0.0,
  "reliability_rejection_ratio":0.0,
  "qos_rejected_total":14,
  "qos_rejection_ratio":0.0098107919
}