{
  "algo":"mdca",
  "region":"Alabama",
  "time_slots":120,
  "arrival_rate":12.0,
  "mean_service_time":9.0,
  "seed":2,
  "trace_seed":16757585547385223833,
  "algo_seed":16121394405342853155,
  "trace_hash":"eb881893e6249b6f5ee8c44d7909716475fccf4c165c96d97805d09dd9a5768d",
  "arrivals_per_slot":[
    9,
    10,
    9,
    11,
    11,
    16,
    11,
    4,
    6,
    15,
    14,
    11,
    12,
    14,
    11,
    10,
    11,
    12,
    12,
    17,
    12,
    14,
    8,
    9,
    13,
    12,
    10,
    10,
    10,
    15,
    14,
    11,
    14,
    14,
    13,
    12,
    10,
    16,
    10,
    12,
    11,
    17,
    11,
    15,
    15,
    14,
    10,
    7,
    14,
    12,
    9,
    14,
    13,
    13,
    17,
    8,
    12,
    12,
    7,
    13,
    15,
    7,
    12,
    12,
    9,
    7,
    6,
    8,
    13,
    13,
    13,
    13,
    17,
    14,
    11,
    9,
    9,
    12,
    14,
    13,
    10,
    17,
    12,
    16,
    11,
    17,
    16,
    6,
    9,
    8,
    11,
    12,
    13,
    11,
    11,
    14,
    12,
    20,
    9,
    11,
    11,
    15,
    10,
    9,
    19,
    13,
    12,
    9,
    9,
    12,
    21,
    14,
    18,
    10,
    17,
    12,
    12,
    9,
    11,
    12
  ],
  "diversity":false,
  "p_split":null,
  "split_reliability_mode":null,
  "mechanism":null,
  "fixed_sfc_len":null,
  "fixed_reliability":0.998,
  "max_backup_level":2,
  "explicit_split_replicas":false,
  "split_enforce_distinct":false,
  "strict_split_resource_ablation":false,
  "split_replica_resource_scale":1.0,
  "cap_base_min":500,
  "cap_base_max":700,
  "cap_scale":0.2,
  "total_arrivals":1437,
  "total_accepted":1293,
  "total_rejected":144,
  "acceptance_ratio":0.8997912317,
  "avg_cost_per_arrival":56.5914564741,
  "total_cost":81321.9229533288,
  "total_cost_resource":61094.9229533288,
  "avg_cost_per_accepted":62.8939852694,
  "final_utilization":0.8707293476,
  "avg_utilization_over_time":0.852803584,
  "avg_leftover_capacity_sum_over_time":25255.6666666667,
  "final_leftover_capacity_sum":22180.0,
  "final_leftover_capacity_min":0.0,
  "final_leftover_capacity_max":1514.2,
  "final_leftover_capacity_avg":161.897810219,
  "avg_e2e_delay_accepted":0.0597772873,
  "p95_e2e_delay_accepted":0.1204889347,
  "avg_access_delay_accepted":0.008010544,
  "avg_processing_delay_accepted":0.0453049946,
  "avg_network_delay_accepted":0.0064617486,
  "avg_split_proc_overhead_accepted":0.0,
  "avg_split_net_overhead_accepted":0.0,
  "total_transmitted_bits_accepted":1604302175.9712076187,
  "avg_transmitted_bits_per_accepted":1240759.6101865489,
  "total_split_transmitted_bits_accepted":0.0,
  "avg_split_transmitted_bits_per_accepted":0.0,
  "avg_split_overhead_ratio_accepted":0.0,
  "p95_split_overhead_ratio_accepted":0.0,
  "rga_accepted_total":1388,
  "rga_rejected_total":49,
  "rga_rejection_ratio":0.034098817,
  "mdca_rejected_total":95,
  "mdca_capacity_rejected_total":86,
  "mdca_reliability_rejected_total":0,
  "mdca_qos_rejected_total":9,
  "mdca_rejection_ratio":0.0661099513,
  "capacity_rejection_ratio":0.0598469033,
  "reliability_rejection_ratio":0.0,
  "qos_rejected_total":9,
  "qos_rejection_ratio":0.006263048
}