{
  "algo":"mdca",
  "region":"Alabama",
  "time_slots":120,
  "arrival_rate":20.0,
  "mean_service_time":9.0,
  "seed":3,
  "trace_seed":16889680298210594285,
  "algo_seed":8021305762253439011,
  "trace_hash":"bf4ab38767529f1e5d5d28328d6d85dfe8a8d061c107578a21a307c1234acfd8",
  "arrivals_per_slot":[
    25,
    16,
    21,
    19,
    29,
    17,
    27,
    27,
    20,
    16,
    21,
    28,
    15,
    18,
    22,
    18,
    16,
    19,
    30,
    20,
    23,
    23,
    24,
    12,
    18,
    21,
    22,
    30,
    23,
    22,
    18,
    22,
    23,
    21,
    21,
    29,
    22,
    19,
    26,
    13,
    15,
    20,
    25,
    21,
    23,
    20,
    17,
    20,
    19,
    18,
    23,
    29,
    20,
    17,
    18,
    19,
    24,
    20,
    18,
    18,
    11,
    11,
    21,
    17,
    21,
    26,
    14,
    15,
    20,
    23,
    15,
    31,
    20,
    23,
    20,
    21,
    20,
    18,
    24,
    21,
    17,
    24,
    12,
    21,
    22,
    16,
    18,
    27,
    15,
    24,
    12,
    23,
    23,
    22,
    19,
    16,
    19,
    17,
    20,
    14,
    16,
    21,
    18,
    18,
    17,
    19,
    27,
    16,
    19,
    33,
    19,
    17,
    25,
    10,
    15,
    23,
    21,
    25,
    22,
    28
  ],
  "diversity":false,
  "p_split":null,
  "split_reliability_mode":null,
  "mechanism":null,
  "fixed_sfc_len":5,
  "fixed_reliability":null,
  "max_backup_level":2,
  "explicit_split_replicas":false,
  "split_enforce_distinct":false,
  "strict_split_resource_ablation":false,
  "split_replica_resource_scale":1.0,
  "cap_base_min":500,
  "cap_base_max":700,
  "cap_scale":0.2,
  "total_arrivals":2442,
  "total_accepted":1452,
  "total_rejected":990,
  "acceptance_ratio":0.5945945946,
  "avg_cost_per_arrival":41.982534081,
  "total_cost":102521.3482256989,
  "total_cost_resource":76363.3482256989,
  "avg_cost_per_accepted":70.6069891362,
  "final_utilization":0.975569197,
  "avg_utilization_over_time":0.9493168388,
  "avg_leftover_capacity_sum_over_time":8930.15,
  "final_leftover_capacity_sum":4304.6,
  "final_leftover_capacity_min":0.0,
  "final_leftover_capacity_max":199.0,
  "final_leftover_capacity_avg":31.4204379562,
  "avg_e2e_delay_accepted":0.1073470059,
  "p95_e2e_delay_accepted":0.1643885855,
  "avg_access_delay_accepted":0.0080685629,
  "avg_processing_delay_accepted":0.0859948209,
  "avg_network_delay_accepted":0.0132836221,
  "avg_split_proc_overhead_accepted":0.0,
  "avg_split_net_overhead_accepted":0.0,
  "total_transmitted_bits_accepted":3657253836.9898633957,
  "avg_transmitted_bits_per_accepted":2518769.8601858565,
  "total_split_transmitted_bits_accepted":0.0,
  "avg_split_transmitted_bits_per_accepted":0.0,
  "avg_split_overhead_ratio_accepted":0.0,
  "p95_split_overhead_ratio_accepted":0.0,
  "rga_accepted_total":2442,
  "rga_rejected_total":0,
  "rga_rejection_ratio":0.0,
  "mdca_rejected_total":990,
  "mdca_capacity_rejected_total":916,
  "mdca_reliability_rejected_total":0,
  "mdca_qos_rejected_total":74,
  "mdca_rejection_ratio":0.4054054054,
  "capacity_rejection_ratio":0.3751023751,
  "reliability_rejection_ratio":0.0,
  "qos_rejected_total":74,
  "qos_rejection_ratio":0.0303030303
}