{
  "algo":"mdca",
  "region":"Arizona",
  "time_slots":120,
  "arrival_rate":12.0,
  "mean_service_time":9.0,
  "seed":5,
  "trace_seed":11454857388609130654,
  "algo_seed":10861900070520801023,
  "trace_hash":"1748f1275925d0d4d9759bbc89df8077cb24da27270c0977cc7d034960fe63de",
  "arrivals_per_slot":[
    13,
    16,
    12,
    13,
    10,
    11,
    9,
    12,
    8,
    8,
    15,
    8,
    10,
    11,
    11,
    11,
    13,
    9,
    8,
    14,
    7,
    11,
    8,
    13,
    11,
    14,
    7,
    16,
    12,
    7,
    8,
    12,
    13,
    10,
    9,
    13,
    15,
    10,
    13,
    8,
    15,
    13,
    8,
    15,
    10,
    11,
    18,
    10,
    14,
    6,
    9,
    13,
    18,
    14,
    20,
    14,
    11,
    11,
    11,
    9,
    9,
    13,
    16,
    18,
    7,
    12,
    11,
    8,
    17,
    7,
    14,
    8,
    13,
    9,
    16,
    13,
    10,
    14,
    19,
    16,
    14,
    9,
    7,
    12,
    12,
    9,
    12,
    7,
    14,
    11,
    10,
    18,
    17,
    18,
    16,
    10,
    9,
    15,
    11,
    9,
    12,
    13,
    15,
    12,
    10,
    13,
    8,
    12,
    13,
    13,
    9,
    10,
    10,
    13,
    11,
    9,
    8,
    10,
    8,
    10
  ],
  "diversity":false,
  "p_split":null,
  "split_reliability_mode":null,
  "mechanism":null,
  "fixed_sfc_len":null,
  "fixed_reliability":0.999,
  "max_backup_level":3,
  "explicit_split_replicas":false,
  "split_enforce_distinct":false,
  "strict_split_resource_ablation":false,
  "split_replica_resource_scale":1.0,
  "cap_base_min":500,
  "cap_base_max":700,
  "cap_scale":0.2,
  "total_arrivals":1398,
  "total_accepted":1381,
  "total_rejected":17,
  "acceptance_ratio":0.9878397711,
  "avg_cost_per_arrival":61.4937236273,
  "total_cost":85968.2256310082,
  "total_cost_resource":60431.2256310081,
  "avg_cost_per_accepted":62.2507064671,
  "final_utilization":0.5449309056,
  "avg_utilization_over_time":0.5176296867,
  "avg_leftover_capacity_sum_over_time":181674.8416666666,
  "final_leftover_capacity_sum":171392.4,
  "final_leftover_capacity_min":0.2,
  "final_leftover_capacity_max":2211.2,
  "final_leftover_capacity_avg":545.8356687898,
  "avg_e2e_delay_accepted":0.0641300566,
  "p95_e2e_delay_accepted":0.1267684151,
  "avg_access_delay_accepted":0.0080481256,
  "avg_processing_delay_accepted":0.046737206,
  "avg_network_delay_accepted":0.0093447251,
  "avg_split_proc_overhead_accepted":0.0,
  "avg_split_net_overhead_accepted":0.0,
  "total_transmitted_bits_accepted":1887900056.9552555084,
  "avg_transmitted_bits_per_accepted":1367052.9014882371,
  "total_split_transmitted_bits_accepted":0.0,
  "avg_split_transmitted_bits_per_accepted":0.0,
  "avg_split_overhead_ratio_accepted":0.0,
  "p95_split_overhead_ratio_accepted":0.0,
  "rga_accepted_total":1398,
  "rga_rejected_total":0,
  "rga_rejection_ratio":0.0,
  "mdca_rejected_total":17,
  "mdca_capacity_rejected_total":0,
  "mdca_reliability_rejected_total":0,
  "mdca_qos_rejected_total":17,
  "mdca_rejection_ratio":0.0121602289,
  "capacity_rejection_ratio":0.0,
  "reliability_rejection_ratio":0.0,
  "qos_rejected_total":17,
  "qos_rejection_ratio":0.0121602289
}