{
  "algo":"random",
  "region":"Arizona",
  "time_slots":120,
  "arrival_rate":40.0,
  "mean_service_time":9.0,
  "seed":3,
  "trace_seed":12934005125915725527,
  "algo_seed":16411256898775438693,
  "trace_hash":"6f0c370e1800934d717f6393bd579d1cb96998950d0e4403440a143059818010",
  "arrivals_per_slot":[
    36,
    40,
    48,
    34,
    45,
    36,
    38,
    40,
    41,
    51,
    37,
    28,
    49,
    47,
    40,
    45,
    34,
    44,
    41,
    44,
    36,
    40,
    33,
    29,
    27,
    43,
    43,
    47,
    41,
    38,
    41,
    42,
    41,
    40,
    41,
    47,
    37,
    35,
    33,
    41,
    33,
    40,
    28,
    40,
    38,
    47,
    31,
    36,
    40,
    34,
    40,
    51,
    34,
    41,
    49,
    38,
    40,
    38,
    40,
    42,
    42,
    43,
    39,
    43,
    32,
    60,
    44,
    36,
    39,
    43,
    44,
    46,
    42,
    39,
    40,
    41,
    40,
    44,
    44,
    38,
    42,
    38,
    50,
    43,
    28,
    45,
    35,
    54,
    43,
    34,
    47,
    44,
    54,
    45,
    33,
    39,
    41,
    48,
    45,
    52,
    43,
    37,
    42,
    46,
    35,
    54,
    35,
    38,
    43,
    37,
    46,
    34,
    40,
    47,
    47,
    49,
    48,
    35,
    44,
    47
  ],
  "diversity":false,
  "p_split":null,
  "split_reliability_mode":null,
  "mechanism":null,
  "fixed_sfc_len":null,
  "fixed_reliability":null,
  "max_backup_level":2,
  "explicit_split_replicas":false,
  "split_enforce_distinct":false,
  "strict_split_resource_ablation":false,
  "split_replica_resource_scale":1.0,
  "cap_base_min":500,
  "cap_base_max":700,
  "cap_scale":0.2,
  "total_arrivals":4919,
  "total_accepted":3503,
  "total_rejected":1416,
  "acceptance_ratio":0.7121366131,
  "avg_cost_per_arrival":38.2974627643,
  "total_cost":188385.2193374608,
  "total_cost_resource":141529.2193374608,
  "avg_cost_per_accepted":53.7782527369,
  "final_utilization":0.9437182323,
  "avg_utilization_over_time":0.9085002904,
  "avg_leftover_capacity_sum_over_time":34318.4666666667,
  "final_leftover_capacity_sum":21109.4,
  "final_leftover_capacity_min":0.0,
  "final_leftover_capacity_max":264.6,
  "final_leftover_capacity_avg":67.227388535,
  "avg_e2e_delay_accepted":0.0654765979,
  "p95_e2e_delay_accepted":0.1280521416,
  "avg_access_delay_accepted":0.0080423781,
  "avg_processing_delay_accepted":0.0483744912,
  "avg_network_delay_accepted":0.0090597287,
  "avg_split_proc_overhead_accepted":0.0,
  "avg_split_net_overhead_accepted":0.0,
  "total_transmitted_bits_accepted":5047561287.194437027,
  "avg_transmitted_bits_per_accepted":1440925.2889507385,
  "total_split_transmitted_bits_accepted":0.0,
  "avg_split_transmitted_bits_per_accepted":0.0,
  "avg_split_overhead_ratio_accepted":0.0,
  "p95_split_overhead_ratio_accepted":0.0,
  "rga_accepted_total":4919,
  "rga_rejected_total":0,
  "rga_rejection_ratio":0.0,
  "mdca_rejected_total":1416,
  "mdca_capacity_rejected_total":1386,
  "mdca_reliability_rejected_total":0,
  "mdca_qos_rejected_total":30,
  "mdca_rejection_ratio":0.2878633869,
  "capacity_rejection_ratio":0.2817645863,
  "reliability_rejection_ratio":0.0,
  "qos_rejected_total":30,
  "qos_rejection_ratio":0.0060988006
}