{
  "algo":"mdca",
  "region":"Alabama",
  "time_slots":120,
  "arrival_rate":12.0,
  "mean_service_time":9.0,
  "seed":3,
  "trace_seed":8849697010647911005,
  "algo_seed":7009006468066103820,
  "trace_hash":"f525e59b369e59b8a55fd65b95aac42a13d420159403165468d17b103fa88798",
  "arrivals_per_slot":[
    10,
    10,
    19,
    9,
    10,
    8,
    12,
    13,
    16,
    9,
    12,
    6,
    7,
    14,
    9,
    13,
    8,
    18,
    20,
    13,
    8,
    9,
    10,
    12,
    12,
    11,
    9,
    11,
    6,
    11,
    11,
    9,
    12,
    16,
    10,
    10,
    9,
    6,
    16,
    11,
    14,
    12,
    14,
    10,
    14,
    7,
    11,
    6,
    13,
    14,
    17,
    12,
    10,
    7,
    13,
    13,
    18,
    11,
    9,
    21,
    8,
    7,
    17,
    10,
    6,
    15,
    6,
    9,
    16,
    7,
    16,
    12,
    9,
    19,
    14,
    13,
    6,
    12,
    18,
    11,
    16,
    10,
    12,
    15,
    6,
    8,
    11,
    10,
    11,
    19,
    8,
    10,
    4,
    17,
    7,
    9,
    15,
    8,
    12,
    16,
    18,
    16,
    10,
    11,
    21,
    14,
    13,
    7,
    17,
    13,
    14,
    13,
    16,
    16,
    13,
    12,
    15,
    10,
    16,
    17
  ],
  "diversity":false,
  "p_split":null,
  "split_reliability_mode":null,
  "mechanism":null,
  "fixed_sfc_len":null,
  "fixed_reliability":0.998,
  "max_backup_level":1,
  "explicit_split_replicas":false,
  "split_enforce_distinct":false,
  "strict_split_resource_ablation":false,
  "split_replica_resource_scale":1.0,
  "cap_base_min":500,
  "cap_base_max":700,
  "cap_scale":0.2,
  "total_arrivals":1428,
  "total_accepted":122,
  "total_rejected":1306,
  "acceptance_ratio":0.0854341737,
  "avg_cost_per_arrival":1.0921713673,
  "total_cost":1559.6207125415,
  "total_cost_resource":809.6207125415,
  "avg_cost_per_accepted":12.7837763323,
  "final_utilization":0.0672042243,
  "avg_utilization_over_time":0.0266286262,
  "avg_leftover_capacity_sum_over_time":170329.2833333333,
  "final_leftover_capacity_sum":163229.0,
  "final_leftover_capacity_min":43.0,
  "final_leftover_capacity_max":2792.0,
  "final_leftover_capacity_avg":1191.4525547445,
  "avg_e2e_delay_accepted":0.0342676695,
  "p95_e2e_delay_accepted":0.0798303171,
  "avg_access_delay_accepted":0.0081471956,
  "avg_processing_delay_accepted":0.0251938473,
  "avg_network_delay_accepted":0.0009266266,
  "avg_split_proc_overhead_accepted":0.0,
  "avg_split_net_overhead_accepted":0.0,
  "total_transmitted_bits_accepted":26486992.2385033146,
  "avg_transmitted_bits_per_accepted":217106.4937582239,
  "total_split_transmitted_bits_accepted":0.0,
  "avg_split_transmitted_bits_per_accepted":0.0,
  "avg_split_overhead_ratio_accepted":0.0,
  "p95_split_overhead_ratio_accepted":0.0,
  "rga_accepted_total":122,
  "rga_rejected_total":1306,
  "rga_rejection_ratio":0.9145658263,
  "mdca_rejected_total":0,
  "mdca_capacity_rejected_total":0,
  "mdca_reliability_rejected_total":0,
  "mdca_qos_rejected_total":0,
  "mdca_rejection_ratio":0.0,
  "capacity_rejection_ratio":0.0,
  "reliability_rejection_ratio":0.0,
  "qos_rejected_total":0,
  "qos_rejection_ratio":0.0
}