{
  "algo":"mdca",
  "region":"Alabama",
  "time_slots":120,
  "arrival_rate":50.0,
  "mean_service_time":9.0,
  "seed":5,
  "trace_seed":13842603951528395421,
  "algo_seed":10056931585136477576,
  "trace_hash":"679971228ea31aeec5d39e531b95f276ef69f43338ea4d177f58420708156392",
  "arrivals_per_slot":[
    48,
    40,
    48,
    51,
    54,
    56,
    41,
    42,
    56,
    50,
    45,
    46,
    47,
    43,
    50,
    50,
    53,
    51,
    53,
    44,
    51,
    37,
    42,
    50,
    50,
    48,
    52,
    44,
    53,
    53,
    46,
    51,
    65,
    49,
    52,
    54,
    49,
    48,
    51,
    52,
    57,
    49,
    54,
    37,
    48,
    56,
    38,
    52,
    42,
    37,
    60,
    53,
    51,
    41,
    53,
    52,
    54,
    53,
    43,
    47,
    45,
    56,
    51,
    49,
    58,
    49,
    57,
    45,
    55,
    67,
    57,
    45,
    41,
    45,
    53,
    47,
    42,
    54,
    55,
    57,
    50,
    46,
    55,
    41,
    49,
    55,
    48,
    54,
    55,
    53,
    55,
    50,
    38,
    42,
    47,
    39,
    49,
    41,
    51,
    42,
    44,
    46,
    45,
    44,
    58,
    51,
    41,
    58,
    64,
    57,
    48,
    44,
    49,
    47,
    45,
    58,
    52,
    54,
    49,
    32
  ],
  "diversity":false,
  "p_split":null,
  "split_reliability_mode":null,
  "split_recovery_coverage":null,
  "split_workload_shares":null,
  "mechanism":null,
  "fixed_sfc_len":null,
  "fixed_reliability":null,
  "max_backup_level":2,
  "explicit_split_replicas":false,
  "split_enforce_distinct":false,
  "strict_split_resource_ablation":false,
  "split_replica_resource_scale":1.0,
  "cap_base_min":500,
  "cap_base_max":700,
  "cap_scale":0.2,
  "total_arrivals":5916,
  "total_accepted":3434,
  "total_rejected":2482,
  "acceptance_ratio":0.5804597701,
  "avg_cost_per_arrival":16.7768124406,
  "total_cost":99251.622398823,
  "total_cost_resource":72428.622398823,
  "avg_cost_per_accepted":28.902627373,
  "final_utilization":0.9667704597,
  "avg_utilization_over_time":0.9586040767,
  "avg_leftover_capacity_sum_over_time":7168.3333333333,
  "final_leftover_capacity_sum":5754.2,
  "final_leftover_capacity_min":0.0,
  "final_leftover_capacity_max":400.0,
  "final_leftover_capacity_avg":42.001459854,
  "avg_e2e_delay_accepted":0.0569294087,
  "p95_e2e_delay_accepted":0.1208691096,
  "avg_access_delay_accepted":0.0081000277,
  "avg_processing_delay_accepted":0.0432500505,
  "avg_network_delay_accepted":0.0055793305,
  "avg_split_proc_overhead_accepted":0.0,
  "avg_split_net_overhead_accepted":0.0,
  "total_transmitted_bits_accepted":3203174795.6157960892,
  "avg_transmitted_bits_per_accepted":932782.40990559,
  "total_split_transmitted_bits_accepted":0.0,
  "avg_split_transmitted_bits_per_accepted":0.0,
  "avg_split_overhead_ratio_accepted":0.0,
  "p95_split_overhead_ratio_accepted":0.0,
  "rga_accepted_total":5916,
  "rga_rejected_total":0,
  "rga_rejection_ratio":0.0,
  "mdca_rejected_total":2482,
  "mdca_capacity_rejected_total":2457,
  "mdca_reliability_rejected_total":0,
  "mdca_qos_rejected_total":25,
  "mdca_rejection_ratio":0.4195402299,
  "capacity_rejection_ratio":0.4153144016,
  "reliability_rejection_ratio":0.0,
  "qos_rejected_total":25,
  "qos_rejection_ratio":0.0042258283,
  "placement_trace_path":"D:\\Study\\Code_1\\paper_data\\large_scale_lb_reference\\split_enabled\\load\\Alabama\\arrival_rate_50\\MDCA\\seed5\\placement_trace_Alabama_mdca_seed5.json"
}