{
  "algo":"hspa",
  "region":"Arizona",
  "time_slots":120,
  "arrival_rate":12.0,
  "mean_service_time":9.0,
  "seed":1,
  "trace_seed":12774602360984664964,
  "algo_seed":2824623555250726674,
  "trace_hash":"7a27e3ef513e060f56b096745ba47e7c6c2348b41feb9a5dcf6c296e6d8950ca",
  "arrivals_per_slot":[
    6,
    8,
    7,
    9,
    8,
    14,
    13,
    13,
    11,
    16,
    6,
    17,
    4,
    7,
    13,
    16,
    13,
    14,
    11,
    10,
    8,
    13,
    12,
    12,
    19,
    11,
    14,
    18,
    9,
    15,
    11,
    11,
    18,
    10,
    12,
    14,
    20,
    8,
    7,
    13,
    16,
    12,
    11,
    15,
    12,
    15,
    9,
    9,
    13,
    9,
    14,
    7,
    12,
    11,
    8,
    17,
    19,
    9,
    11,
    20,
    14,
    16,
    11,
    11,
    11,
    16,
    12,
    11,
    16,
    9,
    14,
    12,
    14,
    21,
    9,
    12,
    12,
    14,
    16,
    21,
    9,
    9,
    11,
    10,
    17,
    14,
    10,
    14,
    9,
    15,
    10,
    10,
    13,
    7,
    8,
    16,
    14,
    11,
    13,
    11,
    13,
    12,
    11,
    9,
    12,
    15,
    19,
    12,
    13,
    12,
    8,
    10,
    8,
    14,
    13,
    10,
    7,
    14,
    12,
    9
  ],
  "diversity":false,
  "p_split":null,
  "split_reliability_mode":null,
  "mechanism":null,
  "fixed_sfc_len":null,
  "fixed_reliability":0.9,
  "max_backup_level":2,
  "explicit_split_replicas":false,
  "split_enforce_distinct":false,
  "strict_split_resource_ablation":false,
  "split_replica_resource_scale":1.0,
  "cap_base_min":500,
  "cap_base_max":700,
  "cap_scale":0.2,
  "total_arrivals":1456,
  "total_accepted":1440,
  "total_rejected":16,
  "acceptance_ratio":0.989010989,
  "avg_cost_per_arrival":27.1549675072,
  "total_cost":39537.6326905051,
  "total_cost_resource":25559.6326905051,
  "avg_cost_per_accepted":27.4566893684,
  "final_utilization":0.3000543387,
  "avg_utilization_over_time":0.2769715026,
  "avg_leftover_capacity_sum_over_time":273038.4083333334,
  "final_leftover_capacity_sum":264321.6,
  "final_leftover_capacity_min":0.4,
  "final_leftover_capacity_max":2610.6,
  "final_leftover_capacity_avg":841.7885350318,
  "avg_e2e_delay_accepted":0.064343064,
  "p95_e2e_delay_accepted":0.1285902498,
  "avg_access_delay_accepted":0.0081213107,
  "avg_processing_delay_accepted":0.0480255474,
  "avg_network_delay_accepted":0.0081962059,
  "avg_split_proc_overhead_accepted":0.0,
  "avg_split_net_overhead_accepted":0.0,
  "total_transmitted_bits_accepted":1909464791.2665350437,
  "avg_transmitted_bits_per_accepted":1326017.216157316,
  "total_split_transmitted_bits_accepted":0.0,
  "avg_split_transmitted_bits_per_accepted":0.0,
  "avg_split_overhead_ratio_accepted":0.0,
  "p95_split_overhead_ratio_accepted":0.0,
  "rga_accepted_total":1456,
  "rga_rejected_total":0,
  "rga_rejection_ratio":0.0,
  "mdca_rejected_total":16,
  "mdca_capacity_rejected_total":0,
  "mdca_reliability_rejected_total":0,
  "mdca_qos_rejected_total":16,
  "mdca_rejection_ratio":0.010989011,
  "capacity_rejection_ratio":0.0,
  "reliability_rejection_ratio":0.0,
  "qos_rejected_total":16,
  "qos_rejection_ratio":0.010989011
}