{
  "algo":"mdca",
  "region":"Arizona",
  "time_slots":120,
  "arrival_rate":20.0,
  "mean_service_time":9.0,
  "seed":4,
  "trace_seed":17078795995566103309,
  "algo_seed":14420759781778004277,
  "trace_hash":"bc9914eb5ebdd9b8c5e4f6975633f5ccf3087bd72f851be95ad34a6afaba6dcb",
  "arrivals_per_slot":[
    32,
    22,
    20,
    20,
    15,
    16,
    21,
    20,
    20,
    15,
    12,
    25,
    21,
    17,
    11,
    22,
    21,
    24,
    20,
    18,
    21,
    20,
    16,
    23,
    22,
    11,
    19,
    14,
    29,
    13,
    27,
    15,
    24,
    26,
    17,
    18,
    24,
    22,
    28,
    22,
    13,
    28,
    23,
    22,
    27,
    14,
    18,
    18,
    23,
    20,
    12,
    24,
    21,
    27,
    25,
    18,
    27,
    16,
    21,
    14,
    14,
    15,
    18,
    24,
    27,
    11,
    18,
    17,
    21,
    23,
    30,
    13,
    26,
    19,
    23,
    19,
    18,
    18,
    23,
    13,
    21,
    18,
    19,
    15,
    19,
    14,
    19,
    20,
    22,
    27,
    17,
    16,
    16,
    18,
    18,
    25,
    16,
    15,
    21,
    18,
    23,
    16,
    27,
    16,
    13,
    12,
    19,
    18,
    10,
    16,
    16,
    25,
    18,
    16,
    21,
    16,
    17,
    21,
    21,
    25
  ],
  "diversity":false,
  "p_split":null,
  "split_reliability_mode":null,
  "split_recovery_coverage":null,
  "split_workload_shares":null,
  "mechanism":null,
  "fixed_sfc_len":3,
  "fixed_reliability":0.999,
  "max_backup_level":2,
  "explicit_split_replicas":false,
  "split_enforce_distinct":false,
  "strict_split_resource_ablation":false,
  "split_replica_resource_scale":1.0,
  "backhaul_knn_k":4,
  "backhaul_use_device_bw":true,
  "backhaul_bw_scale":0.5,
  "fiber_speed_mps":200000000.0,
  "switch_delay_s":0.0002,
  "region_cloudlet_count":200,
  "cap_base_min":500,
  "cap_base_max":700,
  "cap_scale":0.2,
  "total_arrivals":2344,
  "total_accepted":1516,
  "total_rejected":828,
  "acceptance_ratio":0.6467576792,
  "avg_cost_per_arrival":43.3186237894,
  "total_cost":101538.8541624362,
  "total_cost_resource":75801.8541624362,
  "avg_cost_per_accepted":66.9781359911,
  "final_utilization":0.8609416937,
  "avg_utilization_over_time":0.7597695253,
  "avg_leftover_capacity_sum_over_time":57766.925,
  "final_leftover_capacity_sum":33438.6,
  "final_leftover_capacity_min":0.4,
  "final_leftover_capacity_max":1890.0,
  "final_leftover_capacity_avg":167.193,
  "avg_e2e_delay_accepted":0.0634936838,
  "p95_e2e_delay_accepted":0.11042665,
  "avg_access_delay_accepted":0.0080287983,
  "avg_processing_delay_accepted":0.0479166979,
  "avg_network_delay_accepted":0.0075481876,
  "avg_split_proc_overhead_accepted":0.0,
  "avg_split_net_overhead_accepted":0.0,
  "total_transmitted_bits_accepted":1940015552.3757178783,
  "avg_transmitted_bits_per_accepted":1279693.6361317399,
  "total_split_transmitted_bits_accepted":0.0,
  "avg_split_transmitted_bits_per_accepted":0.0,
  "avg_split_overhead_ratio_accepted":0.0,
  "p95_split_overhead_ratio_accepted":0.0,
  "rga_accepted_total":1543,
  "rga_rejected_total":801,
  "rga_rejection_ratio":0.3417235495,
  "mdca_rejected_total":27,
  "mdca_capacity_rejected_total":21,
  "mdca_reliability_rejected_total":0,
  "mdca_qos_rejected_total":6,
  "mdca_rejection_ratio":0.0115187713,
  "capacity_rejection_ratio":0.0089590444,
  "reliability_rejection_ratio":0.0,
  "qos_rejected_total":6,
  "qos_rejection_ratio":0.002559727
}