{
  "algo":"hspa",
  "region":"Alabama",
  "time_slots":120,
  "arrival_rate":12.0,
  "mean_service_time":9.0,
  "seed":4,
  "trace_seed":17578525410051175883,
  "algo_seed":11781817971983258927,
  "trace_hash":"9ba74b0b1aab29958635bd3361587f08ef0b6d1083df27c7810ed26cb382dc60",
  "arrivals_per_slot":[
    15,
    9,
    15,
    9,
    15,
    15,
    13,
    7,
    11,
    18,
    10,
    13,
    16,
    12,
    16,
    9,
    10,
    9,
    10,
    20,
    8,
    14,
    11,
    10,
    9,
    10,
    6,
    19,
    9,
    7,
    18,
    9,
    8,
    16,
    19,
    15,
    13,
    5,
    9,
    7,
    16,
    16,
    18,
    15,
    13,
    11,
    13,
    16,
    10,
    13,
    10,
    11,
    13,
    12,
    11,
    10,
    5,
    12,
    9,
    10,
    8,
    12,
    12,
    11,
    11,
    14,
    9,
    12,
    8,
    10,
    12,
    15,
    15,
    7,
    11,
    4,
    17,
    4,
    7,
    9,
    10,
    14,
    14,
    10,
    14,
    16,
    13,
    10,
    17,
    16,
    7,
    15,
    7,
    14,
    13,
    12,
    18,
    15,
    7,
    5,
    16,
    7,
    10,
    12,
    7,
    18,
    11,
    11,
    10,
    9,
    11,
    17,
    12,
    11,
    13,
    14,
    7,
    16,
    12,
    9
  ],
  "diversity":false,
  "p_split":null,
  "split_reliability_mode":null,
  "mechanism":null,
  "fixed_sfc_len":null,
  "fixed_reliability":0.98,
  "max_backup_level":2,
  "explicit_split_replicas":false,
  "split_enforce_distinct":false,
  "strict_split_resource_ablation":false,
  "split_replica_resource_scale":1.0,
  "cap_base_min":500,
  "cap_base_max":700,
  "cap_scale":0.2,
  "total_arrivals":1406,
  "total_accepted":1330,
  "total_rejected":76,
  "acceptance_ratio":0.9459459459,
  "avg_cost_per_arrival":58.6297318077,
  "total_cost":82433.4029216801,
  "total_cost_resource":62148.4029216801,
  "avg_cost_per_accepted":61.9800021968,
  "final_utilization":0.9506350782,
  "avg_utilization_over_time":0.8643354651,
  "avg_leftover_capacity_sum_over_time":23474.55,
  "final_leftover_capacity_sum":8541.8,
  "final_leftover_capacity_min":0.0,
  "final_leftover_capacity_max":729.6,
  "final_leftover_capacity_avg":62.3489051095,
  "avg_e2e_delay_accepted":0.0631494179,
  "p95_e2e_delay_accepted":0.1246685395,
  "avg_access_delay_accepted":0.0080815951,
  "avg_processing_delay_accepted":0.0478816715,
  "avg_network_delay_accepted":0.0071861514,
  "avg_split_proc_overhead_accepted":0.0,
  "avg_split_net_overhead_accepted":0.0,
  "total_transmitted_bits_accepted":1733057117.5110807419,
  "avg_transmitted_bits_per_accepted":1303050.4642940457,
  "total_split_transmitted_bits_accepted":0.0,
  "avg_split_transmitted_bits_per_accepted":0.0,
  "avg_split_overhead_ratio_accepted":0.0,
  "p95_split_overhead_ratio_accepted":0.0,
  "rga_accepted_total":1406,
  "rga_rejected_total":0,
  "rga_rejection_ratio":0.0,
  "mdca_rejected_total":76,
  "mdca_capacity_rejected_total":65,
  "mdca_reliability_rejected_total":0,
  "mdca_qos_rejected_total":11,
  "mdca_rejection_ratio":0.0540540541,
  "capacity_rejection_ratio":0.046230441,
  "reliability_rejection_ratio":0.0,
  "qos_rejected_total":11,
  "qos_rejection_ratio":0.0078236131
}