{
  "algo":"random",
  "region":"Arizona",
  "time_slots":120,
  "arrival_rate":12.0,
  "mean_service_time":9.0,
  "seed":1,
  "trace_seed":6993029101249686725,
  "algo_seed":7453658633815173617,
  "trace_hash":"e7f565e074583119cc1bbe66fab205d5a28f42a7e8f93c31d03b87b687101052",
  "arrivals_per_slot":[
    16,
    8,
    19,
    11,
    9,
    10,
    12,
    19,
    6,
    9,
    13,
    10,
    14,
    9,
    16,
    12,
    14,
    14,
    14,
    11,
    11,
    16,
    14,
    11,
    12,
    8,
    11,
    11,
    12,
    7,
    18,
    12,
    13,
    14,
    11,
    16,
    16,
    13,
    8,
    9,
    19,
    15,
    18,
    7,
    7,
    13,
    24,
    12,
    7,
    13,
    9,
    14,
    14,
    13,
    17,
    10,
    9,
    9,
    11,
    13,
    8,
    3,
    13,
    12,
    7,
    12,
    10,
    18,
    12,
    11,
    8,
    12,
    11,
    8,
    12,
    8,
    9,
    9,
    9,
    7,
    8,
    7,
    12,
    9,
    8,
    21,
    15,
    18,
    17,
    7,
    12,
    9,
    12,
    18,
    10,
    13,
    7,
    18,
    13,
    19,
    8,
    13,
    16,
    22,
    12,
    9,
    11,
    9,
    15,
    15,
    11,
    14,
    16,
    11,
    5,
    10,
    7,
    13,
    9,
    11
  ],
  "diversity":false,
  "p_split":null,
  "split_reliability_mode":null,
  "mechanism":null,
  "fixed_sfc_len":null,
  "fixed_reliability":0.99,
  "max_backup_level":2,
  "explicit_split_replicas":false,
  "split_enforce_distinct":false,
  "strict_split_resource_ablation":false,
  "split_replica_resource_scale":1.0,
  "cap_base_min":500,
  "cap_base_max":700,
  "cap_scale":0.2,
  "total_arrivals":1432,
  "total_accepted":1420,
  "total_rejected":12,
  "acceptance_ratio":0.9916201117,
  "avg_cost_per_arrival":69.9921104682,
  "total_cost":100228.7021905333,
  "total_cost_resource":76995.7021905333,
  "avg_cost_per_accepted":70.5835930919,
  "final_utilization":0.4713548368,
  "avg_utilization_over_time":0.4557444466,
  "avg_leftover_capacity_sum_over_time":204735.4416666667,
  "final_leftover_capacity_sum":198863.2,
  "final_leftover_capacity_min":1.8,
  "final_leftover_capacity_max":1927.0,
  "final_leftover_capacity_avg":633.3222929936,
  "avg_e2e_delay_accepted":0.0669221009,
  "p95_e2e_delay_accepted":0.1288685883,
  "avg_access_delay_accepted":0.0080179254,
  "avg_processing_delay_accepted":0.0492853366,
  "avg_network_delay_accepted":0.0096188389,
  "avg_split_proc_overhead_accepted":0.0,
  "avg_split_net_overhead_accepted":0.0,
  "total_transmitted_bits_accepted":2156936842.4649925232,
  "avg_transmitted_bits_per_accepted":1518969.607369713,
  "total_split_transmitted_bits_accepted":0.0,
  "avg_split_transmitted_bits_per_accepted":0.0,
  "avg_split_overhead_ratio_accepted":0.0,
  "p95_split_overhead_ratio_accepted":0.0,
  "rga_accepted_total":1432,
  "rga_rejected_total":0,
  "rga_rejection_ratio":0.0,
  "mdca_rejected_total":12,
  "mdca_capacity_rejected_total":0,
  "mdca_reliability_rejected_total":0,
  "mdca_qos_rejected_total":12,
  "mdca_rejection_ratio":0.0083798883,
  "capacity_rejection_ratio":0.0,
  "reliability_rejection_ratio":0.0,
  "qos_rejected_total":12,
  "qos_rejection_ratio":0.0083798883
}