{
  "algo":"mdca",
  "region":"Arizona",
  "time_slots":120,
  "arrival_rate":12.0,
  "mean_service_time":9.0,
  "seed":3,
  "trace_seed":2127322057513395584,
  "algo_seed":18185845460186161846,
  "trace_hash":"fc283134865706015a2d74f7453479e826aac6b86f38840e3ab8670ca6592033",
  "arrivals_per_slot":[
    21,
    18,
    16,
    16,
    6,
    17,
    14,
    10,
    11,
    8,
    9,
    18,
    14,
    13,
    12,
    10,
    13,
    12,
    13,
    9,
    15,
    10,
    9,
    12,
    9,
    17,
    15,
    10,
    9,
    11,
    17,
    14,
    8,
    6,
    15,
    17,
    16,
    10,
    9,
    15,
    9,
    21,
    13,
    11,
    15,
    12,
    13,
    17,
    10,
    11,
    12,
    18,
    21,
    13,
    12,
    8,
    11,
    11,
    7,
    10,
    15,
    15,
    9,
    22,
    7,
    8,
    12,
    11,
    13,
    13,
    18,
    7,
    6,
    12,
    6,
    9,
    13,
    8,
    10,
    12,
    14,
    16,
    13,
    10,
    12,
    11,
    13,
    17,
    5,
    15,
    24,
    15,
    12,
    14,
    7,
    15,
    10,
    10,
    10,
    11,
    13,
    17,
    15,
    15,
    9,
    9,
    15,
    10,
    12,
    12,
    11,
    16,
    15,
    10,
    11,
    18,
    12,
    6,
    17,
    10
  ],
  "diversity":false,
  "p_split":null,
  "split_reliability_mode":null,
  "split_recovery_coverage":null,
  "split_workload_shares":null,
  "mechanism":null,
  "fixed_sfc_len":null,
  "fixed_reliability":0.999,
  "max_backup_level":2,
  "explicit_split_replicas":false,
  "split_enforce_distinct":false,
  "strict_split_resource_ablation":false,
  "split_replica_resource_scale":1.0,
  "backhaul_knn_k":4,
  "backhaul_use_device_bw":true,
  "backhaul_bw_scale":0.5,
  "fiber_speed_mps":200000000.0,
  "switch_delay_s":0.0002,
  "region_cloudlet_count":314,
  "cap_base_min":500,
  "cap_base_max":700,
  "cap_scale":0.2,
  "total_arrivals":1492,
  "total_accepted":967,
  "total_rejected":525,
  "acceptance_ratio":0.6481233244,
  "avg_cost_per_arrival":27.8342097199,
  "total_cost":41528.640902061,
  "total_cost_resource":27357.640902061,
  "avg_cost_per_accepted":42.9458540869,
  "final_utilization":0.3755792284,
  "avg_utilization_over_time":0.2887588066,
  "avg_leftover_capacity_sum_over_time":264031.6500000001,
  "final_leftover_capacity_sum":231801.6,
  "final_leftover_capacity_min":1.2,
  "final_leftover_capacity_max":2150.4,
  "final_leftover_capacity_avg":738.221656051,
  "avg_e2e_delay_accepted":0.0552361535,
  "p95_e2e_delay_accepted":0.1117664608,
  "avg_access_delay_accepted":0.0080796001,
  "avg_processing_delay_accepted":0.0401322988,
  "avg_network_delay_accepted":0.0070242546,
  "avg_split_proc_overhead_accepted":0.0,
  "avg_split_net_overhead_accepted":0.0,
  "total_transmitted_bits_accepted":1034064750.7039937973,
  "avg_transmitted_bits_per_accepted":1069353.4133443576,
  "total_split_transmitted_bits_accepted":0.0,
  "avg_split_transmitted_bits_per_accepted":0.0,
  "avg_split_overhead_ratio_accepted":0.0,
  "p95_split_overhead_ratio_accepted":0.0,
  "rga_accepted_total":972,
  "rga_rejected_total":520,
  "rga_rejection_ratio":0.3485254692,
  "mdca_rejected_total":5,
  "mdca_capacity_rejected_total":0,
  "mdca_reliability_rejected_total":0,
  "mdca_qos_rejected_total":5,
  "mdca_rejection_ratio":0.0033512064,
  "capacity_rejection_ratio":0.0,
  "reliability_rejection_ratio":0.0,
  "qos_rejected_total":5,
  "qos_rejection_ratio":0.0033512064,
  "placement_trace_path":"D:\\Study\\Code_1\\paper_data\\mobility_stress\\sim_runs\\Arizona\\R0p999\\MDCA\\seed3\\placement_trace_Arizona_mdca_seed3.json"
}