{
  "algo":"mdca",
  "region":"Arizona",
  "time_slots":120,
  "arrival_rate":12.0,
  "mean_service_time":9.0,
  "seed":1,
  "trace_seed":6993029101249686725,
  "algo_seed":3737587677167370884,
  "trace_hash":"e7f565e074583119cc1bbe66fab205d5a28f42a7e8f93c31d03b87b687101052",
  "arrivals_per_slot":[
    16,
    8,
    19,
    11,
    9,
    10,
    12,
    19,
    6,
    9,
    13,
    10,
    14,
    9,
    16,
    12,
    14,
    14,
    14,
    11,
    11,
    16,
    14,
    11,
    12,
    8,
    11,
    11,
    12,
    7,
    18,
    12,
    13,
    14,
    11,
    16,
    16,
    13,
    8,
    9,
    19,
    15,
    18,
    7,
    7,
    13,
    24,
    12,
    7,
    13,
    9,
    14,
    14,
    13,
    17,
    10,
    9,
    9,
    11,
    13,
    8,
    3,
    13,
    12,
    7,
    12,
    10,
    18,
    12,
    11,
    8,
    12,
    11,
    8,
    12,
    8,
    9,
    9,
    9,
    7,
    8,
    7,
    12,
    9,
    8,
    21,
    15,
    18,
    17,
    7,
    12,
    9,
    12,
    18,
    10,
    13,
    7,
    18,
    13,
    19,
    8,
    13,
    16,
    22,
    12,
    9,
    11,
    9,
    15,
    15,
    11,
    14,
    16,
    11,
    5,
    10,
    7,
    13,
    9,
    11
  ],
  "diversity":false,
  "p_split":null,
  "split_reliability_mode":null,
  "mechanism":null,
  "fixed_sfc_len":null,
  "fixed_reliability":0.99,
  "max_backup_level":2,
  "explicit_split_replicas":false,
  "split_enforce_distinct":false,
  "strict_split_resource_ablation":false,
  "split_replica_resource_scale":1.0,
  "cap_base_min":500,
  "cap_base_max":700,
  "cap_scale":0.2,
  "total_arrivals":1432,
  "total_accepted":1423,
  "total_rejected":9,
  "acceptance_ratio":0.9937150838,
  "avg_cost_per_arrival":41.1981619424,
  "total_cost":58995.7679015406,
  "total_cost_resource":39270.7679015406,
  "avg_cost_per_accepted":41.4587265647,
  "final_utilization":0.3908604289,
  "avg_utilization_over_time":0.3769542756,
  "avg_leftover_capacity_sum_over_time":234374.3500000001,
  "final_leftover_capacity_sum":229143.2,
  "final_leftover_capacity_min":0.0,
  "final_leftover_capacity_max":2439.6,
  "final_leftover_capacity_avg":729.7554140127,
  "avg_e2e_delay_accepted":0.0660983205,
  "p95_e2e_delay_accepted":0.1269783022,
  "avg_access_delay_accepted":0.0080183148,
  "avg_processing_delay_accepted":0.0494044538,
  "avg_network_delay_accepted":0.0086755518,
  "avg_split_proc_overhead_accepted":0.0,
  "avg_split_net_overhead_accepted":0.0,
  "total_transmitted_bits_accepted":1907498146.142449379,
  "avg_transmitted_bits_per_accepted":1340476.5608871744,
  "total_split_transmitted_bits_accepted":0.0,
  "avg_split_transmitted_bits_per_accepted":0.0,
  "avg_split_overhead_ratio_accepted":0.0,
  "p95_split_overhead_ratio_accepted":0.0,
  "rga_accepted_total":1432,
  "rga_rejected_total":0,
  "rga_rejection_ratio":0.0,
  "mdca_rejected_total":9,
  "mdca_capacity_rejected_total":0,
  "mdca_reliability_rejected_total":0,
  "mdca_qos_rejected_total":9,
  "mdca_rejection_ratio":0.0062849162,
  "capacity_rejection_ratio":0.0,
  "reliability_rejection_ratio":0.0,
  "qos_rejected_total":9,
  "qos_rejection_ratio":0.0062849162
}