{
  "algo":"dtsp",
  "region":"Alabama",
  "time_slots":120,
  "arrival_rate":10.0,
  "mean_service_time":9.0,
  "seed":5,
  "trace_seed":865213653140805563,
  "algo_seed":2513652281977770823,
  "trace_hash":"c0b2d91d161376d9eb14d9792d09019f84776a1876510039828ea897f38f6682",
  "arrivals_per_slot":[
    15,
    14,
    13,
    11,
    7,
    10,
    13,
    6,
    7,
    6,
    8,
    12,
    8,
    8,
    6,
    17,
    4,
    11,
    8,
    12,
    11,
    8,
    11,
    13,
    11,
    11,
    8,
    9,
    15,
    10,
    8,
    9,
    9,
    12,
    7,
    6,
    8,
    16,
    12,
    13,
    9,
    20,
    11,
    9,
    10,
    7,
    13,
    6,
    6,
    5,
    9,
    10,
    8,
    11,
    5,
    9,
    10,
    14,
    12,
    12,
    19,
    6,
    9,
    13,
    5,
    12,
    5,
    13,
    9,
    9,
    9,
    12,
    11,
    9,
    13,
    6,
    7,
    13,
    11,
    8,
    4,
    7,
    13,
    7,
    12,
    12,
    7,
    7,
    6,
    8,
    9,
    10,
    11,
    6,
    6,
    11,
    7,
    13,
    9,
    8,
    13,
    9,
    10,
    8,
    14,
    13,
    11,
    7,
    7,
    15,
    10,
    11,
    11,
    8,
    10,
    12,
    14,
    10,
    7,
    13
  ],
  "diversity":false,
  "p_split":null,
  "split_reliability_mode":null,
  "mechanism":null,
  "fixed_sfc_len":null,
  "fixed_reliability":null,
  "max_backup_level":2,
  "explicit_split_replicas":false,
  "split_enforce_distinct":false,
  "strict_split_resource_ablation":false,
  "split_replica_resource_scale":1.0,
  "cap_base_min":500,
  "cap_base_max":700,
  "cap_scale":0.2,
  "total_arrivals":1184,
  "total_accepted":1171,
  "total_rejected":13,
  "acceptance_ratio":0.9890202703,
  "avg_cost_per_arrival":42.4263716418,
  "total_cost":50232.8240239062,
  "total_cost_resource":37172.8240239062,
  "avg_cost_per_accepted":42.8973732057,
  "final_utilization":0.6434088041,
  "avg_utilization_over_time":0.5914304422,
  "avg_leftover_capacity_sum_over_time":70189.3083333333,
  "final_leftover_capacity_sum":61259.8,
  "final_leftover_capacity_min":0.6,
  "final_leftover_capacity_max":1820.0,
  "final_leftover_capacity_avg":447.1518248175,
  "avg_e2e_delay_accepted":0.0646441694,
  "p95_e2e_delay_accepted":0.1288702848,
  "avg_access_delay_accepted":0.0081376807,
  "avg_processing_delay_accepted":0.0482273998,
  "avg_network_delay_accepted":0.008279089,
  "avg_split_proc_overhead_accepted":0.0,
  "avg_split_net_overhead_accepted":0.0,
  "total_transmitted_bits_accepted":1803358904.9997534752,
  "avg_transmitted_bits_per_accepted":1540016.1443208826,
  "total_split_transmitted_bits_accepted":0.0,
  "avg_split_transmitted_bits_per_accepted":0.0,
  "avg_split_overhead_ratio_accepted":0.0,
  "p95_split_overhead_ratio_accepted":0.0,
  "rga_accepted_total":1184,
  "rga_rejected_total":0,
  "rga_rejection_ratio":0.0,
  "mdca_rejected_total":13,
  "mdca_capacity_rejected_total":0,
  "mdca_reliability_rejected_total":0,
  "mdca_qos_rejected_total":13,
  "mdca_rejection_ratio":0.0109797297,
  "capacity_rejection_ratio":0.0,
  "reliability_rejection_ratio":0.0,
  "qos_rejected_total":13,
  "qos_rejection_ratio":0.0109797297
}