{
  "algo":"mdca",
  "region":"Alabama",
  "time_slots":120,
  "arrival_rate":20.0,
  "mean_service_time":9.0,
  "seed":1,
  "trace_seed":16768760097479525272,
  "algo_seed":14880128096359974019,
  "trace_hash":"9f17194f3c1e1a51d84a2df6a97a8ede46624f8394f28d6a927293c518ae834c",
  "arrivals_per_slot":[
    23,
    23,
    21,
    14,
    23,
    24,
    25,
    22,
    24,
    25,
    24,
    18,
    13,
    21,
    19,
    23,
    31,
    24,
    9,
    12,
    26,
    24,
    22,
    21,
    18,
    26,
    21,
    21,
    22,
    25,
    25,
    20,
    16,
    24,
    14,
    27,
    25,
    19,
    29,
    25,
    19,
    16,
    12,
    21,
    23,
    16,
    26,
    12,
    26,
    17,
    10,
    20,
    16,
    22,
    19,
    17,
    25,
    21,
    19,
    21,
    16,
    25,
    24,
    16,
    29,
    24,
    18,
    19,
    20,
    12,
    18,
    19,
    24,
    20,
    16,
    14,
    20,
    19,
    19,
    26,
    13,
    22,
    27,
    16,
    18,
    18,
    18,
    20,
    15,
    16,
    11,
    14,
    21,
    20,
    12,
    23,
    17,
    19,
    14,
    21,
    24,
    19,
    20,
    16,
    21,
    12,
    11,
    11,
    22,
    19,
    21,
    16,
    18,
    29,
    18,
    19,
    15,
    30,
    20,
    20
  ],
  "diversity":false,
  "p_split":null,
  "split_reliability_mode":null,
  "mechanism":null,
  "fixed_sfc_len":3,
  "fixed_reliability":null,
  "max_backup_level":2,
  "explicit_split_replicas":false,
  "split_enforce_distinct":false,
  "strict_split_resource_ablation":false,
  "split_replica_resource_scale":1.0,
  "cap_base_min":500,
  "cap_base_max":700,
  "cap_scale":0.2,
  "total_arrivals":2380,
  "total_accepted":2139,
  "total_rejected":241,
  "acceptance_ratio":0.8987394958,
  "avg_cost_per_arrival":37.5551429592,
  "total_cost":89381.2402427969,
  "total_cost_resource":66909.2402427969,
  "avg_cost_per_accepted":41.7864610766,
  "final_utilization":0.9609940775,
  "avg_utilization_over_time":0.9019288228,
  "avg_leftover_capacity_sum_over_time":17065.8166666667,
  "final_leftover_capacity_sum":6787.6,
  "final_leftover_capacity_min":0.2,
  "final_leftover_capacity_max":410.0,
  "final_leftover_capacity_avg":49.5445255474,
  "avg_e2e_delay_accepted":0.063804698,
  "p95_e2e_delay_accepted":0.1074498092,
  "avg_access_delay_accepted":0.0080703513,
  "avg_processing_delay_accepted":0.0490051673,
  "avg_network_delay_accepted":0.0067291794,
  "avg_split_proc_overhead_accepted":0.0,
  "avg_split_net_overhead_accepted":0.0,
  "total_transmitted_bits_accepted":2694528921.7584233284,
  "avg_transmitted_bits_per_accepted":1259714.3159225916,
  "total_split_transmitted_bits_accepted":0.0,
  "avg_split_transmitted_bits_per_accepted":0.0,
  "avg_split_overhead_ratio_accepted":0.0,
  "p95_split_overhead_ratio_accepted":0.0,
  "rga_accepted_total":2380,
  "rga_rejected_total":0,
  "rga_rejection_ratio":0.0,
  "mdca_rejected_total":241,
  "mdca_capacity_rejected_total":231,
  "mdca_reliability_rejected_total":0,
  "mdca_qos_rejected_total":10,
  "mdca_rejection_ratio":0.1012605042,
  "capacity_rejection_ratio":0.0970588235,
  "reliability_rejection_ratio":0.0,
  "qos_rejected_total":10,
  "qos_rejection_ratio":0.0042016807
}