{
  "algo":"mdca",
  "region":"Arizona",
  "time_slots":120,
  "arrival_rate":10.0,
  "mean_service_time":9.0,
  "seed":5,
  "trace_seed":7294148027305542729,
  "algo_seed":8713146723775295805,
  "trace_hash":"dd6de0ab9dc81771b0295c7556af3f1c4b61cd50e8a0796d95f374e472d12cdb",
  "arrivals_per_slot":[
    11,
    4,
    8,
    11,
    12,
    7,
    14,
    8,
    12,
    10,
    10,
    7,
    9,
    10,
    14,
    10,
    13,
    12,
    11,
    7,
    7,
    6,
    8,
    10,
    6,
    9,
    17,
    12,
    6,
    11,
    13,
    9,
    13,
    11,
    9,
    11,
    6,
    7,
    8,
    6,
    10,
    8,
    7,
    10,
    17,
    14,
    10,
    12,
    7,
    7,
    6,
    10,
    12,
    14,
    5,
    11,
    12,
    8,
    6,
    7,
    12,
    11,
    12,
    10,
    12,
    7,
    11,
    11,
    11,
    7,
    8,
    8,
    9,
    6,
    11,
    9,
    13,
    13,
    8,
    8,
    12,
    13,
    13,
    5,
    11,
    6,
    9,
    9,
    12,
    13,
    10,
    10,
    12,
    15,
    11,
    9,
    11,
    13,
    5,
    8,
    9,
    19,
    8,
    10,
    12,
    5,
    13,
    15,
    6,
    9,
    8,
    10,
    9,
    4,
    9,
    13,
    13,
    7,
    6,
    8
  ],
  "diversity":true,
  "p_split":0.3,
  "split_reliability_mode":"identical_active_pool",
  "split_recovery_coverage":1.0,
  "split_workload_shares":"0.5,0.5",
  "mechanism":null,
  "fixed_sfc_len":3,
  "fixed_reliability":0.999,
  "max_backup_level":2,
  "explicit_split_replicas":true,
  "split_enforce_distinct":false,
  "strict_split_resource_ablation":false,
  "split_replica_resource_scale":1.0,
  "backhaul_knn_k":4,
  "backhaul_use_device_bw":true,
  "backhaul_bw_scale":0.5,
  "fiber_speed_mps":200000000.0,
  "switch_delay_s":0.0002,
  "region_cloudlet_count":314,
  "cap_base_min":500,
  "cap_base_max":700,
  "cap_scale":0.2,
  "total_arrivals":1175,
  "total_accepted":951,
  "total_rejected":224,
  "acceptance_ratio":0.8093617021,
  "avg_cost_per_arrival":36.9012926283,
  "total_cost":43359.0188382118,
  "total_cost_resource":26662.0188382118,
  "avg_cost_per_accepted":45.5930797458,
  "final_utilization":0.2909577338,
  "avg_utilization_over_time":0.3090691622,
  "avg_leftover_capacity_sum_over_time":259359.1305555556,
  "final_leftover_capacity_sum":266157.7333333333,
  "final_leftover_capacity_min":0.2,
  "final_leftover_capacity_max":2599.2,
  "final_leftover_capacity_avg":847.6360934183,
  "avg_e2e_delay_accepted":0.0713469164,
  "p95_e2e_delay_accepted":0.1189473195,
  "avg_access_delay_accepted":0.0080356878,
  "avg_processing_delay_accepted":0.0438248131,
  "avg_network_delay_accepted":0.0150712776,
  "avg_split_proc_overhead_accepted":7.168731084e-19,
  "avg_split_net_overhead_accepted":0.0,
  "total_transmitted_bits_accepted":1711568113.3864412308,
  "avg_transmitted_bits_per_accepted":1799756.1654957321,
  "total_split_transmitted_bits_accepted":431912135.4346194267,
  "avg_split_transmitted_bits_per_accepted":454166.2833171603,
  "avg_split_overhead_ratio_accepted":9.391544631e-18,
  "p95_split_overhead_ratio_accepted":5.595915963e-17,
  "rga_accepted_total":958,
  "rga_rejected_total":217,
  "rga_rejection_ratio":0.1846808511,
  "mdca_rejected_total":7,
  "mdca_capacity_rejected_total":0,
  "mdca_reliability_rejected_total":0,
  "mdca_qos_rejected_total":7,
  "mdca_rejection_ratio":0.0059574468,
  "capacity_rejection_ratio":0.0,
  "reliability_rejection_ratio":0.0,
  "qos_rejected_total":7,
  "qos_rejection_ratio":0.0059574468
}