{
  "algo":"mdca",
  "region":"Arizona",
  "time_slots":120,
  "arrival_rate":12.0,
  "mean_service_time":9.0,
  "seed":2,
  "trace_seed":12057244439424122892,
  "algo_seed":8373348553435308758,
  "trace_hash":"3f7070bdd94ca4831cf768c839bda31c7088343ae5b5e4244961b9f37d0b87be",
  "arrivals_per_slot":[
    14,
    17,
    11,
    11,
    8,
    8,
    9,
    11,
    8,
    13,
    21,
    9,
    10,
    10,
    19,
    11,
    10,
    11,
    8,
    19,
    11,
    12,
    15,
    12,
    14,
    13,
    11,
    14,
    18,
    11,
    13,
    10,
    11,
    13,
    5,
    10,
    12,
    12,
    9,
    8,
    10,
    11,
    17,
    14,
    10,
    9,
    11,
    11,
    14,
    10,
    11,
    5,
    9,
    11,
    14,
    15,
    15,
    17,
    14,
    14,
    19,
    10,
    15,
    8,
    7,
    11,
    17,
    12,
    10,
    9,
    13,
    13,
    8,
    16,
    8,
    10,
    15,
    10,
    10,
    17,
    10,
    17,
    8,
    9,
    11,
    9,
    9,
    19,
    16,
    9,
    16,
    13,
    15,
    14,
    11,
    23,
    6,
    12,
    14,
    10,
    16,
    15,
    14,
    15,
    8,
    14,
    14,
    14,
    10,
    14,
    10,
    15,
    11,
    10,
    11,
    14,
    6,
    11,
    12,
    7
  ],
  "diversity":true,
  "p_split":0.3,
  "split_reliability_mode":"identical_active_pool",
  "mechanism":null,
  "fixed_sfc_len":null,
  "fixed_reliability":0.999,
  "max_backup_level":2,
  "explicit_split_replicas":true,
  "split_enforce_distinct":false,
  "strict_split_resource_ablation":false,
  "split_replica_resource_scale":1.0,
  "cap_base_min":500,
  "cap_base_max":700,
  "cap_scale":0.2,
  "total_arrivals":1444,
  "total_accepted":1124,
  "total_rejected":320,
  "acceptance_ratio":0.7783933518,
  "avg_cost_per_arrival":30.9332240422,
  "total_cost":44667.5755168871,
  "total_cost_resource":24865.5755168871,
  "avg_cost_per_accepted":39.7398358691,
  "final_utilization":0.2580879814,
  "avg_utilization_over_time":0.2914296016,
  "avg_leftover_capacity_sum_over_time":269626.2,
  "final_leftover_capacity_sum":282313.4,
  "final_leftover_capacity_min":0.2,
  "final_leftover_capacity_max":2128.0,
  "final_leftover_capacity_avg":899.0872611465,
  "avg_e2e_delay_accepted":0.0699424956,
  "p95_e2e_delay_accepted":0.138604249,
  "avg_access_delay_accepted":0.0080512493,
  "avg_processing_delay_accepted":0.0390926879,
  "avg_network_delay_accepted":0.0170618356,
  "avg_split_proc_overhead_accepted":4.06672274e-19,
  "avg_split_net_overhead_accepted":0.0,
  "total_transmitted_bits_accepted":2162251272.761244297,
  "avg_transmitted_bits_per_accepted":1923711.0967626728,
  "total_split_transmitted_bits_accepted":766144007.5516850948,
  "avg_split_transmitted_bits_per_accepted":681622.7825192928,
  "avg_split_overhead_ratio_accepted":4.676010869e-18,
  "p95_split_overhead_ratio_accepted":3.259576378e-17,
  "rga_accepted_total":1136,
  "rga_rejected_total":308,
  "rga_rejection_ratio":0.2132963989,
  "mdca_rejected_total":12,
  "mdca_capacity_rejected_total":0,
  "mdca_reliability_rejected_total":0,
  "mdca_qos_rejected_total":12,
  "mdca_rejection_ratio":0.0083102493,
  "capacity_rejection_ratio":0.0,
  "reliability_rejection_ratio":0.0,
  "qos_rejected_total":12,
  "qos_rejection_ratio":0.0083102493
}