{
  "algo":"mdca",
  "region":"Arizona",
  "time_slots":120,
  "arrival_rate":20.0,
  "mean_service_time":9.0,
  "seed":1,
  "trace_seed":7438580685462729738,
  "algo_seed":3737587677167370884,
  "trace_hash":"85eaaf259e759021e9eb0321d25a6676fcec560abe9f552321f74fd8f72d84c4",
  "arrivals_per_slot":[
    13,
    18,
    22,
    22,
    20,
    28,
    26,
    25,
    25,
    13,
    20,
    16,
    12,
    23,
    19,
    19,
    15,
    17,
    14,
    20,
    22,
    25,
    24,
    17,
    22,
    25,
    23,
    28,
    23,
    14,
    17,
    23,
    24,
    17,
    22,
    18,
    22,
    17,
    24,
    27,
    22,
    26,
    11,
    20,
    16,
    13,
    22,
    15,
    22,
    17,
    15,
    20,
    16,
    26,
    23,
    19,
    27,
    19,
    24,
    23,
    25,
    26,
    25,
    27,
    15,
    22,
    12,
    16,
    14,
    18,
    24,
    10,
    15,
    29,
    20,
    14,
    20,
    29,
    19,
    22,
    12,
    17,
    17,
    15,
    22,
    19,
    16,
    26,
    21,
    19,
    16,
    21,
    24,
    25,
    20,
    24,
    27,
    24,
    23,
    26,
    25,
    17,
    18,
    20,
    23,
    25,
    19,
    17,
    19,
    23,
    14,
    19,
    14,
    20,
    18,
    13,
    26,
    17,
    19,
    15
  ],
  "diversity":false,
  "p_split":null,
  "split_reliability_mode":null,
  "split_recovery_coverage":null,
  "split_workload_shares":null,
  "mechanism":null,
  "fixed_sfc_len":6,
  "fixed_reliability":null,
  "max_backup_level":2,
  "explicit_split_replicas":false,
  "split_enforce_distinct":false,
  "strict_split_resource_ablation":false,
  "split_replica_resource_scale":1.0,
  "cap_base_min":500,
  "cap_base_max":700,
  "cap_scale":0.2,
  "total_arrivals":2414,
  "total_accepted":2084,
  "total_rejected":330,
  "acceptance_ratio":0.8632974316,
  "avg_cost_per_arrival":78.6457855787,
  "total_cost":189850.9263869589,
  "total_cost_resource":142282.9263869589,
  "avg_cost_per_accepted":91.099292892,
  "final_utilization":0.946398219,
  "avg_utilization_over_time":0.8830843162,
  "avg_leftover_capacity_sum_over_time":43967.125,
  "final_leftover_capacity_sum":20157.4,
  "final_leftover_capacity_min":0.0,
  "final_leftover_capacity_max":1252.8,
  "final_leftover_capacity_avg":64.1955414013,
  "avg_e2e_delay_accepted":0.1264633874,
  "p95_e2e_delay_accepted":0.1882261194,
  "avg_access_delay_accepted":0.0080846367,
  "avg_processing_delay_accepted":0.096363443,
  "avg_network_delay_accepted":0.0220153076,
  "avg_split_proc_overhead_accepted":0.0,
  "avg_split_net_overhead_accepted":0.0,
  "total_transmitted_bits_accepted":6881353333.1705827713,
  "avg_transmitted_bits_per_accepted":3301992.9621739839,
  "total_split_transmitted_bits_accepted":0.0,
  "avg_split_transmitted_bits_per_accepted":0.0,
  "avg_split_overhead_ratio_accepted":0.0,
  "p95_split_overhead_ratio_accepted":0.0,
  "rga_accepted_total":2414,
  "rga_rejected_total":0,
  "rga_rejection_ratio":0.0,
  "mdca_rejected_total":330,
  "mdca_capacity_rejected_total":144,
  "mdca_reliability_rejected_total":0,
  "mdca_qos_rejected_total":186,
  "mdca_rejection_ratio":0.1367025684,
  "capacity_rejection_ratio":0.0596520298,
  "reliability_rejection_ratio":0.0,
  "qos_rejected_total":186,
  "qos_rejection_ratio":0.0770505385,
  "placement_trace_path":"D:\\Study\\Code_1\\paper_data\\large_scale_lb_reference\\split_enabled\\length\\Arizona\\fixed_sfc_len_6\\MDCA\\seed1\\placement_trace_Arizona_mdca_seed1.json"
}