{
  "algo":"mdca",
  "region":"Alabama",
  "time_slots":120,
  "arrival_rate":5.0,
  "mean_service_time":9.0,
  "seed":4,
  "trace_seed":6399358963321914290,
  "algo_seed":4574233998141395180,
  "trace_hash":"08d386991156a1fb425d57f1ba58daa8ca9ae5cc31bcaa5553772f1c343d9b27",
  "arrivals_per_slot":[
    4,
    2,
    5,
    4,
    7,
    4,
    4,
    3,
    7,
    2,
    2,
    9,
    6,
    4,
    6,
    8,
    6,
    5,
    5,
    2,
    4,
    3,
    4,
    6,
    4,
    8,
    2,
    4,
    1,
    5,
    7,
    4,
    9,
    6,
    4,
    5,
    11,
    8,
    6,
    5,
    5,
    4,
    2,
    7,
    7,
    5,
    2,
    4,
    6,
    7,
    5,
    3,
    2,
    2,
    6,
    5,
    2,
    9,
    4,
    3,
    7,
    6,
    5,
    2,
    3,
    8,
    2,
    4,
    4,
    5,
    2,
    12,
    6,
    1,
    8,
    3,
    6,
    4,
    12,
    2,
    10,
    3,
    7,
    4,
    6,
    6,
    5,
    7,
    9,
    5,
    3,
    5,
    4,
    3,
    5,
    5,
    3,
    2,
    9,
    8,
    4,
    5,
    7,
    9,
    4,
    6,
    4,
    3,
    6,
    7,
    6,
    3,
    5,
    5,
    7,
    4,
    2,
    6,
    6,
    4
  ],
  "diversity":true,
  "p_split":0.3,
  "split_reliability_mode":"identical_active_pool",
  "mechanism":null,
  "fixed_sfc_len":null,
  "fixed_reliability":null,
  "max_backup_level":2,
  "explicit_split_replicas":true,
  "split_enforce_distinct":false,
  "strict_split_resource_ablation":false,
  "split_replica_resource_scale":1.0,
  "cap_base_min":500,
  "cap_base_max":700,
  "cap_scale":0.2,
  "total_arrivals":605,
  "total_accepted":594,
  "total_rejected":11,
  "acceptance_ratio":0.9818181818,
  "avg_cost_per_arrival":27.3601474651,
  "total_cost":16552.8892163786,
  "total_cost_resource":10179.8892163786,
  "avg_cost_per_accepted":27.8668168626,
  "final_utilization":0.2775858382,
  "avg_utilization_over_time":0.238870664,
  "avg_leftover_capacity_sum_over_time":135266.3833333333,
  "final_leftover_capacity_sum":128386.0,
  "final_leftover_capacity_min":1.6,
  "final_leftover_capacity_max":2230.4,
  "final_leftover_capacity_avg":937.1240875912,
  "avg_e2e_delay_accepted":0.0688553305,
  "p95_e2e_delay_accepted":0.1339112631,
  "avg_access_delay_accepted":0.0080443854,
  "avg_processing_delay_accepted":0.0452870244,
  "avg_network_delay_accepted":0.0122183683,
  "avg_split_proc_overhead_accepted":5.570681869e-19,
  "avg_split_net_overhead_accepted":0.0,
  "total_transmitted_bits_accepted":948030467.8532069921,
  "avg_transmitted_bits_per_accepted":1596010.8886417625,
  "total_split_transmitted_bits_accepted":209641061.6900202632,
  "avg_split_transmitted_bits_per_accepted":352931.0802862294,
  "avg_split_overhead_ratio_accepted":6.444860439e-18,
  "p95_split_overhead_ratio_accepted":4.197932838e-17,
  "rga_accepted_total":605,
  "rga_rejected_total":0,
  "rga_rejection_ratio":0.0,
  "mdca_rejected_total":11,
  "mdca_capacity_rejected_total":0,
  "mdca_reliability_rejected_total":0,
  "mdca_qos_rejected_total":11,
  "mdca_rejection_ratio":0.0181818182,
  "capacity_rejection_ratio":0.0,
  "reliability_rejection_ratio":0.0,
  "qos_rejected_total":11,
  "qos_rejection_ratio":0.0181818182
}