region,fixed_reliability,seed,method,share,share_tag,domain_count,domain_failure_prob,total_accepted,expected_target_satisfaction_ratio,expected_reliability,expected_reliability_loss
Alabama,0.99,3,DMDCA,"0.5,0.5",0p5_0p5,6,0.0,1368,1.0,0.9940301904058351,-1.2212453270876722e-15
Alabama,0.99,3,DMDCA,"0.5,0.5",0p5_0p5,6,0.01,1368,0.9662647751877566,0.9853944140081041,0.008635776397729722
Alabama,0.99,3,DMDCA,"0.5,0.5",0p5_0p5,6,0.03,1368,0.9016239330552475,0.9675924441023732,0.02643774630346063
Alabama,0.99,3,DMDCA,"0.5,0.5",0p5_0p5,6,0.05,1368,0.8406123196614583,0.9491148175197825,0.0449153728860513
Alabama,0.99,3,MDCA,nan,nan,6,0.0,1359,1.0,0.9940585425061087,-8.881784197001252e-16
Alabama,0.99,3,MDCA,nan,nan,6,0.01,1359,0.967079469863384,0.9843807471074814,0.009677795398626454
Alabama,0.99,3,MDCA,nan,nan,6,0.03,1359,0.9039615082511632,0.9645956072257215,0.02946293528038635
Alabama,0.99,3,MDCA,nan,nan,6,0.05,1359,0.8443378230661333,0.9442673550080788,0.04979118749802902
