region,fixed_reliability,seed,method,share,share_tag,domain_count,domain_failure_prob,total_accepted,expected_target_satisfaction_ratio,expected_reliability,expected_reliability_loss
Arizona,0.95,4,DMDCA,"0.5,0.5",0p5_0p5,6,0.0,1384,1.0,0.9757796480475136,1.4432899320127035e-15
Arizona,0.95,4,DMDCA,"0.5,0.5",0p5_0p5,6,0.01,1384,0.971168109124435,0.9638987288052169,0.011880919242298171
Arizona,0.95,4,DMDCA,"0.5,0.5",0p5_0p5,6,0.03,1384,0.9155317151486427,0.939940761662022,0.03583888638549304
Arizona,0.95,4,DMDCA,"0.5,0.5",0p5_0p5,6,0.05,1384,0.8625132502935334,0.9157506121452654,0.06002903590224962
Arizona,0.95,4,MDCA,nan,nan,6,0.0,1391,1.0,0.9741136348502392,1.1102230246251565e-15
Arizona,0.95,4,MDCA,nan,nan,6,0.01,1391,0.9711836418933929,0.9606714916451045,0.013442143205135815
Arizona,0.95,4,MDCA,nan,nan,6,0.03,1391,0.9155682021104676,0.9337522041897774,0.04036143066046283
Arizona,0.95,4,MDCA,nan,nan,6,0.05,1391,0.8625597630863585,0.9068103542898286,0.06730328056041168
