region,fixed_reliability,seed,method,share,share_tag,domain_count,domain_failure_prob,total_accepted,expected_target_satisfaction_ratio,expected_reliability,expected_reliability_loss
Alabama,0.999,2,DMDCA,"0.5,0.5",0p5_0p5,6,0.0,1116,1.0,0.9993807982972224,-1.9984014443252818e-15
Alabama,0.999,2,DMDCA,"0.5,0.5",0p5_0p5,6,0.01,1116,0.9655143587801694,0.9933172704790199,0.00606352781820052
Alabama,0.999,2,DMDCA,"0.5,0.5",0p5_0p5,6,0.03,1116,0.8996054770520618,0.9806610579735594,0.01871974032366097
Alabama,0.999,2,DMDCA,"0.5,0.5",0p5_0p5,6,0.05,1116,0.8376116457913305,0.9673082923408087,0.032072505956411645
Alabama,0.999,2,MDCA,nan,nan,6,0.0,944,1.0,0.9993885881853155,-2.3314683517128287e-15
Alabama,0.999,2,MDCA,nan,nan,6,0.01,944,0.9676507258425318,0.9928667538376309,0.006521834347682276
Alabama,0.999,2,MDCA,nan,nan,6,0.03,944,0.9056953618796078,0.9793317528959222,0.02005683528939095
Alabama,0.999,2,MDCA,nan,nan,6,0.05,944,0.8472501441671078,0.9651520969366919,0.03423649124862127
