{
  "algo":"mdca",
  "region":"Alabama",
  "time_slots":120,
  "arrival_rate":50.0,
  "mean_service_time":9.0,
  "seed":3,
  "trace_seed":7681878440311344812,
  "algo_seed":15868857010820782473,
  "trace_hash":"2bc28ebe617b83f03f3bfb86259a81ccfa480ec957d2fc83bc48326ec1f90fda",
  "arrivals_per_slot":[
    56,
    54,
    56,
    46,
    33,
    51,
    66,
    55,
    47,
    53,
    51,
    56,
    62,
    59,
    50,
    35,
    57,
    52,
    62,
    52,
    43,
    60,
    46,
    40,
    48,
    43,
    42,
    47,
    52,
    42,
    51,
    60,
    44,
    45,
    50,
    57,
    47,
    60,
    51,
    42,
    54,
    54,
    44,
    49,
    56,
    42,
    54,
    52,
    59,
    42,
    68,
    44,
    53,
    42,
    48,
    42,
    55,
    53,
    38,
    44,
    45,
    58,
    40,
    46,
    54,
    59,
    51,
    43,
    46,
    43,
    51,
    54,
    33,
    44,
    50,
    38,
    61,
    48,
    64,
    41,
    55,
    62,
    50,
    46,
    45,
    47,
    47,
    46,
    57,
    60,
    58,
    51,
    42,
    33,
    66,
    56,
    49,
    44,
    57,
    49,
    54,
    56,
    43,
    50,
    47,
    55,
    61,
    39,
    55,
    57,
    50,
    58,
    54,
    56,
    54,
    37,
    48,
    44,
    53,
    56
  ],
  "diversity":true,
  "p_split":0.3,
  "split_reliability_mode":"identical_active_pool",
  "mechanism":null,
  "fixed_sfc_len":null,
  "fixed_reliability":null,
  "max_backup_level":2,
  "explicit_split_replicas":true,
  "split_enforce_distinct":false,
  "strict_split_resource_ablation":false,
  "split_replica_resource_scale":1.0,
  "cap_base_min":500,
  "cap_base_max":700,
  "cap_scale":0.2,
  "total_arrivals":6032,
  "total_accepted":3554,
  "total_rejected":2478,
  "acceptance_ratio":0.5891909814,
  "avg_cost_per_arrival":16.9203097901,
  "total_cost":102063.3086540871,
  "total_cost_resource":72794.3086540871,
  "avg_cost_per_accepted":28.7178696269,
  "final_utilization":0.9696190502,
  "avg_utilization_over_time":0.9610112944,
  "avg_leftover_capacity_sum_over_time":6859.6416666667,
  "final_leftover_capacity_sum":5345.2,
  "final_leftover_capacity_min":0.0,
  "final_leftover_capacity_max":449.6,
  "final_leftover_capacity_avg":39.0160583942,
  "avg_e2e_delay_accepted":0.0606762254,
  "p95_e2e_delay_accepted":0.124020074,
  "avg_access_delay_accepted":0.0080536778,
  "avg_processing_delay_accepted":0.0400647416,
  "avg_network_delay_accepted":0.0093996117,
  "avg_split_proc_overhead_accepted":5.236141274e-19,
  "avg_split_net_overhead_accepted":0.0,
  "total_transmitted_bits_accepted":4631234880.9874229431,
  "avg_transmitted_bits_per_accepted":1303104.918679635,
  "total_split_transmitted_bits_accepted":1181197778.7583289146,
  "avg_split_transmitted_bits_per_accepted":332357.2815864741,
  "avg_split_overhead_ratio_accepted":7.107567564e-18,
  "p95_split_overhead_ratio_accepted":5.251592949e-17,
  "rga_accepted_total":6032,
  "rga_rejected_total":0,
  "rga_rejection_ratio":0.0,
  "mdca_rejected_total":2478,
  "mdca_capacity_rejected_total":2436,
  "mdca_reliability_rejected_total":3,
  "mdca_qos_rejected_total":39,
  "mdca_rejection_ratio":0.4108090186,
  "capacity_rejection_ratio":0.4038461538,
  "reliability_rejection_ratio":0.0004973475,
  "qos_rejected_total":39,
  "qos_rejection_ratio":0.0064655172
}