{
  "algo":"random",
  "region":"Arizona",
  "time_slots":120,
  "arrival_rate":12.0,
  "mean_service_time":9.0,
  "seed":2,
  "trace_seed":4280610742674058455,
  "algo_seed":8689418211928376907,
  "trace_hash":"e3209ac86e4aaaab27d7418a89fdc72ee026d7d226fd68a4296e1da03576225d",
  "arrivals_per_slot":[
    15,
    12,
    10,
    11,
    11,
    11,
    13,
    8,
    12,
    9,
    15,
    16,
    9,
    12,
    13,
    5,
    15,
    15,
    9,
    12,
    10,
    12,
    7,
    10,
    16,
    8,
    16,
    15,
    13,
    22,
    7,
    12,
    10,
    11,
    9,
    8,
    13,
    15,
    14,
    11,
    12,
    19,
    10,
    11,
    11,
    16,
    11,
    16,
    10,
    21,
    10,
    10,
    15,
    10,
    12,
    10,
    11,
    6,
    14,
    18,
    14,
    11,
    14,
    17,
    10,
    10,
    14,
    7,
    10,
    9,
    10,
    17,
    11,
    11,
    19,
    9,
    14,
    17,
    12,
    7,
    13,
    12,
    13,
    6,
    19,
    7,
    19,
    16,
    5,
    24,
    14,
    15,
    13,
    9,
    17,
    14,
    13,
    14,
    15,
    8,
    11,
    12,
    13,
    10,
    9,
    12,
    12,
    11,
    13,
    10,
    15,
    16,
    12,
    16,
    10,
    11,
    17,
    11,
    5,
    12
  ],
  "diversity":false,
  "p_split":null,
  "split_reliability_mode":null,
  "mechanism":null,
  "fixed_sfc_len":null,
  "fixed_reliability":0.93,
  "max_backup_level":2,
  "explicit_split_replicas":false,
  "split_enforce_distinct":false,
  "strict_split_resource_ablation":false,
  "split_replica_resource_scale":1.0,
  "cap_base_min":500,
  "cap_base_max":700,
  "cap_scale":0.2,
  "total_arrivals":1472,
  "total_accepted":1451,
  "total_rejected":21,
  "acceptance_ratio":0.9857336957,
  "avg_cost_per_arrival":55.8233411231,
  "total_cost":82171.9581331654,
  "total_cost_resource":62811.9581331655,
  "avg_cost_per_accepted":56.6312599126,
  "final_utilization":0.4359197678,
  "avg_utilization_over_time":0.3970955509,
  "avg_leftover_capacity_sum_over_time":228717.1083333333,
  "final_leftover_capacity_sum":213988.8,
  "final_leftover_capacity_min":0.0,
  "final_leftover_capacity_max":1733.8,
  "final_leftover_capacity_avg":681.4929936306,
  "avg_e2e_delay_accepted":0.0659543144,
  "p95_e2e_delay_accepted":0.1264029823,
  "avg_access_delay_accepted":0.0080619853,
  "avg_processing_delay_accepted":0.0482893997,
  "avg_network_delay_accepted":0.0096029293,
  "avg_split_proc_overhead_accepted":0.0,
  "avg_split_net_overhead_accepted":0.0,
  "total_transmitted_bits_accepted":2209337420.3483390808,
  "avg_transmitted_bits_per_accepted":1522630.8892821083,
  "total_split_transmitted_bits_accepted":0.0,
  "avg_split_transmitted_bits_per_accepted":0.0,
  "avg_split_overhead_ratio_accepted":0.0,
  "p95_split_overhead_ratio_accepted":0.0,
  "rga_accepted_total":1472,
  "rga_rejected_total":0,
  "rga_rejection_ratio":0.0,
  "mdca_rejected_total":21,
  "mdca_capacity_rejected_total":0,
  "mdca_reliability_rejected_total":0,
  "mdca_qos_rejected_total":21,
  "mdca_rejection_ratio":0.0142663043,
  "capacity_rejection_ratio":0.0,
  "reliability_rejection_ratio":0.0,
  "qos_rejected_total":21,
  "qos_rejection_ratio":0.0142663043
}