region,fixed_reliability,seed,method,share,share_tag,domain_count,domain_failure_prob,total_accepted,expected_target_satisfaction_ratio,expected_reliability,expected_reliability_loss
Arizona,0.996,1,DMDCA,"0.5,0.5",0p5_0p5,6,0.0,1406,1.0,0.9978442829157876,-2.220446049250313e-16
Arizona,0.996,1,DMDCA,"0.5,0.5",0p5_0p5,6,0.01,1406,0.9641381132848439,0.991169159940298,0.006675122975489445
Arizona,0.996,1,DMDCA,"0.5,0.5",0p5_0p5,6,0.03,1406,0.89565301024007,0.9771844816295423,0.020659801286245116
Arizona,0.996,1,DMDCA,"0.5,0.5",0p5_0p5,6,0.05,1406,0.831307856630067,0.9623777938220178,0.03546648909376959
Arizona,0.996,1,MDCA,nan,nan,6,0.0,1408,1.0,0.9978438091167205,-2.220446049250313e-16
Arizona,0.996,1,MDCA,nan,nan,6,0.01,1408,0.9647068486019768,0.9896351703511608,0.00820863876555955
Arizona,0.996,1,MDCA,nan,nan,6,0.03,1408,0.8973086709481581,0.972694212609307,0.02514959650741333
Arizona,0.996,1,MDCA,nan,nan,6,0.05,1408,0.8339847831920277,0.9550788172855151,0.04276499183120519
