{
  "algo":"mdca",
  "region":"Alabama",
  "time_slots":120,
  "arrival_rate":12.0,
  "mean_service_time":9.0,
  "seed":4,
  "trace_seed":6687377319977448777,
  "algo_seed":7460246866664277872,
  "trace_hash":"2d4f39733084265ba5e8a58aee6f46b3fcd445ca2d668a9ba8c41bbad50cd17c",
  "arrivals_per_slot":[
    12,
    13,
    11,
    10,
    16,
    13,
    11,
    10,
    14,
    11,
    13,
    7,
    7,
    13,
    10,
    10,
    24,
    20,
    12,
    11,
    13,
    14,
    13,
    8,
    10,
    6,
    21,
    16,
    17,
    15,
    10,
    11,
    12,
    8,
    12,
    8,
    8,
    15,
    12,
    14,
    9,
    9,
    10,
    15,
    16,
    13,
    9,
    10,
    16,
    15,
    8,
    10,
    14,
    5,
    12,
    10,
    15,
    17,
    9,
    15,
    7,
    9,
    11,
    14,
    7,
    17,
    5,
    12,
    9,
    17,
    9,
    19,
    15,
    1,
    10,
    12,
    9,
    22,
    16,
    12,
    14,
    17,
    24,
    12,
    7,
    10,
    9,
    15,
    12,
    11,
    15,
    11,
    19,
    11,
    12,
    8,
    13,
    10,
    8,
    8,
    16,
    7,
    13,
    14,
    13,
    6,
    14,
    11,
    15,
    10,
    17,
    18,
    9,
    11,
    7,
    11,
    13,
    16,
    19,
    13
  ],
  "diversity":false,
  "p_split":null,
  "split_reliability_mode":null,
  "mechanism":null,
  "fixed_sfc_len":null,
  "fixed_reliability":0.998,
  "max_backup_level":1,
  "explicit_split_replicas":false,
  "split_enforce_distinct":false,
  "strict_split_resource_ablation":false,
  "split_replica_resource_scale":1.0,
  "cap_base_min":500,
  "cap_base_max":700,
  "cap_scale":0.2,
  "total_arrivals":1460,
  "total_accepted":102,
  "total_rejected":1358,
  "acceptance_ratio":0.0698630137,
  "avg_cost_per_arrival":0.9302064739,
  "total_cost":1358.1014519253,
  "total_cost_resource":726.1014519253,
  "avg_cost_per_accepted":13.3147201169,
  "final_utilization":0.0160907184,
  "avg_utilization_over_time":0.026823162,
  "avg_leftover_capacity_sum_over_time":168378.0833333333,
  "final_leftover_capacity_sum":170235.0,
  "final_leftover_capacity_min":42.0,
  "final_leftover_capacity_max":2160.0,
  "final_leftover_capacity_avg":1242.5912408759,
  "avg_e2e_delay_accepted":0.032692749,
  "p95_e2e_delay_accepted":0.0746122632,
  "avg_access_delay_accepted":0.0080105262,
  "avg_processing_delay_accepted":0.0235447715,
  "avg_network_delay_accepted":0.0011374513,
  "avg_split_proc_overhead_accepted":0.0,
  "avg_split_net_overhead_accepted":0.0,
  "total_transmitted_bits_accepted":18752820.5658510067,
  "avg_transmitted_bits_per_accepted":183851.1820181471,
  "total_split_transmitted_bits_accepted":0.0,
  "avg_split_transmitted_bits_per_accepted":0.0,
  "avg_split_overhead_ratio_accepted":0.0,
  "p95_split_overhead_ratio_accepted":0.0,
  "rga_accepted_total":102,
  "rga_rejected_total":1358,
  "rga_rejection_ratio":0.9301369863,
  "mdca_rejected_total":0,
  "mdca_capacity_rejected_total":0,
  "mdca_reliability_rejected_total":0,
  "mdca_qos_rejected_total":0,
  "mdca_rejection_ratio":0.0,
  "capacity_rejection_ratio":0.0,
  "reliability_rejection_ratio":0.0,
  "qos_rejected_total":0,
  "qos_rejection_ratio":0.0
}