{
  "algo":"mdca",
  "region":"Alabama",
  "time_slots":120,
  "arrival_rate":12.0,
  "mean_service_time":9.0,
  "seed":3,
  "trace_seed":16822749361596586808,
  "algo_seed":3494852404680207668,
  "trace_hash":"32c151d9d483db53d83a78bb52cbf0e0f11fcc4ec06f818bcca35f5a09c67cca",
  "arrivals_per_slot":[
    9,
    20,
    9,
    8,
    12,
    14,
    11,
    9,
    14,
    11,
    12,
    13,
    7,
    13,
    19,
    18,
    13,
    15,
    10,
    13,
    8,
    12,
    12,
    6,
    12,
    7,
    12,
    8,
    12,
    6,
    14,
    11,
    10,
    19,
    12,
    13,
    10,
    17,
    17,
    13,
    18,
    10,
    10,
    12,
    14,
    11,
    13,
    12,
    9,
    13,
    9,
    7,
    12,
    14,
    10,
    12,
    16,
    15,
    12,
    15,
    16,
    7,
    15,
    14,
    11,
    16,
    11,
    12,
    10,
    9,
    8,
    14,
    8,
    9,
    12,
    14,
    11,
    10,
    12,
    16,
    11,
    7,
    14,
    10,
    19,
    12,
    14,
    12,
    11,
    10,
    14,
    15,
    11,
    12,
    13,
    14,
    11,
    9,
    8,
    12,
    20,
    19,
    19,
    9,
    11,
    6,
    10,
    10,
    15,
    9,
    14,
    16,
    9,
    16,
    11,
    12,
    13,
    9,
    6,
    12
  ],
  "diversity":true,
  "p_split":0.3,
  "split_reliability_mode":"identical_active_pool",
  "mechanism":null,
  "fixed_sfc_len":null,
  "fixed_reliability":0.996,
  "max_backup_level":2,
  "explicit_split_replicas":true,
  "split_enforce_distinct":false,
  "strict_split_resource_ablation":false,
  "split_replica_resource_scale":1.0,
  "cap_base_min":500,
  "cap_base_max":700,
  "cap_scale":0.2,
  "total_arrivals":1445,
  "total_accepted":1414,
  "total_rejected":31,
  "acceptance_ratio":0.9785467128,
  "avg_cost_per_arrival":56.8709345844,
  "total_cost":82178.5004744812,
  "total_cost_resource":55151.5004744812,
  "avg_cost_per_accepted":58.1177513964,
  "final_utilization":0.947063092,
  "avg_utilization_over_time":0.8095293684,
  "avg_leftover_capacity_sum_over_time":32985.8944444444,
  "final_leftover_capacity_sum":9167.6666666667,
  "final_leftover_capacity_min":0.4,
  "final_leftover_capacity_max":1640.6,
  "final_leftover_capacity_avg":66.9172749392,
  "avg_e2e_delay_accepted":0.0704069508,
  "p95_e2e_delay_accepted":0.1352569663,
  "avg_access_delay_accepted":0.0080193958,
  "avg_processing_delay_accepted":0.0419934735,
  "avg_network_delay_accepted":0.0148741537,
  "avg_split_proc_overhead_accepted":7.385456383e-19,
  "avg_split_net_overhead_accepted":0.0,
  "total_transmitted_bits_accepted":2827871056.0803308487,
  "avg_transmitted_bits_per_accepted":1999908.8091091448,
  "total_split_transmitted_bits_accepted":924758768.9822421074,
  "avg_split_transmitted_bits_per_accepted":654001.9582618403,
  "avg_split_overhead_ratio_accepted":9.046229255e-18,
  "p95_split_overhead_ratio_accepted":5.358489558e-17,
  "rga_accepted_total":1445,
  "rga_rejected_total":0,
  "rga_rejection_ratio":0.0,
  "mdca_rejected_total":31,
  "mdca_capacity_rejected_total":10,
  "mdca_reliability_rejected_total":0,
  "mdca_qos_rejected_total":21,
  "mdca_rejection_ratio":0.0214532872,
  "capacity_rejection_ratio":0.0069204152,
  "reliability_rejection_ratio":0.0,
  "qos_rejected_total":21,
  "qos_rejection_ratio":0.014532872
}