{
  "algo":"random",
  "region":"Alabama",
  "time_slots":120,
  "arrival_rate":5.0,
  "mean_service_time":9.0,
  "seed":1,
  "trace_seed":2492526553802010561,
  "algo_seed":882721028417214257,
  "trace_hash":"babd3ad6b4d74048db58683ec831a27c5d2c738bee78157473b3dd90ce3d41fa",
  "arrivals_per_slot":[
    1,
    2,
    6,
    4,
    3,
    5,
    4,
    6,
    7,
    7,
    7,
    9,
    5,
    5,
    4,
    8,
    8,
    7,
    4,
    6,
    7,
    1,
    3,
    3,
    4,
    9,
    11,
    1,
    6,
    6,
    5,
    3,
    3,
    2,
    3,
    4,
    8,
    6,
    3,
    6,
    7,
    2,
    5,
    2,
    4,
    2,
    3,
    3,
    5,
    3,
    4,
    5,
    10,
    5,
    0,
    3,
    3,
    7,
    8,
    7,
    1,
    4,
    4,
    4,
    4,
    7,
    7,
    3,
    6,
    4,
    5,
    6,
    6,
    6,
    6,
    3,
    6,
    3,
    5,
    9,
    5,
    5,
    6,
    6,
    4,
    5,
    9,
    4,
    5,
    4,
    4,
    4,
    5,
    6,
    2,
    4,
    4,
    5,
    2,
    6,
    6,
    3,
    8,
    6,
    6,
    3,
    6,
    4,
    10,
    4,
    10,
    7,
    8,
    3,
    5,
    7,
    6,
    3,
    7,
    4
  ],
  "diversity":false,
  "p_split":null,
  "split_reliability_mode":null,
  "mechanism":null,
  "fixed_sfc_len":null,
  "fixed_reliability":null,
  "max_backup_level":2,
  "explicit_split_replicas":false,
  "split_enforce_distinct":false,
  "strict_split_resource_ablation":false,
  "split_replica_resource_scale":1.0,
  "cap_base_min":500,
  "cap_base_max":700,
  "cap_scale":0.2,
  "total_arrivals":600,
  "total_accepted":589,
  "total_rejected":11,
  "acceptance_ratio":0.9816666667,
  "avg_cost_per_arrival":60.8822608742,
  "total_cost":36529.356524541,
  "total_cost_resource":28197.356524541,
  "avg_cost_per_accepted":62.0192810264,
  "final_utilization":0.4829559509,
  "avg_utilization_over_time":0.3472853238,
  "avg_leftover_capacity_sum_over_time":113466.4833333334,
  "final_leftover_capacity_sum":89881.8,
  "final_leftover_capacity_min":0.0,
  "final_leftover_capacity_max":1916.8,
  "final_leftover_capacity_avg":656.0715328467,
  "avg_e2e_delay_accepted":0.0657834722,
  "p95_e2e_delay_accepted":0.1240601902,
  "avg_access_delay_accepted":0.0080088799,
  "avg_processing_delay_accepted":0.0494783681,
  "avg_network_delay_accepted":0.0082962242,
  "avg_split_proc_overhead_accepted":0.0,
  "avg_split_net_overhead_accepted":0.0,
  "total_transmitted_bits_accepted":899782520.3882417679,
  "avg_transmitted_bits_per_accepted":1527644.3470088993,
  "total_split_transmitted_bits_accepted":0.0,
  "avg_split_transmitted_bits_per_accepted":0.0,
  "avg_split_overhead_ratio_accepted":0.0,
  "p95_split_overhead_ratio_accepted":0.0,
  "rga_accepted_total":600,
  "rga_rejected_total":0,
  "rga_rejection_ratio":0.0,
  "mdca_rejected_total":11,
  "mdca_capacity_rejected_total":0,
  "mdca_reliability_rejected_total":0,
  "mdca_qos_rejected_total":11,
  "mdca_rejection_ratio":0.0183333333,
  "capacity_rejection_ratio":0.0,
  "reliability_rejection_ratio":0.0,
  "qos_rejected_total":11,
  "qos_rejection_ratio":0.0183333333
}