{
  "algo":"random",
  "region":"Arizona",
  "time_slots":120,
  "arrival_rate":20.0,
  "mean_service_time":9.0,
  "seed":1,
  "trace_seed":11250629592664485414,
  "algo_seed":7453658633815173617,
  "trace_hash":"e47d0a163e407e5267e77a9da654001e0028f963d2843817b58fe4cd712ffc43",
  "arrivals_per_slot":[
    22,
    24,
    16,
    17,
    23,
    25,
    19,
    12,
    22,
    29,
    25,
    20,
    19,
    21,
    25,
    28,
    29,
    26,
    13,
    22,
    24,
    15,
    23,
    22,
    25,
    20,
    20,
    18,
    20,
    22,
    14,
    21,
    23,
    12,
    17,
    23,
    14,
    18,
    22,
    25,
    17,
    22,
    20,
    31,
    21,
    24,
    14,
    19,
    30,
    23,
    18,
    22,
    19,
    17,
    20,
    14,
    16,
    21,
    18,
    11,
    16,
    28,
    17,
    16,
    28,
    20,
    25,
    22,
    22,
    22,
    22,
    17,
    19,
    23,
    15,
    19,
    17,
    22,
    21,
    28,
    16,
    25,
    19,
    23,
    25,
    17,
    14,
    26,
    22,
    20,
    21,
    17,
    24,
    18,
    24,
    20,
    24,
    14,
    18,
    13,
    19,
    19,
    14,
    17,
    23,
    22,
    17,
    23,
    22,
    24,
    19,
    23,
    23,
    21,
    23,
    17,
    22,
    10,
    22,
    19
  ],
  "diversity":false,
  "p_split":null,
  "split_reliability_mode":null,
  "mechanism":null,
  "fixed_sfc_len":4,
  "fixed_reliability":null,
  "max_backup_level":2,
  "explicit_split_replicas":false,
  "split_enforce_distinct":false,
  "strict_split_resource_ablation":false,
  "split_replica_resource_scale":1.0,
  "cap_base_min":500,
  "cap_base_max":700,
  "cap_scale":0.2,
  "total_arrivals":2450,
  "total_accepted":2214,
  "total_rejected":236,
  "acceptance_ratio":0.9036734694,
  "avg_cost_per_arrival":76.9714046204,
  "total_cost":188579.9413200714,
  "total_cost_resource":145139.9413200714,
  "avg_cost_per_accepted":85.1761252575,
  "final_utilization":0.8001921035,
  "avg_utilization_over_time":0.8540100817,
  "avg_leftover_capacity_sum_over_time":54899.1,
  "final_leftover_capacity_sum":75137.2,
  "final_leftover_capacity_min":1.2,
  "final_leftover_capacity_max":1227.2,
  "final_leftover_capacity_avg":239.2904458599,
  "avg_e2e_delay_accepted":0.0849357527,
  "p95_e2e_delay_accepted":0.1344244763,
  "avg_access_delay_accepted":0.008056701,
  "avg_processing_delay_accepted":0.0628568589,
  "avg_network_delay_accepted":0.0140221928,
  "avg_split_proc_overhead_accepted":0.0,
  "avg_split_net_overhead_accepted":0.0,
  "total_transmitted_bits_accepted":4967491497.1093254089,
  "avg_transmitted_bits_per_accepted":2243672.7629220081,
  "total_split_transmitted_bits_accepted":0.0,
  "avg_split_transmitted_bits_per_accepted":0.0,
  "avg_split_overhead_ratio_accepted":0.0,
  "p95_split_overhead_ratio_accepted":0.0,
  "rga_accepted_total":2450,
  "rga_rejected_total":0,
  "rga_rejection_ratio":0.0,
  "mdca_rejected_total":236,
  "mdca_capacity_rejected_total":200,
  "mdca_reliability_rejected_total":0,
  "mdca_qos_rejected_total":36,
  "mdca_rejection_ratio":0.0963265306,
  "capacity_rejection_ratio":0.0816326531,
  "reliability_rejection_ratio":0.0,
  "qos_rejected_total":36,
  "qos_rejection_ratio":0.0146938776
}