{
  "algo":"mdca",
  "region":"Alabama",
  "time_slots":120,
  "arrival_rate":12.0,
  "mean_service_time":9.0,
  "seed":1,
  "trace_seed":4151998564921826748,
  "algo_seed":14880128096359974019,
  "trace_hash":"a90c56c2c6acaf323fac300fa7049fc84678efcd8734fbf9caa1a532505729c6",
  "arrivals_per_slot":[
    8,
    16,
    7,
    12,
    7,
    13,
    12,
    5,
    10,
    14,
    6,
    12,
    12,
    10,
    11,
    13,
    10,
    17,
    15,
    16,
    10,
    12,
    6,
    9,
    14,
    11,
    15,
    9,
    19,
    12,
    12,
    12,
    9,
    5,
    15,
    9,
    19,
    9,
    12,
    12,
    15,
    14,
    9,
    11,
    8,
    16,
    11,
    9,
    12,
    9,
    5,
    12,
    13,
    14,
    13,
    23,
    8,
    9,
    15,
    15,
    9,
    12,
    16,
    12,
    8,
    9,
    15,
    8,
    17,
    15,
    12,
    16,
    12,
    17,
    10,
    12,
    15,
    10,
    10,
    8,
    14,
    15,
    12,
    15,
    15,
    9,
    10,
    11,
    11,
    14,
    10,
    15,
    12,
    9,
    19,
    18,
    16,
    9,
    13,
    15,
    7,
    13,
    8,
    12,
    20,
    12,
    14,
    12,
    7,
    14,
    8,
    9,
    10,
    10,
    16,
    11,
    13,
    8,
    15,
    14
  ],
  "diversity":false,
  "p_split":null,
  "split_reliability_mode":null,
  "split_recovery_coverage":null,
  "split_workload_shares":null,
  "mechanism":null,
  "fixed_sfc_len":null,
  "fixed_reliability":0.996,
  "max_backup_level":2,
  "explicit_split_replicas":false,
  "split_enforce_distinct":false,
  "strict_split_resource_ablation":false,
  "split_replica_resource_scale":1.0,
  "backhaul_knn_k":4,
  "backhaul_use_device_bw":true,
  "backhaul_bw_scale":0.5,
  "fiber_speed_mps":200000000.0,
  "switch_delay_s":0.0002,
  "region_cloudlet_count":137,
  "cap_base_min":500,
  "cap_base_max":700,
  "cap_scale":0.2,
  "total_arrivals":1436,
  "total_accepted":1374,
  "total_rejected":62,
  "acceptance_ratio":0.9568245125,
  "avg_cost_per_arrival":59.3551784735,
  "total_cost":85234.0362879681,
  "total_cost_resource":64325.0362879682,
  "avg_cost_per_accepted":62.0335053042,
  "final_utilization":0.7747830888,
  "avg_utilization_over_time":0.83584614,
  "avg_leftover_capacity_sum_over_time":28780.3083333333,
  "final_leftover_capacity_sum":39486.2,
  "final_leftover_capacity_min":0.0,
  "final_leftover_capacity_max":1865.6,
  "final_leftover_capacity_avg":288.2204379562,
  "avg_e2e_delay_accepted":0.0630365659,
  "p95_e2e_delay_accepted":0.1226818883,
  "avg_access_delay_accepted":0.0080528865,
  "avg_processing_delay_accepted":0.0474423024,
  "avg_network_delay_accepted":0.007541377,
  "avg_split_proc_overhead_accepted":0.0,
  "avg_split_net_overhead_accepted":0.0,
  "total_transmitted_bits_accepted":1765540531.2722547054,
  "avg_transmitted_bits_per_accepted":1284963.9965591372,
  "total_split_transmitted_bits_accepted":0.0,
  "avg_split_transmitted_bits_per_accepted":0.0,
  "avg_split_overhead_ratio_accepted":0.0,
  "p95_split_overhead_ratio_accepted":0.0,
  "rga_accepted_total":1436,
  "rga_rejected_total":0,
  "rga_rejection_ratio":0.0,
  "mdca_rejected_total":62,
  "mdca_capacity_rejected_total":53,
  "mdca_reliability_rejected_total":0,
  "mdca_qos_rejected_total":9,
  "mdca_rejection_ratio":0.0431754875,
  "capacity_rejection_ratio":0.036908078,
  "reliability_rejection_ratio":0.0,
  "qos_rejected_total":9,
  "qos_rejection_ratio":0.0062674095,
  "placement_trace_path":"D:\\Study\\Code_1\\paper_data\\workload_sharing_sensitivity\\Alabama\\R0p996\\MDCA\\seed1\\placement_trace_Alabama_mdca_seed1.json"
}