{
  "algo":"mdca",
  "region":"Arizona",
  "time_slots":120,
  "arrival_rate":30.0,
  "mean_service_time":9.0,
  "seed":5,
  "trace_seed":5951802574271172346,
  "algo_seed":8179750290924396156,
  "trace_hash":"86c2ce015ac2d9eae13f1e548d679eadde8acaffe59d7e0f3880bcdfc9d0d005",
  "arrivals_per_slot":[
    26,
    34,
    29,
    36,
    26,
    41,
    22,
    29,
    29,
    38,
    31,
    30,
    30,
    32,
    33,
    23,
    29,
    29,
    27,
    26,
    31,
    33,
    31,
    32,
    27,
    25,
    38,
    30,
    25,
    28,
    42,
    41,
    25,
    24,
    27,
    36,
    35,
    39,
    34,
    22,
    19,
    37,
    18,
    31,
    28,
    26,
    29,
    42,
    25,
    25,
    39,
    32,
    32,
    29,
    34,
    24,
    29,
    20,
    38,
    30,
    33,
    35,
    37,
    21,
    32,
    25,
    25,
    34,
    27,
    30,
    30,
    32,
    36,
    30,
    46,
    33,
    27,
    31,
    32,
    20,
    36,
    28,
    30,
    33,
    19,
    27,
    29,
    23,
    28,
    25,
    46,
    30,
    31,
    22,
    34,
    33,
    27,
    31,
    25,
    24,
    30,
    29,
    41,
    39,
    28,
    35,
    36,
    43,
    24,
    33,
    26,
    33,
    27,
    24,
    31,
    23,
    31,
    24,
    32,
    31
  ],
  "diversity":false,
  "p_split":null,
  "split_reliability_mode":null,
  "split_recovery_coverage":null,
  "split_workload_shares":null,
  "mechanism":null,
  "fixed_sfc_len":3,
  "fixed_reliability":0.999,
  "max_backup_level":2,
  "explicit_split_replicas":false,
  "split_enforce_distinct":false,
  "strict_split_resource_ablation":false,
  "split_replica_resource_scale":1.0,
  "backhaul_knn_k":4,
  "backhaul_use_device_bw":true,
  "backhaul_bw_scale":0.5,
  "fiber_speed_mps":200000000.0,
  "switch_delay_s":0.0002,
  "region_cloudlet_count":100,
  "cap_base_min":500,
  "cap_base_max":700,
  "cap_scale":0.2,
  "total_arrivals":3629,
  "total_accepted":1119,
  "total_rejected":2510,
  "acceptance_ratio":0.3083494076,
  "avg_cost_per_arrival":18.7031825786,
  "total_cost":67873.8495777052,
  "total_cost_resource":48907.8495777052,
  "avg_cost_per_accepted":60.6558083804,
  "final_utilization":0.9653323862,
  "avg_utilization_over_time":0.950395865,
  "avg_leftover_capacity_sum_over_time":6005.275,
  "final_leftover_capacity_sum":4197.0,
  "final_leftover_capacity_min":0.8,
  "final_leftover_capacity_max":396.2,
  "final_leftover_capacity_avg":41.97,
  "avg_e2e_delay_accepted":0.0747994054,
  "p95_e2e_delay_accepted":0.1212828475,
  "avg_access_delay_accepted":0.0081268005,
  "avg_processing_delay_accepted":0.0597858224,
  "avg_network_delay_accepted":0.0068867825,
  "avg_split_proc_overhead_accepted":0.0,
  "avg_split_net_overhead_accepted":0.0,
  "total_transmitted_bits_accepted":1425563840.1355535984,
  "avg_transmitted_bits_per_accepted":1273962.3236242658,
  "total_split_transmitted_bits_accepted":0.0,
  "avg_split_transmitted_bits_per_accepted":0.0,
  "avg_split_overhead_ratio_accepted":0.0,
  "p95_split_overhead_ratio_accepted":0.0,
  "rga_accepted_total":2405,
  "rga_rejected_total":1224,
  "rga_rejection_ratio":0.3372829981,
  "mdca_rejected_total":1286,
  "mdca_capacity_rejected_total":1276,
  "mdca_reliability_rejected_total":0,
  "mdca_qos_rejected_total":10,
  "mdca_rejection_ratio":0.3543675944,
  "capacity_rejection_ratio":0.3516120143,
  "reliability_rejection_ratio":0.0,
  "qos_rejected_total":10,
  "qos_rejection_ratio":0.00275558
}