{
  "algo":"mdca",
  "region":"Alabama",
  "time_slots":120,
  "arrival_rate":12.0,
  "mean_service_time":9.0,
  "seed":1,
  "trace_seed":7107730351518388438,
  "algo_seed":14880128096359974019,
  "trace_hash":"b56db0d21b7c94cf1cbfdd4fe281852f506f1185a6b9dd5f9c177f64d601d89e",
  "arrivals_per_slot":[
    7,
    9,
    8,
    11,
    13,
    10,
    13,
    10,
    17,
    8,
    10,
    15,
    15,
    7,
    16,
    13,
    4,
    15,
    9,
    11,
    10,
    6,
    8,
    15,
    9,
    16,
    14,
    15,
    18,
    9,
    16,
    7,
    12,
    10,
    12,
    7,
    10,
    12,
    12,
    16,
    5,
    11,
    10,
    11,
    10,
    12,
    9,
    13,
    8,
    12,
    9,
    13,
    18,
    17,
    15,
    16,
    9,
    8,
    12,
    15,
    7,
    16,
    12,
    14,
    12,
    14,
    9,
    8,
    8,
    8,
    16,
    13,
    9,
    14,
    8,
    14,
    10,
    14,
    12,
    9,
    15,
    11,
    15,
    11,
    17,
    9,
    7,
    9,
    11,
    9,
    5,
    16,
    13,
    11,
    5,
    16,
    12,
    14,
    12,
    20,
    5,
    13,
    8,
    10,
    17,
    15,
    13,
    12,
    12,
    10,
    12,
    14,
    10,
    8,
    17,
    8,
    12,
    6,
    21,
    14
  ],
  "diversity":false,
  "p_split":null,
  "split_reliability_mode":null,
  "split_recovery_coverage":null,
  "split_workload_shares":null,
  "mechanism":null,
  "fixed_sfc_len":null,
  "fixed_reliability":0.999,
  "max_backup_level":2,
  "explicit_split_replicas":false,
  "split_enforce_distinct":false,
  "strict_split_resource_ablation":false,
  "split_replica_resource_scale":1.0,
  "backhaul_knn_k":4,
  "backhaul_use_device_bw":true,
  "backhaul_bw_scale":0.5,
  "fiber_speed_mps":200000000.0,
  "switch_delay_s":0.0002,
  "region_cloudlet_count":137,
  "cap_base_min":500,
  "cap_base_max":700,
  "cap_scale":0.2,
  "total_arrivals":1390,
  "total_accepted":898,
  "total_rejected":492,
  "acceptance_ratio":0.6460431655,
  "avg_cost_per_arrival":34.2476122444,
  "total_cost":47604.1810197264,
  "total_cost_resource":34023.1810197264,
  "avg_cost_per_accepted":53.0113374384,
  "final_utilization":0.8022430152,
  "avg_utilization_over_time":0.5873586258,
  "avg_leftover_capacity_sum_over_time":72792.1666666667,
  "final_leftover_capacity_sum":34885.4,
  "final_leftover_capacity_min":0.0,
  "final_leftover_capacity_max":1723.8,
  "final_leftover_capacity_avg":254.6379562044,
  "avg_e2e_delay_accepted":0.0557330809,
  "p95_e2e_delay_accepted":0.1170457023,
  "avg_access_delay_accepted":0.0080758249,
  "avg_processing_delay_accepted":0.041195125,
  "avg_network_delay_accepted":0.0064621311,
  "avg_split_proc_overhead_accepted":0.0,
  "avg_split_net_overhead_accepted":0.0,
  "total_transmitted_bits_accepted":945958466.6338863373,
  "avg_transmitted_bits_per_accepted":1053405.8648484258,
  "total_split_transmitted_bits_accepted":0.0,
  "avg_split_transmitted_bits_per_accepted":0.0,
  "avg_split_overhead_ratio_accepted":0.0,
  "p95_split_overhead_ratio_accepted":0.0,
  "rga_accepted_total":907,
  "rga_rejected_total":483,
  "rga_rejection_ratio":0.3474820144,
  "mdca_rejected_total":9,
  "mdca_capacity_rejected_total":0,
  "mdca_reliability_rejected_total":0,
  "mdca_qos_rejected_total":9,
  "mdca_rejection_ratio":0.0064748201,
  "capacity_rejection_ratio":0.0,
  "reliability_rejection_ratio":0.0,
  "qos_rejected_total":9,
  "qos_rejection_ratio":0.0064748201,
  "placement_trace_path":"D:\\Study\\Code_1\\paper_data\\mobility_stress\\sim_runs\\Alabama\\R0p999\\MDCA\\seed1\\placement_trace_Alabama_mdca_seed1.json"
}