{
  "algo":"mdca",
  "region":"Alabama",
  "time_slots":120,
  "arrival_rate":20.0,
  "mean_service_time":9.0,
  "seed":5,
  "trace_seed":2577795843833890144,
  "algo_seed":10056931585136477576,
  "trace_hash":"c15f4465a5adb93ed8fd6dc6178f8d055d144f2bfd7515055f8ebba70e101364",
  "arrivals_per_slot":[
    16,
    14,
    15,
    23,
    21,
    20,
    23,
    14,
    18,
    10,
    27,
    14,
    28,
    22,
    20,
    15,
    19,
    28,
    21,
    20,
    27,
    19,
    22,
    21,
    20,
    17,
    19,
    20,
    17,
    24,
    19,
    16,
    20,
    21,
    22,
    15,
    19,
    12,
    19,
    14,
    15,
    13,
    21,
    25,
    15,
    21,
    26,
    12,
    23,
    12,
    25,
    17,
    26,
    15,
    10,
    22,
    11,
    22,
    18,
    17,
    25,
    18,
    19,
    15,
    20,
    22,
    13,
    15,
    12,
    22,
    20,
    27,
    20,
    21,
    24,
    25,
    20,
    25,
    18,
    16,
    11,
    15,
    23,
    26,
    19,
    20,
    21,
    18,
    19,
    18,
    25,
    26,
    16,
    19,
    16,
    23,
    14,
    24,
    22,
    18,
    18,
    20,
    18,
    21,
    23,
    26,
    21,
    19,
    18,
    21,
    15,
    20,
    25,
    21,
    21,
    20,
    20,
    23,
    18,
    28
  ],
  "diversity":false,
  "p_split":null,
  "split_reliability_mode":null,
  "split_recovery_coverage":null,
  "split_workload_shares":null,
  "mechanism":null,
  "fixed_sfc_len":null,
  "fixed_reliability":null,
  "max_backup_level":2,
  "explicit_split_replicas":false,
  "split_enforce_distinct":false,
  "strict_split_resource_ablation":false,
  "split_replica_resource_scale":1.0,
  "cap_base_min":500,
  "cap_base_max":700,
  "cap_scale":0.2,
  "total_arrivals":2343,
  "total_accepted":2161,
  "total_rejected":182,
  "acceptance_ratio":0.9223218096,
  "avg_cost_per_arrival":37.9038719992,
  "total_cost":88808.7720941338,
  "total_cost_resource":66549.7720941337,
  "avg_cost_per_accepted":41.0961462722,
  "final_utilization":0.9673651105,
  "avg_utilization_over_time":0.8919003565,
  "avg_leftover_capacity_sum_over_time":18526.225,
  "final_leftover_capacity_sum":5593.0,
  "final_leftover_capacity_min":0.4,
  "final_leftover_capacity_max":320.8,
  "final_leftover_capacity_avg":40.8248175182,
  "avg_e2e_delay_accepted":0.063497413,
  "p95_e2e_delay_accepted":0.1264744593,
  "avg_access_delay_accepted":0.0080411529,
  "avg_processing_delay_accepted":0.0478364364,
  "avg_network_delay_accepted":0.0076198237,
  "avg_split_proc_overhead_accepted":0.0,
  "avg_split_net_overhead_accepted":0.0,
  "total_transmitted_bits_accepted":2764499879.9397859573,
  "avg_transmitted_bits_per_accepted":1279268.8014529319,
  "total_split_transmitted_bits_accepted":0.0,
  "avg_split_transmitted_bits_per_accepted":0.0,
  "avg_split_overhead_ratio_accepted":0.0,
  "p95_split_overhead_ratio_accepted":0.0,
  "rga_accepted_total":2343,
  "rga_rejected_total":0,
  "rga_rejection_ratio":0.0,
  "mdca_rejected_total":182,
  "mdca_capacity_rejected_total":161,
  "mdca_reliability_rejected_total":0,
  "mdca_qos_rejected_total":21,
  "mdca_rejection_ratio":0.0776781904,
  "capacity_rejection_ratio":0.0687153222,
  "reliability_rejection_ratio":0.0,
  "qos_rejected_total":21,
  "qos_rejection_ratio":0.0089628681,
  "placement_trace_path":"D:\\Study\\Code_1\\paper_data\\large_scale_lb_reference\\split_enabled\\load\\Alabama\\arrival_rate_20\\MDCA\\seed5\\placement_trace_Alabama_mdca_seed5.json"
}