{
  "algo":"mdca",
  "region":"Alabama",
  "time_slots":120,
  "arrival_rate":10.0,
  "mean_service_time":9.0,
  "seed":2,
  "trace_seed":4100312193824950453,
  "algo_seed":1988428424119012433,
  "trace_hash":"aa8e0634b969b915b62e55aa1df225ee54bbdb8037cc3020a6fb8dd32b1f1583",
  "arrivals_per_slot":[
    12,
    10,
    10,
    7,
    3,
    5,
    8,
    4,
    9,
    8,
    10,
    11,
    13,
    9,
    12,
    10,
    5,
    9,
    7,
    6,
    7,
    7,
    11,
    6,
    15,
    10,
    9,
    5,
    11,
    6,
    11,
    16,
    10,
    11,
    10,
    6,
    13,
    11,
    9,
    19,
    10,
    18,
    10,
    14,
    8,
    7,
    7,
    10,
    9,
    7,
    6,
    13,
    7,
    4,
    6,
    12,
    16,
    11,
    9,
    12,
    8,
    8,
    11,
    7,
    10,
    11,
    6,
    7,
    10,
    9,
    11,
    10,
    11,
    24,
    8,
    11,
    9,
    6,
    9,
    10,
    8,
    9,
    12,
    11,
    10,
    10,
    12,
    16,
    13,
    13,
    12,
    20,
    7,
    6,
    16,
    13,
    12,
    10,
    12,
    18,
    7,
    4,
    9,
    6,
    11,
    13,
    15,
    6,
    11,
    15,
    12,
    9,
    11,
    10,
    10,
    7,
    15,
    1,
    5,
    10
  ],
  "diversity":true,
  "p_split":0.3,
  "split_reliability_mode":"identical_active_pool",
  "mechanism":null,
  "fixed_sfc_len":null,
  "fixed_reliability":null,
  "max_backup_level":2,
  "explicit_split_replicas":true,
  "split_enforce_distinct":false,
  "strict_split_resource_ablation":false,
  "split_replica_resource_scale":1.0,
  "cap_base_min":500,
  "cap_base_max":700,
  "cap_scale":0.2,
  "total_arrivals":1190,
  "total_accepted":1166,
  "total_rejected":24,
  "acceptance_ratio":0.9798319328,
  "avg_cost_per_arrival":30.404042154,
  "total_cost":36180.8101632501,
  "total_cost_resource":23777.8101632501,
  "avg_cost_per_accepted":31.0298543424,
  "final_utilization":0.4504973229,
  "avg_utilization_over_time":0.4487603506,
  "avg_leftover_capacity_sum_over_time":97791.6777777778,
  "final_leftover_capacity_sum":97483.5333333334,
  "final_leftover_capacity_min":0.4,
  "final_leftover_capacity_max":2536.0,
  "final_leftover_capacity_avg":711.5586374696,
  "avg_e2e_delay_accepted":0.0682960557,
  "p95_e2e_delay_accepted":0.1334186682,
  "avg_access_delay_accepted":0.0080464984,
  "avg_processing_delay_accepted":0.0448189899,
  "avg_network_delay_accepted":0.0120305463,
  "avg_split_proc_overhead_accepted":5.638595175e-19,
  "avg_split_net_overhead_accepted":0.0,
  "total_transmitted_bits_accepted":1976457958.7464437485,
  "avg_transmitted_bits_per_accepted":1695075.4363177049,
  "total_split_transmitted_bits_accepted":429478773.0691415071,
  "avg_split_transmitted_bits_per_accepted":368335.1398534661,
  "avg_split_overhead_ratio_accepted":7.201063178e-18,
  "p95_split_overhead_ratio_accepted":4.75448277e-17,
  "rga_accepted_total":1190,
  "rga_rejected_total":0,
  "rga_rejection_ratio":0.0,
  "mdca_rejected_total":24,
  "mdca_capacity_rejected_total":0,
  "mdca_reliability_rejected_total":0,
  "mdca_qos_rejected_total":24,
  "mdca_rejection_ratio":0.0201680672,
  "capacity_rejection_ratio":0.0,
  "reliability_rejection_ratio":0.0,
  "qos_rejected_total":24,
  "qos_rejection_ratio":0.0201680672
}