{
  "algo":"hspa",
  "region":"Arizona",
  "time_slots":120,
  "arrival_rate":20.0,
  "mean_service_time":9.0,
  "seed":1,
  "trace_seed":12163052490298053683,
  "algo_seed":2824623555250726674,
  "trace_hash":"b7fcbacd279bd83bfaa8f1f0b5f303f491ef288499cf750f0d04d933c6bb8de9",
  "arrivals_per_slot":[
    20,
    17,
    20,
    20,
    21,
    17,
    20,
    23,
    15,
    16,
    12,
    19,
    23,
    16,
    16,
    24,
    15,
    31,
    26,
    18,
    27,
    20,
    20,
    26,
    30,
    12,
    30,
    19,
    14,
    16,
    13,
    19,
    18,
    24,
    14,
    16,
    27,
    20,
    20,
    21,
    21,
    23,
    21,
    15,
    18,
    17,
    30,
    20,
    16,
    25,
    18,
    21,
    22,
    31,
    25,
    17,
    17,
    21,
    19,
    20,
    23,
    29,
    18,
    20,
    14,
    18,
    18,
    23,
    17,
    14,
    18,
    20,
    22,
    24,
    15,
    19,
    17,
    13,
    26,
    25,
    26,
    21,
    25,
    18,
    17,
    19,
    24,
    24,
    18,
    22,
    17,
    30,
    17,
    22,
    20,
    24,
    15,
    16,
    16,
    23,
    15,
    20,
    19,
    24,
    19,
    25,
    26,
    18,
    24,
    18,
    21,
    13,
    17,
    13,
    20,
    30,
    15,
    23,
    22,
    21
  ],
  "diversity":false,
  "p_split":null,
  "split_reliability_mode":null,
  "mechanism":null,
  "fixed_sfc_len":3,
  "fixed_reliability":null,
  "max_backup_level":2,
  "explicit_split_replicas":false,
  "split_enforce_distinct":false,
  "strict_split_resource_ablation":false,
  "split_replica_resource_scale":1.0,
  "cap_base_min":500,
  "cap_base_max":700,
  "cap_scale":0.2,
  "total_arrivals":2422,
  "total_accepted":2411,
  "total_rejected":11,
  "acceptance_ratio":0.9954582989,
  "avg_cost_per_arrival":43.444617628,
  "total_cost":105222.8638949297,
  "total_cost_resource":75749.8638949297,
  "avg_cost_per_accepted":43.6428303173,
  "final_utilization":0.6373921029,
  "avg_utilization_over_time":0.5744444406,
  "avg_leftover_capacity_sum_over_time":159311.575,
  "final_leftover_capacity_sum":135746.4,
  "final_leftover_capacity_min":0.0,
  "final_leftover_capacity_max":2511.8,
  "final_leftover_capacity_avg":432.3133757962,
  "avg_e2e_delay_accepted":0.0648483081,
  "p95_e2e_delay_accepted":0.1114567466,
  "avg_access_delay_accepted":0.00808027,
  "avg_processing_delay_accepted":0.0482886841,
  "avg_network_delay_accepted":0.0084793541,
  "avg_split_proc_overhead_accepted":0.0,
  "avg_split_net_overhead_accepted":0.0,
  "total_transmitted_bits_accepted":3265604078.9259986877,
  "avg_transmitted_bits_per_accepted":1354460.4226155116,
  "total_split_transmitted_bits_accepted":0.0,
  "avg_split_transmitted_bits_per_accepted":0.0,
  "avg_split_overhead_ratio_accepted":0.0,
  "p95_split_overhead_ratio_accepted":0.0,
  "rga_accepted_total":2422,
  "rga_rejected_total":0,
  "rga_rejection_ratio":0.0,
  "mdca_rejected_total":11,
  "mdca_capacity_rejected_total":0,
  "mdca_reliability_rejected_total":0,
  "mdca_qos_rejected_total":11,
  "mdca_rejection_ratio":0.0045417011,
  "capacity_rejection_ratio":0.0,
  "reliability_rejection_ratio":0.0,
  "qos_rejected_total":11,
  "qos_rejection_ratio":0.0045417011
}