region,fixed_reliability,seed,method,share,share_tag,domain_count,domain_failure_prob,total_accepted,expected_target_satisfaction_ratio,expected_reliability,expected_reliability_loss
Alabama,0.998,3,DMDCA,"0.5,0.5",0p5_0p5,6,0.0,1331,1.0,0.9988432767479138,1.887379141862766e-15
Alabama,0.998,3,DMDCA,"0.5,0.5",0p5_0p5,6,0.01,1331,0.9659321347555043,0.9918438344196735,0.0069994423282422336
Alabama,0.998,3,DMDCA,"0.5,0.5",0p5_0p5,6,0.03,1331,0.9008109637519938,0.9772983080274465,0.021544968720469182
Alabama,0.998,3,DMDCA,"0.5,0.5",0p5_0p5,6,0.05,1331,0.8395435196280989,0.9620417515533009,0.03680152519461488
Alabama,0.998,3,MDCA,nan,nan,6,0.0,1281,1.0,0.9988582123220957,1.5543122344752192e-15
Alabama,0.998,3,MDCA,nan,nan,6,0.01,1281,0.9662987965040375,0.9912964697397955,0.0075617425823018
Alabama,0.998,3,MDCA,nan,nan,6,0.03,1281,0.9018597072765716,0.9756757205635576,0.023182491758539703
Alabama,0.998,3,MDCA,nan,nan,6,0.05,1281,0.8412082600507415,0.959408684352527,0.03944952796957024
