{
  "algo":"mdca",
  "region":"Alabama",
  "time_slots":120,
  "arrival_rate":30.0,
  "mean_service_time":9.0,
  "seed":5,
  "trace_seed":5978132235094951051,
  "algo_seed":10056931585136477576,
  "trace_hash":"5e6a0c9fb95bfdcb7054c01948b6c90dd06546613d9228a17d5019c1dcff6500",
  "arrivals_per_slot":[
    30,
    39,
    31,
    25,
    24,
    32,
    31,
    31,
    31,
    22,
    26,
    20,
    27,
    28,
    17,
    32,
    35,
    30,
    30,
    30,
    18,
    29,
    33,
    30,
    25,
    23,
    22,
    38,
    27,
    28,
    29,
    28,
    37,
    32,
    27,
    33,
    24,
    37,
    36,
    24,
    29,
    31,
    29,
    26,
    20,
    29,
    29,
    35,
    23,
    31,
    33,
    31,
    29,
    39,
    27,
    26,
    33,
    34,
    24,
    42,
    31,
    31,
    27,
    30,
    32,
    38,
    39,
    27,
    38,
    31,
    29,
    37,
    31,
    28,
    29,
    17,
    33,
    29,
    36,
    35,
    30,
    23,
    33,
    32,
    35,
    23,
    39,
    32,
    20,
    32,
    26,
    28,
    36,
    28,
    20,
    27,
    30,
    26,
    31,
    48,
    27,
    34,
    36,
    29,
    30,
    27,
    32,
    24,
    30,
    35,
    28,
    26,
    31,
    38,
    26,
    30,
    29,
    33,
    36,
    27
  ],
  "diversity":false,
  "p_split":null,
  "split_reliability_mode":null,
  "mechanism":null,
  "fixed_sfc_len":null,
  "fixed_reliability":null,
  "max_backup_level":2,
  "explicit_split_replicas":false,
  "split_enforce_distinct":false,
  "strict_split_resource_ablation":false,
  "split_replica_resource_scale":1.0,
  "cap_base_min":500,
  "cap_base_max":700,
  "cap_scale":0.2,
  "total_arrivals":3586,
  "total_accepted":2697,
  "total_rejected":889,
  "acceptance_ratio":0.7520914668,
  "avg_cost_per_arrival":25.8403077478,
  "total_cost":92663.3435834874,
  "total_cost_resource":68135.3435834874,
  "avg_cost_per_accepted":34.3579323632,
  "final_utilization":0.9661282642,
  "avg_utilization_over_time":0.9423763057,
  "avg_leftover_capacity_sum_over_time":10116.2083333333,
  "final_leftover_capacity_sum":5946.4,
  "final_leftover_capacity_min":0.2,
  "final_leftover_capacity_max":295.2,
  "final_leftover_capacity_avg":43.404379562,
  "avg_e2e_delay_accepted":0.0601787471,
  "p95_e2e_delay_accepted":0.1247189377,
  "avg_access_delay_accepted":0.0080113255,
  "avg_processing_delay_accepted":0.0456792652,
  "avg_network_delay_accepted":0.0064881564,
  "avg_split_proc_overhead_accepted":0.0,
  "avg_split_net_overhead_accepted":0.0,
  "total_transmitted_bits_accepted":2940686221.6171131134,
  "avg_transmitted_bits_per_accepted":1090354.5500990408,
  "total_split_transmitted_bits_accepted":0.0,
  "avg_split_transmitted_bits_per_accepted":0.0,
  "avg_split_overhead_ratio_accepted":0.0,
  "p95_split_overhead_ratio_accepted":0.0,
  "rga_accepted_total":3586,
  "rga_rejected_total":0,
  "rga_rejection_ratio":0.0,
  "mdca_rejected_total":889,
  "mdca_capacity_rejected_total":868,
  "mdca_reliability_rejected_total":0,
  "mdca_qos_rejected_total":21,
  "mdca_rejection_ratio":0.2479085332,
  "capacity_rejection_ratio":0.2420524261,
  "reliability_rejection_ratio":0.0,
  "qos_rejected_total":21,
  "qos_rejection_ratio":0.0058561071
}