{
  "algo":"random",
  "region":"Arizona",
  "time_slots":120,
  "arrival_rate":12.0,
  "mean_service_time":9.0,
  "seed":2,
  "trace_seed":16468017106450035312,
  "algo_seed":8689418211928376907,
  "trace_hash":"ba8a734d6acfc3bcd2ce30e6163159c2e8b0b94846e45881a851b3edf2ffe631",
  "arrivals_per_slot":[
    15,
    10,
    11,
    13,
    10,
    12,
    14,
    9,
    12,
    9,
    12,
    17,
    12,
    16,
    14,
    15,
    12,
    11,
    10,
    9,
    13,
    7,
    11,
    11,
    17,
    13,
    14,
    9,
    10,
    11,
    7,
    13,
    12,
    9,
    15,
    16,
    13,
    14,
    14,
    8,
    10,
    20,
    10,
    7,
    11,
    11,
    10,
    11,
    12,
    15,
    13,
    12,
    13,
    9,
    5,
    12,
    11,
    16,
    13,
    13,
    8,
    19,
    12,
    20,
    18,
    10,
    14,
    8,
    19,
    8,
    7,
    13,
    11,
    8,
    11,
    16,
    13,
    18,
    8,
    12,
    9,
    12,
    13,
    17,
    7,
    9,
    12,
    15,
    14,
    14,
    11,
    13,
    22,
    15,
    19,
    4,
    12,
    9,
    11,
    7,
    14,
    6,
    18,
    8,
    4,
    10,
    8,
    14,
    14,
    16,
    13,
    11,
    12,
    7,
    23,
    17,
    14,
    11,
    10,
    16
  ],
  "diversity":false,
  "p_split":null,
  "split_reliability_mode":null,
  "mechanism":null,
  "fixed_sfc_len":null,
  "fixed_reliability":0.96,
  "max_backup_level":2,
  "explicit_split_replicas":false,
  "split_enforce_distinct":false,
  "strict_split_resource_ablation":false,
  "split_replica_resource_scale":1.0,
  "cap_base_min":500,
  "cap_base_max":700,
  "cap_scale":0.2,
  "total_arrivals":1458,
  "total_accepted":1445,
  "total_rejected":13,
  "acceptance_ratio":0.9910836763,
  "avg_cost_per_arrival":65.72914075,
  "total_cost":95833.0872134888,
  "total_cost_resource":74557.0872134888,
  "avg_cost_per_accepted":66.3204755803,
  "final_utilization":0.416854403,
  "avg_utilization_over_time":0.4202816656,
  "avg_leftover_capacity_sum_over_time":217957.0500000001,
  "final_leftover_capacity_sum":219245.6,
  "final_leftover_capacity_min":1.8,
  "final_leftover_capacity_max":2166.4,
  "final_leftover_capacity_avg":698.2343949045,
  "avg_e2e_delay_accepted":0.0645597222,
  "p95_e2e_delay_accepted":0.1260225522,
  "avg_access_delay_accepted":0.0080318219,
  "avg_processing_delay_accepted":0.0472421333,
  "avg_network_delay_accepted":0.0092857671,
  "avg_split_proc_overhead_accepted":0.0,
  "avg_split_net_overhead_accepted":0.0,
  "total_transmitted_bits_accepted":2161418511.8539361954,
  "avg_transmitted_bits_per_accepted":1495791.3576843848,
  "total_split_transmitted_bits_accepted":0.0,
  "avg_split_transmitted_bits_per_accepted":0.0,
  "avg_split_overhead_ratio_accepted":0.0,
  "p95_split_overhead_ratio_accepted":0.0,
  "rga_accepted_total":1458,
  "rga_rejected_total":0,
  "rga_rejection_ratio":0.0,
  "mdca_rejected_total":13,
  "mdca_capacity_rejected_total":0,
  "mdca_reliability_rejected_total":0,
  "mdca_qos_rejected_total":13,
  "mdca_rejection_ratio":0.0089163237,
  "capacity_rejection_ratio":0.0,
  "reliability_rejection_ratio":0.0,
  "qos_rejected_total":13,
  "qos_rejection_ratio":0.0089163237
}