region,fixed_reliability,seed,method,share,share_tag,domain_count,domain_failure_prob,total_accepted,expected_target_satisfaction_ratio,expected_reliability,expected_reliability_loss
Arizona,0.9,2,DMDCA,"0.5,0.5",0p5_0p5,6,0.0,1493,1.0,0.9336661326271288,-9.992007221626409e-16
Arizona,0.9,2,DMDCA,"0.5,0.5",0p5_0p5,6,0.01,1493,0.973600066529343,0.9185746572261426,0.01509147540098521
Arizona,0.9,2,DMDCA,"0.5,0.5",0p5_0p5,6,0.03,1493,0.9224790862045952,0.8885938176008141,0.0450723150263137
Arizona,0.9,2,DMDCA,"0.5,0.5",0p5_0p5,6,0.05,1493,0.873533858726138,0.8588991460340614,0.07476698659306646
Arizona,0.9,2,MDCA,nan,nan,6,0.0,1503,1.0,0.9334391033859865,-5.551115123125783e-16
Arizona,0.9,2,MDCA,nan,nan,6,0.01,1503,0.9740951566131795,0.9173957203501644,0.016043383035821535
Arizona,0.9,2,MDCA,nan,nan,6,0.03,1503,0.923876443033507,0.8856441445779962,0.047794958807989674
Arizona,0.9,2,MDCA,nan,nan,6,0.05,1503,0.8757223670263634,0.8543490368278569,0.079090066558129
