{
  "algo":"hspa",
  "region":"Alabama",
  "time_slots":120,
  "arrival_rate":12.0,
  "mean_service_time":9.0,
  "seed":4,
  "trace_seed":6687377319977448777,
  "algo_seed":11781817971983258927,
  "trace_hash":"15595160a03920cba843db9e0f34e76b246ec4f86c0634cb9922825ba477d298",
  "arrivals_per_slot":[
    12,
    13,
    11,
    10,
    16,
    13,
    11,
    10,
    14,
    11,
    13,
    7,
    7,
    13,
    10,
    10,
    24,
    20,
    12,
    11,
    13,
    14,
    13,
    8,
    10,
    6,
    21,
    16,
    17,
    15,
    10,
    11,
    12,
    8,
    12,
    8,
    8,
    15,
    12,
    14,
    9,
    9,
    10,
    15,
    16,
    13,
    9,
    10,
    16,
    15,
    8,
    10,
    14,
    5,
    12,
    10,
    15,
    17,
    9,
    15,
    7,
    9,
    11,
    14,
    7,
    17,
    5,
    12,
    9,
    17,
    9,
    19,
    15,
    1,
    10,
    12,
    9,
    22,
    16,
    12,
    14,
    17,
    24,
    12,
    7,
    10,
    9,
    15,
    12,
    11,
    15,
    11,
    19,
    11,
    12,
    8,
    13,
    10,
    8,
    8,
    16,
    7,
    13,
    14,
    13,
    6,
    14,
    11,
    15,
    10,
    17,
    18,
    9,
    11,
    7,
    11,
    13,
    16,
    19,
    13
  ],
  "diversity":false,
  "p_split":null,
  "split_reliability_mode":null,
  "mechanism":null,
  "fixed_sfc_len":null,
  "fixed_reliability":0.998,
  "max_backup_level":2,
  "explicit_split_replicas":false,
  "split_enforce_distinct":false,
  "strict_split_resource_ablation":false,
  "split_replica_resource_scale":1.0,
  "cap_base_min":500,
  "cap_base_max":700,
  "cap_scale":0.2,
  "total_arrivals":1460,
  "total_accepted":1246,
  "total_rejected":214,
  "acceptance_ratio":0.8534246575,
  "avg_cost_per_arrival":53.7227983481,
  "total_cost":78435.2855881586,
  "total_cost_resource":58372.2855881585,
  "avg_cost_per_accepted":62.9496674062,
  "final_utilization":0.9447343933,
  "avg_utilization_over_time":0.8636547624,
  "avg_leftover_capacity_sum_over_time":23590.3166666667,
  "final_leftover_capacity_sum":9562.0,
  "final_leftover_capacity_min":0.0,
  "final_leftover_capacity_max":928.6,
  "final_leftover_capacity_avg":69.795620438,
  "avg_e2e_delay_accepted":0.0604860245,
  "p95_e2e_delay_accepted":0.1176561091,
  "avg_access_delay_accepted":0.0080128934,
  "avg_processing_delay_accepted":0.0459254441,
  "avg_network_delay_accepted":0.006547687,
  "avg_split_proc_overhead_accepted":0.0,
  "avg_split_net_overhead_accepted":0.0,
  "total_transmitted_bits_accepted":1521297630.1368436813,
  "avg_transmitted_bits_per_accepted":1220945.1285207414,
  "total_split_transmitted_bits_accepted":0.0,
  "avg_split_transmitted_bits_per_accepted":0.0,
  "avg_split_overhead_ratio_accepted":0.0,
  "p95_split_overhead_ratio_accepted":0.0,
  "rga_accepted_total":1395,
  "rga_rejected_total":65,
  "rga_rejection_ratio":0.0445205479,
  "mdca_rejected_total":149,
  "mdca_capacity_rejected_total":134,
  "mdca_reliability_rejected_total":0,
  "mdca_qos_rejected_total":15,
  "mdca_rejection_ratio":0.1020547945,
  "capacity_rejection_ratio":0.0917808219,
  "reliability_rejection_ratio":0.0,
  "qos_rejected_total":15,
  "qos_rejection_ratio":0.0102739726
}