{
  "algo":"mdca",
  "region":"Arizona",
  "time_slots":120,
  "arrival_rate":5.0,
  "mean_service_time":9.0,
  "seed":4,
  "trace_seed":15711687235379171572,
  "algo_seed":14420759781778004277,
  "trace_hash":"d925227d1dd65bd807020406cb3debe88675ebf963f2ef2fe1a9a4a1962b2c36",
  "arrivals_per_slot":[
    8,
    11,
    3,
    2,
    3,
    5,
    4,
    8,
    3,
    2,
    5,
    8,
    4,
    3,
    3,
    8,
    4,
    3,
    8,
    6,
    2,
    6,
    4,
    6,
    5,
    5,
    4,
    5,
    4,
    7,
    4,
    5,
    4,
    11,
    6,
    3,
    10,
    5,
    6,
    1,
    6,
    5,
    5,
    2,
    3,
    6,
    5,
    4,
    7,
    5,
    7,
    4,
    4,
    5,
    7,
    4,
    3,
    12,
    6,
    7,
    5,
    7,
    3,
    5,
    5,
    6,
    3,
    5,
    5,
    7,
    5,
    6,
    6,
    5,
    2,
    5,
    3,
    5,
    3,
    7,
    6,
    2,
    3,
    5,
    6,
    2,
    1,
    7,
    4,
    6,
    4,
    5,
    4,
    1,
    3,
    3,
    8,
    5,
    4,
    4,
    6,
    4,
    7,
    5,
    5,
    4,
    4,
    8,
    6,
    4,
    5,
    3,
    3,
    1,
    5,
    2,
    5,
    2,
    4,
    1
  ],
  "diversity":false,
  "p_split":null,
  "split_reliability_mode":null,
  "mechanism":null,
  "fixed_sfc_len":null,
  "fixed_reliability":null,
  "max_backup_level":2,
  "explicit_split_replicas":false,
  "split_enforce_distinct":false,
  "strict_split_resource_ablation":false,
  "split_replica_resource_scale":1.0,
  "cap_base_min":500,
  "cap_base_max":700,
  "cap_scale":0.2,
  "total_arrivals":576,
  "total_accepted":569,
  "total_rejected":7,
  "acceptance_ratio":0.9878472222,
  "avg_cost_per_arrival":24.3415930838,
  "total_cost":14020.7576162836,
  "total_cost_resource":7876.7576162836,
  "avg_cost_per_accepted":24.6410502922,
  "final_utilization":0.087903477,
  "avg_utilization_over_time":0.1195042998,
  "avg_leftover_capacity_sum_over_time":332381.4916666666,
  "final_leftover_capacity_sum":344310.6,
  "final_leftover_capacity_min":2.4,
  "final_leftover_capacity_max":2565.0,
  "final_leftover_capacity_avg":1096.5305732484,
  "avg_e2e_delay_accepted":0.0642797141,
  "p95_e2e_delay_accepted":0.1219932861,
  "avg_access_delay_accepted":0.0081952178,
  "avg_processing_delay_accepted":0.0486047572,
  "avg_network_delay_accepted":0.007479739,
  "avg_split_proc_overhead_accepted":0.0,
  "avg_split_net_overhead_accepted":0.0,
  "total_transmitted_bits_accepted":701564214.5994801521,
  "avg_transmitted_bits_per_accepted":1232977.5300518104,
  "total_split_transmitted_bits_accepted":0.0,
  "avg_split_transmitted_bits_per_accepted":0.0,
  "avg_split_overhead_ratio_accepted":0.0,
  "p95_split_overhead_ratio_accepted":0.0,
  "rga_accepted_total":576,
  "rga_rejected_total":0,
  "rga_rejection_ratio":0.0,
  "mdca_rejected_total":7,
  "mdca_capacity_rejected_total":0,
  "mdca_reliability_rejected_total":0,
  "mdca_qos_rejected_total":7,
  "mdca_rejection_ratio":0.0121527778,
  "capacity_rejection_ratio":0.0,
  "reliability_rejection_ratio":0.0,
  "qos_rejected_total":7,
  "qos_rejection_ratio":0.0121527778
}