{
  "algo":"hspa",
  "region":"Arizona",
  "time_slots":120,
  "arrival_rate":20.0,
  "mean_service_time":9.0,
  "seed":2,
  "trace_seed":16968534855460299654,
  "algo_seed":3829126596154728036,
  "trace_hash":"aec8defc56581ba43590c2980f8c42ca02e150b537da20ec652a59d57a74e320",
  "arrivals_per_slot":[
    13,
    15,
    22,
    18,
    24,
    23,
    18,
    17,
    25,
    32,
    25,
    26,
    26,
    19,
    31,
    13,
    22,
    14,
    23,
    21,
    19,
    30,
    16,
    31,
    17,
    22,
    23,
    33,
    25,
    21,
    17,
    14,
    19,
    17,
    18,
    25,
    26,
    15,
    19,
    21,
    21,
    21,
    18,
    27,
    24,
    16,
    22,
    15,
    29,
    23,
    19,
    26,
    26,
    20,
    17,
    17,
    15,
    16,
    21,
    15,
    23,
    25,
    25,
    16,
    23,
    25,
    19,
    18,
    31,
    18,
    20,
    15,
    25,
    18,
    21,
    36,
    17,
    22,
    11,
    17,
    19,
    25,
    23,
    18,
    23,
    13,
    15,
    15,
    18,
    17,
    18,
    17,
    19,
    15,
    19,
    26,
    23,
    32,
    28,
    23,
    15,
    26,
    27,
    12,
    19,
    12,
    23,
    17,
    15,
    26,
    18,
    22,
    23,
    18,
    23,
    16,
    37,
    18,
    23,
    24
  ],
  "diversity":false,
  "p_split":null,
  "split_reliability_mode":null,
  "mechanism":null,
  "fixed_sfc_len":null,
  "fixed_reliability":null,
  "max_backup_level":2,
  "explicit_split_replicas":false,
  "split_enforce_distinct":false,
  "strict_split_resource_ablation":false,
  "split_replica_resource_scale":1.0,
  "cap_base_min":500,
  "cap_base_max":700,
  "cap_scale":0.2,
  "total_arrivals":2508,
  "total_accepted":2486,
  "total_rejected":22,
  "acceptance_ratio":0.9912280702,
  "avg_cost_per_arrival":43.7201110927,
  "total_cost":109650.038620574,
  "total_cost_resource":79049.038620574,
  "avg_cost_per_accepted":44.1070147307,
  "final_utilization":0.6992747899,
  "avg_utilization_over_time":0.6133428746,
  "avg_leftover_capacity_sum_over_time":146833.8166666667,
  "final_leftover_capacity_sum":114201.0,
  "final_leftover_capacity_min":0.0,
  "final_leftover_capacity_max":2553.6,
  "final_leftover_capacity_avg":363.6974522293,
  "avg_e2e_delay_accepted":0.0632989602,
  "p95_e2e_delay_accepted":0.1239676645,
  "avg_access_delay_accepted":0.0080892679,
  "avg_processing_delay_accepted":0.046948327,
  "avg_network_delay_accepted":0.0082613654,
  "avg_split_proc_overhead_accepted":0.0,
  "avg_split_net_overhead_accepted":0.0,
  "total_transmitted_bits_accepted":3291140945.9071779251,
  "avg_transmitted_bits_per_accepted":1323870.0506464916,
  "total_split_transmitted_bits_accepted":0.0,
  "avg_split_transmitted_bits_per_accepted":0.0,
  "avg_split_overhead_ratio_accepted":0.0,
  "p95_split_overhead_ratio_accepted":0.0,
  "rga_accepted_total":2508,
  "rga_rejected_total":0,
  "rga_rejection_ratio":0.0,
  "mdca_rejected_total":22,
  "mdca_capacity_rejected_total":0,
  "mdca_reliability_rejected_total":0,
  "mdca_qos_rejected_total":22,
  "mdca_rejection_ratio":0.0087719298,
  "capacity_rejection_ratio":0.0,
  "reliability_rejection_ratio":0.0,
  "qos_rejected_total":22,
  "qos_rejection_ratio":0.0087719298
}