region,fixed_reliability,seed,method,share,share_tag,domain_count,domain_failure_prob,total_accepted,expected_target_satisfaction_ratio,expected_reliability,expected_reliability_loss
Alabama,0.996,3,DMDCA,"0.5,0.5",0p5_0p5,6,0.0,1406,1.0,0.9979184312837036,1.1102230246251565e-15
Alabama,0.996,3,DMDCA,"0.5,0.5",0p5_0p5,6,0.01,1406,0.9656405681905177,0.9910482904055137,0.0068701408781910445
Alabama,0.996,3,DMDCA,"0.5,0.5",0p5_0p5,6,0.03,1406,0.8998828140746596,0.976704812390972,0.021213618892732766
Alabama,0.996,3,DMDCA,"0.5,0.5",0p5_0p5,6,0.05,1406,0.8379179501689187,0.961580334839952,0.03633809644375274
Alabama,0.996,3,MDCA,nan,nan,6,0.0,1369,1.0,0.9979333564080041,6.661338147750939e-16
Alabama,0.996,3,MDCA,nan,nan,6,0.01,1369,0.9667207427942827,0.9895765289151713,0.008356827492833396
Alabama,0.996,3,MDCA,nan,nan,6,0.03,1369,0.9029891521410639,0.9723892028829328,0.02554415352507189
Alabama,0.996,3,MDCA,nan,nan,6,0.05,1369,0.8428775695420926,0.9545929497446094,0.04334040666339534
