{
  "algo":"mdca",
  "region":"Alabama",
  "time_slots":120,
  "arrival_rate":12.0,
  "mean_service_time":9.0,
  "seed":4,
  "trace_seed":4302582646611326966,
  "algo_seed":4574233998141395180,
  "trace_hash":"7d64ef1a413bb99b623a9079e87e198f5948fc46c440f3e5dda29fc983224040",
  "arrivals_per_slot":[
    12,
    8,
    19,
    13,
    18,
    14,
    8,
    11,
    11,
    8,
    14,
    7,
    14,
    15,
    16,
    11,
    8,
    8,
    9,
    10,
    15,
    11,
    12,
    13,
    14,
    17,
    13,
    10,
    19,
    9,
    14,
    15,
    15,
    7,
    12,
    6,
    9,
    10,
    11,
    11,
    6,
    13,
    9,
    15,
    12,
    13,
    16,
    8,
    11,
    11,
    12,
    12,
    14,
    15,
    10,
    13,
    10,
    13,
    17,
    10,
    10,
    14,
    14,
    10,
    11,
    10,
    12,
    5,
    17,
    16,
    12,
    8,
    14,
    12,
    11,
    12,
    12,
    20,
    21,
    15,
    8,
    16,
    9,
    17,
    10,
    7,
    8,
    14,
    10,
    9,
    7,
    9,
    15,
    22,
    16,
    11,
    15,
    17,
    8,
    10,
    13,
    10,
    5,
    15,
    11,
    15,
    19,
    13,
    12,
    11,
    8,
    13,
    12,
    9,
    8,
    13,
    6,
    6,
    9,
    12
  ],
  "diversity":true,
  "p_split":0.3,
  "split_reliability_mode":"identical_active_pool",
  "split_recovery_coverage":1.0,
  "split_workload_shares":"0.5,0.5",
  "mechanism":null,
  "fixed_sfc_len":null,
  "fixed_reliability":0.99,
  "max_backup_level":2,
  "explicit_split_replicas":true,
  "split_enforce_distinct":false,
  "strict_split_resource_ablation":false,
  "split_replica_resource_scale":1.0,
  "cap_base_min":500,
  "cap_base_max":700,
  "cap_scale":0.2,
  "total_arrivals":1431,
  "total_accepted":1417,
  "total_rejected":14,
  "acceptance_ratio":0.9902166317,
  "avg_cost_per_arrival":49.0051371934,
  "total_cost":70126.3513237591,
  "total_cost_resource":50938.3513237591,
  "avg_cost_per_accepted":49.4893093322,
  "final_utilization":0.7787511491,
  "avg_utilization_over_time":0.7725453182,
  "avg_leftover_capacity_sum_over_time":39704.3527777778,
  "final_leftover_capacity_sum":38621.0666666667,
  "final_leftover_capacity_min":0.6666666667,
  "final_leftover_capacity_max":2236.8,
  "final_leftover_capacity_avg":281.9055961071,
  "avg_e2e_delay_accepted":0.0680285303,
  "p95_e2e_delay_accepted":0.129906056,
  "avg_access_delay_accepted":0.0080558906,
  "avg_processing_delay_accepted":0.0438460085,
  "avg_network_delay_accepted":0.0126485407,
  "avg_split_proc_overhead_accepted":5.411064054e-19,
  "avg_split_net_overhead_accepted":0.0,
  "total_transmitted_bits_accepted":2485518460.1914377213,
  "avg_transmitted_bits_per_accepted":1754070.8963948044,
  "total_split_transmitted_bits_accepted":574086733.2990093231,
  "avg_split_transmitted_bits_per_accepted":405142.3664777765,
  "avg_split_overhead_ratio_accepted":7.319937572e-18,
  "p95_split_overhead_ratio_accepted":4.475875265e-17,
  "rga_accepted_total":1431,
  "rga_rejected_total":0,
  "rga_rejection_ratio":0.0,
  "mdca_rejected_total":14,
  "mdca_capacity_rejected_total":0,
  "mdca_reliability_rejected_total":0,
  "mdca_qos_rejected_total":14,
  "mdca_rejection_ratio":0.0097833683,
  "capacity_rejection_ratio":0.0,
  "reliability_rejection_ratio":0.0,
  "qos_rejected_total":14,
  "qos_rejection_ratio":0.0097833683,
  "placement_trace_path":"D:\\Study\\Code_1\\paper_data\\large_scale_lb_reference\\split_enabled\\reliability\\Alabama\\fixed_reliability_0p99\\DMDCA\\seed4\\placement_trace_Alabama_mdca_seed4.json"
}