{
  "algo":"random",
  "region":"Arizona",
  "time_slots":120,
  "arrival_rate":30.0,
  "mean_service_time":9.0,
  "seed":5,
  "trace_seed":6534364727372080613,
  "algo_seed":1537971742767984452,
  "trace_hash":"732e8a099292456e48c25cab48211bb6919d90b4367e7dcde4cdf3051511a92b",
  "arrivals_per_slot":[
    30,
    30,
    31,
    27,
    38,
    27,
    28,
    29,
    27,
    25,
    33,
    29,
    31,
    30,
    27,
    27,
    43,
    35,
    28,
    27,
    26,
    25,
    23,
    32,
    24,
    39,
    24,
    36,
    29,
    27,
    35,
    26,
    30,
    29,
    25,
    32,
    31,
    19,
    32,
    32,
    34,
    44,
    28,
    19,
    36,
    33,
    21,
    31,
    25,
    36,
    29,
    29,
    33,
    30,
    28,
    31,
    33,
    28,
    31,
    35,
    33,
    29,
    20,
    32,
    23,
    37,
    40,
    27,
    33,
    43,
    33,
    34,
    29,
    32,
    24,
    24,
    34,
    27,
    26,
    26,
    40,
    30,
    20,
    31,
    31,
    28,
    31,
    32,
    35,
    34,
    29,
    27,
    31,
    33,
    38,
    33,
    34,
    31,
    30,
    20,
    21,
    19,
    28,
    32,
    20,
    41,
    35,
    38,
    31,
    28,
    29,
    28,
    30,
    39,
    34,
    33,
    36,
    38,
    45,
    31
  ],
  "diversity":false,
  "p_split":null,
  "split_reliability_mode":null,
  "mechanism":null,
  "fixed_sfc_len":null,
  "fixed_reliability":null,
  "max_backup_level":2,
  "explicit_split_replicas":false,
  "split_enforce_distinct":false,
  "strict_split_resource_ablation":false,
  "split_replica_resource_scale":1.0,
  "cap_base_min":500,
  "cap_base_max":700,
  "cap_scale":0.2,
  "total_arrivals":3652,
  "total_accepted":3221,
  "total_rejected":431,
  "acceptance_ratio":0.8819824754,
  "avg_cost_per_arrival":49.2047190036,
  "total_cost":179695.6338013287,
  "total_cost_resource":135611.6338013286,
  "avg_cost_per_accepted":55.7887717483,
  "final_utilization":0.928726672,
  "avg_utilization_over_time":0.8749089541,
  "avg_leftover_capacity_sum_over_time":47068.6833333334,
  "final_leftover_capacity_sum":26818.4,
  "final_leftover_capacity_min":0.0,
  "final_leftover_capacity_max":318.2,
  "final_leftover_capacity_avg":85.4089171975,
  "avg_e2e_delay_accepted":0.0653026854,
  "p95_e2e_delay_accepted":0.1267637856,
  "avg_access_delay_accepted":0.0080706578,
  "avg_processing_delay_accepted":0.047945901,
  "avg_network_delay_accepted":0.0092861265,
  "avg_split_proc_overhead_accepted":0.0,
  "avg_split_net_overhead_accepted":0.0,
  "total_transmitted_bits_accepted":4754890966.5410785675,
  "avg_transmitted_bits_per_accepted":1476215.761111791,
  "total_split_transmitted_bits_accepted":0.0,
  "avg_split_transmitted_bits_per_accepted":0.0,
  "avg_split_overhead_ratio_accepted":0.0,
  "p95_split_overhead_ratio_accepted":0.0,
  "rga_accepted_total":3652,
  "rga_rejected_total":0,
  "rga_rejection_ratio":0.0,
  "mdca_rejected_total":431,
  "mdca_capacity_rejected_total":399,
  "mdca_reliability_rejected_total":0,
  "mdca_qos_rejected_total":32,
  "mdca_rejection_ratio":0.1180175246,
  "capacity_rejection_ratio":0.1092552026,
  "reliability_rejection_ratio":0.0,
  "qos_rejected_total":32,
  "qos_rejection_ratio":0.008762322
}