{
  "algo":"mdca",
  "region":"Arizona",
  "time_slots":120,
  "arrival_rate":12.0,
  "mean_service_time":9.0,
  "seed":5,
  "trace_seed":6469521703783058046,
  "algo_seed":8713146723775295805,
  "trace_hash":"70c1620522b42560f93afb237d21aa9a9a58dbc4a392085c016251b187c2daca",
  "arrivals_per_slot":[
    12,
    11,
    10,
    10,
    12,
    16,
    8,
    19,
    15,
    13,
    7,
    13,
    10,
    7,
    12,
    11,
    11,
    13,
    11,
    16,
    18,
    13,
    14,
    11,
    10,
    6,
    15,
    6,
    13,
    11,
    15,
    11,
    15,
    12,
    11,
    16,
    12,
    7,
    11,
    13,
    13,
    6,
    16,
    15,
    14,
    10,
    9,
    16,
    7,
    15,
    15,
    10,
    9,
    10,
    7,
    14,
    7,
    11,
    8,
    9,
    14,
    12,
    9,
    20,
    12,
    12,
    14,
    15,
    7,
    18,
    8,
    10,
    12,
    12,
    6,
    6,
    6,
    11,
    10,
    16,
    14,
    6,
    15,
    13,
    14,
    8,
    11,
    13,
    13,
    13,
    20,
    10,
    12,
    16,
    14,
    15,
    12,
    10,
    11,
    8,
    10,
    8,
    11,
    23,
    14,
    12,
    13,
    12,
    12,
    9,
    11,
    12,
    18,
    13,
    10,
    15,
    13,
    13,
    6,
    8
  ],
  "diversity":true,
  "p_split":0.3,
  "split_reliability_mode":"identical_active_pool",
  "mechanism":null,
  "fixed_sfc_len":null,
  "fixed_reliability":0.994,
  "max_backup_level":2,
  "explicit_split_replicas":true,
  "split_enforce_distinct":false,
  "strict_split_resource_ablation":false,
  "split_replica_resource_scale":1.0,
  "cap_base_min":500,
  "cap_base_max":700,
  "cap_scale":0.2,
  "total_arrivals":1419,
  "total_accepted":1410,
  "total_rejected":9,
  "acceptance_ratio":0.9936575053,
  "avg_cost_per_arrival":39.4225519636,
  "total_cost":55940.6012363376,
  "total_cost_resource":35214.6012363376,
  "avg_cost_per_accepted":39.674185274,
  "final_utilization":0.4259358472,
  "avg_utilization_over_time":0.3574793749,
  "avg_leftover_capacity_sum_over_time":242017.8583333333,
  "final_leftover_capacity_sum":216232.4,
  "final_leftover_capacity_min":0.0666666667,
  "final_leftover_capacity_max":2565.0,
  "final_leftover_capacity_avg":688.6382165605,
  "avg_e2e_delay_accepted":0.0707676657,
  "p95_e2e_delay_accepted":0.1328070791,
  "avg_access_delay_accepted":0.0080980582,
  "avg_processing_delay_accepted":0.0444288744,
  "avg_network_delay_accepted":0.0145962383,
  "avg_split_proc_overhead_accepted":5.834699351e-19,
  "avg_split_net_overhead_accepted":0.0,
  "total_transmitted_bits_accepted":2516061734.5946040154,
  "avg_transmitted_bits_per_accepted":1784440.9465209958,
  "total_split_transmitted_bits_accepted":590096219.8736042976,
  "avg_split_transmitted_bits_per_accepted":418507.9573571662,
  "avg_split_overhead_ratio_accepted":7.436765111e-18,
  "p95_split_overhead_ratio_accepted":5.075190225e-17,
  "rga_accepted_total":1419,
  "rga_rejected_total":0,
  "rga_rejection_ratio":0.0,
  "mdca_rejected_total":9,
  "mdca_capacity_rejected_total":0,
  "mdca_reliability_rejected_total":0,
  "mdca_qos_rejected_total":9,
  "mdca_rejection_ratio":0.0063424947,
  "capacity_rejection_ratio":0.0,
  "reliability_rejection_ratio":0.0,
  "qos_rejected_total":9,
  "qos_rejection_ratio":0.0063424947
}