{
  "algo":"mdca",
  "region":"Alabama",
  "time_slots":120,
  "arrival_rate":12.0,
  "mean_service_time":9.0,
  "seed":2,
  "trace_seed":3764270853920106939,
  "algo_seed":16121394405342853155,
  "trace_hash":"90c0e6b702acc6b07c3f480a4bfecb9d1555dbe2dbf72cb0e9478c92aa57f08f",
  "arrivals_per_slot":[
    14,
    15,
    7,
    7,
    11,
    15,
    11,
    15,
    10,
    9,
    13,
    11,
    18,
    4,
    7,
    14,
    8,
    21,
    6,
    9,
    8,
    17,
    12,
    13,
    14,
    12,
    8,
    14,
    16,
    10,
    13,
    15,
    9,
    9,
    13,
    7,
    17,
    18,
    11,
    8,
    22,
    16,
    11,
    9,
    11,
    11,
    8,
    11,
    9,
    16,
    15,
    14,
    13,
    13,
    10,
    10,
    13,
    10,
    13,
    13,
    10,
    14,
    9,
    12,
    13,
    6,
    17,
    10,
    17,
    12,
    10,
    18,
    14,
    8,
    13,
    17,
    9,
    4,
    16,
    21,
    17,
    11,
    11,
    12,
    14,
    13,
    12,
    11,
    10,
    8,
    11,
    8,
    16,
    16,
    12,
    7,
    12,
    10,
    12,
    12,
    13,
    10,
    12,
    15,
    8,
    12,
    13,
    15,
    7,
    12,
    14,
    11,
    12,
    8,
    16,
    13,
    9,
    14,
    20,
    8
  ],
  "diversity":false,
  "p_split":null,
  "split_reliability_mode":null,
  "mechanism":null,
  "fixed_sfc_len":null,
  "fixed_reliability":0.994,
  "max_backup_level":2,
  "explicit_split_replicas":false,
  "split_enforce_distinct":false,
  "strict_split_resource_ablation":false,
  "split_replica_resource_scale":1.0,
  "cap_base_min":500,
  "cap_base_max":700,
  "cap_scale":0.2,
  "total_arrivals":1444,
  "total_accepted":1382,
  "total_rejected":62,
  "acceptance_ratio":0.9570637119,
  "avg_cost_per_arrival":58.0360153274,
  "total_cost":83804.0061327658,
  "total_cost_resource":63462.0061327658,
  "avg_cost_per_accepted":60.6396571149,
  "final_utilization":0.9138574236,
  "avg_utilization_over_time":0.8507538813,
  "avg_leftover_capacity_sum_over_time":25940.05,
  "final_leftover_capacity_sum":14972.2,
  "final_leftover_capacity_min":0.0,
  "final_leftover_capacity_max":1700.4,
  "final_leftover_capacity_avg":109.2861313869,
  "avg_e2e_delay_accepted":0.0637656561,
  "p95_e2e_delay_accepted":0.1272819623,
  "avg_access_delay_accepted":0.0080711535,
  "avg_processing_delay_accepted":0.0478605171,
  "avg_network_delay_accepted":0.0078339856,
  "avg_split_proc_overhead_accepted":0.0,
  "avg_split_net_overhead_accepted":0.0,
  "total_transmitted_bits_accepted":1831495412.6743140221,
  "avg_transmitted_bits_per_accepted":1325249.9368120942,
  "total_split_transmitted_bits_accepted":0.0,
  "avg_split_transmitted_bits_per_accepted":0.0,
  "avg_split_overhead_ratio_accepted":0.0,
  "p95_split_overhead_ratio_accepted":0.0,
  "rga_accepted_total":1444,
  "rga_rejected_total":0,
  "rga_rejection_ratio":0.0,
  "mdca_rejected_total":62,
  "mdca_capacity_rejected_total":44,
  "mdca_reliability_rejected_total":0,
  "mdca_qos_rejected_total":18,
  "mdca_rejection_ratio":0.0429362881,
  "capacity_rejection_ratio":0.0304709141,
  "reliability_rejection_ratio":0.0,
  "qos_rejected_total":18,
  "qos_rejection_ratio":0.012465374
}