{
  "algo":"mdca",
  "region":"Alabama",
  "time_slots":120,
  "arrival_rate":20.0,
  "mean_service_time":9.0,
  "seed":3,
  "trace_seed":9050270874350397880,
  "algo_seed":15868857010820782473,
  "trace_hash":"6801246ee0c31afffd8cfea268ed03a6c79d955909d693c2b55bd384a1c1f5d4",
  "arrivals_per_slot":[
    15,
    26,
    20,
    29,
    21,
    18,
    20,
    27,
    17,
    18,
    18,
    21,
    23,
    18,
    22,
    17,
    32,
    22,
    19,
    15,
    18,
    22,
    25,
    23,
    18,
    23,
    15,
    17,
    19,
    16,
    21,
    18,
    22,
    19,
    13,
    17,
    16,
    22,
    16,
    26,
    25,
    21,
    16,
    19,
    27,
    19,
    16,
    14,
    18,
    22,
    20,
    21,
    22,
    13,
    18,
    20,
    21,
    14,
    25,
    16,
    21,
    17,
    21,
    11,
    18,
    11,
    16,
    25,
    18,
    23,
    20,
    22,
    15,
    27,
    27,
    21,
    28,
    19,
    17,
    18,
    31,
    16,
    16,
    21,
    15,
    14,
    19,
    17,
    17,
    18,
    20,
    17,
    31,
    19,
    21,
    27,
    17,
    27,
    25,
    22,
    16,
    18,
    20,
    22,
    16,
    22,
    23,
    16,
    13,
    20,
    16,
    21,
    24,
    12,
    17,
    18,
    14,
    21,
    20,
    22
  ],
  "diversity":true,
  "p_split":0.3,
  "split_reliability_mode":"identical_active_pool",
  "mechanism":null,
  "fixed_sfc_len":2,
  "fixed_reliability":null,
  "max_backup_level":2,
  "explicit_split_replicas":true,
  "split_enforce_distinct":false,
  "strict_split_resource_ablation":false,
  "split_replica_resource_scale":1.0,
  "cap_base_min":500,
  "cap_base_max":700,
  "cap_scale":0.2,
  "total_arrivals":2367,
  "total_accepted":2366,
  "total_rejected":1,
  "acceptance_ratio":0.9995775243,
  "avg_cost_per_arrival":21.8044182036,
  "total_cost":51611.057887971,
  "total_cost_resource":35782.057887971,
  "avg_cost_per_accepted":21.8136339341,
  "final_utilization":0.6348716898,
  "avg_utilization_over_time":0.6111255237,
  "avg_leftover_capacity_sum_over_time":68353.2444444445,
  "final_leftover_capacity_sum":64179.3333333333,
  "final_leftover_capacity_min":1.0,
  "final_leftover_capacity_max":2022.4,
  "final_leftover_capacity_avg":468.4622871046,
  "avg_e2e_delay_accepted":0.0458738613,
  "p95_e2e_delay_accepted":0.0862319851,
  "avg_access_delay_accepted":0.0079991385,
  "avg_processing_delay_accepted":0.0293189194,
  "avg_network_delay_accepted":0.0065711175,
  "avg_split_proc_overhead_accepted":3.334173714e-19,
  "avg_split_net_overhead_accepted":0.0,
  "total_transmitted_bits_accepted":2106779651.7952079773,
  "avg_transmitted_bits_per_accepted":890439.4132693186,
  "total_split_transmitted_bits_accepted":608597841.6424160004,
  "avg_split_transmitted_bits_per_accepted":257226.4757575723,
  "avg_split_overhead_ratio_accepted":6.253089027e-18,
  "p95_split_overhead_ratio_accepted":4.998200081e-17,
  "rga_accepted_total":2367,
  "rga_rejected_total":0,
  "rga_rejection_ratio":0.0,
  "mdca_rejected_total":1,
  "mdca_capacity_rejected_total":0,
  "mdca_reliability_rejected_total":0,
  "mdca_qos_rejected_total":1,
  "mdca_rejection_ratio":0.0004224757,
  "capacity_rejection_ratio":0.0,
  "reliability_rejection_ratio":0.0,
  "qos_rejected_total":1,
  "qos_rejection_ratio":0.0004224757
}