{
  "algo":"dtsp",
  "region":"Alabama",
  "time_slots":120,
  "arrival_rate":35.0,
  "mean_service_time":9.0,
  "seed":1,
  "trace_seed":8280517243784851195,
  "algo_seed":14894763211395462469,
  "trace_hash":"802ee11df911cb2b8bfa22d429353b2bb4bd1b36af9d8a0e92057e801518fca2",
  "arrivals_per_slot":[
    36,
    40,
    37,
    43,
    33,
    38,
    32,
    37,
    37,
    29,
    38,
    42,
    29,
    36,
    34,
    47,
    40,
    38,
    29,
    31,
    29,
    38,
    39,
    41,
    34,
    43,
    34,
    35,
    38,
    42,
    35,
    36,
    33,
    34,
    30,
    33,
    25,
    27,
    38,
    43,
    30,
    47,
    39,
    37,
    34,
    41,
    48,
    39,
    38,
    33,
    26,
    35,
    43,
    39,
    41,
    36,
    51,
    41,
    30,
    28,
    44,
    32,
    30,
    30,
    30,
    38,
    32,
    29,
    38,
    44,
    29,
    30,
    38,
    33,
    31,
    33,
    51,
    39,
    32,
    40,
    29,
    40,
    46,
    21,
    38,
    32,
    37,
    46,
    43,
    43,
    46,
    40,
    40,
    27,
    52,
    26,
    34,
    21,
    33,
    36,
    40,
    48,
    33,
    34,
    32,
    35,
    34,
    28,
    32,
    35,
    31,
    40,
    38,
    31,
    31,
    27,
    40,
    42,
    35,
    36
  ],
  "diversity":false,
  "p_split":null,
  "split_reliability_mode":null,
  "mechanism":null,
  "fixed_sfc_len":null,
  "fixed_reliability":null,
  "max_backup_level":2,
  "explicit_split_replicas":false,
  "split_enforce_distinct":false,
  "strict_split_resource_ablation":false,
  "split_replica_resource_scale":1.0,
  "cap_base_min":500,
  "cap_base_max":700,
  "cap_scale":0.2,
  "total_arrivals":4324,
  "total_accepted":2298,
  "total_rejected":2026,
  "acceptance_ratio":0.5314523589,
  "avg_cost_per_arrival":22.1910109396,
  "total_cost":95953.931302894,
  "total_cost_resource":73867.9313028939,
  "avg_cost_per_accepted":41.7554096183,
  "final_utilization":0.9719928613,
  "avg_utilization_over_time":0.9569446955,
  "avg_leftover_capacity_sum_over_time":7623.4583333333,
  "final_leftover_capacity_sum":4959.0,
  "final_leftover_capacity_min":0.2,
  "final_leftover_capacity_max":189.6,
  "final_leftover_capacity_avg":36.197080292,
  "avg_e2e_delay_accepted":0.0618422917,
  "p95_e2e_delay_accepted":0.1228171233,
  "avg_access_delay_accepted":0.0080755785,
  "avg_processing_delay_accepted":0.0466815288,
  "avg_network_delay_accepted":0.0070851843,
  "avg_split_proc_overhead_accepted":0.0,
  "avg_split_net_overhead_accepted":0.0,
  "total_transmitted_bits_accepted":3085772744.0480556488,
  "avg_transmitted_bits_per_accepted":1342807.9826144716,
  "total_split_transmitted_bits_accepted":0.0,
  "avg_split_transmitted_bits_per_accepted":0.0,
  "avg_split_overhead_ratio_accepted":0.0,
  "p95_split_overhead_ratio_accepted":0.0,
  "rga_accepted_total":4324,
  "rga_rejected_total":0,
  "rga_rejection_ratio":0.0,
  "mdca_rejected_total":2026,
  "mdca_capacity_rejected_total":2003,
  "mdca_reliability_rejected_total":0,
  "mdca_qos_rejected_total":23,
  "mdca_rejection_ratio":0.4685476411,
  "capacity_rejection_ratio":0.4632284921,
  "reliability_rejection_ratio":0.0,
  "qos_rejected_total":23,
  "qos_rejection_ratio":0.0053191489
}