{
  "algo":"mdca",
  "region":"Arizona",
  "time_slots":120,
  "arrival_rate":12.0,
  "mean_service_time":9.0,
  "seed":3,
  "trace_seed":2127322057513395584,
  "algo_seed":10209631735276564424,
  "trace_hash":"fc283134865706015a2d74f7453479e826aac6b86f38840e3ab8670ca6592033",
  "arrivals_per_slot":[
    21,
    18,
    16,
    16,
    6,
    17,
    14,
    10,
    11,
    8,
    9,
    18,
    14,
    13,
    12,
    10,
    13,
    12,
    13,
    9,
    15,
    10,
    9,
    12,
    9,
    17,
    15,
    10,
    9,
    11,
    17,
    14,
    8,
    6,
    15,
    17,
    16,
    10,
    9,
    15,
    9,
    21,
    13,
    11,
    15,
    12,
    13,
    17,
    10,
    11,
    12,
    18,
    21,
    13,
    12,
    8,
    11,
    11,
    7,
    10,
    15,
    15,
    9,
    22,
    7,
    8,
    12,
    11,
    13,
    13,
    18,
    7,
    6,
    12,
    6,
    9,
    13,
    8,
    10,
    12,
    14,
    16,
    13,
    10,
    12,
    11,
    13,
    17,
    5,
    15,
    24,
    15,
    12,
    14,
    7,
    15,
    10,
    10,
    10,
    11,
    13,
    17,
    15,
    15,
    9,
    9,
    15,
    10,
    12,
    12,
    11,
    16,
    15,
    10,
    11,
    18,
    12,
    6,
    17,
    10
  ],
  "diversity":true,
  "p_split":0.3,
  "split_reliability_mode":"identical_active_pool",
  "mechanism":null,
  "fixed_sfc_len":null,
  "fixed_reliability":0.999,
  "max_backup_level":2,
  "explicit_split_replicas":true,
  "split_enforce_distinct":false,
  "strict_split_resource_ablation":false,
  "split_replica_resource_scale":1.0,
  "cap_base_min":500,
  "cap_base_max":700,
  "cap_scale":0.2,
  "total_arrivals":1492,
  "total_accepted":1174,
  "total_rejected":318,
  "acceptance_ratio":0.7868632708,
  "avg_cost_per_arrival":34.7292952938,
  "total_cost":51816.1085783345,
  "total_cost_resource":32433.1085783345,
  "avg_cost_per_accepted":44.1363786868,
  "final_utilization":0.3736935877,
  "avg_utilization_over_time":0.3278098426,
  "avg_leftover_capacity_sum_over_time":249534.8666666667,
  "final_leftover_capacity_sum":232501.6,
  "final_leftover_capacity_min":0.3,
  "final_leftover_capacity_max":2150.4,
  "final_leftover_capacity_avg":740.450955414,
  "avg_e2e_delay_accepted":0.0665014374,
  "p95_e2e_delay_accepted":0.132581237,
  "avg_access_delay_accepted":0.0080693386,
  "avg_processing_delay_accepted":0.0385988681,
  "avg_network_delay_accepted":0.0149158255,
  "avg_split_proc_overhead_accepted":1.141459868e-19,
  "avg_split_net_overhead_accepted":0.0,
  "total_transmitted_bits_accepted":2177363622.505437851,
  "avg_transmitted_bits_per_accepted":1854653.8522192826,
  "total_split_transmitted_bits_accepted":689624547.668859005,
  "avg_split_transmitted_bits_per_accepted":587414.4358337811,
  "avg_split_overhead_ratio_accepted":1.708598963e-18,
  "p95_split_overhead_ratio_accepted":5.901874448e-18,
  "rga_accepted_total":1187,
  "rga_rejected_total":305,
  "rga_rejection_ratio":0.2044235925,
  "mdca_rejected_total":13,
  "mdca_capacity_rejected_total":0,
  "mdca_reliability_rejected_total":0,
  "mdca_qos_rejected_total":13,
  "mdca_rejection_ratio":0.0087131367,
  "capacity_rejection_ratio":0.0,
  "reliability_rejection_ratio":0.0,
  "qos_rejected_total":13,
  "qos_rejection_ratio":0.0087131367
}