{
  "algo":"mdca",
  "region":"Arizona",
  "time_slots":120,
  "arrival_rate":20.0,
  "mean_service_time":9.0,
  "seed":5,
  "trace_seed":1422421290941698980,
  "algo_seed":8713146723775295805,
  "trace_hash":"425591745cf0bcb5ab7c37a971fcc7d1aa4f36972da05ed406bac5ff860695a1",
  "arrivals_per_slot":[
    12,
    21,
    21,
    17,
    26,
    17,
    20,
    19,
    21,
    18,
    21,
    20,
    18,
    20,
    24,
    11,
    23,
    28,
    19,
    25,
    30,
    11,
    22,
    15,
    22,
    32,
    23,
    21,
    24,
    12,
    19,
    13,
    17,
    20,
    18,
    15,
    19,
    23,
    19,
    14,
    16,
    12,
    20,
    17,
    16,
    19,
    22,
    21,
    22,
    22,
    17,
    18,
    18,
    10,
    19,
    24,
    27,
    19,
    13,
    24,
    22,
    33,
    17,
    24,
    21,
    26,
    13,
    19,
    23,
    17,
    27,
    21,
    22,
    18,
    27,
    10,
    20,
    15,
    23,
    24,
    17,
    15,
    17,
    24,
    19,
    18,
    20,
    15,
    25,
    24,
    21,
    17,
    16,
    23,
    21,
    20,
    19,
    21,
    15,
    16,
    17,
    16,
    28,
    16,
    24,
    24,
    20,
    14,
    17,
    20,
    19,
    20,
    16,
    21,
    17,
    26,
    19,
    18,
    16,
    15
  ],
  "diversity":true,
  "p_split":0.3,
  "split_reliability_mode":"identical_active_pool",
  "split_recovery_coverage":1.0,
  "split_workload_shares":"0.5,0.5",
  "mechanism":null,
  "fixed_sfc_len":1,
  "fixed_reliability":null,
  "max_backup_level":2,
  "explicit_split_replicas":true,
  "split_enforce_distinct":false,
  "strict_split_resource_ablation":false,
  "split_replica_resource_scale":1.0,
  "cap_base_min":500,
  "cap_base_max":700,
  "cap_scale":0.2,
  "total_arrivals":2354,
  "total_accepted":2354,
  "total_rejected":0,
  "acceptance_ratio":1.0,
  "avg_cost_per_arrival":6.9794659716,
  "total_cost":16429.6628972343,
  "total_cost_resource":9298.6628972343,
  "avg_cost_per_accepted":6.9794659716,
  "final_utilization":0.1441513883,
  "avg_utilization_over_time":0.1351714283,
  "avg_leftover_capacity_sum_over_time":325024.0250000001,
  "final_leftover_capacity_sum":321649.1333333334,
  "final_leftover_capacity_min":5.4,
  "final_leftover_capacity_max":2565.0,
  "final_leftover_capacity_avg":1024.3602972399,
  "avg_e2e_delay_accepted":0.0252966184,
  "p95_e2e_delay_accepted":0.0560416298,
  "avg_access_delay_accepted":0.0080352697,
  "avg_processing_delay_accepted":0.0152935111,
  "avg_network_delay_accepted":0.0013870046,
  "avg_split_proc_overhead_accepted":9.690575068e-20,
  "avg_split_net_overhead_accepted":0.0,
  "total_transmitted_bits_accepted":254067834.7495433688,
  "avg_transmitted_bits_per_accepted":107930.261151038,
  "total_split_transmitted_bits_accepted":254067834.7495433688,
  "avg_split_transmitted_bits_per_accepted":107930.261151038,
  "avg_split_overhead_ratio_accepted":2.673969134e-18,
  "p95_split_overhead_ratio_accepted":0.0,
  "rga_accepted_total":2354,
  "rga_rejected_total":0,
  "rga_rejection_ratio":0.0,
  "mdca_rejected_total":0,
  "mdca_capacity_rejected_total":0,
  "mdca_reliability_rejected_total":0,
  "mdca_qos_rejected_total":0,
  "mdca_rejection_ratio":0.0,
  "capacity_rejection_ratio":0.0,
  "reliability_rejection_ratio":0.0,
  "qos_rejected_total":0,
  "qos_rejection_ratio":0.0,
  "placement_trace_path":"D:\\Study\\Code_1\\paper_data\\large_scale_lb_reference\\split_enabled\\length\\Arizona\\fixed_sfc_len_1\\DMDCA\\seed5\\placement_trace_Arizona_mdca_seed5.json"
}