region,fixed_reliability,seed,method,share,share_tag,domain_count,domain_failure_prob,total_accepted,expected_target_satisfaction_ratio,expected_reliability,expected_reliability_loss
Alabama,0.998,2,DMDCA,"0.5,0.5",0p5_0p5,6,0.0,1326,1.0,0.9988470006261303,-3.3306690738754696e-16
Alabama,0.998,2,DMDCA,"0.5,0.5",0p5_0p5,6,0.01,1326,0.9642471703398866,0.9925470430824962,0.006299957543633772
Alabama,0.998,2,DMDCA,"0.5,0.5",0p5_0p5,6,0.03,1326,0.8959702810870359,0.9793636908347367,0.019483309791393233
Alabama,0.998,2,DMDCA,"0.5,0.5",0p5_0p5,6,0.05,1326,0.8318199261170812,0.9654176197606059,0.03342938086552405
Alabama,0.998,2,MDCA,nan,nan,6,0.0,1293,1.0,0.9988430685725168,-3.3306690738754696e-16
Alabama,0.998,2,MDCA,nan,nan,6,0.01,1293,0.9646696116136704,0.9919380768668682,0.006904991705648289
Alabama,0.998,2,MDCA,nan,nan,6,0.03,1293,0.8972111022897169,0.9775685569586611,0.021274511613855407
Alabama,0.998,2,MDCA,nan,nan,6,0.05,1293,0.8338439307327915,0.9624701720563372,0.036372896516179254
