{
  "algo":"mdca",
  "region":"Alabama",
  "time_slots":120,
  "arrival_rate":45.0,
  "mean_service_time":9.0,
  "seed":4,
  "trace_seed":14413373934116521878,
  "algo_seed":16336488235466383848,
  "trace_hash":"a13fe7da4ea84c602ff395190001afa5cfe80c4a51d4516b1a72e3b69c374a60",
  "arrivals_per_slot":[
    45,
    33,
    47,
    42,
    34,
    43,
    50,
    49,
    40,
    38,
    54,
    45,
    48,
    35,
    57,
    44,
    47,
    54,
    56,
    36,
    53,
    47,
    52,
    55,
    46,
    49,
    53,
    55,
    55,
    40,
    42,
    56,
    39,
    42,
    43,
    48,
    40,
    48,
    42,
    39,
    43,
    53,
    40,
    36,
    43,
    45,
    42,
    43,
    40,
    43,
    39,
    52,
    50,
    53,
    44,
    38,
    56,
    43,
    57,
    46,
    51,
    43,
    43,
    48,
    58,
    49,
    49,
    41,
    33,
    47,
    40,
    50,
    53,
    45,
    47,
    45,
    51,
    48,
    55,
    49,
    42,
    45,
    48,
    34,
    50,
    48,
    42,
    37,
    53,
    47,
    49,
    42,
    40,
    39,
    42,
    48,
    45,
    30,
    41,
    45,
    44,
    37,
    46,
    46,
    56,
    39,
    36,
    41,
    43,
    50,
    40,
    50,
    48,
    47,
    48,
    37,
    48,
    46,
    58,
    53
  ],
  "diversity":false,
  "p_split":null,
  "split_reliability_mode":null,
  "mechanism":null,
  "fixed_sfc_len":null,
  "fixed_reliability":null,
  "max_backup_level":2,
  "explicit_split_replicas":false,
  "split_enforce_distinct":false,
  "strict_split_resource_ablation":false,
  "split_replica_resource_scale":1.0,
  "cap_base_min":500,
  "cap_base_max":700,
  "cap_scale":0.2,
  "total_arrivals":5472,
  "total_accepted":3378,
  "total_rejected":2094,
  "acceptance_ratio":0.6173245614,
  "avg_cost_per_arrival":18.5486826242,
  "total_cost":101498.3913196904,
  "total_cost_resource":74171.3913196904,
  "avg_cost_per_accepted":30.0468890822,
  "final_utilization":0.9656099314,
  "avg_utilization_over_time":0.956141353,
  "avg_leftover_capacity_sum_over_time":7678.5,
  "final_leftover_capacity_sum":6020.8,
  "final_leftover_capacity_min":1.0,
  "final_leftover_capacity_max":292.2,
  "final_leftover_capacity_avg":43.9474452555,
  "avg_e2e_delay_accepted":0.0578488214,
  "p95_e2e_delay_accepted":0.1208552875,
  "avg_access_delay_accepted":0.0081196656,
  "avg_processing_delay_accepted":0.0440871695,
  "avg_network_delay_accepted":0.0056419863,
  "avg_split_proc_overhead_accepted":0.0,
  "avg_split_net_overhead_accepted":0.0,
  "total_transmitted_bits_accepted":3241655094.4955096245,
  "avg_transmitted_bits_per_accepted":959637.387358055,
  "total_split_transmitted_bits_accepted":0.0,
  "avg_split_transmitted_bits_per_accepted":0.0,
  "avg_split_overhead_ratio_accepted":0.0,
  "p95_split_overhead_ratio_accepted":0.0,
  "rga_accepted_total":5472,
  "rga_rejected_total":0,
  "rga_rejection_ratio":0.0,
  "mdca_rejected_total":2094,
  "mdca_capacity_rejected_total":2068,
  "mdca_reliability_rejected_total":0,
  "mdca_qos_rejected_total":26,
  "mdca_rejection_ratio":0.3826754386,
  "capacity_rejection_ratio":0.3779239766,
  "reliability_rejection_ratio":0.0,
  "qos_rejected_total":26,
  "qos_rejection_ratio":0.004751462
}