{
  "algo":"mdca",
  "region":"Alabama",
  "time_slots":120,
  "arrival_rate":12.0,
  "mean_service_time":9.0,
  "seed":1,
  "trace_seed":7107730351518388438,
  "algo_seed":15527970619158842486,
  "trace_hash":"b56db0d21b7c94cf1cbfdd4fe281852f506f1185a6b9dd5f9c177f64d601d89e",
  "arrivals_per_slot":[
    7,
    9,
    8,
    11,
    13,
    10,
    13,
    10,
    17,
    8,
    10,
    15,
    15,
    7,
    16,
    13,
    4,
    15,
    9,
    11,
    10,
    6,
    8,
    15,
    9,
    16,
    14,
    15,
    18,
    9,
    16,
    7,
    12,
    10,
    12,
    7,
    10,
    12,
    12,
    16,
    5,
    11,
    10,
    11,
    10,
    12,
    9,
    13,
    8,
    12,
    9,
    13,
    18,
    17,
    15,
    16,
    9,
    8,
    12,
    15,
    7,
    16,
    12,
    14,
    12,
    14,
    9,
    8,
    8,
    8,
    16,
    13,
    9,
    14,
    8,
    14,
    10,
    14,
    12,
    9,
    15,
    11,
    15,
    11,
    17,
    9,
    7,
    9,
    11,
    9,
    5,
    16,
    13,
    11,
    5,
    16,
    12,
    14,
    12,
    20,
    5,
    13,
    8,
    10,
    17,
    15,
    13,
    12,
    12,
    10,
    12,
    14,
    10,
    8,
    17,
    8,
    12,
    6,
    21,
    14
  ],
  "diversity":true,
  "p_split":0.3,
  "split_reliability_mode":"identical_active_pool",
  "mechanism":null,
  "fixed_sfc_len":null,
  "fixed_reliability":0.999,
  "max_backup_level":5,
  "explicit_split_replicas":true,
  "split_enforce_distinct":false,
  "strict_split_resource_ablation":false,
  "split_replica_resource_scale":1.0,
  "cap_base_min":500,
  "cap_base_max":700,
  "cap_scale":0.2,
  "total_arrivals":1390,
  "total_accepted":1256,
  "total_rejected":134,
  "acceptance_ratio":0.9035971223,
  "avg_cost_per_arrival":61.2496186467,
  "total_cost":85136.9699189134,
  "total_cost_resource":62651.9699189134,
  "avg_cost_per_accepted":67.7842117189,
  "final_utilization":0.9625083284,
  "avg_utilization_over_time":0.8801710435,
  "avg_leftover_capacity_sum_over_time":21138.475,
  "final_leftover_capacity_sum":6613.7333333333,
  "final_leftover_capacity_min":0.0,
  "final_leftover_capacity_max":637.0,
  "final_leftover_capacity_avg":48.2754257908,
  "avg_e2e_delay_accepted":0.0682597056,
  "p95_e2e_delay_accepted":0.1325269317,
  "avg_access_delay_accepted":0.0080751878,
  "avg_processing_delay_accepted":0.0441356537,
  "avg_network_delay_accepted":0.0126953905,
  "avg_split_proc_overhead_accepted":4.526716714e-19,
  "avg_split_net_overhead_accepted":0.0,
  "total_transmitted_bits_accepted":2159044530.3396902084,
  "avg_transmitted_bits_per_accepted":1718984.4986780973,
  "total_split_transmitted_bits_accepted":497238904.3387560248,
  "avg_split_transmitted_bits_per_accepted":395890.8474034682,
  "avg_split_overhead_ratio_accepted":5.69108327e-18,
  "p95_split_overhead_ratio_accepted":3.561023087e-17,
  "rga_accepted_total":1390,
  "rga_rejected_total":0,
  "rga_rejection_ratio":0.0,
  "mdca_rejected_total":134,
  "mdca_capacity_rejected_total":118,
  "mdca_reliability_rejected_total":1,
  "mdca_qos_rejected_total":15,
  "mdca_rejection_ratio":0.0964028777,
  "capacity_rejection_ratio":0.0848920863,
  "reliability_rejection_ratio":0.0007194245,
  "qos_rejected_total":15,
  "qos_rejection_ratio":0.0107913669
}