{
  "algo":"dtsp",
  "region":"Alabama",
  "time_slots":120,
  "arrival_rate":15.0,
  "mean_service_time":9.0,
  "seed":3,
  "trace_seed":12812713607880191664,
  "algo_seed":2323538909479759954,
  "trace_hash":"302d06eeeefa0afd2d84cd2f5f3d320811dc777e7c379961dab9776fa26bef4f",
  "arrivals_per_slot":[
    7,
    13,
    10,
    15,
    12,
    15,
    10,
    11,
    15,
    15,
    13,
    9,
    15,
    11,
    14,
    11,
    13,
    24,
    17,
    17,
    13,
    21,
    19,
    11,
    9,
    16,
    14,
    14,
    15,
    9,
    17,
    14,
    11,
    17,
    17,
    15,
    15,
    11,
    17,
    13,
    14,
    19,
    14,
    12,
    14,
    13,
    18,
    10,
    6,
    12,
    19,
    13,
    14,
    27,
    12,
    16,
    18,
    17,
    16,
    12,
    14,
    15,
    19,
    13,
    13,
    15,
    15,
    14,
    11,
    24,
    16,
    14,
    16,
    17,
    10,
    11,
    23,
    14,
    9,
    10,
    17,
    15,
    13,
    12,
    17,
    11,
    16,
    11,
    6,
    14,
    10,
    15,
    6,
    12,
    16,
    11,
    19,
    16,
    19,
    14,
    18,
    22,
    9,
    14,
    12,
    17,
    25,
    16,
    14,
    11,
    17,
    7,
    13,
    17,
    15,
    13,
    16,
    14,
    17,
    14
  ],
  "diversity":false,
  "p_split":null,
  "split_reliability_mode":null,
  "mechanism":null,
  "fixed_sfc_len":null,
  "fixed_reliability":null,
  "max_backup_level":2,
  "explicit_split_replicas":false,
  "split_enforce_distinct":false,
  "strict_split_resource_ablation":false,
  "split_replica_resource_scale":1.0,
  "cap_base_min":500,
  "cap_base_max":700,
  "cap_scale":0.2,
  "total_arrivals":1715,
  "total_accepted":1671,
  "total_rejected":44,
  "acceptance_ratio":0.9743440233,
  "avg_cost_per_arrival":46.2023521845,
  "total_cost":79237.0339964248,
  "total_cost_resource":60408.0339964248,
  "avg_cost_per_accepted":47.4189311768,
  "final_utilization":0.9312055612,
  "avg_utilization_over_time":0.809098598,
  "avg_leftover_capacity_sum_over_time":33668.5166666667,
  "final_leftover_capacity_sum":12133.0,
  "final_leftover_capacity_min":0.0,
  "final_leftover_capacity_max":1438.2,
  "final_leftover_capacity_avg":88.5620437956,
  "avg_e2e_delay_accepted":0.0638947608,
  "p95_e2e_delay_accepted":0.123471614,
  "avg_access_delay_accepted":0.0080933835,
  "avg_processing_delay_accepted":0.0476238854,
  "avg_network_delay_accepted":0.0081774919,
  "avg_split_proc_overhead_accepted":0.0,
  "avg_split_net_overhead_accepted":0.0,
  "total_transmitted_bits_accepted":2525787296.3879232407,
  "avg_transmitted_bits_per_accepted":1511542.3676767943,
  "total_split_transmitted_bits_accepted":0.0,
  "avg_split_transmitted_bits_per_accepted":0.0,
  "avg_split_overhead_ratio_accepted":0.0,
  "p95_split_overhead_ratio_accepted":0.0,
  "rga_accepted_total":1715,
  "rga_rejected_total":0,
  "rga_rejection_ratio":0.0,
  "mdca_rejected_total":44,
  "mdca_capacity_rejected_total":29,
  "mdca_reliability_rejected_total":0,
  "mdca_qos_rejected_total":15,
  "mdca_rejection_ratio":0.0256559767,
  "capacity_rejection_ratio":0.016909621,
  "reliability_rejection_ratio":0.0,
  "qos_rejected_total":15,
  "qos_rejection_ratio":0.0087463557
}