{
  "algo":"mdca",
  "region":"Arizona",
  "time_slots":120,
  "arrival_rate":25.0,
  "mean_service_time":9.0,
  "seed":3,
  "trace_seed":14802346205296221,
  "algo_seed":18185845460186161846,
  "trace_hash":"0b232857b258b801e7a45d96a22c3b088b099958c757ff852c3f0571298b36c8",
  "arrivals_per_slot":[
    23,
    22,
    23,
    25,
    24,
    28,
    22,
    26,
    23,
    25,
    19,
    18,
    24,
    28,
    24,
    31,
    29,
    23,
    28,
    19,
    21,
    21,
    28,
    27,
    20,
    21,
    21,
    28,
    24,
    15,
    28,
    30,
    28,
    23,
    28,
    26,
    20,
    20,
    27,
    16,
    34,
    22,
    30,
    33,
    29,
    26,
    19,
    28,
    22,
    31,
    19,
    20,
    23,
    22,
    21,
    26,
    28,
    19,
    25,
    19,
    26,
    19,
    25,
    17,
    27,
    24,
    28,
    20,
    22,
    28,
    22,
    25,
    21,
    28,
    17,
    16,
    29,
    23,
    21,
    35,
    18,
    20,
    26,
    25,
    24,
    21,
    25,
    31,
    24,
    27,
    23,
    16,
    20,
    23,
    33,
    28,
    26,
    25,
    27,
    34,
    21,
    27,
    27,
    25,
    25,
    32,
    32,
    35,
    27,
    34,
    26,
    24,
    21,
    24,
    24,
    24,
    37,
    28,
    20,
    25
  ],
  "diversity":false,
  "p_split":null,
  "split_reliability_mode":null,
  "mechanism":null,
  "fixed_sfc_len":null,
  "fixed_reliability":null,
  "max_backup_level":2,
  "explicit_split_replicas":false,
  "split_enforce_distinct":false,
  "strict_split_resource_ablation":false,
  "split_replica_resource_scale":1.0,
  "cap_base_min":500,
  "cap_base_max":700,
  "cap_scale":0.2,
  "total_arrivals":2959,
  "total_accepted":2935,
  "total_rejected":24,
  "acceptance_ratio":0.9918891517,
  "avg_cost_per_arrival":37.5576597164,
  "total_cost":111133.1151007605,
  "total_cost_resource":80135.1151007605,
  "avg_cost_per_accepted":37.8647751621,
  "final_utilization":0.6782577905,
  "avg_utilization_over_time":0.5862565419,
  "avg_leftover_capacity_sum_over_time":156341.0750000001,
  "final_leftover_capacity_sum":121576.6,
  "final_leftover_capacity_min":0.0,
  "final_leftover_capacity_max":2214.4,
  "final_leftover_capacity_avg":387.1866242038,
  "avg_e2e_delay_accepted":0.0643182985,
  "p95_e2e_delay_accepted":0.1283138416,
  "avg_access_delay_accepted":0.0080475855,
  "avg_processing_delay_accepted":0.0477976086,
  "avg_network_delay_accepted":0.0084731044,
  "avg_split_proc_overhead_accepted":0.0,
  "avg_split_net_overhead_accepted":0.0,
  "total_transmitted_bits_accepted":3927201105.2361984253,
  "avg_transmitted_bits_per_accepted":1338058.2982065412,
  "total_split_transmitted_bits_accepted":0.0,
  "avg_split_transmitted_bits_per_accepted":0.0,
  "avg_split_overhead_ratio_accepted":0.0,
  "p95_split_overhead_ratio_accepted":0.0,
  "rga_accepted_total":2959,
  "rga_rejected_total":0,
  "rga_rejection_ratio":0.0,
  "mdca_rejected_total":24,
  "mdca_capacity_rejected_total":0,
  "mdca_reliability_rejected_total":0,
  "mdca_qos_rejected_total":24,
  "mdca_rejection_ratio":0.0081108483,
  "capacity_rejection_ratio":0.0,
  "reliability_rejection_ratio":0.0,
  "qos_rejected_total":24,
  "qos_rejection_ratio":0.0081108483
}