{
  "algo":"mdca",
  "region":"Alabama",
  "time_slots":120,
  "arrival_rate":12.0,
  "mean_service_time":9.0,
  "seed":2,
  "trace_seed":3914766062874640973,
  "algo_seed":1988428424119012433,
  "trace_hash":"f04b5b8e41c1e7289651c6328db54a30cfed504c3c8edd8de2174afcc53d61c3",
  "arrivals_per_slot":[
    10,
    18,
    13,
    8,
    15,
    10,
    19,
    11,
    14,
    11,
    10,
    14,
    8,
    11,
    13,
    21,
    15,
    9,
    11,
    9,
    13,
    7,
    17,
    11,
    10,
    10,
    9,
    10,
    20,
    7,
    13,
    14,
    10,
    15,
    14,
    8,
    12,
    13,
    16,
    6,
    11,
    11,
    8,
    11,
    12,
    15,
    10,
    11,
    11,
    15,
    10,
    13,
    18,
    11,
    12,
    10,
    15,
    13,
    11,
    11,
    18,
    14,
    17,
    20,
    6,
    14,
    14,
    15,
    14,
    10,
    13,
    4,
    8,
    10,
    9,
    12,
    14,
    7,
    17,
    13,
    17,
    10,
    9,
    9,
    12,
    14,
    15,
    10,
    13,
    8,
    13,
    18,
    9,
    8,
    16,
    8,
    14,
    9,
    19,
    10,
    7,
    15,
    8,
    20,
    13,
    10,
    13,
    9,
    12,
    17,
    15,
    10,
    11,
    12,
    10,
    8,
    10,
    9,
    15,
    10
  ],
  "diversity":true,
  "p_split":0.3,
  "split_reliability_mode":"identical_active_pool",
  "mechanism":null,
  "fixed_sfc_len":null,
  "fixed_reliability":0.992,
  "max_backup_level":2,
  "explicit_split_replicas":true,
  "split_enforce_distinct":false,
  "strict_split_resource_ablation":false,
  "split_replica_resource_scale":1.0,
  "cap_base_min":500,
  "cap_base_max":700,
  "cap_scale":0.2,
  "total_arrivals":1448,
  "total_accepted":1419,
  "total_rejected":29,
  "acceptance_ratio":0.9799723757,
  "avg_cost_per_arrival":49.1511849281,
  "total_cost":71170.9157758188,
  "total_cost_resource":51195.9157758188,
  "avg_cost_per_accepted":50.1556841267,
  "final_utilization":0.7941166054,
  "avg_utilization_over_time":0.7597181736,
  "avg_leftover_capacity_sum_over_time":41610.6611111111,
  "final_leftover_capacity_sum":35653.7333333334,
  "final_leftover_capacity_min":0.0,
  "final_leftover_capacity_max":1846.4,
  "final_leftover_capacity_avg":260.2462287105,
  "avg_e2e_delay_accepted":0.0686513157,
  "p95_e2e_delay_accepted":0.1317368779,
  "avg_access_delay_accepted":0.0080535717,
  "avg_processing_delay_accepted":0.0447869743,
  "avg_network_delay_accepted":0.0121303791,
  "avg_split_proc_overhead_accepted":5.174219247e-19,
  "avg_split_net_overhead_accepted":0.0,
  "total_transmitted_bits_accepted":2568595035.1371064186,
  "avg_transmitted_bits_per_accepted":1810144.4926970447,
  "total_split_transmitted_bits_accepted":595915741.3437726498,
  "avg_split_transmitted_bits_per_accepted":419954.7155347235,
  "avg_split_overhead_ratio_accepted":7.024634874e-18,
  "p95_split_overhead_ratio_accepted":4.532404298e-17,
  "rga_accepted_total":1448,
  "rga_rejected_total":0,
  "rga_rejection_ratio":0.0,
  "mdca_rejected_total":29,
  "mdca_capacity_rejected_total":5,
  "mdca_reliability_rejected_total":0,
  "mdca_qos_rejected_total":24,
  "mdca_rejection_ratio":0.0200276243,
  "capacity_rejection_ratio":0.0034530387,
  "reliability_rejection_ratio":0.0,
  "qos_rejected_total":24,
  "qos_rejection_ratio":0.0165745856
}