{
  "algo":"hspa",
  "region":"Arizona",
  "time_slots":120,
  "arrival_rate":12.0,
  "mean_service_time":9.0,
  "seed":4,
  "trace_seed":15516824748856937634,
  "algo_seed":5871001202714428341,
  "trace_hash":"d84260e76e17243b9b4172573bf5194e8555f368dc031b3f4a433f1a063e6275",
  "arrivals_per_slot":[
    14,
    14,
    16,
    14,
    8,
    10,
    11,
    9,
    14,
    11,
    9,
    16,
    17,
    7,
    11,
    11,
    13,
    8,
    5,
    11,
    11,
    11,
    14,
    21,
    10,
    10,
    13,
    13,
    7,
    15,
    14,
    20,
    11,
    7,
    12,
    12,
    14,
    12,
    10,
    22,
    13,
    8,
    9,
    7,
    13,
    19,
    17,
    9,
    18,
    15,
    13,
    12,
    14,
    13,
    21,
    18,
    8,
    8,
    18,
    6,
    18,
    18,
    16,
    13,
    8,
    11,
    5,
    11,
    17,
    13,
    15,
    9,
    10,
    8,
    11,
    15,
    9,
    10,
    10,
    13,
    11,
    14,
    11,
    8,
    14,
    15,
    7,
    12,
    10,
    18,
    14,
    9,
    7,
    13,
    9,
    10,
    11,
    8,
    17,
    15,
    12,
    12,
    17,
    10,
    12,
    10,
    13,
    13,
    14,
    11,
    12,
    18,
    8,
    10,
    14,
    13,
    10,
    16,
    12,
    20
  ],
  "diversity":false,
  "p_split":null,
  "split_reliability_mode":null,
  "mechanism":null,
  "fixed_sfc_len":null,
  "fixed_reliability":0.98,
  "max_backup_level":2,
  "explicit_split_replicas":false,
  "split_enforce_distinct":false,
  "strict_split_resource_ablation":false,
  "split_replica_resource_scale":1.0,
  "cap_base_min":500,
  "cap_base_max":700,
  "cap_scale":0.2,
  "total_arrivals":1477,
  "total_accepted":1462,
  "total_rejected":15,
  "acceptance_ratio":0.9898442789,
  "avg_cost_per_arrival":47.137559169,
  "total_cost":69622.174892559,
  "total_cost_resource":47806.174892559,
  "avg_cost_per_accepted":47.621186657,
  "final_utilization":0.523523407,
  "avg_utilization_over_time":0.4453073444,
  "avg_leftover_capacity_sum_over_time":211483.675,
  "final_leftover_capacity_sum":181662.8,
  "final_leftover_capacity_min":0.2,
  "final_leftover_capacity_max":2629.6,
  "final_leftover_capacity_avg":578.5439490446,
  "avg_e2e_delay_accepted":0.0637284382,
  "p95_e2e_delay_accepted":0.1245167924,
  "avg_access_delay_accepted":0.0080181904,
  "avg_processing_delay_accepted":0.0476550831,
  "avg_network_delay_accepted":0.0080551646,
  "avg_split_proc_overhead_accepted":0.0,
  "avg_split_net_overhead_accepted":0.0,
  "total_transmitted_bits_accepted":1887904033.5215995312,
  "avg_transmitted_bits_per_accepted":1291316.0284005469,
  "total_split_transmitted_bits_accepted":0.0,
  "avg_split_transmitted_bits_per_accepted":0.0,
  "avg_split_overhead_ratio_accepted":0.0,
  "p95_split_overhead_ratio_accepted":0.0,
  "rga_accepted_total":1477,
  "rga_rejected_total":0,
  "rga_rejection_ratio":0.0,
  "mdca_rejected_total":15,
  "mdca_capacity_rejected_total":0,
  "mdca_reliability_rejected_total":0,
  "mdca_qos_rejected_total":15,
  "mdca_rejection_ratio":0.0101557211,
  "capacity_rejection_ratio":0.0,
  "reliability_rejection_ratio":0.0,
  "qos_rejected_total":15,
  "qos_rejection_ratio":0.0101557211
}