{
  "algo":"random",
  "region":"Alabama",
  "time_slots":120,
  "arrival_rate":20.0,
  "mean_service_time":9.0,
  "seed":5,
  "trace_seed":2580428878638227848,
  "algo_seed":12524923256282916737,
  "trace_hash":"d4bb634f2a8a897539fda27d38ee3daabd9d02cb26f24db121af2945d774ec7a",
  "arrivals_per_slot":[
    19,
    19,
    19,
    21,
    18,
    19,
    30,
    18,
    23,
    23,
    29,
    19,
    28,
    20,
    21,
    16,
    20,
    17,
    17,
    20,
    18,
    15,
    15,
    15,
    20,
    18,
    21,
    19,
    18,
    30,
    19,
    16,
    18,
    24,
    24,
    23,
    17,
    21,
    22,
    18,
    21,
    13,
    27,
    24,
    17,
    16,
    22,
    19,
    19,
    24,
    19,
    20,
    16,
    22,
    23,
    23,
    21,
    15,
    31,
    24,
    14,
    24,
    27,
    20,
    18,
    23,
    16,
    22,
    19,
    24,
    27,
    24,
    16,
    20,
    22,
    22,
    25,
    26,
    16,
    19,
    20,
    20,
    15,
    21,
    22,
    23,
    14,
    14,
    19,
    13,
    14,
    20,
    22,
    21,
    12,
    23,
    14,
    20,
    17,
    21,
    13,
    23,
    21,
    20,
    17,
    19,
    23,
    23,
    25,
    22,
    21,
    26,
    17,
    30,
    13,
    33,
    20,
    21,
    25,
    19
  ],
  "diversity":false,
  "p_split":null,
  "split_reliability_mode":null,
  "mechanism":null,
  "fixed_sfc_len":4,
  "fixed_reliability":null,
  "max_backup_level":2,
  "explicit_split_replicas":false,
  "split_enforce_distinct":false,
  "strict_split_resource_ablation":false,
  "split_replica_resource_scale":1.0,
  "cap_base_min":500,
  "cap_base_max":700,
  "cap_scale":0.2,
  "total_arrivals":2443,
  "total_accepted":1221,
  "total_rejected":1222,
  "acceptance_ratio":0.4997953336,
  "avg_cost_per_arrival":39.1211384973,
  "total_cost":95572.9413489781,
  "total_cost_resource":71855.9413489781,
  "avg_cost_per_accepted":78.2743172391,
  "final_utilization":0.9519644186,
  "avg_utilization_over_time":0.926575459,
  "avg_leftover_capacity_sum_over_time":12985.6,
  "final_leftover_capacity_sum":8495.4,
  "final_leftover_capacity_min":0.4,
  "final_leftover_capacity_max":179.4,
  "final_leftover_capacity_avg":62.0102189781,
  "avg_e2e_delay_accepted":0.087687071,
  "p95_e2e_delay_accepted":0.1424167436,
  "avg_access_delay_accepted":0.0080004378,
  "avg_processing_delay_accepted":0.0678375245,
  "avg_network_delay_accepted":0.0118491087,
  "avg_split_proc_overhead_accepted":0.0,
  "avg_split_net_overhead_accepted":0.0,
  "total_transmitted_bits_accepted":2709179867.4328289032,
  "avg_transmitted_bits_per_accepted":2218820.5302480171,
  "total_split_transmitted_bits_accepted":0.0,
  "avg_split_transmitted_bits_per_accepted":0.0,
  "avg_split_overhead_ratio_accepted":0.0,
  "p95_split_overhead_ratio_accepted":0.0,
  "rga_accepted_total":2443,
  "rga_rejected_total":0,
  "rga_rejection_ratio":0.0,
  "mdca_rejected_total":1222,
  "mdca_capacity_rejected_total":1202,
  "mdca_reliability_rejected_total":0,
  "mdca_qos_rejected_total":20,
  "mdca_rejection_ratio":0.5002046664,
  "capacity_rejection_ratio":0.4920180106,
  "reliability_rejection_ratio":0.0,
  "qos_rejected_total":20,
  "qos_rejection_ratio":0.0081866558
}