{
  "algo":"mdca",
  "region":"Alabama",
  "time_slots":120,
  "arrival_rate":35.0,
  "mean_service_time":9.0,
  "seed":5,
  "trace_seed":12281994429718632473,
  "algo_seed":10056931585136477576,
  "trace_hash":"5528dc98ffa6cfc4b60f9396bb3ed2bd7ddec7bbc8c6c5ff581a9bc7072abf91",
  "arrivals_per_slot":[
    33,
    41,
    26,
    26,
    36,
    38,
    40,
    36,
    24,
    36,
    35,
    24,
    38,
    40,
    41,
    31,
    37,
    30,
    35,
    32,
    37,
    33,
    24,
    36,
    33,
    31,
    43,
    33,
    29,
    35,
    27,
    29,
    30,
    42,
    38,
    25,
    32,
    40,
    24,
    40,
    25,
    40,
    35,
    39,
    40,
    35,
    31,
    33,
    30,
    28,
    43,
    48,
    41,
    33,
    35,
    25,
    36,
    36,
    35,
    31,
    32,
    44,
    37,
    30,
    28,
    35,
    35,
    33,
    44,
    35,
    30,
    30,
    33,
    33,
    30,
    40,
    36,
    39,
    25,
    37,
    38,
    37,
    35,
    42,
    33,
    27,
    36,
    37,
    41,
    40,
    29,
    29,
    32,
    33,
    40,
    27,
    41,
    29,
    34,
    33,
    32,
    39,
    33,
    40,
    34,
    44,
    28,
    45,
    30,
    38,
    31,
    37,
    26,
    38,
    37,
    29,
    29,
    38,
    34,
    33
  ],
  "diversity":false,
  "p_split":null,
  "split_reliability_mode":null,
  "mechanism":null,
  "fixed_sfc_len":null,
  "fixed_reliability":null,
  "max_backup_level":2,
  "explicit_split_replicas":false,
  "split_enforce_distinct":false,
  "strict_split_resource_ablation":false,
  "split_replica_resource_scale":1.0,
  "cap_base_min":500,
  "cap_base_max":700,
  "cap_scale":0.2,
  "total_arrivals":4113,
  "total_accepted":2904,
  "total_rejected":1209,
  "acceptance_ratio":0.7060539752,
  "avg_cost_per_arrival":24.7500955745,
  "total_cost":101797.1430979853,
  "total_cost_resource":76208.1430979853,
  "avg_cost_per_accepted":35.054112637,
  "final_utilization":0.9659049042,
  "avg_utilization_over_time":0.9502989102,
  "avg_leftover_capacity_sum_over_time":8768.475,
  "final_leftover_capacity_sum":6015.2,
  "final_leftover_capacity_min":0.0,
  "final_leftover_capacity_max":422.8,
  "final_leftover_capacity_avg":43.9065693431,
  "avg_e2e_delay_accepted":0.0585383452,
  "p95_e2e_delay_accepted":0.1199483537,
  "avg_access_delay_accepted":0.0080419956,
  "avg_processing_delay_accepted":0.0447911602,
  "avg_network_delay_accepted":0.0057051893,
  "avg_split_proc_overhead_accepted":0.0,
  "avg_split_net_overhead_accepted":0.0,
  "total_transmitted_bits_accepted":3080111953.4588069916,
  "avg_transmitted_bits_per_accepted":1060644.6120725919,
  "total_split_transmitted_bits_accepted":0.0,
  "avg_split_transmitted_bits_per_accepted":0.0,
  "avg_split_overhead_ratio_accepted":0.0,
  "p95_split_overhead_ratio_accepted":0.0,
  "rga_accepted_total":4113,
  "rga_rejected_total":0,
  "rga_rejection_ratio":0.0,
  "mdca_rejected_total":1209,
  "mdca_capacity_rejected_total":1185,
  "mdca_reliability_rejected_total":0,
  "mdca_qos_rejected_total":24,
  "mdca_rejection_ratio":0.2939460248,
  "capacity_rejection_ratio":0.288110868,
  "reliability_rejection_ratio":0.0,
  "qos_rejected_total":24,
  "qos_rejection_ratio":0.0058351568
}