{
  "algo":"mdca",
  "region":"Arizona",
  "time_slots":120,
  "arrival_rate":10.0,
  "mean_service_time":9.0,
  "seed":3,
  "trace_seed":6535922928651103021,
  "algo_seed":18087234375462464239,
  "trace_hash":"ba5094964cc9451026ac7d93c1d9660517991138db75ff683c8717a03bceea64",
  "arrivals_per_slot":[
    11,
    11,
    8,
    9,
    8,
    10,
    10,
    10,
    13,
    12,
    18,
    7,
    7,
    11,
    15,
    13,
    15,
    8,
    12,
    12,
    12,
    7,
    6,
    8,
    15,
    7,
    7,
    14,
    9,
    13,
    15,
    8,
    9,
    7,
    10,
    11,
    8,
    16,
    12,
    14,
    19,
    12,
    12,
    7,
    14,
    15,
    15,
    13,
    10,
    13,
    12,
    8,
    9,
    14,
    14,
    11,
    8,
    9,
    8,
    7,
    6,
    13,
    12,
    9,
    8,
    14,
    14,
    14,
    6,
    7,
    12,
    12,
    7,
    16,
    11,
    18,
    11,
    6,
    10,
    6,
    8,
    11,
    12,
    8,
    6,
    6,
    10,
    8,
    12,
    14,
    9,
    9,
    13,
    6,
    8,
    7,
    7,
    8,
    17,
    14,
    13,
    7,
    12,
    6,
    12,
    12,
    10,
    7,
    7,
    7,
    15,
    12,
    14,
    7,
    9,
    11,
    12,
    10,
    12,
    5
  ],
  "diversity":true,
  "p_split":0.3,
  "split_reliability_mode":"identical_active_pool",
  "split_recovery_coverage":1.0,
  "split_workload_shares":"0.5,0.5",
  "mechanism":null,
  "fixed_sfc_len":3,
  "fixed_reliability":0.999,
  "max_backup_level":2,
  "explicit_split_replicas":true,
  "split_enforce_distinct":false,
  "strict_split_resource_ablation":false,
  "split_replica_resource_scale":1.0,
  "backhaul_knn_k":4,
  "backhaul_use_device_bw":true,
  "backhaul_bw_scale":0.5,
  "fiber_speed_mps":200000000.0,
  "switch_delay_s":0.0002,
  "region_cloudlet_count":314,
  "cap_base_min":500,
  "cap_base_max":700,
  "cap_scale":0.2,
  "total_arrivals":1263,
  "total_accepted":1028,
  "total_rejected":235,
  "acceptance_ratio":0.8139350752,
  "avg_cost_per_arrival":39.9930913246,
  "total_cost":50511.2743430113,
  "total_cost_resource":32464.2743430114,
  "avg_cost_per_accepted":49.1354808784,
  "final_utilization":0.3865809066,
  "avg_utilization_over_time":0.3370107179,
  "avg_leftover_capacity_sum_over_time":249548.5027777778,
  "final_leftover_capacity_sum":230890.3333333334,
  "final_leftover_capacity_min":0.4,
  "final_leftover_capacity_max":2253.4,
  "final_leftover_capacity_avg":735.3195329087,
  "avg_e2e_delay_accepted":0.0710335044,
  "p95_e2e_delay_accepted":0.1171434247,
  "avg_access_delay_accepted":0.0079479092,
  "avg_processing_delay_accepted":0.0444609827,
  "avg_network_delay_accepted":0.0149316358,
  "avg_split_proc_overhead_accepted":5.872410211e-19,
  "avg_split_net_overhead_accepted":0.0,
  "total_transmitted_bits_accepted":1784283622.2586312294,
  "avg_transmitted_bits_per_accepted":1735684.4574500304,
  "total_split_transmitted_bits_accepted":418429105.8193290234,
  "avg_split_transmitted_bits_per_accepted":407032.2041044057,
  "avg_split_overhead_ratio_accepted":7.472482861e-18,
  "p95_split_overhead_ratio_accepted":4.885938623e-17,
  "rga_accepted_total":1037,
  "rga_rejected_total":226,
  "rga_rejection_ratio":0.178939034,
  "mdca_rejected_total":9,
  "mdca_capacity_rejected_total":0,
  "mdca_reliability_rejected_total":0,
  "mdca_qos_rejected_total":9,
  "mdca_rejection_ratio":0.0071258907,
  "capacity_rejection_ratio":0.0,
  "reliability_rejection_ratio":0.0,
  "qos_rejected_total":9,
  "qos_rejection_ratio":0.0071258907
}