{
  "algo":"mdca",
  "region":"Alabama",
  "time_slots":120,
  "arrival_rate":45.0,
  "mean_service_time":9.0,
  "seed":5,
  "trace_seed":7950144239450411793,
  "algo_seed":10056931585136477576,
  "trace_hash":"e6100288ef0833501aba6597fb4003f7157b13e638271989f21a2d4ddfeabedc",
  "arrivals_per_slot":[
    40,
    40,
    29,
    42,
    43,
    36,
    42,
    34,
    49,
    39,
    56,
    43,
    38,
    41,
    36,
    46,
    47,
    41,
    53,
    50,
    60,
    32,
    41,
    36,
    29,
    56,
    52,
    39,
    38,
    46,
    30,
    48,
    40,
    43,
    50,
    58,
    30,
    40,
    49,
    47,
    34,
    39,
    52,
    42,
    48,
    50,
    50,
    28,
    46,
    49,
    38,
    33,
    41,
    48,
    43,
    37,
    47,
    40,
    43,
    49,
    49,
    40,
    34,
    42,
    43,
    51,
    49,
    57,
    37,
    42,
    37,
    43,
    41,
    44,
    49,
    42,
    44,
    53,
    51,
    43,
    55,
    55,
    49,
    50,
    50,
    51,
    41,
    55,
    42,
    57,
    43,
    42,
    52,
    44,
    44,
    37,
    43,
    48,
    38,
    60,
    45,
    48,
    42,
    37,
    39,
    45,
    41,
    46,
    49,
    40,
    35,
    44,
    48,
    41,
    57,
    42,
    40,
    49,
    35,
    43
  ],
  "diversity":false,
  "p_split":null,
  "split_reliability_mode":null,
  "mechanism":null,
  "fixed_sfc_len":null,
  "fixed_reliability":null,
  "max_backup_level":2,
  "explicit_split_replicas":false,
  "split_enforce_distinct":false,
  "strict_split_resource_ablation":false,
  "split_replica_resource_scale":1.0,
  "cap_base_min":500,
  "cap_base_max":700,
  "cap_scale":0.2,
  "total_arrivals":5279,
  "total_accepted":3225,
  "total_rejected":2054,
  "acceptance_ratio":0.6109111574,
  "avg_cost_per_arrival":17.9483435801,
  "total_cost":94749.3057593756,
  "total_cost_resource":68746.3057593756,
  "avg_cost_per_accepted":29.3796296928,
  "final_utilization":0.9755881975,
  "avg_utilization_over_time":0.952589014,
  "avg_leftover_capacity_sum_over_time":8260.2833333333,
  "final_leftover_capacity_sum":4253.2,
  "final_leftover_capacity_min":0.0,
  "final_leftover_capacity_max":159.6,
  "final_leftover_capacity_avg":31.0452554745,
  "avg_e2e_delay_accepted":0.0576501811,
  "p95_e2e_delay_accepted":0.1222076693,
  "avg_access_delay_accepted":0.0080498273,
  "avg_processing_delay_accepted":0.0440103241,
  "avg_network_delay_accepted":0.0055900297,
  "avg_split_proc_overhead_accepted":0.0,
  "avg_split_net_overhead_accepted":0.0,
  "total_transmitted_bits_accepted":3058637331.6414880753,
  "avg_transmitted_bits_per_accepted":948414.6764779808,
  "total_split_transmitted_bits_accepted":0.0,
  "avg_split_transmitted_bits_per_accepted":0.0,
  "avg_split_overhead_ratio_accepted":0.0,
  "p95_split_overhead_ratio_accepted":0.0,
  "rga_accepted_total":5279,
  "rga_rejected_total":0,
  "rga_rejection_ratio":0.0,
  "mdca_rejected_total":2054,
  "mdca_capacity_rejected_total":2025,
  "mdca_reliability_rejected_total":0,
  "mdca_qos_rejected_total":29,
  "mdca_rejection_ratio":0.3890888426,
  "capacity_rejection_ratio":0.3835953779,
  "reliability_rejection_ratio":0.0,
  "qos_rejected_total":29,
  "qos_rejection_ratio":0.0054934647
}