{
  "algo":"mdca",
  "region":"Alabama",
  "time_slots":120,
  "arrival_rate":12.0,
  "mean_service_time":9.0,
  "seed":1,
  "trace_seed":4151998564921826748,
  "algo_seed":8295117724144168462,
  "trace_hash":"a90c56c2c6acaf323fac300fa7049fc84678efcd8734fbf9caa1a532505729c6",
  "arrivals_per_slot":[
    8,
    16,
    7,
    12,
    7,
    13,
    12,
    5,
    10,
    14,
    6,
    12,
    12,
    10,
    11,
    13,
    10,
    17,
    15,
    16,
    10,
    12,
    6,
    9,
    14,
    11,
    15,
    9,
    19,
    12,
    12,
    12,
    9,
    5,
    15,
    9,
    19,
    9,
    12,
    12,
    15,
    14,
    9,
    11,
    8,
    16,
    11,
    9,
    12,
    9,
    5,
    12,
    13,
    14,
    13,
    23,
    8,
    9,
    15,
    15,
    9,
    12,
    16,
    12,
    8,
    9,
    15,
    8,
    17,
    15,
    12,
    16,
    12,
    17,
    10,
    12,
    15,
    10,
    10,
    8,
    14,
    15,
    12,
    15,
    15,
    9,
    10,
    11,
    11,
    14,
    10,
    15,
    12,
    9,
    19,
    18,
    16,
    9,
    13,
    15,
    7,
    13,
    8,
    12,
    20,
    12,
    14,
    12,
    7,
    14,
    8,
    9,
    10,
    10,
    16,
    11,
    13,
    8,
    15,
    14
  ],
  "diversity":true,
  "p_split":0.3,
  "split_reliability_mode":"identical_active_pool",
  "mechanism":null,
  "fixed_sfc_len":null,
  "fixed_reliability":0.996,
  "max_backup_level":2,
  "explicit_split_replicas":true,
  "split_enforce_distinct":false,
  "strict_split_resource_ablation":false,
  "split_replica_resource_scale":1.0,
  "cap_base_min":500,
  "cap_base_max":700,
  "cap_scale":0.2,
  "total_arrivals":1436,
  "total_accepted":1425,
  "total_rejected":11,
  "acceptance_ratio":0.9923398329,
  "avg_cost_per_arrival":58.6302781795,
  "total_cost":84193.0794657953,
  "total_cost_resource":58696.0794657953,
  "avg_cost_per_accepted":59.082862783,
  "final_utilization":0.6909240657,
  "avg_utilization_over_time":0.7805611515,
  "avg_leftover_capacity_sum_over_time":38473.16,
  "final_leftover_capacity_sum":54188.8,
  "final_leftover_capacity_min":0.0,
  "final_leftover_capacity_max":2028.0,
  "final_leftover_capacity_avg":395.5386861314,
  "avg_e2e_delay_accepted":0.0705644154,
  "p95_e2e_delay_accepted":0.1333359075,
  "avg_access_delay_accepted":0.0080450948,
  "avg_processing_delay_accepted":0.0427299657,
  "avg_network_delay_accepted":0.0146402531,
  "avg_split_proc_overhead_accepted":3.652049423e-19,
  "avg_split_net_overhead_accepted":0.0,
  "total_transmitted_bits_accepted":2815513436.7697620392,
  "avg_transmitted_bits_per_accepted":1975798.9029963242,
  "total_split_transmitted_bits_accepted":866198980.2028353214,
  "avg_split_transmitted_bits_per_accepted":607858.9334756739,
  "avg_split_overhead_ratio_accepted":4.447186947e-18,
  "p95_split_overhead_ratio_accepted":3.480821278e-17,
  "rga_accepted_total":1436,
  "rga_rejected_total":0,
  "rga_rejection_ratio":0.0,
  "mdca_rejected_total":11,
  "mdca_capacity_rejected_total":1,
  "mdca_reliability_rejected_total":0,
  "mdca_qos_rejected_total":10,
  "mdca_rejection_ratio":0.0076601671,
  "capacity_rejection_ratio":0.0006963788,
  "reliability_rejection_ratio":0.0,
  "qos_rejected_total":10,
  "qos_rejection_ratio":0.0069637883
}