{
  "algo":"mdca",
  "region":"Alabama",
  "time_slots":120,
  "arrival_rate":50.0,
  "mean_service_time":9.0,
  "seed":1,
  "trace_seed":13499614340670285057,
  "algo_seed":14880128096359974019,
  "trace_hash":"7136f579b5f75b3b1852d4c0fe7b5bff77d55f2234991a46e8cd0c5554811abd",
  "arrivals_per_slot":[
    41,
    60,
    53,
    50,
    57,
    53,
    50,
    53,
    42,
    48,
    47,
    54,
    72,
    56,
    42,
    59,
    47,
    44,
    58,
    55,
    55,
    34,
    44,
    56,
    56,
    44,
    43,
    61,
    42,
    44,
    45,
    50,
    43,
    40,
    51,
    54,
    37,
    52,
    58,
    58,
    50,
    40,
    38,
    43,
    58,
    44,
    55,
    52,
    48,
    59,
    48,
    53,
    49,
    50,
    40,
    53,
    49,
    37,
    59,
    45,
    61,
    60,
    55,
    37,
    38,
    46,
    41,
    50,
    45,
    48,
    50,
    39,
    52,
    46,
    51,
    37,
    50,
    51,
    49,
    47,
    50,
    41,
    62,
    44,
    50,
    47,
    39,
    44,
    63,
    52,
    53,
    48,
    65,
    48,
    53,
    51,
    45,
    40,
    47,
    62,
    44,
    44,
    43,
    59,
    52,
    51,
    34,
    49,
    36,
    45,
    44,
    65,
    48,
    59,
    49,
    41,
    58,
    50,
    59,
    62
  ],
  "diversity":false,
  "p_split":null,
  "split_reliability_mode":null,
  "mechanism":null,
  "fixed_sfc_len":null,
  "fixed_reliability":null,
  "max_backup_level":2,
  "explicit_split_replicas":false,
  "split_enforce_distinct":false,
  "strict_split_resource_ablation":false,
  "split_replica_resource_scale":1.0,
  "cap_base_min":500,
  "cap_base_max":700,
  "cap_scale":0.2,
  "total_arrivals":5927,
  "total_accepted":3467,
  "total_rejected":2460,
  "acceptance_ratio":0.5849502278,
  "avg_cost_per_arrival":16.8335800599,
  "total_cost":99772.6290152657,
  "total_cost_resource":72279.6290152657,
  "avg_cost_per_accepted":28.777798966,
  "final_utilization":0.9648249034,
  "avg_utilization_over_time":0.9604325648,
  "avg_leftover_capacity_sum_over_time":6959.35,
  "final_leftover_capacity_sum":6186.8,
  "final_leftover_capacity_min":0.0,
  "final_leftover_capacity_max":283.4,
  "final_leftover_capacity_avg":45.1591240876,
  "avg_e2e_delay_accepted":0.0569614689,
  "p95_e2e_delay_accepted":0.1227197262,
  "avg_access_delay_accepted":0.0080733962,
  "avg_processing_delay_accepted":0.0435707701,
  "avg_network_delay_accepted":0.0053173026,
  "avg_split_proc_overhead_accepted":0.0,
  "avg_split_net_overhead_accepted":0.0,
  "total_transmitted_bits_accepted":3218799719.1324958801,
  "avg_transmitted_bits_per_accepted":928410.6487258425,
  "total_split_transmitted_bits_accepted":0.0,
  "avg_split_transmitted_bits_per_accepted":0.0,
  "avg_split_overhead_ratio_accepted":0.0,
  "p95_split_overhead_ratio_accepted":0.0,
  "rga_accepted_total":5927,
  "rga_rejected_total":0,
  "rga_rejection_ratio":0.0,
  "mdca_rejected_total":2460,
  "mdca_capacity_rejected_total":2439,
  "mdca_reliability_rejected_total":0,
  "mdca_qos_rejected_total":21,
  "mdca_rejection_ratio":0.4150497722,
  "capacity_rejection_ratio":0.4115066644,
  "reliability_rejection_ratio":0.0,
  "qos_rejected_total":21,
  "qos_rejection_ratio":0.0035431078
}