{
  "algo":"dtsp",
  "region":"Arizona",
  "time_slots":120,
  "arrival_rate":15.0,
  "mean_service_time":9.0,
  "seed":5,
  "trace_seed":3077332731510291092,
  "algo_seed":13274000025865092566,
  "trace_hash":"2175c80426594b23f431b52859daaa150fc0b401c7ff3b867b1cd52d1275a53e",
  "arrivals_per_slot":[
    10,
    13,
    12,
    16,
    15,
    14,
    21,
    16,
    16,
    16,
    19,
    10,
    19,
    17,
    13,
    17,
    17,
    10,
    17,
    20,
    14,
    15,
    21,
    21,
    15,
    19,
    9,
    18,
    16,
    18,
    10,
    12,
    16,
    13,
    10,
    13,
    17,
    20,
    19,
    12,
    17,
    11,
    17,
    16,
    27,
    25,
    12,
    13,
    19,
    14,
    15,
    18,
    18,
    23,
    17,
    17,
    14,
    21,
    15,
    16,
    9,
    9,
    19,
    12,
    17,
    15,
    13,
    23,
    14,
    7,
    14,
    21,
    18,
    14,
    22,
    14,
    14,
    15,
    23,
    8,
    16,
    19,
    12,
    12,
    10,
    15,
    11,
    25,
    18,
    10,
    15,
    14,
    14,
    12,
    28,
    24,
    13,
    19,
    17,
    17,
    23,
    15,
    21,
    25,
    10,
    19,
    15,
    13,
    18,
    16,
    15,
    14,
    14,
    20,
    15,
    28,
    10,
    20,
    17,
    7
  ],
  "diversity":false,
  "p_split":null,
  "split_reliability_mode":null,
  "mechanism":null,
  "fixed_sfc_len":null,
  "fixed_reliability":null,
  "max_backup_level":2,
  "explicit_split_replicas":false,
  "split_enforce_distinct":false,
  "strict_split_resource_ablation":false,
  "split_replica_resource_scale":1.0,
  "cap_base_min":500,
  "cap_base_max":700,
  "cap_scale":0.2,
  "total_arrivals":1918,
  "total_accepted":1899,
  "total_rejected":19,
  "acceptance_ratio":0.9900938478,
  "avg_cost_per_arrival":36.6585931372,
  "total_cost":70311.1816372239,
  "total_cost_resource":49074.1816372239,
  "avg_cost_per_accepted":37.0253721102,
  "final_utilization":0.4865031042,
  "avg_utilization_over_time":0.4470194711,
  "avg_leftover_capacity_sum_over_time":207214.6333333334,
  "final_leftover_capacity_sum":192419.2,
  "final_leftover_capacity_min":0.0,
  "final_leftover_capacity_max":2163.2,
  "final_leftover_capacity_avg":612.8,
  "avg_e2e_delay_accepted":0.0659648686,
  "p95_e2e_delay_accepted":0.128877685,
  "avg_access_delay_accepted":0.0080666755,
  "avg_processing_delay_accepted":0.048361522,
  "avg_network_delay_accepted":0.0095366711,
  "avg_split_proc_overhead_accepted":0.0,
  "avg_split_net_overhead_accepted":0.0,
  "total_transmitted_bits_accepted":2904542922.3957519531,
  "avg_transmitted_bits_per_accepted":1529511.8074753827,
  "total_split_transmitted_bits_accepted":0.0,
  "avg_split_transmitted_bits_per_accepted":0.0,
  "avg_split_overhead_ratio_accepted":0.0,
  "p95_split_overhead_ratio_accepted":0.0,
  "rga_accepted_total":1918,
  "rga_rejected_total":0,
  "rga_rejection_ratio":0.0,
  "mdca_rejected_total":19,
  "mdca_capacity_rejected_total":0,
  "mdca_reliability_rejected_total":0,
  "mdca_qos_rejected_total":19,
  "mdca_rejection_ratio":0.0099061522,
  "capacity_rejection_ratio":0.0,
  "reliability_rejection_ratio":0.0,
  "qos_rejected_total":19,
  "qos_rejection_ratio":0.0099061522
}