{
  "algo":"mdca",
  "region":"Arizona",
  "time_slots":120,
  "arrival_rate":12.0,
  "mean_service_time":9.0,
  "seed":4,
  "trace_seed":12520896153250797912,
  "algo_seed":15765551763204123708,
  "trace_hash":"5e0ab0fa271cb04c2df49b7a7eb8fb8265eda240567228a60fac8092673e282c",
  "arrivals_per_slot":[
    12,
    5,
    11,
    18,
    10,
    13,
    9,
    14,
    7,
    10,
    10,
    8,
    14,
    17,
    7,
    15,
    11,
    7,
    11,
    13,
    14,
    11,
    10,
    8,
    12,
    18,
    5,
    21,
    13,
    15,
    11,
    13,
    7,
    10,
    10,
    11,
    15,
    13,
    14,
    11,
    18,
    12,
    10,
    9,
    12,
    10,
    14,
    10,
    12,
    14,
    12,
    8,
    12,
    10,
    7,
    9,
    16,
    11,
    17,
    8,
    9,
    13,
    10,
    16,
    19,
    11,
    8,
    11,
    11,
    11,
    16,
    17,
    13,
    13,
    10,
    12,
    8,
    8,
    8,
    8,
    16,
    12,
    17,
    15,
    13,
    9,
    13,
    21,
    12,
    8,
    8,
    12,
    16,
    21,
    9,
    10,
    6,
    8,
    10,
    13,
    7,
    16,
    11,
    9,
    10,
    8,
    16,
    16,
    8,
    10,
    12,
    11,
    14,
    12,
    11,
    13,
    2,
    10,
    9,
    13
  ],
  "diversity":false,
  "p_split":null,
  "split_reliability_mode":null,
  "mechanism":null,
  "fixed_sfc_len":null,
  "fixed_reliability":0.998,
  "max_backup_level":1,
  "explicit_split_replicas":false,
  "split_enforce_distinct":false,
  "strict_split_resource_ablation":false,
  "split_replica_resource_scale":1.0,
  "cap_base_min":500,
  "cap_base_max":700,
  "cap_scale":0.2,
  "total_arrivals":1394,
  "total_accepted":94,
  "total_rejected":1300,
  "acceptance_ratio":0.0674318508,
  "avg_cost_per_arrival":0.7701835649,
  "total_cost":1073.6358894807,
  "total_cost_resource":573.6358894807,
  "avg_cost_per_accepted":11.4216583987,
  "final_utilization":0.0102625977,
  "avg_utilization_over_time":0.0091384592,
  "avg_leftover_capacity_sum_over_time":371527.2999999999,
  "final_leftover_capacity_sum":371105.8,
  "final_leftover_capacity_min":44.4,
  "final_leftover_capacity_max":2240.0,
  "final_leftover_capacity_avg":1181.8656050955,
  "avg_e2e_delay_accepted":0.0316262372,
  "p95_e2e_delay_accepted":0.0665848585,
  "avg_access_delay_accepted":0.0084753245,
  "avg_processing_delay_accepted":0.0217854924,
  "avg_network_delay_accepted":0.0013654203,
  "avg_split_proc_overhead_accepted":0.0,
  "avg_split_net_overhead_accepted":0.0,
  "total_transmitted_bits_accepted":16120056.9297788423,
  "avg_transmitted_bits_per_accepted":171489.9673380728,
  "total_split_transmitted_bits_accepted":0.0,
  "avg_split_transmitted_bits_per_accepted":0.0,
  "avg_split_overhead_ratio_accepted":0.0,
  "p95_split_overhead_ratio_accepted":0.0,
  "rga_accepted_total":94,
  "rga_rejected_total":1300,
  "rga_rejection_ratio":0.9325681492,
  "mdca_rejected_total":0,
  "mdca_capacity_rejected_total":0,
  "mdca_reliability_rejected_total":0,
  "mdca_qos_rejected_total":0,
  "mdca_rejection_ratio":0.0,
  "capacity_rejection_ratio":0.0,
  "reliability_rejection_ratio":0.0,
  "qos_rejected_total":0,
  "qos_rejection_ratio":0.0
}