{
  "algo":"mdca",
  "region":"Alabama",
  "time_slots":120,
  "arrival_rate":12.0,
  "mean_service_time":9.0,
  "seed":3,
  "trace_seed":17898944132975973841,
  "algo_seed":15868857010820782473,
  "trace_hash":"bf61d259221c74149048e65e7fb1851e9cd650f207285111a85f27e2ebb5110c",
  "arrivals_per_slot":[
    11,
    15,
    15,
    10,
    9,
    12,
    16,
    12,
    18,
    8,
    13,
    9,
    14,
    14,
    19,
    9,
    12,
    9,
    14,
    17,
    12,
    12,
    9,
    13,
    9,
    10,
    10,
    14,
    13,
    12,
    11,
    16,
    21,
    11,
    7,
    10,
    9,
    10,
    14,
    11,
    12,
    11,
    12,
    12,
    9,
    10,
    11,
    11,
    9,
    13,
    9,
    12,
    8,
    18,
    14,
    10,
    8,
    14,
    7,
    8,
    10,
    9,
    12,
    10,
    12,
    10,
    7,
    6,
    6,
    14,
    11,
    6,
    12,
    15,
    15,
    18,
    6,
    15,
    16,
    10,
    9,
    10,
    12,
    15,
    8,
    9,
    13,
    11,
    8,
    12,
    15,
    15,
    8,
    8,
    10,
    8,
    13,
    11,
    9,
    12,
    15,
    14,
    23,
    7,
    14,
    9,
    11,
    12,
    6,
    14,
    14,
    13,
    8,
    8,
    14,
    13,
    13,
    14,
    18,
    11
  ],
  "diversity":true,
  "p_split":0.3,
  "split_reliability_mode":"identical_active_pool",
  "split_recovery_coverage":1.0,
  "split_workload_shares":"0.5,0.5",
  "mechanism":null,
  "fixed_sfc_len":null,
  "fixed_reliability":0.999,
  "max_backup_level":2,
  "explicit_split_replicas":true,
  "split_enforce_distinct":false,
  "strict_split_resource_ablation":false,
  "split_replica_resource_scale":1.0,
  "backhaul_knn_k":4,
  "backhaul_use_device_bw":true,
  "backhaul_bw_scale":0.5,
  "fiber_speed_mps":200000000.0,
  "switch_delay_s":0.0002,
  "region_cloudlet_count":137,
  "cap_base_min":500,
  "cap_base_max":700,
  "cap_scale":0.2,
  "total_arrivals":1395,
  "total_accepted":1115,
  "total_rejected":280,
  "acceptance_ratio":0.7992831541,
  "avg_cost_per_arrival":46.5699487238,
  "total_cost":64965.0784696887,
  "total_cost_resource":47079.0784696887,
  "avg_cost_per_accepted":58.2646443674,
  "final_utilization":0.7431320021,
  "avg_utilization_over_time":0.7009875346,
  "avg_leftover_capacity_sum_over_time":52124.75,
  "final_leftover_capacity_sum":44778.0,
  "final_leftover_capacity_min":0.0,
  "final_leftover_capacity_max":1910.4,
  "final_leftover_capacity_avg":326.8467153285,
  "avg_e2e_delay_accepted":0.0632774522,
  "p95_e2e_delay_accepted":0.1236440584,
  "avg_access_delay_accepted":0.0080259206,
  "avg_processing_delay_accepted":0.0397620435,
  "avg_network_delay_accepted":0.0115439947,
  "avg_split_proc_overhead_accepted":6.573279539e-19,
  "avg_split_net_overhead_accepted":0.0,
  "total_transmitted_bits_accepted":1827656735.9236762524,
  "avg_transmitted_bits_per_accepted":1639154.023249934,
  "total_split_transmitted_bits_accepted":492643785.2508846521,
  "avg_split_transmitted_bits_per_accepted":441832.9912563988,
  "avg_split_overhead_ratio_accepted":8.828593732e-18,
  "p95_split_overhead_ratio_accepted":5.46995967e-17,
  "rga_accepted_total":1129,
  "rga_rejected_total":266,
  "rga_rejection_ratio":0.1906810036,
  "mdca_rejected_total":14,
  "mdca_capacity_rejected_total":5,
  "mdca_reliability_rejected_total":0,
  "mdca_qos_rejected_total":9,
  "mdca_rejection_ratio":0.0100358423,
  "capacity_rejection_ratio":0.0035842294,
  "reliability_rejection_ratio":0.0,
  "qos_rejected_total":9,
  "qos_rejection_ratio":0.0064516129,
  "placement_trace_path":"D:\\Study\\Code_1\\paper_data\\mobility_stress\\sim_runs\\Alabama\\R0p999\\DMDCA\\seed3\\placement_trace_Alabama_mdca_seed3.json"
}