{
  "algo":"random",
  "region":"Arizona",
  "time_slots":120,
  "arrival_rate":12.0,
  "mean_service_time":9.0,
  "seed":4,
  "trace_seed":16125786758789853924,
  "algo_seed":14455530561567367807,
  "trace_hash":"41dd0c7cb3484be7a83cb7ef1d1e5d47bedc89a9289aae41f08c28fa24d6a831",
  "arrivals_per_slot":[
    19,
    14,
    9,
    8,
    13,
    12,
    12,
    21,
    16,
    9,
    8,
    13,
    10,
    12,
    10,
    7,
    11,
    13,
    9,
    14,
    7,
    18,
    15,
    10,
    15,
    15,
    10,
    9,
    10,
    10,
    9,
    13,
    9,
    13,
    6,
    15,
    18,
    10,
    24,
    16,
    15,
    11,
    14,
    13,
    10,
    9,
    14,
    10,
    11,
    15,
    11,
    13,
    7,
    18,
    16,
    12,
    7,
    18,
    12,
    16,
    19,
    6,
    13,
    20,
    8,
    8,
    14,
    14,
    18,
    12,
    14,
    11,
    6,
    14,
    9,
    11,
    10,
    13,
    17,
    13,
    7,
    12,
    14,
    10,
    10,
    18,
    7,
    11,
    15,
    6,
    5,
    11,
    8,
    9,
    14,
    16,
    16,
    16,
    10,
    11,
    14,
    12,
    17,
    14,
    14,
    10,
    22,
    14,
    13,
    14,
    11,
    8,
    10,
    12,
    14,
    11,
    8,
    11,
    9,
    16
  ],
  "diversity":false,
  "p_split":null,
  "split_reliability_mode":null,
  "mechanism":null,
  "fixed_sfc_len":null,
  "fixed_reliability":0.96,
  "max_backup_level":2,
  "explicit_split_replicas":false,
  "split_enforce_distinct":false,
  "strict_split_resource_ablation":false,
  "split_replica_resource_scale":1.0,
  "cap_base_min":500,
  "cap_base_max":700,
  "cap_scale":0.2,
  "total_arrivals":1474,
  "total_accepted":1460,
  "total_rejected":14,
  "acceptance_ratio":0.9905020353,
  "avg_cost_per_arrival":66.3000093921,
  "total_cost":97726.2138439489,
  "total_cost_resource":75565.2138439489,
  "avg_cost_per_accepted":66.9357629068,
  "final_utilization":0.4779843012,
  "avg_utilization_over_time":0.4629680587,
  "avg_leftover_capacity_sum_over_time":201994.6833333334,
  "final_leftover_capacity_sum":196346.6,
  "final_leftover_capacity_min":0.8,
  "final_leftover_capacity_max":2152.8,
  "final_leftover_capacity_avg":625.3076433121,
  "avg_e2e_delay_accepted":0.06706875,
  "p95_e2e_delay_accepted":0.1301235193,
  "avg_access_delay_accepted":0.0080583538,
  "avg_processing_delay_accepted":0.0493574732,
  "avg_network_delay_accepted":0.009652923,
  "avg_split_proc_overhead_accepted":0.0,
  "avg_split_net_overhead_accepted":0.0,
  "total_transmitted_bits_accepted":2263970215.683098793,
  "avg_transmitted_bits_per_accepted":1550664.5312897938,
  "total_split_transmitted_bits_accepted":0.0,
  "avg_split_transmitted_bits_per_accepted":0.0,
  "avg_split_overhead_ratio_accepted":0.0,
  "p95_split_overhead_ratio_accepted":0.0,
  "rga_accepted_total":1474,
  "rga_rejected_total":0,
  "rga_rejection_ratio":0.0,
  "mdca_rejected_total":14,
  "mdca_capacity_rejected_total":0,
  "mdca_reliability_rejected_total":0,
  "mdca_qos_rejected_total":14,
  "mdca_rejection_ratio":0.0094979647,
  "capacity_rejection_ratio":0.0,
  "reliability_rejection_ratio":0.0,
  "qos_rejected_total":14,
  "qos_rejection_ratio":0.0094979647
}