{
  "algo":"mdca",
  "region":"Arizona",
  "time_slots":120,
  "arrival_rate":25.0,
  "mean_service_time":9.0,
  "seed":2,
  "trace_seed":3336211089843640872,
  "algo_seed":4836232127056779440,
  "trace_hash":"882e78edd938d537cc65095097f3e31d81d839343d369743d512bb48a3dada76",
  "arrivals_per_slot":[
    27,
    19,
    28,
    15,
    28,
    25,
    34,
    31,
    25,
    23,
    19,
    28,
    18,
    31,
    25,
    18,
    22,
    32,
    28,
    18,
    24,
    35,
    27,
    24,
    35,
    21,
    20,
    22,
    21,
    34,
    23,
    20,
    31,
    22,
    33,
    26,
    21,
    26,
    25,
    26,
    19,
    23,
    26,
    29,
    29,
    27,
    20,
    18,
    25,
    28,
    29,
    24,
    26,
    29,
    35,
    24,
    20,
    26,
    25,
    23,
    24,
    26,
    27,
    21,
    18,
    25,
    20,
    37,
    22,
    26,
    19,
    26,
    25,
    19,
    33,
    27,
    28,
    16,
    25,
    23,
    23,
    36,
    19,
    32,
    28,
    26,
    26,
    20,
    18,
    26,
    20,
    26,
    30,
    23,
    29,
    27,
    18,
    25,
    24,
    24,
    27,
    25,
    29,
    31,
    31,
    22,
    25,
    25,
    23,
    34,
    20,
    34,
    22,
    26,
    30,
    25,
    20,
    21,
    17,
    28
  ],
  "diversity":true,
  "p_split":0.3,
  "split_reliability_mode":"identical_active_pool",
  "mechanism":null,
  "fixed_sfc_len":null,
  "fixed_reliability":null,
  "max_backup_level":2,
  "explicit_split_replicas":true,
  "split_enforce_distinct":false,
  "strict_split_resource_ablation":false,
  "split_replica_resource_scale":1.0,
  "cap_base_min":500,
  "cap_base_max":700,
  "cap_scale":0.2,
  "total_arrivals":3017,
  "total_accepted":2979,
  "total_rejected":38,
  "acceptance_ratio":0.9874047067,
  "avg_cost_per_arrival":33.8187597345,
  "total_cost":102031.1981189735,
  "total_cost_resource":69803.1981189735,
  "avg_cost_per_accepted":34.250150426,
  "final_utilization":0.5662355048,
  "avg_utilization_over_time":0.5583362321,
  "avg_leftover_capacity_sum_over_time":168616.0083333334,
  "final_leftover_capacity_sum":165600.2666666667,
  "final_leftover_capacity_min":0.0666666667,
  "final_leftover_capacity_max":2083.2,
  "final_leftover_capacity_avg":527.3893842887,
  "avg_e2e_delay_accepted":0.0701851302,
  "p95_e2e_delay_accepted":0.1367093442,
  "avg_access_delay_accepted":0.0079994382,
  "avg_processing_delay_accepted":0.0443245291,
  "avg_network_delay_accepted":0.0144677285,
  "avg_split_proc_overhead_accepted":5.590246851e-19,
  "avg_split_net_overhead_accepted":0.0,
  "total_transmitted_bits_accepted":5245073747.3454084396,
  "avg_transmitted_bits_per_accepted":1760682.6946443131,
  "total_split_transmitted_bits_accepted":1144601403.1696519852,
  "avg_split_transmitted_bits_per_accepted":384223.3646088123,
  "avg_split_overhead_ratio_accepted":6.371842035e-18,
  "p95_split_overhead_ratio_accepted":4.236638853e-17,
  "rga_accepted_total":3017,
  "rga_rejected_total":0,
  "rga_rejection_ratio":0.0,
  "mdca_rejected_total":38,
  "mdca_capacity_rejected_total":0,
  "mdca_reliability_rejected_total":0,
  "mdca_qos_rejected_total":38,
  "mdca_rejection_ratio":0.0125952933,
  "capacity_rejection_ratio":0.0,
  "reliability_rejection_ratio":0.0,
  "qos_rejected_total":38,
  "qos_rejection_ratio":0.0125952933
}