{
  "algo":"mdca",
  "region":"Alabama",
  "time_slots":120,
  "arrival_rate":12.0,
  "mean_service_time":9.0,
  "seed":5,
  "trace_seed":14516674476435394296,
  "algo_seed":6041356402655296302,
  "trace_hash":"81c1bd6b6958bac3f875d846bebfb766092ce0d31f7eb9588a90a0fda8be2235",
  "arrivals_per_slot":[
    11,
    13,
    10,
    17,
    16,
    11,
    11,
    4,
    14,
    12,
    16,
    10,
    14,
    11,
    14,
    9,
    16,
    17,
    13,
    32,
    10,
    9,
    11,
    15,
    13,
    10,
    14,
    5,
    6,
    12,
    11,
    17,
    12,
    10,
    14,
    13,
    13,
    19,
    8,
    16,
    8,
    9,
    13,
    13,
    10,
    13,
    9,
    12,
    13,
    9,
    11,
    14,
    9,
    16,
    9,
    16,
    12,
    8,
    18,
    13,
    11,
    14,
    6,
    15,
    11,
    14,
    10,
    15,
    6,
    14,
    11,
    9,
    6,
    16,
    12,
    18,
    12,
    10,
    9,
    14,
    10,
    11,
    6,
    8,
    13,
    11,
    16,
    17,
    12,
    13,
    9,
    12,
    20,
    13,
    13,
    8,
    22,
    15,
    11,
    13,
    14,
    9,
    12,
    9,
    11,
    9,
    14,
    20,
    16,
    11,
    10,
    10,
    10,
    6,
    14,
    12,
    14,
    12,
    13,
    15
  ],
  "diversity":true,
  "p_split":0.3,
  "split_reliability_mode":"identical_active_pool",
  "mechanism":null,
  "fixed_sfc_len":null,
  "fixed_reliability":0.96,
  "max_backup_level":2,
  "explicit_split_replicas":true,
  "split_enforce_distinct":false,
  "strict_split_resource_ablation":false,
  "split_replica_resource_scale":1.0,
  "cap_base_min":500,
  "cap_base_max":700,
  "cap_scale":0.2,
  "total_arrivals":1471,
  "total_accepted":1462,
  "total_rejected":9,
  "acceptance_ratio":0.9938817131,
  "avg_cost_per_arrival":37.0764743902,
  "total_cost":54539.4938280359,
  "total_cost_resource":38141.4938280358,
  "avg_cost_per_accepted":37.3047153407,
  "final_utilization":0.7018632594,
  "avg_utilization_over_time":0.6150702357,
  "avg_leftover_capacity_sum_over_time":67361.9388888889,
  "final_leftover_capacity_sum":52173.3333333333,
  "final_leftover_capacity_min":0.2666666667,
  "final_leftover_capacity_max":2568.0,
  "final_leftover_capacity_avg":380.8272506083,
  "avg_e2e_delay_accepted":0.0678830937,
  "p95_e2e_delay_accepted":0.1308538174,
  "avg_access_delay_accepted":0.0080215642,
  "avg_processing_delay_accepted":0.0441253915,
  "avg_network_delay_accepted":0.0121747779,
  "avg_split_proc_overhead_accepted":6.371727131e-19,
  "avg_split_net_overhead_accepted":0.0,
  "total_transmitted_bits_accepted":2571842721.9123907089,
  "avg_transmitted_bits_per_accepted":1759126.3487772851,
  "total_split_transmitted_bits_accepted":581726582.7639353275,
  "avg_split_transmitted_bits_per_accepted":397897.7994281363,
  "avg_split_overhead_ratio_accepted":8.488866186e-18,
  "p95_split_overhead_ratio_accepted":5.233969794e-17,
  "rga_accepted_total":1471,
  "rga_rejected_total":0,
  "rga_rejection_ratio":0.0,
  "mdca_rejected_total":9,
  "mdca_capacity_rejected_total":0,
  "mdca_reliability_rejected_total":0,
  "mdca_qos_rejected_total":9,
  "mdca_rejection_ratio":0.0061182869,
  "capacity_rejection_ratio":0.0,
  "reliability_rejection_ratio":0.0,
  "qos_rejected_total":9,
  "qos_rejection_ratio":0.0061182869
}