{
  "algo":"mdca",
  "region":"Alabama",
  "time_slots":120,
  "arrival_rate":50.0,
  "mean_service_time":9.0,
  "seed":3,
  "trace_seed":7681878440311344812,
  "algo_seed":8021305762253439011,
  "trace_hash":"7bc68cc4ac3b7c15c5cc4772607d1afd51be87ca9a327bfe6d6f1f14ce4607f8",
  "arrivals_per_slot":[
    56,
    54,
    56,
    46,
    33,
    51,
    66,
    55,
    47,
    53,
    51,
    56,
    62,
    59,
    50,
    35,
    57,
    52,
    62,
    52,
    43,
    60,
    46,
    40,
    48,
    43,
    42,
    47,
    52,
    42,
    51,
    60,
    44,
    45,
    50,
    57,
    47,
    60,
    51,
    42,
    54,
    54,
    44,
    49,
    56,
    42,
    54,
    52,
    59,
    42,
    68,
    44,
    53,
    42,
    48,
    42,
    55,
    53,
    38,
    44,
    45,
    58,
    40,
    46,
    54,
    59,
    51,
    43,
    46,
    43,
    51,
    54,
    33,
    44,
    50,
    38,
    61,
    48,
    64,
    41,
    55,
    62,
    50,
    46,
    45,
    47,
    47,
    46,
    57,
    60,
    58,
    51,
    42,
    33,
    66,
    56,
    49,
    44,
    57,
    49,
    54,
    56,
    43,
    50,
    47,
    55,
    61,
    39,
    55,
    57,
    50,
    58,
    54,
    56,
    54,
    37,
    48,
    44,
    53,
    56
  ],
  "diversity":false,
  "p_split":null,
  "split_reliability_mode":null,
  "mechanism":null,
  "fixed_sfc_len":null,
  "fixed_reliability":null,
  "max_backup_level":2,
  "explicit_split_replicas":false,
  "split_enforce_distinct":false,
  "strict_split_resource_ablation":false,
  "split_replica_resource_scale":1.0,
  "cap_base_min":500,
  "cap_base_max":700,
  "cap_scale":0.2,
  "total_arrivals":6032,
  "total_accepted":3383,
  "total_rejected":2649,
  "acceptance_ratio":0.5608421751,
  "avg_cost_per_arrival":16.4724465496,
  "total_cost":99361.7975874031,
  "total_cost_resource":72715.7975874032,
  "avg_cost_per_accepted":29.3709126773,
  "final_utilization":0.9678513941,
  "avg_utilization_over_time":0.9612872894,
  "avg_leftover_capacity_sum_over_time":6811.0833333333,
  "final_leftover_capacity_sum":5656.2,
  "final_leftover_capacity_min":0.0,
  "final_leftover_capacity_max":221.8,
  "final_leftover_capacity_avg":41.2861313869,
  "avg_e2e_delay_accepted":0.05632897,
  "p95_e2e_delay_accepted":0.1163459871,
  "avg_access_delay_accepted":0.008055319,
  "avg_processing_delay_accepted":0.0432992033,
  "avg_network_delay_accepted":0.0049744477,
  "avg_split_proc_overhead_accepted":0.0,
  "avg_split_net_overhead_accepted":0.0,
  "total_transmitted_bits_accepted":3109672397.1677618027,
  "avg_transmitted_bits_per_accepted":919205.5563605563,
  "total_split_transmitted_bits_accepted":0.0,
  "avg_split_transmitted_bits_per_accepted":0.0,
  "avg_split_overhead_ratio_accepted":0.0,
  "p95_split_overhead_ratio_accepted":0.0,
  "rga_accepted_total":6032,
  "rga_rejected_total":0,
  "rga_rejection_ratio":0.0,
  "mdca_rejected_total":2649,
  "mdca_capacity_rejected_total":2620,
  "mdca_reliability_rejected_total":0,
  "mdca_qos_rejected_total":29,
  "mdca_rejection_ratio":0.4391578249,
  "capacity_rejection_ratio":0.4343501326,
  "reliability_rejection_ratio":0.0,
  "qos_rejected_total":29,
  "qos_rejection_ratio":0.0048076923
}