region,fixed_reliability,seed,method,share,share_tag,domain_count,domain_failure_prob,total_accepted,expected_target_satisfaction_ratio,expected_reliability,expected_reliability_loss
Arizona,0.998,1,DMDCA,"0.5,0.5",0p5_0p5,6,0.0,1319,1.0,0.998838361975757,-8.881784197001252e-16
Arizona,0.998,1,DMDCA,"0.5,0.5",0p5_0p5,6,0.01,1319,0.96406285517566,0.9924090046710791,0.006429357304677086
Arizona,0.998,1,DMDCA,"0.5,0.5",0p5_0p5,6,0.03,1319,0.8954651407610185,0.9789636158874298,0.0198747460883264
Arizona,0.998,1,DMDCA,"0.5,0.5",0p5_0p5,6,0.05,1319,0.8310527129454127,0.9647516978226,0.0340866641531562
Arizona,0.998,1,MDCA,nan,nan,6,0.0,1295,1.0,0.9988402293261224,-6.661338147750939e-16
Arizona,0.998,1,MDCA,nan,nan,6,0.01,1295,0.9650413497569766,0.9916564962676478,0.007183733058473862
Arizona,0.998,1,MDCA,nan,nan,6,0.03,1295,0.8982354368305524,0.9767312917692915,0.022108937556830188
Arizona,0.998,1,MDCA,nan,nan,6,0.05,1295,0.8354071612572391,0.9610824427575093,0.037757786568612395
