{
  "algo":"dtsp",
  "region":"Alabama",
  "time_slots":120,
  "arrival_rate":20.0,
  "mean_service_time":9.0,
  "seed":5,
  "trace_seed":2577795843833890144,
  "algo_seed":2513652281977770823,
  "trace_hash":"a6cfcc528f518e670d12521e3cee6d70a16252940b9328478c93b3e2fe2278e6",
  "arrivals_per_slot":[
    16,
    14,
    15,
    23,
    21,
    20,
    23,
    14,
    18,
    10,
    27,
    14,
    28,
    22,
    20,
    15,
    19,
    28,
    21,
    20,
    27,
    19,
    22,
    21,
    20,
    17,
    19,
    20,
    17,
    24,
    19,
    16,
    20,
    21,
    22,
    15,
    19,
    12,
    19,
    14,
    15,
    13,
    21,
    25,
    15,
    21,
    26,
    12,
    23,
    12,
    25,
    17,
    26,
    15,
    10,
    22,
    11,
    22,
    18,
    17,
    25,
    18,
    19,
    15,
    20,
    22,
    13,
    15,
    12,
    22,
    20,
    27,
    20,
    21,
    24,
    25,
    20,
    25,
    18,
    16,
    11,
    15,
    23,
    26,
    19,
    20,
    21,
    18,
    19,
    18,
    25,
    26,
    16,
    19,
    16,
    23,
    14,
    24,
    22,
    18,
    18,
    20,
    18,
    21,
    23,
    26,
    21,
    19,
    18,
    21,
    15,
    20,
    25,
    21,
    21,
    20,
    20,
    23,
    18,
    28
  ],
  "diversity":false,
  "p_split":null,
  "split_reliability_mode":null,
  "mechanism":null,
  "fixed_sfc_len":null,
  "fixed_reliability":null,
  "max_backup_level":2,
  "explicit_split_replicas":false,
  "split_enforce_distinct":false,
  "strict_split_resource_ablation":false,
  "split_replica_resource_scale":1.0,
  "cap_base_min":500,
  "cap_base_max":700,
  "cap_scale":0.2,
  "total_arrivals":2343,
  "total_accepted":1988,
  "total_rejected":355,
  "acceptance_ratio":0.8484848485,
  "avg_cost_per_arrival":38.1972918359,
  "total_cost":89496.2547715594,
  "total_cost_resource":68044.2547715594,
  "avg_cost_per_accepted":45.0182368066,
  "final_utilization":0.9587877303,
  "avg_utilization_over_time":0.906423991,
  "avg_leftover_capacity_sum_over_time":16037.15,
  "final_leftover_capacity_sum":7063.0,
  "final_leftover_capacity_min":0.4,
  "final_leftover_capacity_max":281.0,
  "final_leftover_capacity_avg":51.5547445255,
  "avg_e2e_delay_accepted":0.064544964,
  "p95_e2e_delay_accepted":0.1276943831,
  "avg_access_delay_accepted":0.0080732478,
  "avg_processing_delay_accepted":0.0485063804,
  "avg_network_delay_accepted":0.0079653358,
  "avg_split_proc_overhead_accepted":0.0,
  "avg_split_net_overhead_accepted":0.0,
  "total_transmitted_bits_accepted":2943314877.7891321182,
  "avg_transmitted_bits_per_accepted":1480540.6829925212,
  "total_split_transmitted_bits_accepted":0.0,
  "avg_split_transmitted_bits_per_accepted":0.0,
  "avg_split_overhead_ratio_accepted":0.0,
  "p95_split_overhead_ratio_accepted":0.0,
  "rga_accepted_total":2343,
  "rga_rejected_total":0,
  "rga_rejection_ratio":0.0,
  "mdca_rejected_total":355,
  "mdca_capacity_rejected_total":334,
  "mdca_reliability_rejected_total":0,
  "mdca_qos_rejected_total":21,
  "mdca_rejection_ratio":0.1515151515,
  "capacity_rejection_ratio":0.1425522834,
  "reliability_rejection_ratio":0.0,
  "qos_rejected_total":21,
  "qos_rejection_ratio":0.0089628681
}