{
  "algo":"mdca",
  "region":"Arizona",
  "time_slots":120,
  "arrival_rate":20.0,
  "mean_service_time":9.0,
  "seed":5,
  "trace_seed":3104198646985160816,
  "algo_seed":8179750290924396156,
  "trace_hash":"7a03f0a68b2a73eb9057816076c47ffc694242c536c9c877c6faa5f08bc30dce",
  "arrivals_per_slot":[
    17,
    13,
    23,
    23,
    21,
    24,
    21,
    18,
    23,
    23,
    19,
    34,
    24,
    21,
    11,
    29,
    21,
    20,
    16,
    19,
    18,
    21,
    17,
    16,
    20,
    16,
    15,
    14,
    14,
    19,
    23,
    15,
    21,
    22,
    22,
    20,
    15,
    29,
    25,
    18,
    19,
    33,
    23,
    24,
    19,
    18,
    22,
    21,
    21,
    23,
    22,
    19,
    29,
    27,
    12,
    17,
    20,
    23,
    24,
    23,
    30,
    31,
    17,
    16,
    25,
    22,
    20,
    17,
    15,
    16,
    21,
    18,
    21,
    27,
    25,
    22,
    16,
    25,
    22,
    13,
    19,
    18,
    19,
    28,
    20,
    15,
    12,
    25,
    18,
    17,
    34,
    20,
    12,
    23,
    15,
    26,
    18,
    25,
    21,
    24,
    22,
    20,
    17,
    21,
    23,
    20,
    19,
    21,
    20,
    16,
    18,
    8,
    21,
    22,
    23,
    23,
    16,
    21,
    19,
    26
  ],
  "diversity":false,
  "p_split":null,
  "split_reliability_mode":null,
  "mechanism":null,
  "fixed_sfc_len":5,
  "fixed_reliability":null,
  "max_backup_level":2,
  "explicit_split_replicas":false,
  "split_enforce_distinct":false,
  "strict_split_resource_ablation":false,
  "split_replica_resource_scale":1.0,
  "cap_base_min":500,
  "cap_base_max":700,
  "cap_scale":0.2,
  "total_arrivals":2463,
  "total_accepted":2361,
  "total_rejected":102,
  "acceptance_ratio":0.9585870889,
  "avg_cost_per_arrival":72.8215996089,
  "total_cost":179359.5998367599,
  "total_cost_resource":135317.5998367599,
  "avg_cost_per_accepted":75.967640761,
  "final_utilization":0.9690651975,
  "avg_utilization_over_time":0.8384243922,
  "avg_leftover_capacity_sum_over_time":60437.55,
  "final_leftover_capacity_sum":11571.2,
  "final_leftover_capacity_min":0.0,
  "final_leftover_capacity_max":1221.8,
  "final_leftover_capacity_avg":36.850955414,
  "avg_e2e_delay_accepted":0.1044168999,
  "p95_e2e_delay_accepted":0.1594189039,
  "avg_access_delay_accepted":0.0080782759,
  "avg_processing_delay_accepted":0.0797402551,
  "avg_network_delay_accepted":0.0165983689,
  "avg_split_proc_overhead_accepted":0.0,
  "avg_split_net_overhead_accepted":0.0,
  "total_transmitted_bits_accepted":6188754460.012752533,
  "avg_transmitted_bits_per_accepted":2621242.8886119239,
  "total_split_transmitted_bits_accepted":0.0,
  "avg_split_transmitted_bits_per_accepted":0.0,
  "avg_split_overhead_ratio_accepted":0.0,
  "p95_split_overhead_ratio_accepted":0.0,
  "rga_accepted_total":2463,
  "rga_rejected_total":0,
  "rga_rejection_ratio":0.0,
  "mdca_rejected_total":102,
  "mdca_capacity_rejected_total":11,
  "mdca_reliability_rejected_total":0,
  "mdca_qos_rejected_total":91,
  "mdca_rejection_ratio":0.0414129111,
  "capacity_rejection_ratio":0.0044660983,
  "reliability_rejection_ratio":0.0,
  "qos_rejected_total":91,
  "qos_rejection_ratio":0.0369468128
}