{
  "algo":"mdca",
  "region":"Arizona",
  "time_slots":120,
  "arrival_rate":45.0,
  "mean_service_time":9.0,
  "seed":3,
  "trace_seed":14103769527571417009,
  "algo_seed":18087234375462464239,
  "trace_hash":"563a320172717837a1dd777314d17348977f7433012ca33aa2faec3232cc798b",
  "arrivals_per_slot":[
    46,
    42,
    50,
    52,
    52,
    44,
    46,
    52,
    42,
    47,
    43,
    52,
    50,
    43,
    43,
    40,
    55,
    38,
    46,
    38,
    46,
    55,
    48,
    42,
    52,
    37,
    41,
    38,
    61,
    49,
    45,
    33,
    37,
    42,
    36,
    42,
    50,
    40,
    47,
    48,
    37,
    48,
    47,
    51,
    52,
    45,
    63,
    57,
    32,
    49,
    44,
    43,
    37,
    44,
    42,
    48,
    45,
    34,
    44,
    33,
    48,
    51,
    42,
    31,
    38,
    36,
    41,
    49,
    44,
    49,
    59,
    38,
    53,
    58,
    46,
    40,
    34,
    46,
    33,
    47,
    44,
    56,
    43,
    40,
    53,
    34,
    56,
    38,
    51,
    38,
    55,
    48,
    49,
    53,
    55,
    36,
    37,
    44,
    48,
    49,
    43,
    38,
    34,
    53,
    50,
    44,
    61,
    43,
    60,
    49,
    50,
    53,
    56,
    39,
    34,
    51,
    44,
    48,
    48,
    41
  ],
  "diversity":true,
  "p_split":0.3,
  "split_reliability_mode":"identical_active_pool",
  "mechanism":null,
  "fixed_sfc_len":null,
  "fixed_reliability":null,
  "max_backup_level":2,
  "explicit_split_replicas":true,
  "split_enforce_distinct":false,
  "strict_split_resource_ablation":false,
  "split_replica_resource_scale":1.0,
  "cap_base_min":500,
  "cap_base_max":700,
  "cap_scale":0.2,
  "total_arrivals":5454,
  "total_accepted":5086,
  "total_rejected":368,
  "acceptance_ratio":0.932526586,
  "avg_cost_per_arrival":36.7457646673,
  "total_cost":200411.4004952762,
  "total_cost_resource":147350.4004952762,
  "avg_cost_per_accepted":39.4045223152,
  "final_utilization":0.9655081943,
  "avg_utilization_over_time":0.9170594716,
  "avg_leftover_capacity_sum_over_time":31296.4472222223,
  "final_leftover_capacity_sum":13015.0,
  "final_leftover_capacity_min":0.0,
  "final_leftover_capacity_max":292.6,
  "final_leftover_capacity_avg":41.449044586,
  "avg_e2e_delay_accepted":0.0685426825,
  "p95_e2e_delay_accepted":0.1342959427,
  "avg_access_delay_accepted":0.0080565995,
  "avg_processing_delay_accepted":0.0436167837,
  "avg_network_delay_accepted":0.0136023867,
  "avg_split_proc_overhead_accepted":5.595387067e-19,
  "avg_split_net_overhead_accepted":0.0,
  "total_transmitted_bits_accepted":8711960292.2345237732,
  "avg_transmitted_bits_per_accepted":1712929.6681546448,
  "total_split_transmitted_bits_accepted":1883913738.2794113159,
  "avg_split_transmitted_bits_per_accepted":370411.6669837616,
  "avg_split_overhead_ratio_accepted":6.937386542e-18,
  "p95_split_overhead_ratio_accepted":4.627248103e-17,
  "rga_accepted_total":5454,
  "rga_rejected_total":0,
  "rga_rejection_ratio":0.0,
  "mdca_rejected_total":368,
  "mdca_capacity_rejected_total":304,
  "mdca_reliability_rejected_total":0,
  "mdca_qos_rejected_total":64,
  "mdca_rejection_ratio":0.067473414,
  "capacity_rejection_ratio":0.0557389072,
  "reliability_rejection_ratio":0.0,
  "qos_rejected_total":64,
  "qos_rejection_ratio":0.0117345068
}