{
  "algo":"mdca",
  "region":"Alabama",
  "time_slots":120,
  "arrival_rate":12.0,
  "mean_service_time":9.0,
  "seed":4,
  "trace_seed":3231205637118540362,
  "algo_seed":9501882209847125804,
  "trace_hash":"6c0c7e32fc521a83cd61c5d1ea84c5be7a21379cba43238204f84183943fd924",
  "arrivals_per_slot":[
    8,
    14,
    13,
    10,
    13,
    9,
    17,
    9,
    15,
    15,
    12,
    10,
    12,
    12,
    15,
    16,
    12,
    14,
    6,
    14,
    7,
    9,
    13,
    14,
    10,
    15,
    14,
    11,
    16,
    12,
    11,
    13,
    16,
    11,
    18,
    12,
    6,
    7,
    13,
    11,
    13,
    13,
    15,
    5,
    14,
    13,
    11,
    14,
    13,
    9,
    12,
    7,
    6,
    7,
    11,
    10,
    18,
    15,
    15,
    10,
    18,
    12,
    19,
    9,
    13,
    20,
    18,
    8,
    10,
    13,
    9,
    10,
    6,
    12,
    4,
    14,
    14,
    9,
    14,
    4,
    16,
    9,
    17,
    10,
    17,
    9,
    14,
    12,
    12,
    11,
    12,
    11,
    15,
    13,
    12,
    11,
    10,
    10,
    14,
    10,
    16,
    12,
    8,
    17,
    10,
    10,
    9,
    9,
    6,
    7,
    18,
    13,
    13,
    10,
    10,
    12,
    7,
    11,
    13,
    12
  ],
  "diversity":true,
  "p_split":0.3,
  "split_reliability_mode":"identical_active_pool",
  "mechanism":null,
  "fixed_sfc_len":null,
  "fixed_reliability":0.999,
  "max_backup_level":3,
  "explicit_split_replicas":true,
  "split_enforce_distinct":false,
  "strict_split_resource_ablation":false,
  "split_replica_resource_scale":1.0,
  "cap_base_min":500,
  "cap_base_max":700,
  "cap_scale":0.2,
  "total_arrivals":1420,
  "total_accepted":1293,
  "total_rejected":127,
  "acceptance_ratio":0.9105633803,
  "avg_cost_per_arrival":59.6037755586,
  "total_cost":84637.3612931948,
  "total_cost_resource":61848.3612931948,
  "avg_cost_per_accepted":65.4581293838,
  "final_utilization":0.9560694294,
  "avg_utilization_over_time":0.8796148259,
  "avg_leftover_capacity_sum_over_time":20759.4361111111,
  "final_leftover_capacity_sum":7575.4666666667,
  "final_leftover_capacity_min":0.2666666667,
  "final_leftover_capacity_max":768.0,
  "final_leftover_capacity_avg":55.295377129,
  "avg_e2e_delay_accepted":0.0687513669,
  "p95_e2e_delay_accepted":0.1333915609,
  "avg_access_delay_accepted":0.0080366628,
  "avg_processing_delay_accepted":0.0447343414,
  "avg_network_delay_accepted":0.0123072829,
  "avg_split_proc_overhead_accepted":6.077569487e-19,
  "avg_split_net_overhead_accepted":0.0,
  "total_transmitted_bits_accepted":2251190267.5431575775,
  "avg_transmitted_bits_per_accepted":1741059.7583473762,
  "total_split_transmitted_bits_accepted":534643274.0207716823,
  "avg_split_transmitted_bits_per_accepted":413490.544486289,
  "avg_split_overhead_ratio_accepted":7.684646404e-18,
  "p95_split_overhead_ratio_accepted":5.096090693e-17,
  "rga_accepted_total":1420,
  "rga_rejected_total":0,
  "rga_rejection_ratio":0.0,
  "mdca_rejected_total":127,
  "mdca_capacity_rejected_total":110,
  "mdca_reliability_rejected_total":0,
  "mdca_qos_rejected_total":17,
  "mdca_rejection_ratio":0.0894366197,
  "capacity_rejection_ratio":0.0774647887,
  "reliability_rejection_ratio":0.0,
  "qos_rejected_total":17,
  "qos_rejection_ratio":0.011971831
}