{
  "algo":"mdca",
  "region":"Arizona",
  "time_slots":120,
  "arrival_rate":12.0,
  "mean_service_time":9.0,
  "seed":1,
  "trace_seed":5586230097686055098,
  "algo_seed":2842500912460067215,
  "trace_hash":"9648d3d4c4a9937bd6c06634ebf9a72dd107b373a7ad2b84b4084b3a914e98a0",
  "arrivals_per_slot":[
    9,
    12,
    13,
    15,
    9,
    11,
    7,
    22,
    11,
    14,
    13,
    14,
    7,
    10,
    12,
    14,
    10,
    18,
    7,
    19,
    8,
    10,
    11,
    11,
    7,
    13,
    11,
    18,
    8,
    9,
    10,
    15,
    8,
    10,
    14,
    10,
    21,
    9,
    11,
    10,
    8,
    16,
    7,
    12,
    10,
    12,
    11,
    10,
    11,
    18,
    9,
    9,
    5,
    15,
    10,
    9,
    9,
    11,
    18,
    9,
    12,
    13,
    12,
    10,
    11,
    12,
    13,
    4,
    15,
    10,
    12,
    9,
    15,
    15,
    3,
    14,
    13,
    14,
    9,
    12,
    12,
    12,
    8,
    9,
    18,
    12,
    11,
    8,
    10,
    12,
    13,
    9,
    11,
    11,
    10,
    12,
    7,
    12,
    14,
    17,
    11,
    18,
    9,
    10,
    13,
    11,
    13,
    11,
    8,
    9,
    20,
    10,
    11,
    11,
    8,
    8,
    12,
    9,
    14,
    7
  ],
  "diversity":false,
  "p_split":null,
  "split_reliability_mode":null,
  "mechanism":null,
  "fixed_sfc_len":null,
  "fixed_reliability":0.998,
  "max_backup_level":1,
  "explicit_split_replicas":false,
  "split_enforce_distinct":false,
  "strict_split_resource_ablation":false,
  "split_replica_resource_scale":1.0,
  "cap_base_min":500,
  "cap_base_max":700,
  "cap_scale":0.2,
  "total_arrivals":1369,
  "total_accepted":103,
  "total_rejected":1266,
  "acceptance_ratio":0.0752373996,
  "avg_cost_per_arrival":0.9300866389,
  "total_cost":1273.2886087068,
  "total_cost_resource":679.2886087068,
  "avg_cost_per_accepted":12.3620253273,
  "final_utilization":0.014948622,
  "avg_utilization_over_time":0.0108260064,
  "avg_leftover_capacity_sum_over_time":374795.8499999999,
  "final_leftover_capacity_sum":373233.8,
  "final_leftover_capacity_min":3.2,
  "final_leftover_capacity_max":2599.2,
  "final_leftover_capacity_avg":1188.6426751592,
  "avg_e2e_delay_accepted":0.0349320771,
  "p95_e2e_delay_accepted":0.0782804394,
  "avg_access_delay_accepted":0.0081307764,
  "avg_processing_delay_accepted":0.0253168119,
  "avg_network_delay_accepted":0.0014844889,
  "avg_split_proc_overhead_accepted":0.0,
  "avg_split_net_overhead_accepted":0.0,
  "total_transmitted_bits_accepted":23171433.1616384499,
  "avg_transmitted_bits_per_accepted":224965.3705013442,
  "total_split_transmitted_bits_accepted":0.0,
  "avg_split_transmitted_bits_per_accepted":0.0,
  "avg_split_overhead_ratio_accepted":0.0,
  "p95_split_overhead_ratio_accepted":0.0,
  "rga_accepted_total":103,
  "rga_rejected_total":1266,
  "rga_rejection_ratio":0.9247626004,
  "mdca_rejected_total":0,
  "mdca_capacity_rejected_total":0,
  "mdca_reliability_rejected_total":0,
  "mdca_qos_rejected_total":0,
  "mdca_rejection_ratio":0.0,
  "capacity_rejection_ratio":0.0,
  "reliability_rejection_ratio":0.0,
  "qos_rejected_total":0,
  "qos_rejection_ratio":0.0
}