{
  "algo":"mdca",
  "region":"Alabama",
  "time_slots":120,
  "arrival_rate":20.0,
  "mean_service_time":9.0,
  "seed":2,
  "trace_seed":12973337267159549668,
  "algo_seed":16121394405342853155,
  "trace_hash":"a3934cc5f24c37c1a1bda5a8636d40d8eea6036d2104d1c78cd89305926f3631",
  "arrivals_per_slot":[
    17,
    17,
    25,
    15,
    12,
    13,
    17,
    21,
    22,
    22,
    32,
    15,
    19,
    18,
    16,
    23,
    16,
    18,
    20,
    22,
    21,
    29,
    22,
    27,
    20,
    20,
    18,
    27,
    23,
    25,
    26,
    18,
    21,
    21,
    14,
    14,
    16,
    26,
    22,
    19,
    19,
    25,
    20,
    20,
    14,
    25,
    24,
    24,
    18,
    15,
    27,
    15,
    16,
    21,
    12,
    20,
    21,
    21,
    17,
    24,
    18,
    14,
    23,
    14,
    18,
    16,
    22,
    18,
    21,
    27,
    16,
    10,
    22,
    18,
    23,
    24,
    17,
    19,
    18,
    17,
    19,
    21,
    22,
    18,
    17,
    18,
    21,
    22,
    23,
    24,
    20,
    17,
    24,
    16,
    26,
    13,
    21,
    24,
    24,
    20,
    14,
    25,
    16,
    14,
    22,
    17,
    17,
    22,
    16,
    16,
    18,
    12,
    27,
    22,
    22,
    24,
    22,
    18,
    20,
    16
  ],
  "diversity":false,
  "p_split":null,
  "split_reliability_mode":null,
  "mechanism":null,
  "fixed_sfc_len":6,
  "fixed_reliability":null,
  "max_backup_level":2,
  "explicit_split_replicas":false,
  "split_enforce_distinct":false,
  "strict_split_resource_ablation":false,
  "split_replica_resource_scale":1.0,
  "cap_base_min":500,
  "cap_base_max":700,
  "cap_scale":0.2,
  "total_arrivals":2372,
  "total_accepted":1181,
  "total_rejected":1191,
  "acceptance_ratio":0.4978920742,
  "avg_cost_per_arrival":43.5007669954,
  "total_cost":103183.8193131624,
  "total_cost_resource":77088.8193131624,
  "avg_cost_per_accepted":87.3698724074,
  "final_utilization":0.9669318698,
  "avg_utilization_over_time":0.9534366308,
  "avg_leftover_capacity_sum_over_time":8056.6083333333,
  "final_leftover_capacity_sum":5721.6,
  "final_leftover_capacity_min":0.0,
  "final_leftover_capacity_max":479.6,
  "final_leftover_capacity_avg":41.7635036496,
  "avg_e2e_delay_accepted":0.1327015675,
  "p95_e2e_delay_accepted":0.1961341871,
  "avg_access_delay_accepted":0.0080486449,
  "avg_processing_delay_accepted":0.1056389796,
  "avg_network_delay_accepted":0.019013943,
  "avg_split_proc_overhead_accepted":0.0,
  "avg_split_net_overhead_accepted":0.0,
  "total_transmitted_bits_accepted":3759861764.4950504303,
  "avg_transmitted_bits_per_accepted":3183625.5414860714,
  "total_split_transmitted_bits_accepted":0.0,
  "avg_split_transmitted_bits_per_accepted":0.0,
  "avg_split_overhead_ratio_accepted":0.0,
  "p95_split_overhead_ratio_accepted":0.0,
  "rga_accepted_total":2372,
  "rga_rejected_total":0,
  "rga_rejection_ratio":0.0,
  "mdca_rejected_total":1191,
  "mdca_capacity_rejected_total":1075,
  "mdca_reliability_rejected_total":0,
  "mdca_qos_rejected_total":116,
  "mdca_rejection_ratio":0.5021079258,
  "capacity_rejection_ratio":0.4532040472,
  "reliability_rejection_ratio":0.0,
  "qos_rejected_total":116,
  "qos_rejection_ratio":0.0489038786
}