region,fixed_reliability,seed,method,share,share_tag,domain_count,domain_failure_prob,total_accepted,expected_target_satisfaction_ratio,expected_reliability,expected_reliability_loss
Alabama,0.99,5,DMDCA,"0.5,0.5",0p5_0p5,6,0.0,1423,1.0,0.9942409913136224,-1.1102230246251565e-16
Alabama,0.99,5,DMDCA,"0.5,0.5",0p5_0p5,6,0.01,1423,0.9667327950932889,0.9855947774062291,0.008646213907393174
Alabama,0.99,5,DMDCA,"0.5,0.5",0p5_0p5,6,0.03,1423,0.9029625596609627,0.9677907461639857,0.026450245149636564
Alabama,0.99,5,DMDCA,"0.5,0.5",0p5_0p5,6,0.05,1423,0.8427385847461345,0.9493346784618497,0.0449063128517726
Alabama,0.99,5,MDCA,nan,nan,6,0.0,1408,1.0,0.9942686178692519,0.0
Alabama,0.99,5,MDCA,nan,nan,6,0.01,1408,0.9672712835943514,0.9847656604779232,0.00950295739132867
Alabama,0.99,5,MDCA,nan,nan,6,0.03,1408,0.904512826298766,0.9652936404605218,0.028974977408730118
Alabama,0.99,5,MDCA,nan,nan,6,0.05,1408,0.8452176425670275,0.9452332892336827,0.04903532863556925
