{
  "algo":"hspa",
  "region":"Alabama",
  "time_slots":120,
  "arrival_rate":20.0,
  "mean_service_time":9.0,
  "seed":4,
  "trace_seed":11299920209669479896,
  "algo_seed":11781817971983258927,
  "trace_hash":"ac05d0786843a7f63ac18075e0b60ab641771e6477c83b52a85d32e003217b1d",
  "arrivals_per_slot":[
    22,
    20,
    21,
    13,
    17,
    21,
    19,
    22,
    19,
    19,
    22,
    26,
    31,
    21,
    22,
    17,
    21,
    13,
    18,
    15,
    27,
    16,
    16,
    19,
    20,
    22,
    11,
    24,
    14,
    24,
    28,
    26,
    18,
    23,
    21,
    20,
    16,
    15,
    15,
    21,
    20,
    17,
    18,
    18,
    20,
    16,
    22,
    13,
    18,
    14,
    19,
    11,
    27,
    14,
    22,
    25,
    27,
    21,
    27,
    14,
    11,
    9,
    11,
    17,
    11,
    19,
    16,
    21,
    21,
    19,
    14,
    15,
    23,
    28,
    15,
    28,
    19,
    19,
    26,
    20,
    21,
    22,
    11,
    19,
    22,
    17,
    18,
    26,
    16,
    16,
    25,
    20,
    19,
    10,
    26,
    27,
    22,
    15,
    27,
    20,
    33,
    15,
    19,
    28,
    19,
    23,
    20,
    22,
    19,
    13,
    15,
    18,
    13,
    16,
    30,
    28,
    25,
    18,
    25,
    20
  ],
  "diversity":false,
  "p_split":null,
  "split_reliability_mode":null,
  "mechanism":null,
  "fixed_sfc_len":1,
  "fixed_reliability":null,
  "max_backup_level":2,
  "explicit_split_replicas":false,
  "split_enforce_distinct":false,
  "strict_split_resource_ablation":false,
  "split_replica_resource_scale":1.0,
  "cap_base_min":500,
  "cap_base_max":700,
  "cap_scale":0.2,
  "total_arrivals":2358,
  "total_accepted":2358,
  "total_rejected":0,
  "acceptance_ratio":1.0,
  "avg_cost_per_arrival":8.2388567673,
  "total_cost":19427.2242572314,
  "total_cost_resource":12258.2242572315,
  "avg_cost_per_accepted":8.2388567673,
  "final_utilization":0.2932585129,
  "avg_utilization_over_time":0.2832868464,
  "avg_leftover_capacity_sum_over_time":125575.7416666667,
  "final_leftover_capacity_sum":123828.6,
  "final_leftover_capacity_min":2.0,
  "final_leftover_capacity_max":2132.0,
  "final_leftover_capacity_avg":903.8583941606,
  "avg_e2e_delay_accepted":0.0244266001,
  "p95_e2e_delay_accepted":0.0550471361,
  "avg_access_delay_accepted":0.008083818,
  "avg_processing_delay_accepted":0.0163427821,
  "avg_network_delay_accepted":0.0,
  "avg_split_proc_overhead_accepted":0.0,
  "avg_split_net_overhead_accepted":0.0,
  "total_transmitted_bits_accepted":0.0,
  "avg_transmitted_bits_per_accepted":0.0,
  "total_split_transmitted_bits_accepted":0.0,
  "avg_split_transmitted_bits_per_accepted":0.0,
  "avg_split_overhead_ratio_accepted":0.0,
  "p95_split_overhead_ratio_accepted":0.0,
  "rga_accepted_total":2358,
  "rga_rejected_total":0,
  "rga_rejection_ratio":0.0,
  "mdca_rejected_total":0,
  "mdca_capacity_rejected_total":0,
  "mdca_reliability_rejected_total":0,
  "mdca_qos_rejected_total":0,
  "mdca_rejection_ratio":0.0,
  "capacity_rejection_ratio":0.0,
  "reliability_rejection_ratio":0.0,
  "qos_rejected_total":0,
  "qos_rejection_ratio":0.0
}