region,fixed_reliability,seed,method,share,share_tag,domain_count,domain_failure_prob,total_accepted,expected_target_satisfaction_ratio,expected_reliability,expected_reliability_loss
Alabama,0.99,2,DMDCA,"0.5,0.5",0p5_0p5,6,0.0,1378,1.0,0.9940124425357603,6.661338147750939e-16
Alabama,0.99,2,DMDCA,"0.5,0.5",0p5_0p5,6,0.01,1378,0.9672262017088132,0.9851317088581908,0.00888073367757014
Alabama,0.99,2,DMDCA,"0.5,0.5",0p5_0p5,6,0.03,1378,0.9043511836169634,0.9668724320430792,0.027140010492681776
Alabama,0.99,2,DMDCA,"0.5,0.5",0p5_0p5,6,0.05,1378,0.8449079166364295,0.9479804806766821,0.046031961859078874
Alabama,0.99,2,MDCA,nan,nan,6,0.0,1377,1.0,0.9940572906737272,6.661338147750939e-16
Alabama,0.99,2,MDCA,nan,nan,6,0.01,1377,0.9676944163089608,0.9843920242822459,0.009665266391481908
Alabama,0.99,2,MDCA,nan,nan,6,0.03,1377,0.9057046746380762,0.9646292378353912,0.029428052838336605
Alabama,0.99,2,MDCA,nan,nan,6,0.05,1377,0.8470812853917025,0.9443203108917902,0.049736979781937585
