{
  "algo":"random",
  "region":"Arizona",
  "time_slots":120,
  "arrival_rate":40.0,
  "mean_service_time":9.0,
  "seed":5,
  "trace_seed":10028954054166839077,
  "algo_seed":1537971742767984452,
  "trace_hash":"361bfa4d1edb7dec907fe741703a8d7eede2bc4516ac025c4b49fe219a9609bc",
  "arrivals_per_slot":[
    43,
    33,
    43,
    38,
    39,
    43,
    36,
    44,
    35,
    38,
    48,
    36,
    38,
    36,
    37,
    39,
    34,
    40,
    44,
    36,
    48,
    39,
    33,
    32,
    42,
    34,
    41,
    40,
    41,
    45,
    37,
    49,
    51,
    41,
    42,
    44,
    36,
    44,
    44,
    34,
    40,
    44,
    41,
    43,
    39,
    38,
    36,
    32,
    44,
    40,
    43,
    41,
    41,
    39,
    34,
    54,
    44,
    43,
    42,
    57,
    49,
    50,
    42,
    41,
    33,
    49,
    52,
    32,
    39,
    43,
    37,
    32,
    45,
    48,
    39,
    46,
    38,
    40,
    42,
    47,
    32,
    41,
    42,
    35,
    38,
    29,
    40,
    51,
    43,
    34,
    33,
    34,
    41,
    48,
    44,
    46,
    45,
    36,
    36,
    33,
    57,
    38,
    25,
    35,
    37,
    46,
    42,
    35,
    40,
    38,
    44,
    31,
    42,
    39,
    31,
    44,
    33,
    48,
    41,
    56
  ],
  "diversity":false,
  "p_split":null,
  "split_reliability_mode":null,
  "mechanism":null,
  "fixed_sfc_len":null,
  "fixed_reliability":null,
  "max_backup_level":2,
  "explicit_split_replicas":false,
  "split_enforce_distinct":false,
  "strict_split_resource_ablation":false,
  "split_replica_resource_scale":1.0,
  "cap_base_min":500,
  "cap_base_max":700,
  "cap_scale":0.2,
  "total_arrivals":4859,
  "total_accepted":3620,
  "total_rejected":1239,
  "acceptance_ratio":0.7450092612,
  "avg_cost_per_arrival":41.2297031975,
  "total_cost":200335.1278368262,
  "total_cost_resource":152353.1278368261,
  "avg_cost_per_accepted":55.341195535,
  "final_utilization":0.9450379515,
  "avg_utilization_over_time":0.9124919179,
  "avg_leftover_capacity_sum_over_time":32707.6333333333,
  "final_leftover_capacity_sum":20543.0,
  "final_leftover_capacity_min":0.0,
  "final_leftover_capacity_max":244.2,
  "final_leftover_capacity_avg":65.423566879,
  "avg_e2e_delay_accepted":0.0653359882,
  "p95_e2e_delay_accepted":0.1302400879,
  "avg_access_delay_accepted":0.008056342,
  "avg_processing_delay_accepted":0.0482656021,
  "avg_network_delay_accepted":0.0090140441,
  "avg_split_proc_overhead_accepted":0.0,
  "avg_split_net_overhead_accepted":0.0,
  "total_transmitted_bits_accepted":5152469067.0122232437,
  "avg_transmitted_bits_per_accepted":1423333.9964122165,
  "total_split_transmitted_bits_accepted":0.0,
  "avg_split_transmitted_bits_per_accepted":0.0,
  "avg_split_overhead_ratio_accepted":0.0,
  "p95_split_overhead_ratio_accepted":0.0,
  "rga_accepted_total":4859,
  "rga_rejected_total":0,
  "rga_rejection_ratio":0.0,
  "mdca_rejected_total":1239,
  "mdca_capacity_rejected_total":1204,
  "mdca_reliability_rejected_total":0,
  "mdca_qos_rejected_total":35,
  "mdca_rejection_ratio":0.2549907388,
  "capacity_rejection_ratio":0.2477876106,
  "reliability_rejection_ratio":0.0,
  "qos_rejected_total":35,
  "qos_rejection_ratio":0.0072031282
}