{
  "algo":"dtsp",
  "region":"Arizona",
  "time_slots":120,
  "arrival_rate":40.0,
  "mean_service_time":9.0,
  "seed":4,
  "trace_seed":5543894205965261079,
  "algo_seed":12873430469308396488,
  "trace_hash":"19da9ba302f4d7e01bf973ea345d7ad56f53bef0bb7be66347819ffef40e83d0",
  "arrivals_per_slot":[
    35,
    36,
    38,
    31,
    36,
    43,
    35,
    41,
    37,
    39,
    51,
    28,
    43,
    42,
    54,
    28,
    27,
    34,
    42,
    35,
    49,
    42,
    32,
    39,
    50,
    41,
    34,
    45,
    40,
    50,
    36,
    56,
    34,
    36,
    34,
    40,
    46,
    38,
    29,
    36,
    49,
    41,
    28,
    43,
    34,
    36,
    36,
    35,
    52,
    32,
    32,
    44,
    46,
    47,
    41,
    32,
    41,
    37,
    47,
    37,
    33,
    37,
    40,
    43,
    43,
    43,
    34,
    43,
    37,
    48,
    36,
    43,
    39,
    32,
    38,
    38,
    39,
    37,
    35,
    39,
    29,
    30,
    32,
    43,
    38,
    50,
    32,
    37,
    40,
    41,
    35,
    37,
    44,
    41,
    44,
    36,
    45,
    38,
    52,
    40,
    37,
    44,
    41,
    41,
    38,
    28,
    41,
    43,
    49,
    33,
    52,
    42,
    33,
    33,
    45,
    48,
    60,
    43,
    39,
    48
  ],
  "diversity":false,
  "p_split":null,
  "split_reliability_mode":null,
  "mechanism":null,
  "fixed_sfc_len":null,
  "fixed_reliability":null,
  "max_backup_level":2,
  "explicit_split_replicas":false,
  "split_enforce_distinct":false,
  "strict_split_resource_ablation":false,
  "split_replica_resource_scale":1.0,
  "cap_base_min":500,
  "cap_base_max":700,
  "cap_scale":0.2,
  "total_arrivals":4751,
  "total_accepted":4178,
  "total_rejected":573,
  "acceptance_ratio":0.8793938118,
  "avg_cost_per_arrival":40.2506949695,
  "total_cost":191231.051800223,
  "total_cost_resource":146224.0518002229,
  "avg_cost_per_accepted":45.7709554333,
  "final_utilization":0.9733135901,
  "avg_utilization_over_time":0.9138815726,
  "avg_leftover_capacity_sum_over_time":31859.3916666667,
  "final_leftover_capacity_sum":9872.6,
  "final_leftover_capacity_min":0.0,
  "final_leftover_capacity_max":366.0,
  "final_leftover_capacity_avg":31.4414012739,
  "avg_e2e_delay_accepted":0.0655129715,
  "p95_e2e_delay_accepted":0.1263274299,
  "avg_access_delay_accepted":0.0080659577,
  "avg_processing_delay_accepted":0.0483057109,
  "avg_network_delay_accepted":0.0091413029,
  "avg_split_proc_overhead_accepted":0.0,
  "avg_split_net_overhead_accepted":0.0,
  "total_transmitted_bits_accepted":6159171180.9892225266,
  "avg_transmitted_bits_per_accepted":1474191.2831472529,
  "total_split_transmitted_bits_accepted":0.0,
  "avg_split_transmitted_bits_per_accepted":0.0,
  "avg_split_overhead_ratio_accepted":0.0,
  "p95_split_overhead_ratio_accepted":0.0,
  "rga_accepted_total":4751,
  "rga_rejected_total":0,
  "rga_rejection_ratio":0.0,
  "mdca_rejected_total":573,
  "mdca_capacity_rejected_total":547,
  "mdca_reliability_rejected_total":0,
  "mdca_qos_rejected_total":26,
  "mdca_rejection_ratio":0.1206061882,
  "capacity_rejection_ratio":0.1151336561,
  "reliability_rejection_ratio":0.0,
  "qos_rejected_total":26,
  "qos_rejection_ratio":0.0054725321
}