{
  "algo":"random",
  "region":"Arizona",
  "time_slots":120,
  "arrival_rate":12.0,
  "mean_service_time":9.0,
  "seed":5,
  "trace_seed":1860042183695613465,
  "algo_seed":1537971742767984452,
  "trace_hash":"46f46a17bd2d29bd1f9aa2971794fa3da4a6bb290c4be2d14a74b69d6ec67bd8",
  "arrivals_per_slot":[
    13,
    12,
    8,
    6,
    13,
    11,
    9,
    17,
    10,
    13,
    6,
    8,
    11,
    8,
    11,
    15,
    10,
    8,
    7,
    13,
    11,
    7,
    13,
    13,
    9,
    19,
    11,
    11,
    9,
    12,
    13,
    8,
    13,
    18,
    12,
    10,
    14,
    16,
    6,
    7,
    14,
    16,
    11,
    5,
    16,
    14,
    19,
    15,
    11,
    10,
    18,
    20,
    8,
    10,
    16,
    13,
    11,
    13,
    8,
    10,
    9,
    12,
    17,
    9,
    12,
    12,
    10,
    5,
    12,
    14,
    7,
    14,
    18,
    18,
    14,
    14,
    9,
    11,
    11,
    9,
    14,
    12,
    13,
    10,
    13,
    15,
    16,
    13,
    13,
    17,
    17,
    8,
    9,
    9,
    11,
    9,
    12,
    9,
    7,
    16,
    12,
    13,
    13,
    12,
    14,
    7,
    8,
    18,
    13,
    14,
    18,
    14,
    13,
    13,
    10,
    17,
    17,
    13,
    12,
    14
  ],
  "diversity":false,
  "p_split":null,
  "split_reliability_mode":null,
  "mechanism":null,
  "fixed_sfc_len":null,
  "fixed_reliability":0.93,
  "max_backup_level":2,
  "explicit_split_replicas":false,
  "split_enforce_distinct":false,
  "strict_split_resource_ablation":false,
  "split_replica_resource_scale":1.0,
  "cap_base_min":500,
  "cap_base_max":700,
  "cap_scale":0.2,
  "total_arrivals":1444,
  "total_accepted":1431,
  "total_rejected":13,
  "acceptance_ratio":0.9909972299,
  "avg_cost_per_arrival":54.5392399716,
  "total_cost":78754.6625189291,
  "total_cost_resource":60459.6625189292,
  "avg_cost_per_accepted":55.0347047651,
  "final_utilization":0.4138874397,
  "avg_utilization_over_time":0.3522767395,
  "avg_leftover_capacity_sum_over_time":245333.2166666666,
  "final_leftover_capacity_sum":221997.4,
  "final_leftover_capacity_min":1.0,
  "final_leftover_capacity_max":1990.0,
  "final_leftover_capacity_avg":706.998089172,
  "avg_e2e_delay_accepted":0.0647713828,
  "p95_e2e_delay_accepted":0.1277271423,
  "avg_access_delay_accepted":0.0080644903,
  "avg_processing_delay_accepted":0.0473748865,
  "avg_network_delay_accepted":0.0093320061,
  "avg_split_proc_overhead_accepted":0.0,
  "avg_split_net_overhead_accepted":0.0,
  "total_transmitted_bits_accepted":2164111199.3187332153,
  "avg_transmitted_bits_per_accepted":1512306.9177629163,
  "total_split_transmitted_bits_accepted":0.0,
  "avg_split_transmitted_bits_per_accepted":0.0,
  "avg_split_overhead_ratio_accepted":0.0,
  "p95_split_overhead_ratio_accepted":0.0,
  "rga_accepted_total":1444,
  "rga_rejected_total":0,
  "rga_rejection_ratio":0.0,
  "mdca_rejected_total":13,
  "mdca_capacity_rejected_total":0,
  "mdca_reliability_rejected_total":0,
  "mdca_qos_rejected_total":13,
  "mdca_rejection_ratio":0.0090027701,
  "capacity_rejection_ratio":0.0,
  "reliability_rejection_ratio":0.0,
  "qos_rejected_total":13,
  "qos_rejection_ratio":0.0090027701
}