{
  "algo":"mdca",
  "region":"Alabama",
  "time_slots":120,
  "arrival_rate":12.0,
  "mean_service_time":9.0,
  "seed":4,
  "trace_seed":9077251819024518706,
  "algo_seed":16336488235466383848,
  "trace_hash":"e61330fbee8b7abca866352b1feaa9ab3600ef7756c2b35074bbb3e25dbd4f7c",
  "arrivals_per_slot":[
    8,
    19,
    9,
    20,
    16,
    14,
    14,
    11,
    9,
    12,
    8,
    19,
    9,
    6,
    10,
    20,
    11,
    8,
    13,
    10,
    13,
    13,
    12,
    14,
    6,
    13,
    12,
    15,
    21,
    10,
    15,
    12,
    9,
    15,
    11,
    14,
    10,
    13,
    12,
    12,
    9,
    16,
    15,
    12,
    8,
    10,
    17,
    15,
    13,
    6,
    14,
    10,
    13,
    8,
    18,
    8,
    21,
    7,
    7,
    9,
    21,
    16,
    10,
    16,
    11,
    13,
    10,
    8,
    8,
    9,
    19,
    12,
    8,
    12,
    19,
    15,
    10,
    7,
    11,
    12,
    9,
    11,
    11,
    19,
    7,
    8,
    10,
    9,
    16,
    10,
    11,
    17,
    17,
    8,
    17,
    8,
    16,
    9,
    15,
    10,
    14,
    12,
    18,
    7,
    11,
    13,
    17,
    7,
    16,
    12,
    14,
    13,
    9,
    8,
    16,
    10,
    9,
    7,
    9,
    14
  ],
  "diversity":false,
  "p_split":null,
  "split_reliability_mode":null,
  "split_recovery_coverage":null,
  "split_workload_shares":null,
  "mechanism":null,
  "fixed_sfc_len":null,
  "fixed_reliability":0.95,
  "max_backup_level":2,
  "explicit_split_replicas":false,
  "split_enforce_distinct":false,
  "strict_split_resource_ablation":false,
  "split_replica_resource_scale":1.0,
  "backhaul_knn_k":4,
  "backhaul_use_device_bw":true,
  "backhaul_bw_scale":0.5,
  "fiber_speed_mps":200000000.0,
  "switch_delay_s":0.0002,
  "region_cloudlet_count":137,
  "cap_base_min":500,
  "cap_base_max":700,
  "cap_scale":0.2,
  "total_arrivals":1455,
  "total_accepted":1443,
  "total_rejected":12,
  "acceptance_ratio":0.9917525773,
  "avg_cost_per_arrival":40.8948618987,
  "total_cost":59502.0240625882,
  "total_cost_resource":44030.0240625882,
  "avg_cost_per_accepted":41.2349439103,
  "final_utilization":0.7029368442,
  "avg_utilization_over_time":0.6476004583,
  "avg_leftover_capacity_sum_over_time":60577.0583333333,
  "final_leftover_capacity_sum":51064.8,
  "final_leftover_capacity_min":0.0,
  "final_leftover_capacity_max":1812.2,
  "final_leftover_capacity_avg":372.7357664234,
  "avg_e2e_delay_accepted":0.0637427153,
  "p95_e2e_delay_accepted":0.1284595368,
  "avg_access_delay_accepted":0.0080325728,
  "avg_processing_delay_accepted":0.0480246617,
  "avg_network_delay_accepted":0.0076854808,
  "avg_split_proc_overhead_accepted":0.0,
  "avg_split_net_overhead_accepted":0.0,
  "total_transmitted_bits_accepted":1850442293.761275053,
  "avg_transmitted_bits_per_accepted":1282357.7919343556,
  "total_split_transmitted_bits_accepted":0.0,
  "avg_split_transmitted_bits_per_accepted":0.0,
  "avg_split_overhead_ratio_accepted":0.0,
  "p95_split_overhead_ratio_accepted":0.0,
  "rga_accepted_total":1455,
  "rga_rejected_total":0,
  "rga_rejection_ratio":0.0,
  "mdca_rejected_total":12,
  "mdca_capacity_rejected_total":0,
  "mdca_reliability_rejected_total":0,
  "mdca_qos_rejected_total":12,
  "mdca_rejection_ratio":0.0082474227,
  "capacity_rejection_ratio":0.0,
  "reliability_rejection_ratio":0.0,
  "qos_rejected_total":12,
  "qos_rejection_ratio":0.0082474227,
  "placement_trace_path":"D:\\Study\\Code_1\\paper_data\\workload_sharing_sensitivity\\Alabama\\R0p950\\MDCA\\seed4\\placement_trace_Alabama_mdca_seed4.json"
}