{
  "algo":"mdca",
  "region":"Alabama",
  "time_slots":120,
  "arrival_rate":20.0,
  "mean_service_time":9.0,
  "seed":1,
  "trace_seed":1987672711709793210,
  "algo_seed":14880128096359974019,
  "trace_hash":"de0e4170b4681392c706e0a637de7ac59ca242bb95f8b7891be3435acc6a560f",
  "arrivals_per_slot":[
    20,
    19,
    26,
    22,
    24,
    17,
    21,
    24,
    21,
    23,
    14,
    16,
    22,
    25,
    23,
    15,
    20,
    18,
    18,
    25,
    20,
    19,
    12,
    25,
    20,
    23,
    12,
    22,
    10,
    16,
    24,
    17,
    9,
    19,
    28,
    23,
    21,
    21,
    20,
    24,
    22,
    22,
    24,
    19,
    14,
    14,
    21,
    25,
    14,
    24,
    20,
    14,
    16,
    21,
    15,
    21,
    13,
    18,
    23,
    19,
    25,
    25,
    19,
    18,
    28,
    19,
    16,
    25,
    19,
    17,
    14,
    14,
    22,
    20,
    17,
    21,
    23,
    26,
    20,
    26,
    22,
    22,
    12,
    20,
    17,
    20,
    18,
    15,
    23,
    18,
    18,
    20,
    21,
    19,
    19,
    23,
    25,
    19,
    22,
    18,
    30,
    26,
    23,
    17,
    20,
    15,
    18,
    16,
    19,
    24,
    19,
    18,
    33,
    20,
    16,
    24,
    16,
    19,
    31,
    19
  ],
  "diversity":false,
  "p_split":null,
  "split_reliability_mode":null,
  "split_recovery_coverage":null,
  "split_workload_shares":null,
  "mechanism":null,
  "fixed_sfc_len":6,
  "fixed_reliability":null,
  "max_backup_level":2,
  "explicit_split_replicas":false,
  "split_enforce_distinct":false,
  "strict_split_resource_ablation":false,
  "split_replica_resource_scale":1.0,
  "cap_base_min":500,
  "cap_base_max":700,
  "cap_scale":0.2,
  "total_arrivals":2405,
  "total_accepted":1175,
  "total_rejected":1230,
  "acceptance_ratio":0.4885654886,
  "avg_cost_per_arrival":38.8597722201,
  "total_cost":93457.7521892665,
  "total_cost_resource":67481.7521892665,
  "avg_cost_per_accepted":79.5385125015,
  "final_utilization":0.9663514985,
  "avg_utilization_over_time":0.9578144108,
  "avg_leftover_capacity_sum_over_time":7483.1666666667,
  "final_leftover_capacity_sum":5968.8,
  "final_leftover_capacity_min":0.4,
  "final_leftover_capacity_max":840.0,
  "final_leftover_capacity_avg":43.5678832117,
  "avg_e2e_delay_accepted":0.1335288669,
  "p95_e2e_delay_accepted":0.1909465678,
  "avg_access_delay_accepted":0.0081591235,
  "avg_processing_delay_accepted":0.1069412261,
  "avg_network_delay_accepted":0.0184285173,
  "avg_split_proc_overhead_accepted":0.0,
  "avg_split_net_overhead_accepted":0.0,
  "total_transmitted_bits_accepted":3729182220.4587759972,
  "avg_transmitted_bits_per_accepted":3173772.1025181073,
  "total_split_transmitted_bits_accepted":0.0,
  "avg_split_transmitted_bits_per_accepted":0.0,
  "avg_split_overhead_ratio_accepted":0.0,
  "p95_split_overhead_ratio_accepted":0.0,
  "rga_accepted_total":2405,
  "rga_rejected_total":0,
  "rga_rejection_ratio":0.0,
  "mdca_rejected_total":1230,
  "mdca_capacity_rejected_total":1120,
  "mdca_reliability_rejected_total":0,
  "mdca_qos_rejected_total":110,
  "mdca_rejection_ratio":0.5114345114,
  "capacity_rejection_ratio":0.4656964657,
  "reliability_rejection_ratio":0.0,
  "qos_rejected_total":110,
  "qos_rejection_ratio":0.0457380457,
  "placement_trace_path":"D:\\Study\\Code_1\\paper_data\\large_scale_lb_reference\\split_enabled\\length\\Alabama\\fixed_sfc_len_6\\MDCA\\seed1\\placement_trace_Alabama_mdca_seed1.json"
}