{
  "algo":"mdca",
  "region":"Alabama",
  "time_slots":120,
  "arrival_rate":20.0,
  "mean_service_time":9.0,
  "seed":5,
  "trace_seed":3226756744642050676,
  "algo_seed":10056931585136477576,
  "trace_hash":"42fdda37b2ebbe1e2230d3b0825b2180a84a7e984e87d24921fcb191cb607683",
  "arrivals_per_slot":[
    14,
    26,
    16,
    31,
    16,
    21,
    16,
    22,
    20,
    18,
    19,
    12,
    17,
    27,
    19,
    17,
    18,
    23,
    16,
    15,
    15,
    20,
    16,
    19,
    16,
    13,
    22,
    19,
    27,
    14,
    13,
    16,
    13,
    10,
    23,
    10,
    23,
    17,
    22,
    10,
    22,
    20,
    27,
    24,
    18,
    16,
    22,
    22,
    19,
    21,
    23,
    18,
    20,
    21,
    23,
    21,
    21,
    17,
    21,
    25,
    33,
    17,
    22,
    18,
    20,
    25,
    22,
    20,
    24,
    24,
    19,
    24,
    27,
    21,
    28,
    30,
    17,
    11,
    23,
    19,
    13,
    18,
    25,
    25,
    13,
    18,
    22,
    17,
    20,
    28,
    20,
    13,
    29,
    16,
    25,
    19,
    19,
    30,
    21,
    25,
    15,
    15,
    19,
    19,
    14,
    19,
    16,
    22,
    20,
    22,
    20,
    20,
    20,
    20,
    16,
    20,
    21,
    21,
    30,
    22
  ],
  "diversity":false,
  "p_split":null,
  "split_reliability_mode":null,
  "mechanism":null,
  "fixed_sfc_len":3,
  "fixed_reliability":null,
  "max_backup_level":2,
  "explicit_split_replicas":false,
  "split_enforce_distinct":false,
  "strict_split_resource_ablation":false,
  "split_replica_resource_scale":1.0,
  "cap_base_min":500,
  "cap_base_max":700,
  "cap_scale":0.2,
  "total_arrivals":2393,
  "total_accepted":2136,
  "total_rejected":257,
  "acceptance_ratio":0.8926034267,
  "avg_cost_per_arrival":36.8070146952,
  "total_cost":88079.1861655288,
  "total_cost_resource":65846.1861655288,
  "avg_cost_per_accepted":41.2355740475,
  "final_utilization":0.9686041853,
  "avg_utilization_over_time":0.8866865068,
  "avg_leftover_capacity_sum_over_time":19966.7666666667,
  "final_leftover_capacity_sum":5532.2,
  "final_leftover_capacity_min":0.0,
  "final_leftover_capacity_max":316.8,
  "final_leftover_capacity_avg":40.3810218978,
  "avg_e2e_delay_accepted":0.0647055712,
  "p95_e2e_delay_accepted":0.1086343961,
  "avg_access_delay_accepted":0.0080336133,
  "avg_processing_delay_accepted":0.0492849473,
  "avg_network_delay_accepted":0.0073870106,
  "avg_split_proc_overhead_accepted":0.0,
  "avg_split_net_overhead_accepted":0.0,
  "total_transmitted_bits_accepted":2688399810.6626472473,
  "avg_transmitted_bits_per_accepted":1258614.143568655,
  "total_split_transmitted_bits_accepted":0.0,
  "avg_split_transmitted_bits_per_accepted":0.0,
  "avg_split_overhead_ratio_accepted":0.0,
  "p95_split_overhead_ratio_accepted":0.0,
  "rga_accepted_total":2393,
  "rga_rejected_total":0,
  "rga_rejection_ratio":0.0,
  "mdca_rejected_total":257,
  "mdca_capacity_rejected_total":246,
  "mdca_reliability_rejected_total":0,
  "mdca_qos_rejected_total":11,
  "mdca_rejection_ratio":0.1073965733,
  "capacity_rejection_ratio":0.1027998328,
  "reliability_rejection_ratio":0.0,
  "qos_rejected_total":11,
  "qos_rejection_ratio":0.0045967405
}