{
  "algo":"hspa",
  "region":"Alabama",
  "time_slots":120,
  "arrival_rate":5.0,
  "mean_service_time":9.0,
  "seed":5,
  "trace_seed":5826856325328462550,
  "algo_seed":1071169149524359896,
  "trace_hash":"f5f09c66974182d8572e3f6fab427ed30930fd2d589e1dd6a6ae01f265ddba1b",
  "arrivals_per_slot":[
    5,
    6,
    3,
    5,
    4,
    2,
    8,
    5,
    2,
    4,
    7,
    8,
    6,
    5,
    7,
    5,
    4,
    2,
    4,
    6,
    4,
    5,
    4,
    4,
    3,
    5,
    3,
    10,
    7,
    2,
    3,
    7,
    5,
    6,
    2,
    6,
    5,
    5,
    6,
    3,
    5,
    5,
    3,
    5,
    3,
    5,
    6,
    6,
    10,
    5,
    7,
    7,
    6,
    10,
    2,
    3,
    6,
    5,
    4,
    6,
    4,
    3,
    4,
    3,
    6,
    6,
    5,
    11,
    2,
    6,
    5,
    4,
    1,
    4,
    6,
    8,
    2,
    5,
    5,
    4,
    6,
    2,
    7,
    7,
    3,
    8,
    9,
    7,
    8,
    2,
    6,
    4,
    3,
    6,
    5,
    3,
    3,
    8,
    5,
    5,
    7,
    8,
    7,
    7,
    2,
    6,
    2,
    1,
    5,
    4,
    7,
    4,
    5,
    4,
    5,
    4,
    10,
    6,
    8,
    8
  ],
  "diversity":false,
  "p_split":null,
  "split_reliability_mode":null,
  "mechanism":null,
  "fixed_sfc_len":null,
  "fixed_reliability":null,
  "max_backup_level":2,
  "explicit_split_replicas":false,
  "split_enforce_distinct":false,
  "strict_split_resource_ablation":false,
  "split_replica_resource_scale":1.0,
  "cap_base_min":500,
  "cap_base_max":700,
  "cap_scale":0.2,
  "total_arrivals":613,
  "total_accepted":604,
  "total_rejected":9,
  "acceptance_ratio":0.9853181077,
  "avg_cost_per_arrival":35.0782921145,
  "total_cost":21502.9930662119,
  "total_cost_resource":13901.9930662119,
  "avg_cost_per_accepted":35.6009818977,
  "final_utilization":0.4016004911,
  "avg_utilization_over_time":0.2958219415,
  "avg_leftover_capacity_sum_over_time":123422.1333333333,
  "final_leftover_capacity_sum":104882.2,
  "final_leftover_capacity_min":2.0,
  "final_leftover_capacity_max":1891.2,
  "final_leftover_capacity_avg":765.5635036496,
  "avg_e2e_delay_accepted":0.0635518753,
  "p95_e2e_delay_accepted":0.123019153,
  "avg_access_delay_accepted":0.0080980719,
  "avg_processing_delay_accepted":0.0488039238,
  "avg_network_delay_accepted":0.0066498795,
  "avg_split_proc_overhead_accepted":0.0,
  "avg_split_net_overhead_accepted":0.0,
  "total_transmitted_bits_accepted":751699925.3465414047,
  "avg_transmitted_bits_per_accepted":1244536.3002426182,
  "total_split_transmitted_bits_accepted":0.0,
  "avg_split_transmitted_bits_per_accepted":0.0,
  "avg_split_overhead_ratio_accepted":0.0,
  "p95_split_overhead_ratio_accepted":0.0,
  "rga_accepted_total":613,
  "rga_rejected_total":0,
  "rga_rejection_ratio":0.0,
  "mdca_rejected_total":9,
  "mdca_capacity_rejected_total":0,
  "mdca_reliability_rejected_total":0,
  "mdca_qos_rejected_total":9,
  "mdca_rejection_ratio":0.0146818923,
  "capacity_rejection_ratio":0.0,
  "reliability_rejection_ratio":0.0,
  "qos_rejected_total":9,
  "qos_rejection_ratio":0.0146818923
}