{
  "algo":"mdca",
  "region":"Alabama",
  "time_slots":120,
  "arrival_rate":10.0,
  "mean_service_time":9.0,
  "seed":3,
  "trace_seed":7863115835460482656,
  "algo_seed":8021305762253439011,
  "trace_hash":"38f13814d115bbba8c22d53c831318a670ac1034d478eabc585dcdc6d61ae720",
  "arrivals_per_slot":[
    10,
    10,
    3,
    8,
    15,
    9,
    11,
    10,
    11,
    9,
    10,
    10,
    11,
    9,
    9,
    5,
    11,
    14,
    8,
    10,
    4,
    6,
    14,
    13,
    13,
    7,
    11,
    9,
    17,
    11,
    12,
    14,
    6,
    15,
    4,
    7,
    13,
    13,
    7,
    12,
    9,
    8,
    5,
    10,
    9,
    9,
    8,
    9,
    9,
    8,
    8,
    3,
    5,
    12,
    12,
    11,
    13,
    8,
    9,
    8,
    9,
    13,
    12,
    9,
    9,
    8,
    9,
    8,
    12,
    8,
    14,
    11,
    12,
    12,
    7,
    6,
    9,
    8,
    12,
    14,
    12,
    7,
    8,
    12,
    8,
    7,
    12,
    10,
    18,
    12,
    5,
    11,
    9,
    13,
    14,
    9,
    17,
    8,
    11,
    10,
    6,
    9,
    11,
    14,
    12,
    13,
    14,
    6,
    12,
    8,
    11,
    8,
    7,
    12,
    13,
    11,
    10,
    10,
    2,
    10
  ],
  "diversity":false,
  "p_split":null,
  "split_reliability_mode":null,
  "split_recovery_coverage":null,
  "split_workload_shares":null,
  "mechanism":null,
  "fixed_sfc_len":3,
  "fixed_reliability":0.999,
  "max_backup_level":2,
  "explicit_split_replicas":false,
  "split_enforce_distinct":false,
  "strict_split_resource_ablation":false,
  "split_replica_resource_scale":1.0,
  "backhaul_knn_k":4,
  "backhaul_use_device_bw":true,
  "backhaul_bw_scale":0.5,
  "fiber_speed_mps":200000000.0,
  "switch_delay_s":0.0002,
  "region_cloudlet_count":137,
  "cap_base_min":500,
  "cap_base_max":700,
  "cap_scale":0.2,
  "total_arrivals":1188,
  "total_accepted":788,
  "total_rejected":400,
  "acceptance_ratio":0.6632996633,
  "avg_cost_per_arrival":39.8194050887,
  "total_cost":47305.453245416,
  "total_cost_resource":33719.453245416,
  "avg_cost_per_accepted":60.0323010729,
  "final_utilization":0.5544613665,
  "avg_utilization_over_time":0.5384744856,
  "avg_leftover_capacity_sum_over_time":79953.9416666667,
  "final_leftover_capacity_sum":77184.4,
  "final_leftover_capacity_min":0.0,
  "final_leftover_capacity_max":2048.0,
  "final_leftover_capacity_avg":563.3897810219,
  "avg_e2e_delay_accepted":0.0644698758,
  "p95_e2e_delay_accepted":0.1146808591,
  "avg_access_delay_accepted":0.0080663745,
  "avg_processing_delay_accepted":0.0490330527,
  "avg_network_delay_accepted":0.0073704486,
  "avg_split_proc_overhead_accepted":0.0,
  "avg_split_net_overhead_accepted":0.0,
  "total_transmitted_bits_accepted":993965343.3704022169,
  "avg_transmitted_bits_per_accepted":1261377.339302541,
  "total_split_transmitted_bits_accepted":0.0,
  "avg_split_transmitted_bits_per_accepted":0.0,
  "avg_split_overhead_ratio_accepted":0.0,
  "p95_split_overhead_ratio_accepted":0.0,
  "rga_accepted_total":791,
  "rga_rejected_total":397,
  "rga_rejection_ratio":0.3341750842,
  "mdca_rejected_total":3,
  "mdca_capacity_rejected_total":0,
  "mdca_reliability_rejected_total":0,
  "mdca_qos_rejected_total":3,
  "mdca_rejection_ratio":0.0025252525,
  "capacity_rejection_ratio":0.0,
  "reliability_rejection_ratio":0.0,
  "qos_rejected_total":3,
  "qos_rejection_ratio":0.0025252525
}