{
  "algo":"mdca",
  "region":"Alabama",
  "time_slots":120,
  "arrival_rate":30.0,
  "mean_service_time":9.0,
  "seed":4,
  "trace_seed":9772341479094750825,
  "algo_seed":16336488235466383848,
  "trace_hash":"b032773e81e5aa7c592df901b0994d3348a75031c80cd91624bd568dea0f6445",
  "arrivals_per_slot":[
    25,
    25,
    36,
    28,
    27,
    26,
    31,
    39,
    27,
    30,
    32,
    29,
    30,
    29,
    20,
    27,
    33,
    30,
    33,
    34,
    34,
    33,
    35,
    30,
    31,
    24,
    33,
    23,
    33,
    24,
    34,
    16,
    36,
    32,
    21,
    29,
    27,
    16,
    27,
    25,
    28,
    26,
    24,
    28,
    27,
    36,
    27,
    34,
    26,
    50,
    34,
    21,
    20,
    31,
    28,
    28,
    36,
    28,
    29,
    31,
    27,
    28,
    35,
    32,
    30,
    30,
    27,
    31,
    26,
    31,
    39,
    29,
    28,
    28,
    33,
    35,
    25,
    32,
    27,
    45,
    27,
    19,
    36,
    27,
    27,
    40,
    33,
    32,
    32,
    35,
    42,
    31,
    29,
    27,
    38,
    30,
    32,
    35,
    32,
    28,
    31,
    30,
    24,
    23,
    37,
    28,
    30,
    29,
    29,
    24,
    28,
    38,
    42,
    38,
    22,
    39,
    38,
    36,
    35,
    29
  ],
  "diversity":false,
  "p_split":null,
  "split_reliability_mode":null,
  "mechanism":null,
  "fixed_sfc_len":null,
  "fixed_reliability":null,
  "max_backup_level":2,
  "explicit_split_replicas":false,
  "split_enforce_distinct":false,
  "strict_split_resource_ablation":false,
  "split_replica_resource_scale":1.0,
  "cap_base_min":500,
  "cap_base_max":700,
  "cap_scale":0.2,
  "total_arrivals":3626,
  "total_accepted":2692,
  "total_rejected":934,
  "acceptance_ratio":0.7424158853,
  "avg_cost_per_arrival":27.1960196503,
  "total_cost":98612.7672518398,
  "total_cost_resource":73860.7672518398,
  "avg_cost_per_accepted":36.6317857548,
  "final_utilization":0.9678778468,
  "avg_utilization_over_time":0.9374200049,
  "avg_leftover_capacity_sum_over_time":10857.6416666667,
  "final_leftover_capacity_sum":5573.2,
  "final_leftover_capacity_min":0.0,
  "final_leftover_capacity_max":418.8,
  "final_leftover_capacity_avg":40.6802919708,
  "avg_e2e_delay_accepted":0.060774908,
  "p95_e2e_delay_accepted":0.1232038481,
  "avg_access_delay_accepted":0.0080917465,
  "avg_processing_delay_accepted":0.0461672675,
  "avg_network_delay_accepted":0.006515894,
  "avg_split_proc_overhead_accepted":0.0,
  "avg_split_net_overhead_accepted":0.0,
  "total_transmitted_bits_accepted":3004078185.368478775,
  "avg_transmitted_bits_per_accepted":1115928.0034801185,
  "total_split_transmitted_bits_accepted":0.0,
  "avg_split_transmitted_bits_per_accepted":0.0,
  "avg_split_overhead_ratio_accepted":0.0,
  "p95_split_overhead_ratio_accepted":0.0,
  "rga_accepted_total":3626,
  "rga_rejected_total":0,
  "rga_rejection_ratio":0.0,
  "mdca_rejected_total":934,
  "mdca_capacity_rejected_total":901,
  "mdca_reliability_rejected_total":0,
  "mdca_qos_rejected_total":33,
  "mdca_rejection_ratio":0.2575841147,
  "capacity_rejection_ratio":0.2484831771,
  "reliability_rejection_ratio":0.0,
  "qos_rejected_total":33,
  "qos_rejection_ratio":0.0091009377
}