{
  "algo":"dtsp",
  "region":"Alabama",
  "time_slots":120,
  "arrival_rate":30.0,
  "mean_service_time":9.0,
  "seed":5,
  "trace_seed":5978132235094951051,
  "algo_seed":2513652281977770823,
  "trace_hash":"e3e3637444305a3da735b4e913792b7e92619ab534adb83e560417a6b92edf68",
  "arrivals_per_slot":[
    30,
    39,
    31,
    25,
    24,
    32,
    31,
    31,
    31,
    22,
    26,
    20,
    27,
    28,
    17,
    32,
    35,
    30,
    30,
    30,
    18,
    29,
    33,
    30,
    25,
    23,
    22,
    38,
    27,
    28,
    29,
    28,
    37,
    32,
    27,
    33,
    24,
    37,
    36,
    24,
    29,
    31,
    29,
    26,
    20,
    29,
    29,
    35,
    23,
    31,
    33,
    31,
    29,
    39,
    27,
    26,
    33,
    34,
    24,
    42,
    31,
    31,
    27,
    30,
    32,
    38,
    39,
    27,
    38,
    31,
    29,
    37,
    31,
    28,
    29,
    17,
    33,
    29,
    36,
    35,
    30,
    23,
    33,
    32,
    35,
    23,
    39,
    32,
    20,
    32,
    26,
    28,
    36,
    28,
    20,
    27,
    30,
    26,
    31,
    48,
    27,
    34,
    36,
    29,
    30,
    27,
    32,
    24,
    30,
    35,
    28,
    26,
    31,
    38,
    26,
    30,
    29,
    33,
    36,
    27
  ],
  "diversity":false,
  "p_split":null,
  "split_reliability_mode":null,
  "mechanism":null,
  "fixed_sfc_len":null,
  "fixed_reliability":null,
  "max_backup_level":2,
  "explicit_split_replicas":false,
  "split_enforce_distinct":false,
  "strict_split_resource_ablation":false,
  "split_replica_resource_scale":1.0,
  "cap_base_min":500,
  "cap_base_max":700,
  "cap_scale":0.2,
  "total_arrivals":3586,
  "total_accepted":2247,
  "total_rejected":1339,
  "acceptance_ratio":0.6266034579,
  "avg_cost_per_arrival":25.3151721015,
  "total_cost":90780.2071559915,
  "total_cost_resource":68322.2071559915,
  "avg_cost_per_accepted":40.4006262376,
  "final_utilization":0.9603238617,
  "avg_utilization_over_time":0.949420623,
  "avg_leftover_capacity_sum_over_time":8879.5333333333,
  "final_leftover_capacity_sum":6965.4,
  "final_leftover_capacity_min":0.0,
  "final_leftover_capacity_max":259.0,
  "final_leftover_capacity_avg":50.8423357664,
  "avg_e2e_delay_accepted":0.0628196249,
  "p95_e2e_delay_accepted":0.1279125457,
  "avg_access_delay_accepted":0.008003196,
  "avg_processing_delay_accepted":0.0473901628,
  "avg_network_delay_accepted":0.007426266,
  "avg_split_proc_overhead_accepted":0.0,
  "avg_split_net_overhead_accepted":0.0,
  "total_transmitted_bits_accepted":3093439433.2160081863,
  "avg_transmitted_bits_per_accepted":1376697.5670743249,
  "total_split_transmitted_bits_accepted":0.0,
  "avg_split_transmitted_bits_per_accepted":0.0,
  "avg_split_overhead_ratio_accepted":0.0,
  "p95_split_overhead_ratio_accepted":0.0,
  "rga_accepted_total":3586,
  "rga_rejected_total":0,
  "rga_rejection_ratio":0.0,
  "mdca_rejected_total":1339,
  "mdca_capacity_rejected_total":1321,
  "mdca_reliability_rejected_total":0,
  "mdca_qos_rejected_total":18,
  "mdca_rejection_ratio":0.3733965421,
  "capacity_rejection_ratio":0.3683770218,
  "reliability_rejection_ratio":0.0,
  "qos_rejected_total":18,
  "qos_rejection_ratio":0.0050195204
}