{
  "algo":"mdca",
  "region":"Arizona",
  "time_slots":120,
  "arrival_rate":12.0,
  "mean_service_time":9.0,
  "seed":2,
  "trace_seed":17371165153394102535,
  "algo_seed":4836232127056779440,
  "trace_hash":"f818ce0a9b7ae042394d7ffcafbed9c1dd8c3879b8dbb8fb57c8ed1f23bf9f95",
  "arrivals_per_slot":[
    11,
    7,
    10,
    13,
    11,
    10,
    7,
    10,
    16,
    6,
    10,
    9,
    10,
    9,
    12,
    13,
    14,
    12,
    9,
    11,
    18,
    6,
    7,
    8,
    7,
    8,
    11,
    9,
    14,
    14,
    8,
    17,
    10,
    9,
    8,
    12,
    10,
    12,
    11,
    11,
    11,
    9,
    11,
    11,
    11,
    14,
    11,
    9,
    15,
    14,
    16,
    14,
    14,
    14,
    11,
    12,
    9,
    7,
    12,
    15,
    11,
    14,
    10,
    12,
    8,
    12,
    10,
    10,
    13,
    9,
    15,
    19,
    18,
    21,
    18,
    10,
    9,
    12,
    14,
    11,
    12,
    9,
    14,
    10,
    19,
    8,
    5,
    15,
    9,
    15,
    13,
    9,
    11,
    12,
    8,
    9,
    10,
    19,
    15,
    11,
    17,
    11,
    14,
    14,
    12,
    14,
    14,
    18,
    17,
    12,
    16,
    13,
    13,
    16,
    9,
    15,
    12,
    6,
    15,
    15
  ],
  "diversity":true,
  "p_split":0.3,
  "split_reliability_mode":"identical_active_pool",
  "split_recovery_coverage":1.0,
  "split_workload_shares":"0.5,0.5",
  "mechanism":null,
  "fixed_sfc_len":null,
  "fixed_reliability":0.996,
  "max_backup_level":2,
  "explicit_split_replicas":true,
  "split_enforce_distinct":false,
  "strict_split_resource_ablation":false,
  "split_replica_resource_scale":1.0,
  "cap_base_min":500,
  "cap_base_max":700,
  "cap_scale":0.2,
  "total_arrivals":1422,
  "total_accepted":1407,
  "total_rejected":15,
  "acceptance_ratio":0.9894514768,
  "avg_cost_per_arrival":44.531473622,
  "total_cost":63323.7554905281,
  "total_cost_resource":41234.7554905281,
  "avg_cost_per_accepted":45.0062228078,
  "final_utilization":0.4659055545,
  "avg_utilization_over_time":0.3777671726,
  "avg_leftover_capacity_sum_over_time":232865.5333333334,
  "final_leftover_capacity_sum":199880.4666666667,
  "final_leftover_capacity_min":0.6,
  "final_leftover_capacity_max":2102.4,
  "final_leftover_capacity_avg":636.5619957537,
  "avg_e2e_delay_accepted":0.0720086462,
  "p95_e2e_delay_accepted":0.1353351687,
  "avg_access_delay_accepted":0.0081402667,
  "avg_processing_delay_accepted":0.0445228379,
  "avg_network_delay_accepted":0.0155705023,
  "avg_split_proc_overhead_accepted":6.056737083e-19,
  "avg_split_net_overhead_accepted":0.0,
  "total_transmitted_bits_accepted":2574321987.2163391113,
  "avg_transmitted_bits_per_accepted":1829653.1536718828,
  "total_split_transmitted_bits_accepted":593155477.8790699244,
  "avg_split_transmitted_bits_per_accepted":421574.6111436176,
  "avg_split_overhead_ratio_accepted":7.422237516e-18,
  "p95_split_overhead_ratio_accepted":4.872654953e-17,
  "rga_accepted_total":1422,
  "rga_rejected_total":0,
  "rga_rejection_ratio":0.0,
  "mdca_rejected_total":15,
  "mdca_capacity_rejected_total":0,
  "mdca_reliability_rejected_total":0,
  "mdca_qos_rejected_total":15,
  "mdca_rejection_ratio":0.0105485232,
  "capacity_rejection_ratio":0.0,
  "reliability_rejection_ratio":0.0,
  "qos_rejected_total":15,
  "qos_rejection_ratio":0.0105485232,
  "placement_trace_path":"D:\\Study\\Code_1\\paper_data\\large_scale_lb_reference\\split_enabled\\reliability\\Arizona\\fixed_reliability_0p996\\DMDCA\\seed2\\placement_trace_Arizona_mdca_seed2.json"
}