{
  "algo":"hspa",
  "region":"Arizona",
  "time_slots":120,
  "arrival_rate":12.0,
  "mean_service_time":9.0,
  "seed":5,
  "trace_seed":9067342465328337538,
  "algo_seed":17931641280568136439,
  "trace_hash":"7d69b707565eb746f15551762dbae21ee816559e3dd2f87aac268767fc586d5b",
  "arrivals_per_slot":[
    13,
    15,
    17,
    10,
    16,
    12,
    12,
    15,
    14,
    6,
    17,
    16,
    13,
    15,
    10,
    13,
    12,
    8,
    16,
    15,
    11,
    12,
    18,
    12,
    3,
    10,
    17,
    17,
    10,
    8,
    14,
    15,
    13,
    10,
    8,
    8,
    8,
    8,
    9,
    13,
    14,
    11,
    12,
    9,
    14,
    14,
    10,
    15,
    7,
    14,
    10,
    9,
    11,
    12,
    7,
    15,
    11,
    14,
    9,
    12,
    14,
    9,
    6,
    12,
    7,
    11,
    14,
    11,
    7,
    8,
    12,
    13,
    13,
    10,
    9,
    9,
    15,
    10,
    13,
    12,
    14,
    13,
    11,
    12,
    11,
    11,
    10,
    9,
    16,
    10,
    12,
    11,
    10,
    16,
    11,
    9,
    15,
    12,
    16,
    14,
    16,
    7,
    13,
    13,
    10,
    14,
    12,
    13,
    12,
    11,
    15,
    15,
    14,
    16,
    15,
    9,
    9,
    12,
    7,
    17
  ],
  "diversity":false,
  "p_split":null,
  "split_reliability_mode":null,
  "mechanism":null,
  "fixed_sfc_len":null,
  "fixed_reliability":0.998,
  "max_backup_level":2,
  "explicit_split_replicas":false,
  "split_enforce_distinct":false,
  "strict_split_resource_ablation":false,
  "split_replica_resource_scale":1.0,
  "cap_base_min":500,
  "cap_base_max":700,
  "cap_scale":0.2,
  "total_arrivals":1427,
  "total_accepted":1350,
  "total_rejected":77,
  "acceptance_ratio":0.9460406447,
  "avg_cost_per_arrival":46.2273484164,
  "total_cost":65966.4261902379,
  "total_cost_resource":43873.4261902379,
  "avg_cost_per_accepted":48.8640194002,
  "final_utilization":0.468709377,
  "avg_utilization_over_time":0.4131564187,
  "avg_leftover_capacity_sum_over_time":220302.9583333334,
  "final_leftover_capacity_sum":199448.2,
  "final_leftover_capacity_min":0.2,
  "final_leftover_capacity_max":2240.0,
  "final_leftover_capacity_avg":635.1853503185,
  "avg_e2e_delay_accepted":0.061446826,
  "p95_e2e_delay_accepted":0.119159001,
  "avg_access_delay_accepted":0.0079639646,
  "avg_processing_delay_accepted":0.0456683499,
  "avg_network_delay_accepted":0.0078145115,
  "avg_split_proc_overhead_accepted":0.0,
  "avg_split_net_overhead_accepted":0.0,
  "total_transmitted_bits_accepted":1665413407.7900619507,
  "avg_transmitted_bits_per_accepted":1233639.5613259717,
  "total_split_transmitted_bits_accepted":0.0,
  "avg_split_transmitted_bits_per_accepted":0.0,
  "avg_split_overhead_ratio_accepted":0.0,
  "p95_split_overhead_ratio_accepted":0.0,
  "rga_accepted_total":1361,
  "rga_rejected_total":66,
  "rga_rejection_ratio":0.046250876,
  "mdca_rejected_total":11,
  "mdca_capacity_rejected_total":0,
  "mdca_reliability_rejected_total":0,
  "mdca_qos_rejected_total":11,
  "mdca_rejection_ratio":0.0077084793,
  "capacity_rejection_ratio":0.0,
  "reliability_rejection_ratio":0.0,
  "qos_rejected_total":11,
  "qos_rejection_ratio":0.0077084793
}