{
  "algo":"hspa",
  "region":"Arizona",
  "time_slots":120,
  "arrival_rate":20.0,
  "mean_service_time":9.0,
  "seed":1,
  "trace_seed":9093269597766909224,
  "algo_seed":2824623555250726674,
  "trace_hash":"d128492e23b174a4b57d4f86de4b0f8016deeb1dcd778e01a3eec8b68966cfb3",
  "arrivals_per_slot":[
    23,
    15,
    19,
    23,
    22,
    27,
    19,
    25,
    20,
    16,
    19,
    15,
    15,
    22,
    21,
    16,
    33,
    27,
    18,
    23,
    23,
    22,
    18,
    21,
    9,
    21,
    13,
    22,
    29,
    24,
    22,
    20,
    23,
    24,
    15,
    23,
    26,
    22,
    19,
    20,
    15,
    16,
    15,
    20,
    12,
    23,
    15,
    22,
    18,
    19,
    19,
    24,
    24,
    21,
    25,
    17,
    25,
    21,
    26,
    23,
    19,
    25,
    22,
    29,
    28,
    19,
    16,
    20,
    23,
    21,
    17,
    21,
    20,
    17,
    27,
    25,
    14,
    19,
    21,
    20,
    12,
    11,
    18,
    20,
    16,
    24,
    21,
    26,
    20,
    19,
    18,
    15,
    22,
    21,
    24,
    15,
    17,
    22,
    21,
    23,
    23,
    22,
    24,
    21,
    19,
    22,
    12,
    25,
    21,
    20,
    21,
    21,
    14,
    18,
    12,
    21,
    20,
    19,
    10,
    21
  ],
  "diversity":false,
  "p_split":null,
  "split_reliability_mode":null,
  "mechanism":null,
  "fixed_sfc_len":5,
  "fixed_reliability":null,
  "max_backup_level":2,
  "explicit_split_replicas":false,
  "split_enforce_distinct":false,
  "strict_split_resource_ablation":false,
  "split_replica_resource_scale":1.0,
  "cap_base_min":500,
  "cap_base_max":700,
  "cap_scale":0.2,
  "total_arrivals":2428,
  "total_accepted":2064,
  "total_rejected":364,
  "acceptance_ratio":0.8500823723,
  "avg_cost_per_arrival":82.971728421,
  "total_cost":201455.3566062079,
  "total_cost_resource":154382.3566062079,
  "avg_cost_per_accepted":97.604339441,
  "final_utilization":0.9239195808,
  "avg_utilization_over_time":0.9078330963,
  "avg_leftover_capacity_sum_over_time":34939.8833333334,
  "final_leftover_capacity_sum":28841.6,
  "final_leftover_capacity_min":0.0,
  "final_leftover_capacity_max":1584.0,
  "final_leftover_capacity_avg":91.8522292994,
  "avg_e2e_delay_accepted":0.1038252833,
  "p95_e2e_delay_accepted":0.1599929082,
  "avg_access_delay_accepted":0.0080634233,
  "avg_processing_delay_accepted":0.0785387579,
  "avg_network_delay_accepted":0.0172231021,
  "avg_split_proc_overhead_accepted":0.0,
  "avg_split_net_overhead_accepted":0.0,
  "total_transmitted_bits_accepted":5576907108.4427556992,
  "avg_transmitted_bits_per_accepted":2701989.8781214901,
  "total_split_transmitted_bits_accepted":0.0,
  "avg_split_transmitted_bits_per_accepted":0.0,
  "avg_split_overhead_ratio_accepted":0.0,
  "p95_split_overhead_ratio_accepted":0.0,
  "rga_accepted_total":2428,
  "rga_rejected_total":0,
  "rga_rejection_ratio":0.0,
  "mdca_rejected_total":364,
  "mdca_capacity_rejected_total":285,
  "mdca_reliability_rejected_total":0,
  "mdca_qos_rejected_total":79,
  "mdca_rejection_ratio":0.1499176277,
  "capacity_rejection_ratio":0.1173805601,
  "reliability_rejection_ratio":0.0,
  "qos_rejected_total":79,
  "qos_rejection_ratio":0.0325370675
}