{
  "algo":"mdca",
  "region":"Alabama",
  "time_slots":120,
  "arrival_rate":12.0,
  "mean_service_time":9.0,
  "seed":4,
  "trace_seed":17437551054791642339,
  "algo_seed":756990629950916766,
  "trace_hash":"69a1ffeff9b29eb0bb16c5f756747736ccf481e4a1723e5bf97a5da884674c7c",
  "arrivals_per_slot":[
    13,
    14,
    9,
    15,
    14,
    9,
    7,
    10,
    12,
    11,
    8,
    12,
    12,
    12,
    9,
    16,
    16,
    12,
    13,
    8,
    9,
    10,
    13,
    7,
    13,
    14,
    11,
    7,
    7,
    19,
    9,
    12,
    11,
    9,
    11,
    14,
    13,
    15,
    16,
    11,
    15,
    15,
    12,
    5,
    8,
    14,
    12,
    8,
    10,
    12,
    16,
    13,
    13,
    12,
    10,
    14,
    14,
    10,
    12,
    11,
    11,
    9,
    11,
    13,
    13,
    6,
    14,
    12,
    15,
    10,
    11,
    12,
    5,
    8,
    14,
    10,
    14,
    15,
    16,
    16,
    19,
    13,
    16,
    10,
    10,
    9,
    12,
    11,
    14,
    16,
    14,
    14,
    13,
    10,
    11,
    16,
    12,
    18,
    20,
    15,
    14,
    12,
    17,
    9,
    14,
    13,
    10,
    18,
    9,
    18,
    18,
    12,
    8,
    17,
    14,
    12,
    14,
    12,
    12,
    15
  ],
  "diversity":true,
  "p_split":0.3,
  "split_reliability_mode":"identical_active_pool",
  "mechanism":null,
  "fixed_sfc_len":null,
  "fixed_reliability":0.996,
  "max_backup_level":2,
  "explicit_split_replicas":true,
  "split_enforce_distinct":false,
  "strict_split_resource_ablation":false,
  "split_replica_resource_scale":1.0,
  "cap_base_min":500,
  "cap_base_max":700,
  "cap_scale":0.2,
  "total_arrivals":1475,
  "total_accepted":1426,
  "total_rejected":49,
  "acceptance_ratio":0.966779661,
  "avg_cost_per_arrival":59.6242018122,
  "total_cost":87945.6976730577,
  "total_cost_resource":62427.6976730576,
  "avg_cost_per_accepted":61.6729997707,
  "final_utilization":0.9187218738,
  "avg_utilization_over_time":0.8061004969,
  "avg_leftover_capacity_sum_over_time":33728.5083333333,
  "final_leftover_capacity_sum":14138.2,
  "final_leftover_capacity_min":0.4,
  "final_leftover_capacity_max":1362.4,
  "final_leftover_capacity_avg":103.198540146,
  "avg_e2e_delay_accepted":0.0722856276,
  "p95_e2e_delay_accepted":0.1417361511,
  "avg_access_delay_accepted":0.0080539151,
  "avg_processing_delay_accepted":0.0430994788,
  "avg_network_delay_accepted":0.0155833692,
  "avg_split_proc_overhead_accepted":4.041808379e-19,
  "avg_split_net_overhead_accepted":0.0,
  "total_transmitted_bits_accepted":2958795123.6827402115,
  "avg_transmitted_bits_per_accepted":2074891.3910818654,
  "total_split_transmitted_bits_accepted":946233721.6158957481,
  "avg_split_transmitted_bits_per_accepted":663558.009548314,
  "avg_split_overhead_ratio_accepted":4.724722461e-18,
  "p95_split_overhead_ratio_accepted":3.581208304e-17,
  "rga_accepted_total":1475,
  "rga_rejected_total":0,
  "rga_rejection_ratio":0.0,
  "mdca_rejected_total":49,
  "mdca_capacity_rejected_total":32,
  "mdca_reliability_rejected_total":1,
  "mdca_qos_rejected_total":16,
  "mdca_rejection_ratio":0.033220339,
  "capacity_rejection_ratio":0.0216949153,
  "reliability_rejection_ratio":0.0006779661,
  "qos_rejected_total":16,
  "qos_rejection_ratio":0.0108474576
}