{
  "algo":"mdca",
  "region":"Arizona",
  "time_slots":120,
  "arrival_rate":12.0,
  "mean_service_time":9.0,
  "seed":1,
  "trace_seed":5586230097686055098,
  "algo_seed":9552052532539564863,
  "trace_hash":"9648d3d4c4a9937bd6c06634ebf9a72dd107b373a7ad2b84b4084b3a914e98a0",
  "arrivals_per_slot":[
    9,
    12,
    13,
    15,
    9,
    11,
    7,
    22,
    11,
    14,
    13,
    14,
    7,
    10,
    12,
    14,
    10,
    18,
    7,
    19,
    8,
    10,
    11,
    11,
    7,
    13,
    11,
    18,
    8,
    9,
    10,
    15,
    8,
    10,
    14,
    10,
    21,
    9,
    11,
    10,
    8,
    16,
    7,
    12,
    10,
    12,
    11,
    10,
    11,
    18,
    9,
    9,
    5,
    15,
    10,
    9,
    9,
    11,
    18,
    9,
    12,
    13,
    12,
    10,
    11,
    12,
    13,
    4,
    15,
    10,
    12,
    9,
    15,
    15,
    3,
    14,
    13,
    14,
    9,
    12,
    12,
    12,
    8,
    9,
    18,
    12,
    11,
    8,
    10,
    12,
    13,
    9,
    11,
    11,
    10,
    12,
    7,
    12,
    14,
    17,
    11,
    18,
    9,
    10,
    13,
    11,
    13,
    11,
    8,
    9,
    20,
    10,
    11,
    11,
    8,
    8,
    12,
    9,
    14,
    7
  ],
  "diversity":true,
  "p_split":0.3,
  "split_reliability_mode":"identical_active_pool",
  "mechanism":null,
  "fixed_sfc_len":null,
  "fixed_reliability":0.998,
  "max_backup_level":4,
  "explicit_split_replicas":true,
  "split_enforce_distinct":false,
  "strict_split_resource_ablation":false,
  "split_replica_resource_scale":1.0,
  "cap_base_min":500,
  "cap_base_max":700,
  "cap_scale":0.2,
  "total_arrivals":1369,
  "total_accepted":1349,
  "total_rejected":20,
  "acceptance_ratio":0.9853907962,
  "avg_cost_per_arrival":48.5537124115,
  "total_cost":66470.032291329,
  "total_cost_resource":44070.032291329,
  "avg_cost_per_accepted":49.2735598898,
  "final_utilization":0.3820731254,
  "avg_utilization_over_time":0.4056321681,
  "avg_leftover_capacity_sum_over_time":225204.6638888889,
  "final_leftover_capacity_sum":234131.1333333334,
  "final_leftover_capacity_min":0.4666666667,
  "final_leftover_capacity_max":2599.2,
  "final_leftover_capacity_avg":745.640552017,
  "avg_e2e_delay_accepted":0.0694824757,
  "p95_e2e_delay_accepted":0.1296324981,
  "avg_access_delay_accepted":0.0080852472,
  "avg_processing_delay_accepted":0.0443186826,
  "avg_network_delay_accepted":0.0135830021,
  "avg_split_proc_overhead_accepted":5.770623868e-19,
  "avg_split_net_overhead_accepted":0.0,
  "total_transmitted_bits_accepted":2414634481.2796115875,
  "avg_transmitted_bits_per_accepted":1789944.0187395194,
  "total_split_transmitted_bits_accepted":549669300.4827795029,
  "avg_split_transmitted_bits_per_accepted":407464.2701873829,
  "avg_split_overhead_ratio_accepted":7.178707526e-18,
  "p95_split_overhead_ratio_accepted":4.642899255e-17,
  "rga_accepted_total":1369,
  "rga_rejected_total":0,
  "rga_rejection_ratio":0.0,
  "mdca_rejected_total":20,
  "mdca_capacity_rejected_total":0,
  "mdca_reliability_rejected_total":0,
  "mdca_qos_rejected_total":20,
  "mdca_rejection_ratio":0.0146092038,
  "capacity_rejection_ratio":0.0,
  "reliability_rejection_ratio":0.0,
  "qos_rejected_total":20,
  "qos_rejection_ratio":0.0146092038
}