region,fixed_reliability,seed,method,share,share_tag,domain_count,domain_failure_prob,total_accepted,expected_target_satisfaction_ratio,expected_reliability,expected_reliability_loss
Arizona,0.95,2,DMDCA,"0.5,0.5",0p5_0p5,6,0.0,1432,1.0,0.9752544922278882,-2.4424906541753444e-15
Arizona,0.95,2,DMDCA,"0.5,0.5",0p5_0p5,6,0.01,1432,0.9706907536252168,0.9630465622087343,0.012207930019151436
Arizona,0.95,2,DMDCA,"0.5,0.5",0p5_0p5,6,0.03,1432,0.9141652929282053,0.9384558844009282,0.03679860782695754
Arizona,0.95,2,DMDCA,"0.5,0.5",0p5_0p5,6,0.05,1432,0.8603424915982888,0.9136607205045243,0.061593771723361446
Arizona,0.95,2,MDCA,nan,nan,6,0.0,1436,1.0,0.9734572792853592,-2.6645352591003757e-15
Arizona,0.95,2,MDCA,nan,nan,6,0.01,1436,0.9708814611562749,0.9598806342390622,0.0135766450462943
Arizona,0.95,2,MDCA,nan,nan,6,0.03,1436,0.9147176982487595,0.9327105794291645,0.04074669985619206
Arizona,0.95,2,MDCA,nan,nan,6,0.05,1436,0.8612310856001917,0.905541264408014,0.06791601487734256
