{
  "algo":"mdca",
  "region":"Alabama",
  "time_slots":120,
  "arrival_rate":12.0,
  "mean_service_time":9.0,
  "seed":3,
  "trace_seed":17898944132975973841,
  "algo_seed":1512138191858803878,
  "trace_hash":"bf61d259221c74149048e65e7fb1851e9cd650f207285111a85f27e2ebb5110c",
  "arrivals_per_slot":[
    11,
    15,
    15,
    10,
    9,
    12,
    16,
    12,
    18,
    8,
    13,
    9,
    14,
    14,
    19,
    9,
    12,
    9,
    14,
    17,
    12,
    12,
    9,
    13,
    9,
    10,
    10,
    14,
    13,
    12,
    11,
    16,
    21,
    11,
    7,
    10,
    9,
    10,
    14,
    11,
    12,
    11,
    12,
    12,
    9,
    10,
    11,
    11,
    9,
    13,
    9,
    12,
    8,
    18,
    14,
    10,
    8,
    14,
    7,
    8,
    10,
    9,
    12,
    10,
    12,
    10,
    7,
    6,
    6,
    14,
    11,
    6,
    12,
    15,
    15,
    18,
    6,
    15,
    16,
    10,
    9,
    10,
    12,
    15,
    8,
    9,
    13,
    11,
    8,
    12,
    15,
    15,
    8,
    8,
    10,
    8,
    13,
    11,
    9,
    12,
    15,
    14,
    23,
    7,
    14,
    9,
    11,
    12,
    6,
    14,
    14,
    13,
    8,
    8,
    14,
    13,
    13,
    14,
    18,
    11
  ],
  "diversity":false,
  "p_split":null,
  "split_reliability_mode":null,
  "mechanism":null,
  "fixed_sfc_len":null,
  "fixed_reliability":0.999,
  "max_backup_level":4,
  "explicit_split_replicas":false,
  "split_enforce_distinct":false,
  "strict_split_resource_ablation":false,
  "split_replica_resource_scale":1.0,
  "cap_base_min":500,
  "cap_base_max":700,
  "cap_scale":0.2,
  "total_arrivals":1395,
  "total_accepted":1247,
  "total_rejected":148,
  "acceptance_ratio":0.89390681,
  "avg_cost_per_arrival":61.8097267801,
  "total_cost":86224.5688582575,
  "total_cost_resource":64980.5688582574,
  "avg_cost_per_accepted":69.1456045375,
  "final_utilization":0.9524847553,
  "avg_utilization_over_time":0.8936322707,
  "avg_leftover_capacity_sum_over_time":18542.3416666667,
  "final_leftover_capacity_sum":8283.0,
  "final_leftover_capacity_min":0.2,
  "final_leftover_capacity_max":848.6,
  "final_leftover_capacity_avg":60.4598540146,
  "avg_e2e_delay_accepted":0.0617342629,
  "p95_e2e_delay_accepted":0.1208023546,
  "avg_access_delay_accepted":0.0080220625,
  "avg_processing_delay_accepted":0.0465060425,
  "avg_network_delay_accepted":0.0072061578,
  "avg_split_proc_overhead_accepted":0.0,
  "avg_split_net_overhead_accepted":0.0,
  "total_transmitted_bits_accepted":1524105876.0840744972,
  "avg_transmitted_bits_per_accepted":1222218.02412516,
  "total_split_transmitted_bits_accepted":0.0,
  "avg_split_transmitted_bits_per_accepted":0.0,
  "avg_split_overhead_ratio_accepted":0.0,
  "p95_split_overhead_ratio_accepted":0.0,
  "rga_accepted_total":1395,
  "rga_rejected_total":0,
  "rga_rejection_ratio":0.0,
  "mdca_rejected_total":148,
  "mdca_capacity_rejected_total":137,
  "mdca_reliability_rejected_total":0,
  "mdca_qos_rejected_total":11,
  "mdca_rejection_ratio":0.10609319,
  "capacity_rejection_ratio":0.0982078853,
  "reliability_rejection_ratio":0.0,
  "qos_rejected_total":11,
  "qos_rejection_ratio":0.0078853047
}