{
  "algo":"mdca",
  "region":"Alabama",
  "time_slots":120,
  "arrival_rate":30.0,
  "mean_service_time":9.0,
  "seed":3,
  "trace_seed":12113770634442162204,
  "algo_seed":8021305762253439011,
  "trace_hash":"52e6356080a80e7caf4e174ed75199f0bda47a89c006dca164c8362cb0de02d9",
  "arrivals_per_slot":[
    27,
    30,
    28,
    27,
    22,
    20,
    25,
    33,
    23,
    30,
    41,
    26,
    24,
    22,
    38,
    35,
    32,
    25,
    35,
    25,
    32,
    27,
    27,
    34,
    38,
    38,
    35,
    34,
    30,
    29,
    44,
    39,
    37,
    22,
    22,
    26,
    30,
    30,
    30,
    34,
    22,
    34,
    30,
    26,
    26,
    38,
    28,
    29,
    24,
    38,
    29,
    25,
    27,
    38,
    25,
    33,
    27,
    34,
    18,
    39,
    33,
    38,
    19,
    38,
    36,
    35,
    26,
    30,
    30,
    37,
    36,
    29,
    29,
    28,
    35,
    29,
    32,
    31,
    27,
    27,
    36,
    27,
    20,
    26,
    28,
    24,
    31,
    30,
    29,
    33,
    23,
    33,
    29,
    36,
    29,
    24,
    24,
    36,
    24,
    31,
    23,
    25,
    22,
    35,
    34,
    28,
    28,
    30,
    30,
    38,
    25,
    26,
    24,
    32,
    33,
    37,
    30,
    29,
    25,
    22
  ],
  "diversity":false,
  "p_split":null,
  "split_reliability_mode":null,
  "split_recovery_coverage":null,
  "split_workload_shares":null,
  "mechanism":null,
  "fixed_sfc_len":3,
  "fixed_reliability":0.999,
  "max_backup_level":2,
  "explicit_split_replicas":false,
  "split_enforce_distinct":false,
  "strict_split_resource_ablation":false,
  "split_replica_resource_scale":1.0,
  "backhaul_knn_k":4,
  "backhaul_use_device_bw":true,
  "backhaul_bw_scale":0.5,
  "fiber_speed_mps":200000000.0,
  "switch_delay_s":0.0002,
  "region_cloudlet_count":137,
  "cap_base_min":500,
  "cap_base_max":700,
  "cap_scale":0.2,
  "total_arrivals":3570,
  "total_accepted":1519,
  "total_rejected":2051,
  "acceptance_ratio":0.4254901961,
  "avg_cost_per_arrival":29.3206477725,
  "total_cost":104674.7125476929,
  "total_cost_resource":79083.7125476929,
  "avg_cost_per_accepted":68.9102781749,
  "final_utilization":0.9426895379,
  "avg_utilization_over_time":0.936602635,
  "avg_leftover_capacity_sum_over_time":11081.7833333333,
  "final_leftover_capacity_sum":10017.8,
  "final_leftover_capacity_min":0.0,
  "final_leftover_capacity_max":580.2,
  "final_leftover_capacity_avg":73.1226277372,
  "avg_e2e_delay_accepted":0.0695853437,
  "p95_e2e_delay_accepted":0.1153859645,
  "avg_access_delay_accepted":0.0080262297,
  "avg_processing_delay_accepted":0.0540329799,
  "avg_network_delay_accepted":0.0075261341,
  "avg_split_proc_overhead_accepted":0.0,
  "avg_split_net_overhead_accepted":0.0,
  "total_transmitted_bits_accepted":1937160514.9352135658,
  "avg_transmitted_bits_per_accepted":1275286.7116097522,
  "total_split_transmitted_bits_accepted":0.0,
  "avg_split_transmitted_bits_per_accepted":0.0,
  "avg_split_overhead_ratio_accepted":0.0,
  "p95_split_overhead_ratio_accepted":0.0,
  "rga_accepted_total":2306,
  "rga_rejected_total":1264,
  "rga_rejection_ratio":0.3540616246,
  "mdca_rejected_total":787,
  "mdca_capacity_rejected_total":780,
  "mdca_reliability_rejected_total":0,
  "mdca_qos_rejected_total":7,
  "mdca_rejection_ratio":0.2204481793,
  "capacity_rejection_ratio":0.218487395,
  "reliability_rejection_ratio":0.0,
  "qos_rejected_total":7,
  "qos_rejection_ratio":0.0019607843
}