{
  "algo":"mdca",
  "region":"Alabama",
  "time_slots":120,
  "arrival_rate":12.0,
  "mean_service_time":9.0,
  "seed":1,
  "trace_seed":7107730351518388438,
  "algo_seed":11964113512330225472,
  "trace_hash":"b56db0d21b7c94cf1cbfdd4fe281852f506f1185a6b9dd5f9c177f64d601d89e",
  "arrivals_per_slot":[
    7,
    9,
    8,
    11,
    13,
    10,
    13,
    10,
    17,
    8,
    10,
    15,
    15,
    7,
    16,
    13,
    4,
    15,
    9,
    11,
    10,
    6,
    8,
    15,
    9,
    16,
    14,
    15,
    18,
    9,
    16,
    7,
    12,
    10,
    12,
    7,
    10,
    12,
    12,
    16,
    5,
    11,
    10,
    11,
    10,
    12,
    9,
    13,
    8,
    12,
    9,
    13,
    18,
    17,
    15,
    16,
    9,
    8,
    12,
    15,
    7,
    16,
    12,
    14,
    12,
    14,
    9,
    8,
    8,
    8,
    16,
    13,
    9,
    14,
    8,
    14,
    10,
    14,
    12,
    9,
    15,
    11,
    15,
    11,
    17,
    9,
    7,
    9,
    11,
    9,
    5,
    16,
    13,
    11,
    5,
    16,
    12,
    14,
    12,
    20,
    5,
    13,
    8,
    10,
    17,
    15,
    13,
    12,
    12,
    10,
    12,
    14,
    10,
    8,
    17,
    8,
    12,
    6,
    21,
    14
  ],
  "diversity":false,
  "p_split":null,
  "split_reliability_mode":null,
  "mechanism":null,
  "fixed_sfc_len":null,
  "fixed_reliability":0.999,
  "max_backup_level":1,
  "explicit_split_replicas":false,
  "split_enforce_distinct":false,
  "strict_split_resource_ablation":false,
  "split_replica_resource_scale":1.0,
  "cap_base_min":500,
  "cap_base_max":700,
  "cap_scale":0.2,
  "total_arrivals":1390,
  "total_accepted":56,
  "total_rejected":1334,
  "acceptance_ratio":0.0402877698,
  "avg_cost_per_arrival":0.4376799905,
  "total_cost":608.3751867609,
  "total_cost_resource":328.3751867609,
  "avg_cost_per_accepted":10.8638426207,
  "final_utilization":0.0070972884,
  "avg_utilization_over_time":0.0113130513,
  "avg_leftover_capacity_sum_over_time":174409.7166666666,
  "final_leftover_capacity_sum":175153.4,
  "final_leftover_capacity_min":100.0,
  "final_leftover_capacity_max":2416.0,
  "final_leftover_capacity_avg":1278.4919708029,
  "avg_e2e_delay_accepted":0.0299635907,
  "p95_e2e_delay_accepted":0.0766155441,
  "avg_access_delay_accepted":0.0082913555,
  "avg_processing_delay_accepted":0.0209276755,
  "avg_network_delay_accepted":0.0007445598,
  "avg_split_proc_overhead_accepted":0.0,
  "avg_split_net_overhead_accepted":0.0,
  "total_transmitted_bits_accepted":4918615.5659534121,
  "avg_transmitted_bits_per_accepted":87832.4208205966,
  "total_split_transmitted_bits_accepted":0.0,
  "avg_split_transmitted_bits_per_accepted":0.0,
  "avg_split_overhead_ratio_accepted":0.0,
  "p95_split_overhead_ratio_accepted":0.0,
  "rga_accepted_total":56,
  "rga_rejected_total":1334,
  "rga_rejection_ratio":0.9597122302,
  "mdca_rejected_total":0,
  "mdca_capacity_rejected_total":0,
  "mdca_reliability_rejected_total":0,
  "mdca_qos_rejected_total":0,
  "mdca_rejection_ratio":0.0,
  "capacity_rejection_ratio":0.0,
  "reliability_rejection_ratio":0.0,
  "qos_rejected_total":0,
  "qos_rejection_ratio":0.0
}