{
  "algo":"mdca",
  "region":"Arizona",
  "time_slots":120,
  "arrival_rate":12.0,
  "mean_service_time":9.0,
  "seed":1,
  "trace_seed":11501364009196022035,
  "algo_seed":9475761514817476165,
  "trace_hash":"cadd988ae7d334321430d966ba3c6846d3df38a0cddb1a638576b14ccb801ac5",
  "arrivals_per_slot":[
    11,
    11,
    6,
    12,
    17,
    16,
    12,
    10,
    7,
    8,
    7,
    14,
    9,
    12,
    9,
    15,
    15,
    10,
    11,
    11,
    12,
    10,
    11,
    10,
    11,
    13,
    13,
    10,
    16,
    15,
    14,
    10,
    15,
    12,
    15,
    7,
    10,
    4,
    9,
    12,
    12,
    9,
    9,
    16,
    13,
    12,
    13,
    7,
    15,
    5,
    11,
    8,
    11,
    6,
    11,
    9,
    11,
    10,
    17,
    13,
    10,
    5,
    13,
    11,
    9,
    12,
    16,
    13,
    10,
    10,
    10,
    16,
    9,
    15,
    10,
    10,
    20,
    17,
    19,
    14,
    10,
    7,
    10,
    11,
    9,
    9,
    12,
    10,
    6,
    10,
    19,
    10,
    11,
    12,
    13,
    13,
    10,
    10,
    13,
    18,
    10,
    16,
    12,
    18,
    21,
    14,
    14,
    12,
    13,
    12,
    13,
    14,
    10,
    16,
    8,
    9,
    11,
    10,
    13,
    9
  ],
  "diversity":true,
  "p_split":0.3,
  "split_reliability_mode":"identical_active_pool",
  "mechanism":null,
  "fixed_sfc_len":null,
  "fixed_reliability":0.98,
  "max_backup_level":2,
  "explicit_split_replicas":true,
  "split_enforce_distinct":false,
  "strict_split_resource_ablation":false,
  "split_replica_resource_scale":1.0,
  "cap_base_min":500,
  "cap_base_max":700,
  "cap_scale":0.2,
  "total_arrivals":1397,
  "total_accepted":1380,
  "total_rejected":17,
  "acceptance_ratio":0.9878310666,
  "avg_cost_per_arrival":29.9116310162,
  "total_cost":41786.5485296371,
  "total_cost_resource":25538.5485296371,
  "avg_cost_per_accepted":30.2801076302,
  "final_utilization":0.3112563172,
  "avg_utilization_over_time":0.2899174688,
  "avg_leftover_capacity_sum_over_time":265873.0777777778,
  "final_leftover_capacity_sum":257883.2666666667,
  "final_leftover_capacity_min":1.7333333333,
  "final_leftover_capacity_max":2230.4,
  "final_leftover_capacity_avg":821.2842887473,
  "avg_e2e_delay_accepted":0.068833296,
  "p95_e2e_delay_accepted":0.1374764791,
  "avg_access_delay_accepted":0.0080633594,
  "avg_processing_delay_accepted":0.0432011733,
  "avg_network_delay_accepted":0.0140003371,
  "avg_split_proc_overhead_accepted":6.140669696e-19,
  "avg_split_net_overhead_accepted":0.0,
  "total_transmitted_bits_accepted":2391538958.0984811783,
  "avg_transmitted_bits_per_accepted":1732999.2449988993,
  "total_split_transmitted_bits_accepted":561197018.6487419605,
  "avg_split_transmitted_bits_per_accepted":406664.5062672043,
  "avg_split_overhead_ratio_accepted":7.755347333e-18,
  "p95_split_overhead_ratio_accepted":4.95246412e-17,
  "rga_accepted_total":1397,
  "rga_rejected_total":0,
  "rga_rejection_ratio":0.0,
  "mdca_rejected_total":17,
  "mdca_capacity_rejected_total":0,
  "mdca_reliability_rejected_total":0,
  "mdca_qos_rejected_total":17,
  "mdca_rejection_ratio":0.0121689334,
  "capacity_rejection_ratio":0.0,
  "reliability_rejection_ratio":0.0,
  "qos_rejected_total":17,
  "qos_rejection_ratio":0.0121689334
}