{
  "algo":"random",
  "region":"Arizona",
  "time_slots":120,
  "arrival_rate":50.0,
  "mean_service_time":9.0,
  "seed":4,
  "trace_seed":15549959129633825643,
  "algo_seed":14455530561567367807,
  "trace_hash":"4a78f5a7663c9be6f39faf7a29aeeb6dae396931e0fa2ef14aedd5ee835a9196",
  "arrivals_per_slot":[
    46,
    49,
    57,
    43,
    50,
    47,
    54,
    53,
    50,
    47,
    51,
    44,
    48,
    42,
    46,
    52,
    62,
    58,
    53,
    44,
    52,
    48,
    47,
    58,
    51,
    62,
    49,
    44,
    54,
    61,
    47,
    47,
    54,
    61,
    50,
    56,
    56,
    39,
    51,
    38,
    54,
    47,
    47,
    58,
    48,
    52,
    58,
    48,
    47,
    53,
    48,
    53,
    49,
    60,
    62,
    45,
    48,
    47,
    52,
    49,
    39,
    66,
    52,
    57,
    40,
    58,
    49,
    34,
    56,
    61,
    50,
    70,
    42,
    50,
    41,
    61,
    46,
    41,
    51,
    42,
    57,
    41,
    41,
    45,
    50,
    47,
    55,
    41,
    45,
    70,
    50,
    42,
    49,
    54,
    52,
    46,
    60,
    60,
    51,
    50,
    47,
    54,
    40,
    45,
    53,
    44,
    55,
    58,
    45,
    56,
    55,
    50,
    44,
    62,
    41,
    62,
    53,
    64,
    56,
    44
  ],
  "diversity":false,
  "p_split":null,
  "split_reliability_mode":null,
  "mechanism":null,
  "fixed_sfc_len":null,
  "fixed_reliability":null,
  "max_backup_level":2,
  "explicit_split_replicas":false,
  "split_enforce_distinct":false,
  "strict_split_resource_ablation":false,
  "split_replica_resource_scale":1.0,
  "cap_base_min":500,
  "cap_base_max":700,
  "cap_scale":0.2,
  "total_arrivals":6086,
  "total_accepted":3885,
  "total_rejected":2201,
  "acceptance_ratio":0.6383503122,
  "avg_cost_per_arrival":34.6391631914,
  "total_cost":210813.9471830108,
  "total_cost_resource":161023.9471830108,
  "avg_cost_per_accepted":54.2635642685,
  "final_utilization":0.9535732494,
  "avg_utilization_over_time":0.92474079,
  "avg_leftover_capacity_sum_over_time":28076.9083333334,
  "final_leftover_capacity_sum":17320.4,
  "final_leftover_capacity_min":0.0,
  "final_leftover_capacity_max":210.6,
  "final_leftover_capacity_avg":55.1605095541,
  "avg_e2e_delay_accepted":0.0641404075,
  "p95_e2e_delay_accepted":0.1268572304,
  "avg_access_delay_accepted":0.0080685754,
  "avg_processing_delay_accepted":0.0474353787,
  "avg_network_delay_accepted":0.0086364534,
  "avg_split_proc_overhead_accepted":0.0,
  "avg_split_net_overhead_accepted":0.0,
  "total_transmitted_bits_accepted":5322144639.1421756744,
  "avg_transmitted_bits_per_accepted":1369921.400036596,
  "total_split_transmitted_bits_accepted":0.0,
  "avg_split_transmitted_bits_per_accepted":0.0,
  "avg_split_overhead_ratio_accepted":0.0,
  "p95_split_overhead_ratio_accepted":0.0,
  "rga_accepted_total":6086,
  "rga_rejected_total":0,
  "rga_rejection_ratio":0.0,
  "mdca_rejected_total":2201,
  "mdca_capacity_rejected_total":2171,
  "mdca_reliability_rejected_total":0,
  "mdca_qos_rejected_total":30,
  "mdca_rejection_ratio":0.3616496878,
  "capacity_rejection_ratio":0.3567203418,
  "reliability_rejection_ratio":0.0,
  "qos_rejected_total":30,
  "qos_rejection_ratio":0.004929346
}