{
  "algo":"random",
  "region":"Arizona",
  "time_slots":120,
  "arrival_rate":20.0,
  "mean_service_time":9.0,
  "seed":5,
  "trace_seed":7338946068405454906,
  "algo_seed":1537971742767984452,
  "trace_hash":"2ad5f050f46d387307a25e488be4df96f751898979899f68f305959f7f103524",
  "arrivals_per_slot":[
    13,
    23,
    25,
    17,
    16,
    13,
    23,
    21,
    22,
    21,
    24,
    27,
    23,
    17,
    18,
    19,
    9,
    23,
    23,
    25,
    20,
    20,
    15,
    19,
    13,
    23,
    19,
    25,
    17,
    16,
    18,
    22,
    27,
    26,
    25,
    21,
    15,
    18,
    25,
    23,
    17,
    16,
    20,
    19,
    24,
    25,
    17,
    26,
    20,
    25,
    19,
    26,
    26,
    20,
    20,
    16,
    19,
    16,
    24,
    21,
    19,
    25,
    18,
    21,
    13,
    18,
    17,
    22,
    18,
    10,
    17,
    13,
    20,
    30,
    20,
    17,
    27,
    13,
    22,
    23,
    17,
    22,
    16,
    19,
    16,
    16,
    24,
    22,
    28,
    22,
    21,
    13,
    20,
    17,
    25,
    9,
    20,
    17,
    23,
    24,
    17,
    16,
    19,
    14,
    20,
    20,
    22,
    29,
    19,
    17,
    23,
    20,
    21,
    19,
    16,
    17,
    23,
    15,
    18,
    20
  ],
  "diversity":false,
  "p_split":null,
  "split_reliability_mode":null,
  "mechanism":null,
  "fixed_sfc_len":6,
  "fixed_reliability":null,
  "max_backup_level":2,
  "explicit_split_replicas":false,
  "split_enforce_distinct":false,
  "strict_split_resource_ablation":false,
  "split_replica_resource_scale":1.0,
  "cap_base_min":500,
  "cap_base_max":700,
  "cap_scale":0.2,
  "total_arrivals":2384,
  "total_accepted":1500,
  "total_rejected":884,
  "acceptance_ratio":0.6291946309,
  "avg_cost_per_arrival":82.5317455242,
  "total_cost":196755.6813296163,
  "total_cost_resource":149664.6813296163,
  "avg_cost_per_accepted":131.1704542197,
  "final_utilization":0.9201447845,
  "avg_utilization_over_time":0.8984824216,
  "avg_leftover_capacity_sum_over_time":38204.9833333334,
  "final_leftover_capacity_sum":30052.6,
  "final_leftover_capacity_min":1.0,
  "final_leftover_capacity_max":325.4,
  "final_leftover_capacity_avg":95.7089171975,
  "avg_e2e_delay_accepted":0.1259791233,
  "p95_e2e_delay_accepted":0.1871954464,
  "avg_access_delay_accepted":0.0080807336,
  "avg_processing_delay_accepted":0.0945437189,
  "avg_network_delay_accepted":0.0233546708,
  "avg_split_proc_overhead_accepted":0.0,
  "avg_split_net_overhead_accepted":0.0,
  "total_transmitted_bits_accepted":5628716264.0539140701,
  "avg_transmitted_bits_per_accepted":3752477.509369276,
  "total_split_transmitted_bits_accepted":0.0,
  "avg_split_transmitted_bits_per_accepted":0.0,
  "avg_split_overhead_ratio_accepted":0.0,
  "p95_split_overhead_ratio_accepted":0.0,
  "rga_accepted_total":2384,
  "rga_rejected_total":0,
  "rga_rejection_ratio":0.0,
  "mdca_rejected_total":884,
  "mdca_capacity_rejected_total":761,
  "mdca_reliability_rejected_total":0,
  "mdca_qos_rejected_total":123,
  "mdca_rejection_ratio":0.3708053691,
  "capacity_rejection_ratio":0.3192114094,
  "reliability_rejection_ratio":0.0,
  "qos_rejected_total":123,
  "qos_rejection_ratio":0.0515939597
}