{
  "algo":"mdca",
  "region":"Alabama",
  "time_slots":120,
  "arrival_rate":12.0,
  "mean_service_time":9.0,
  "seed":2,
  "trace_seed":4521618134406134624,
  "algo_seed":13644192713311443876,
  "trace_hash":"7404bdc3256a959c684d62eb3c10d5587d4c6ffb0abc5e614f237785895deb33",
  "arrivals_per_slot":[
    6,
    14,
    11,
    10,
    17,
    15,
    10,
    14,
    16,
    11,
    10,
    10,
    9,
    12,
    16,
    16,
    12,
    17,
    8,
    12,
    12,
    6,
    12,
    9,
    6,
    16,
    12,
    11,
    13,
    9,
    13,
    14,
    16,
    12,
    11,
    17,
    10,
    22,
    10,
    12,
    15,
    14,
    9,
    11,
    11,
    18,
    11,
    10,
    13,
    13,
    14,
    13,
    13,
    11,
    15,
    10,
    10,
    13,
    10,
    15,
    15,
    7,
    11,
    12,
    13,
    9,
    8,
    7,
    6,
    6,
    11,
    13,
    12,
    4,
    10,
    6,
    14,
    14,
    17,
    6,
    13,
    9,
    13,
    11,
    19,
    8,
    17,
    11,
    10,
    9,
    10,
    16,
    10,
    9,
    17,
    9,
    9,
    10,
    12,
    16,
    9,
    10,
    12,
    13,
    9,
    16,
    14,
    12,
    15,
    11,
    8,
    12,
    12,
    12,
    14,
    13,
    9,
    10,
    11,
    10
  ],
  "diversity":false,
  "p_split":null,
  "split_reliability_mode":null,
  "mechanism":null,
  "fixed_sfc_len":null,
  "fixed_reliability":0.999,
  "max_backup_level":1,
  "explicit_split_replicas":false,
  "split_enforce_distinct":false,
  "strict_split_resource_ablation":false,
  "split_replica_resource_scale":1.0,
  "cap_base_min":500,
  "cap_base_max":700,
  "cap_scale":0.2,
  "total_arrivals":1409,
  "total_accepted":61,
  "total_rejected":1348,
  "acceptance_ratio":0.0432931157,
  "avg_cost_per_arrival":0.4444120319,
  "total_cost":626.1765529081,
  "total_cost_resource":316.1765529081,
  "avg_cost_per_accepted":10.2651893919,
  "final_utilization":0.002629515,
  "avg_utilization_over_time":0.0097364148,
  "avg_leftover_capacity_sum_over_time":173987.1333333333,
  "final_leftover_capacity_sum":175235.8,
  "final_leftover_capacity_min":132.2,
  "final_leftover_capacity_max":2492.0,
  "final_leftover_capacity_avg":1279.0934306569,
  "avg_e2e_delay_accepted":0.0287070559,
  "p95_e2e_delay_accepted":0.0589679497,
  "avg_access_delay_accepted":0.008396514,
  "avg_processing_delay_accepted":0.0200715835,
  "avg_network_delay_accepted":0.0002389584,
  "avg_split_proc_overhead_accepted":0.0,
  "avg_split_net_overhead_accepted":0.0,
  "total_transmitted_bits_accepted":2513651.6758053554,
  "avg_transmitted_bits_per_accepted":41207.4045213993,
  "total_split_transmitted_bits_accepted":0.0,
  "avg_split_transmitted_bits_per_accepted":0.0,
  "avg_split_overhead_ratio_accepted":0.0,
  "p95_split_overhead_ratio_accepted":0.0,
  "rga_accepted_total":61,
  "rga_rejected_total":1348,
  "rga_rejection_ratio":0.9567068843,
  "mdca_rejected_total":0,
  "mdca_capacity_rejected_total":0,
  "mdca_reliability_rejected_total":0,
  "mdca_qos_rejected_total":0,
  "mdca_rejection_ratio":0.0,
  "capacity_rejection_ratio":0.0,
  "reliability_rejection_ratio":0.0,
  "qos_rejected_total":0,
  "qos_rejection_ratio":0.0
}