{
  "algo":"dtsp",
  "region":"Alabama",
  "time_slots":120,
  "arrival_rate":45.0,
  "mean_service_time":9.0,
  "seed":1,
  "trace_seed":4470465416319269932,
  "algo_seed":14894763211395462469,
  "trace_hash":"c09d4cd1e94edf5418d40fe9cfaa5a825d2cd3cdf93c86fce1eba12cfec88cf0",
  "arrivals_per_slot":[
    44,
    59,
    52,
    38,
    49,
    43,
    38,
    34,
    39,
    27,
    43,
    46,
    50,
    35,
    41,
    43,
    39,
    38,
    43,
    48,
    42,
    45,
    37,
    45,
    52,
    38,
    43,
    37,
    42,
    54,
    57,
    50,
    42,
    44,
    66,
    50,
    46,
    45,
    46,
    34,
    36,
    45,
    36,
    32,
    42,
    40,
    44,
    48,
    52,
    54,
    47,
    41,
    41,
    48,
    42,
    47,
    43,
    44,
    49,
    37,
    50,
    48,
    45,
    47,
    39,
    42,
    31,
    51,
    48,
    54,
    48,
    40,
    47,
    49,
    39,
    50,
    40,
    43,
    39,
    52,
    45,
    50,
    42,
    33,
    44,
    46,
    44,
    46,
    48,
    52,
    43,
    35,
    44,
    61,
    42,
    61,
    46,
    46,
    56,
    36,
    47,
    43,
    57,
    52,
    46,
    49,
    46,
    38,
    61,
    51,
    49,
    46,
    48,
    46,
    42,
    48,
    45,
    48,
    49,
    46
  ],
  "diversity":false,
  "p_split":null,
  "split_reliability_mode":null,
  "mechanism":null,
  "fixed_sfc_len":null,
  "fixed_reliability":null,
  "max_backup_level":2,
  "explicit_split_replicas":false,
  "split_enforce_distinct":false,
  "strict_split_resource_ablation":false,
  "split_replica_resource_scale":1.0,
  "cap_base_min":500,
  "cap_base_max":700,
  "cap_scale":0.2,
  "total_arrivals":5411,
  "total_accepted":2426,
  "total_rejected":2985,
  "acceptance_ratio":0.4483459619,
  "avg_cost_per_arrival":17.9870136616,
  "total_cost":97327.7309228863,
  "total_cost_resource":74551.7309228864,
  "avg_cost_per_accepted":40.1186030185,
  "final_utilization":0.9717220612,
  "avg_utilization_over_time":0.9639845315,
  "avg_leftover_capacity_sum_over_time":6276.675,
  "final_leftover_capacity_sum":4928.2,
  "final_leftover_capacity_min":0.0,
  "final_leftover_capacity_max":610.8,
  "final_leftover_capacity_avg":35.9722627737,
  "avg_e2e_delay_accepted":0.0632750047,
  "p95_e2e_delay_accepted":0.1289173076,
  "avg_access_delay_accepted":0.0080588329,
  "avg_processing_delay_accepted":0.0478963765,
  "avg_network_delay_accepted":0.0073197952,
  "avg_split_proc_overhead_accepted":0.0,
  "avg_split_net_overhead_accepted":0.0,
  "total_transmitted_bits_accepted":3243620628.6295127869,
  "avg_transmitted_bits_per_accepted":1337024.1667887522,
  "total_split_transmitted_bits_accepted":0.0,
  "avg_split_transmitted_bits_per_accepted":0.0,
  "avg_split_overhead_ratio_accepted":0.0,
  "p95_split_overhead_ratio_accepted":0.0,
  "rga_accepted_total":5411,
  "rga_rejected_total":0,
  "rga_rejection_ratio":0.0,
  "mdca_rejected_total":2985,
  "mdca_capacity_rejected_total":2960,
  "mdca_reliability_rejected_total":0,
  "mdca_qos_rejected_total":25,
  "mdca_rejection_ratio":0.5516540381,
  "capacity_rejection_ratio":0.54703382,
  "reliability_rejection_ratio":0.0,
  "qos_rejected_total":25,
  "qos_rejection_ratio":0.0046202181
}