{
  "algo":"mdca",
  "region":"Arizona",
  "time_slots":120,
  "arrival_rate":30.0,
  "mean_service_time":9.0,
  "seed":1,
  "trace_seed":14331788874477138728,
  "algo_seed":3737587677167370884,
  "trace_hash":"008b215e6058aa2df64f9010fa5b2dadb4d6ea41d919c784d6b5b056bae34c81",
  "arrivals_per_slot":[
    36,
    27,
    29,
    34,
    33,
    33,
    30,
    27,
    29,
    34,
    28,
    27,
    33,
    36,
    32,
    24,
    32,
    27,
    30,
    32,
    31,
    31,
    28,
    45,
    33,
    26,
    35,
    26,
    32,
    32,
    35,
    32,
    19,
    25,
    26,
    28,
    25,
    34,
    30,
    30,
    30,
    29,
    27,
    27,
    35,
    35,
    36,
    37,
    28,
    31,
    27,
    32,
    27,
    25,
    34,
    24,
    31,
    51,
    26,
    27,
    30,
    34,
    27,
    26,
    18,
    25,
    28,
    33,
    23,
    33,
    23,
    25,
    24,
    24,
    27,
    27,
    32,
    32,
    37,
    40,
    21,
    30,
    31,
    28,
    20,
    24,
    22,
    27,
    22,
    29,
    30,
    35,
    31,
    27,
    21,
    26,
    37,
    25,
    38,
    28,
    34,
    34,
    32,
    33,
    37,
    26,
    39,
    29,
    17,
    30,
    36,
    29,
    33,
    25,
    28,
    26,
    41,
    27,
    31,
    25
  ],
  "diversity":false,
  "p_split":null,
  "split_reliability_mode":null,
  "split_recovery_coverage":null,
  "split_workload_shares":null,
  "mechanism":null,
  "fixed_sfc_len":3,
  "fixed_reliability":0.999,
  "max_backup_level":2,
  "explicit_split_replicas":false,
  "split_enforce_distinct":false,
  "strict_split_resource_ablation":false,
  "split_replica_resource_scale":1.0,
  "backhaul_knn_k":4,
  "backhaul_use_device_bw":true,
  "backhaul_bw_scale":0.5,
  "fiber_speed_mps":200000000.0,
  "switch_delay_s":0.0002,
  "region_cloudlet_count":100,
  "cap_base_min":500,
  "cap_base_max":700,
  "cap_scale":0.2,
  "total_arrivals":3567,
  "total_accepted":1180,
  "total_rejected":2387,
  "acceptance_ratio":0.3308102047,
  "avg_cost_per_arrival":20.7332668355,
  "total_cost":73955.5628023805,
  "total_cost_resource":54397.5628023805,
  "avg_cost_per_accepted":62.6742057647,
  "final_utilization":0.9562957823,
  "avg_utilization_over_time":0.9479139927,
  "avg_leftover_capacity_sum_over_time":6290.0,
  "final_leftover_capacity_sum":5277.8,
  "final_leftover_capacity_min":0.0,
  "final_leftover_capacity_max":756.0,
  "final_leftover_capacity_avg":52.778,
  "avg_e2e_delay_accepted":0.0734612664,
  "p95_e2e_delay_accepted":0.1199471275,
  "avg_access_delay_accepted":0.0080861834,
  "avg_processing_delay_accepted":0.0585494238,
  "avg_network_delay_accepted":0.0068256592,
  "avg_split_proc_overhead_accepted":0.0,
  "avg_split_net_overhead_accepted":0.0,
  "total_transmitted_bits_accepted":1461282324.1024179459,
  "avg_transmitted_bits_per_accepted":1238374.8509342526,
  "total_split_transmitted_bits_accepted":0.0,
  "avg_split_transmitted_bits_per_accepted":0.0,
  "avg_split_overhead_ratio_accepted":0.0,
  "p95_split_overhead_ratio_accepted":0.0,
  "rga_accepted_total":2314,
  "rga_rejected_total":1253,
  "rga_rejection_ratio":0.3512755817,
  "mdca_rejected_total":1134,
  "mdca_capacity_rejected_total":1125,
  "mdca_reliability_rejected_total":0,
  "mdca_qos_rejected_total":9,
  "mdca_rejection_ratio":0.3179142136,
  "capacity_rejection_ratio":0.3153910849,
  "reliability_rejection_ratio":0.0,
  "qos_rejected_total":9,
  "qos_rejection_ratio":0.0025231287
}