{
  "algo":"hspa",
  "region":"Alabama",
  "time_slots":120,
  "arrival_rate":20.0,
  "mean_service_time":9.0,
  "seed":5,
  "trace_seed":7795145321949311407,
  "algo_seed":1071169149524359896,
  "trace_hash":"9b862d375ef1b714a1fdef4765fd20c98aad02c73b7b3fe1e39ebed6201d84f6",
  "arrivals_per_slot":[
    20,
    20,
    19,
    17,
    16,
    17,
    20,
    25,
    16,
    18,
    15,
    24,
    25,
    24,
    17,
    16,
    24,
    18,
    28,
    17,
    19,
    22,
    19,
    16,
    18,
    28,
    25,
    28,
    21,
    21,
    20,
    17,
    25,
    21,
    20,
    20,
    21,
    11,
    19,
    14,
    16,
    21,
    26,
    19,
    25,
    20,
    21,
    24,
    18,
    20,
    21,
    21,
    23,
    20,
    16,
    22,
    24,
    22,
    14,
    19,
    12,
    29,
    26,
    22,
    19,
    19,
    17,
    27,
    25,
    19,
    21,
    20,
    20,
    25,
    22,
    20,
    22,
    19,
    20,
    24,
    18,
    23,
    16,
    28,
    25,
    21,
    24,
    15,
    23,
    18,
    26,
    19,
    26,
    15,
    24,
    14,
    17,
    23,
    18,
    12,
    27,
    26,
    19,
    22,
    13,
    18,
    26,
    20,
    15,
    18,
    19,
    13,
    26,
    17,
    16,
    11,
    14,
    15,
    20,
    26
  ],
  "diversity":false,
  "p_split":null,
  "split_reliability_mode":null,
  "mechanism":null,
  "fixed_sfc_len":5,
  "fixed_reliability":null,
  "max_backup_level":2,
  "explicit_split_replicas":false,
  "split_enforce_distinct":false,
  "strict_split_resource_ablation":false,
  "split_replica_resource_scale":1.0,
  "cap_base_min":500,
  "cap_base_max":700,
  "cap_scale":0.2,
  "total_arrivals":2427,
  "total_accepted":1093,
  "total_rejected":1334,
  "acceptance_ratio":0.4503502266,
  "avg_cost_per_arrival":41.7920035867,
  "total_cost":101429.1927049256,
  "total_cost_resource":76811.1927049256,
  "avg_cost_per_accepted":92.7988954299,
  "final_utilization":0.9651509419,
  "avg_utilization_over_time":0.9516921485,
  "avg_leftover_capacity_sum_over_time":8426.725,
  "final_leftover_capacity_sum":6079.0,
  "final_leftover_capacity_min":0.4,
  "final_leftover_capacity_max":313.0,
  "final_leftover_capacity_avg":44.3722627737,
  "avg_e2e_delay_accepted":0.1038218536,
  "p95_e2e_delay_accepted":0.1602177953,
  "avg_access_delay_accepted":0.0080796503,
  "avg_processing_delay_accepted":0.0815046258,
  "avg_network_delay_accepted":0.0142375775,
  "avg_split_proc_overhead_accepted":0.0,
  "avg_split_net_overhead_accepted":0.0,
  "total_transmitted_bits_accepted":2880230614.0810060501,
  "avg_transmitted_bits_per_accepted":2635160.6716203168,
  "total_split_transmitted_bits_accepted":0.0,
  "avg_split_transmitted_bits_per_accepted":0.0,
  "avg_split_overhead_ratio_accepted":0.0,
  "p95_split_overhead_ratio_accepted":0.0,
  "rga_accepted_total":2427,
  "rga_rejected_total":0,
  "rga_rejection_ratio":0.0,
  "mdca_rejected_total":1334,
  "mdca_capacity_rejected_total":1298,
  "mdca_reliability_rejected_total":0,
  "mdca_qos_rejected_total":36,
  "mdca_rejection_ratio":0.5496497734,
  "capacity_rejection_ratio":0.5348166461,
  "reliability_rejection_ratio":0.0,
  "qos_rejected_total":36,
  "qos_rejection_ratio":0.0148331273
}