{
  "algo":"mdca",
  "region":"Alabama",
  "time_slots":120,
  "arrival_rate":12.0,
  "mean_service_time":9.0,
  "seed":3,
  "trace_seed":16822749361596586808,
  "algo_seed":8697476456625756811,
  "trace_hash":"32c151d9d483db53d83a78bb52cbf0e0f11fcc4ec06f818bcca35f5a09c67cca",
  "arrivals_per_slot":[
    9,
    20,
    9,
    8,
    12,
    14,
    11,
    9,
    14,
    11,
    12,
    13,
    7,
    13,
    19,
    18,
    13,
    15,
    10,
    13,
    8,
    12,
    12,
    6,
    12,
    7,
    12,
    8,
    12,
    6,
    14,
    11,
    10,
    19,
    12,
    13,
    10,
    17,
    17,
    13,
    18,
    10,
    10,
    12,
    14,
    11,
    13,
    12,
    9,
    13,
    9,
    7,
    12,
    14,
    10,
    12,
    16,
    15,
    12,
    15,
    16,
    7,
    15,
    14,
    11,
    16,
    11,
    12,
    10,
    9,
    8,
    14,
    8,
    9,
    12,
    14,
    11,
    10,
    12,
    16,
    11,
    7,
    14,
    10,
    19,
    12,
    14,
    12,
    11,
    10,
    14,
    15,
    11,
    12,
    13,
    14,
    11,
    9,
    8,
    12,
    20,
    19,
    19,
    9,
    11,
    6,
    10,
    10,
    15,
    9,
    14,
    16,
    9,
    16,
    11,
    12,
    13,
    9,
    6,
    12
  ],
  "diversity":true,
  "p_split":0.3,
  "split_reliability_mode":"identical_active_pool",
  "mechanism":null,
  "fixed_sfc_len":null,
  "fixed_reliability":0.996,
  "max_backup_level":2,
  "explicit_split_replicas":true,
  "split_enforce_distinct":false,
  "strict_split_resource_ablation":false,
  "split_replica_resource_scale":1.0,
  "cap_base_min":500,
  "cap_base_max":700,
  "cap_scale":0.2,
  "total_arrivals":1445,
  "total_accepted":1421,
  "total_rejected":24,
  "acceptance_ratio":0.9833910035,
  "avg_cost_per_arrival":53.233193835,
  "total_cost":76921.9650915721,
  "total_cost_resource":54468.9650915722,
  "avg_cost_per_accepted":54.1322766302,
  "final_utilization":0.9396700562,
  "avg_utilization_over_time":0.8146013419,
  "avg_leftover_capacity_sum_over_time":32107.525,
  "final_leftover_capacity_sum":10448.0,
  "final_leftover_capacity_min":0.0,
  "final_leftover_capacity_max":1640.6,
  "final_leftover_capacity_avg":76.2627737226,
  "avg_e2e_delay_accepted":0.0697502463,
  "p95_e2e_delay_accepted":0.1343047168,
  "avg_access_delay_accepted":0.0080229518,
  "avg_processing_delay_accepted":0.0430787618,
  "avg_network_delay_accepted":0.0139870039,
  "avg_split_proc_overhead_accepted":1.236036256e-19,
  "avg_split_net_overhead_accepted":0.0,
  "total_transmitted_bits_accepted":2737318118.1903591156,
  "avg_transmitted_bits_per_accepted":1926332.2436244611,
  "total_split_transmitted_bits_accepted":789120965.0738157034,
  "avg_split_transmitted_bits_per_accepted":555327.9134931848,
  "avg_split_overhead_ratio_accepted":1.51062946e-18,
  "p95_split_overhead_ratio_accepted":0.0,
  "rga_accepted_total":1445,
  "rga_rejected_total":0,
  "rga_rejection_ratio":0.0,
  "mdca_rejected_total":24,
  "mdca_capacity_rejected_total":4,
  "mdca_reliability_rejected_total":2,
  "mdca_qos_rejected_total":18,
  "mdca_rejection_ratio":0.0166089965,
  "capacity_rejection_ratio":0.0027681661,
  "reliability_rejection_ratio":0.001384083,
  "qos_rejected_total":18,
  "qos_rejection_ratio":0.0124567474
}