{
  "algo":"random",
  "region":"Arizona",
  "time_slots":120,
  "arrival_rate":15.0,
  "mean_service_time":9.0,
  "seed":2,
  "trace_seed":7899512361023790057,
  "algo_seed":8689418211928376907,
  "trace_hash":"98f563d17e7b6fadd0058468e790e8fcd2141b232902f7945abedbbfc6ae26d7",
  "arrivals_per_slot":[
    14,
    11,
    14,
    21,
    15,
    13,
    10,
    10,
    15,
    17,
    15,
    12,
    11,
    25,
    14,
    13,
    13,
    13,
    14,
    13,
    15,
    11,
    16,
    10,
    9,
    8,
    10,
    13,
    9,
    9,
    16,
    25,
    22,
    14,
    21,
    15,
    11,
    16,
    16,
    12,
    16,
    17,
    17,
    17,
    12,
    12,
    17,
    19,
    15,
    17,
    22,
    12,
    17,
    15,
    12,
    12,
    17,
    16,
    15,
    21,
    18,
    16,
    13,
    15,
    18,
    18,
    12,
    20,
    13,
    11,
    20,
    16,
    20,
    17,
    22,
    16,
    10,
    14,
    13,
    17,
    16,
    15,
    11,
    19,
    14,
    11,
    13,
    18,
    16,
    19,
    18,
    16,
    15,
    17,
    18,
    12,
    19,
    13,
    10,
    11,
    20,
    18,
    12,
    9,
    14,
    12,
    17,
    15,
    24,
    10,
    19,
    14,
    14,
    19,
    7,
    9,
    21,
    12,
    22,
    16
  ],
  "diversity":false,
  "p_split":null,
  "split_reliability_mode":null,
  "mechanism":null,
  "fixed_sfc_len":null,
  "fixed_reliability":null,
  "max_backup_level":2,
  "explicit_split_replicas":false,
  "split_enforce_distinct":false,
  "strict_split_resource_ablation":false,
  "split_replica_resource_scale":1.0,
  "cap_base_min":500,
  "cap_base_max":700,
  "cap_scale":0.2,
  "total_arrivals":1803,
  "total_accepted":1784,
  "total_rejected":19,
  "acceptance_ratio":0.9894620078,
  "avg_cost_per_arrival":58.2783709654,
  "total_cost":105075.9028506094,
  "total_cost_resource":80413.9028506094,
  "avg_cost_per_accepted":58.8990486831,
  "final_utilization":0.4910727146,
  "avg_utilization_over_time":0.4865852,
  "avg_leftover_capacity_sum_over_time":192488.45,
  "final_leftover_capacity_sum":190806.0,
  "final_leftover_capacity_min":2.2,
  "final_leftover_capacity_max":1831.6,
  "final_leftover_capacity_avg":607.6624203822,
  "avg_e2e_delay_accepted":0.0645234247,
  "p95_e2e_delay_accepted":0.1285696738,
  "avg_access_delay_accepted":0.0080496448,
  "avg_processing_delay_accepted":0.0468211794,
  "avg_network_delay_accepted":0.0096526006,
  "avg_split_proc_overhead_accepted":0.0,
  "avg_split_net_overhead_accepted":0.0,
  "total_transmitted_bits_accepted":2699512935.0904746056,
  "avg_transmitted_bits_per_accepted":1513179.8963511628,
  "total_split_transmitted_bits_accepted":0.0,
  "avg_split_transmitted_bits_per_accepted":0.0,
  "avg_split_overhead_ratio_accepted":0.0,
  "p95_split_overhead_ratio_accepted":0.0,
  "rga_accepted_total":1803,
  "rga_rejected_total":0,
  "rga_rejection_ratio":0.0,
  "mdca_rejected_total":19,
  "mdca_capacity_rejected_total":0,
  "mdca_reliability_rejected_total":0,
  "mdca_qos_rejected_total":19,
  "mdca_rejection_ratio":0.0105379922,
  "capacity_rejection_ratio":0.0,
  "reliability_rejection_ratio":0.0,
  "qos_rejected_total":19,
  "qos_rejection_ratio":0.0105379922
}