region,fixed_reliability,seed,method,share,share_tag,domain_count,domain_failure_prob,total_accepted,expected_target_satisfaction_ratio,expected_reliability,expected_reliability_loss
Arizona,0.996,2,DMDCA,"0.5,0.5",0p5_0p5,6,0.0,1407,1.0,0.9978189950275322,1.9984014443252818e-15
Arizona,0.996,2,DMDCA,"0.5,0.5",0p5_0p5,6,0.01,1407,0.9653497124087145,0.9902960872594583,0.007522907768075959
Arizona,0.996,2,DMDCA,"0.5,0.5",0p5_0p5,6,0.03,1407,0.8990355254026078,0.9747105804708763,0.023108414556657908
Arizona,0.996,2,DMDCA,"0.5,0.5",0p5_0p5,6,0.05,1407,0.8365481150164354,0.9584281414751291,0.039390853552405125
Arizona,0.996,2,MDCA,nan,nan,6,0.0,1410,1.0,0.9978225300803564,1.887379141862766e-15
Arizona,0.996,2,MDCA,nan,nan,6,0.01,1410,0.965850939572598,0.9894753772523042,0.008347152828054094
Arizona,0.996,2,MDCA,nan,nan,6,0.03,1410,0.9005018811842742,0.9722819757005311,0.025540554379827163
Arizona,0.996,2,MDCA,nan,nan,6,0.05,1410,0.8389296755651596,0.9544473468271869,0.04337518325317136
