{
  "algo":"random",
  "region":"Alabama",
  "time_slots":120,
  "arrival_rate":12.0,
  "mean_service_time":9.0,
  "seed":1,
  "trace_seed":14538129408761577220,
  "algo_seed":882721028417214257,
  "trace_hash":"0d8c169beebfdc5eb10f187d7940a8e4f7b8cd61f389e733ccb264075032de26",
  "arrivals_per_slot":[
    10,
    9,
    9,
    14,
    10,
    12,
    18,
    15,
    12,
    12,
    12,
    11,
    10,
    16,
    8,
    7,
    13,
    9,
    15,
    9,
    15,
    9,
    16,
    11,
    8,
    13,
    14,
    11,
    10,
    11,
    11,
    12,
    20,
    9,
    7,
    13,
    13,
    10,
    16,
    12,
    14,
    11,
    19,
    13,
    13,
    15,
    10,
    16,
    13,
    16,
    11,
    10,
    8,
    13,
    19,
    18,
    9,
    14,
    11,
    14,
    14,
    13,
    10,
    16,
    12,
    12,
    8,
    8,
    13,
    14,
    18,
    13,
    16,
    8,
    6,
    13,
    19,
    13,
    9,
    16,
    12,
    14,
    12,
    8,
    11,
    13,
    14,
    13,
    9,
    13,
    13,
    5,
    15,
    13,
    12,
    14,
    13,
    9,
    14,
    9,
    12,
    12,
    14,
    11,
    8,
    17,
    5,
    5,
    7,
    10,
    8,
    10,
    11,
    14,
    12,
    17,
    20,
    13,
    9,
    15
  ],
  "diversity":false,
  "p_split":null,
  "split_reliability_mode":null,
  "mechanism":null,
  "fixed_sfc_len":null,
  "fixed_reliability":0.96,
  "max_backup_level":2,
  "explicit_split_replicas":false,
  "split_enforce_distinct":false,
  "strict_split_resource_ablation":false,
  "split_replica_resource_scale":1.0,
  "cap_base_min":500,
  "cap_base_max":700,
  "cap_scale":0.2,
  "total_arrivals":1456,
  "total_accepted":1345,
  "total_rejected":111,
  "acceptance_ratio":0.9237637363,
  "avg_cost_per_arrival":56.7901940672,
  "total_cost":82686.5225618458,
  "total_cost_resource":63086.5225618458,
  "avg_cost_per_accepted":61.4769684475,
  "final_utilization":0.9397390724,
  "avg_utilization_over_time":0.8343815499,
  "avg_leftover_capacity_sum_over_time":28925.8916666667,
  "final_leftover_capacity_sum":10524.8,
  "final_leftover_capacity_min":0.0,
  "final_leftover_capacity_max":282.6,
  "final_leftover_capacity_avg":76.8233576642,
  "avg_e2e_delay_accepted":0.0632938454,
  "p95_e2e_delay_accepted":0.1250374625,
  "avg_access_delay_accepted":0.0080351492,
  "avg_processing_delay_accepted":0.0474936645,
  "avg_network_delay_accepted":0.0077650317,
  "avg_split_proc_overhead_accepted":0.0,
  "avg_split_net_overhead_accepted":0.0,
  "total_transmitted_bits_accepted":1993607784.5801465511,
  "avg_transmitted_bits_per_accepted":1482236.2710633059,
  "total_split_transmitted_bits_accepted":0.0,
  "avg_split_transmitted_bits_per_accepted":0.0,
  "avg_split_overhead_ratio_accepted":0.0,
  "p95_split_overhead_ratio_accepted":0.0,
  "rga_accepted_total":1456,
  "rga_rejected_total":0,
  "rga_rejection_ratio":0.0,
  "mdca_rejected_total":111,
  "mdca_capacity_rejected_total":95,
  "mdca_reliability_rejected_total":0,
  "mdca_qos_rejected_total":16,
  "mdca_rejection_ratio":0.0762362637,
  "capacity_rejection_ratio":0.0652472527,
  "reliability_rejection_ratio":0.0,
  "qos_rejected_total":16,
  "qos_rejection_ratio":0.010989011
}