{
  "algo":"mdca",
  "region":"Arizona",
  "time_slots":120,
  "arrival_rate":30.0,
  "mean_service_time":9.0,
  "seed":4,
  "trace_seed":13174365043278708639,
  "algo_seed":9982702643186365209,
  "trace_hash":"e370024dd19bc1edcce7c389f6893501cec61948463ae8d2fe7a457316bca04f",
  "arrivals_per_slot":[
    25,
    34,
    19,
    31,
    23,
    32,
    34,
    16,
    19,
    30,
    23,
    27,
    31,
    27,
    25,
    40,
    24,
    31,
    33,
    28,
    33,
    30,
    26,
    34,
    29,
    18,
    25,
    30,
    27,
    33,
    21,
    27,
    25,
    29,
    36,
    24,
    20,
    26,
    40,
    30,
    32,
    40,
    35,
    27,
    32,
    34,
    37,
    27,
    24,
    31,
    39,
    26,
    32,
    39,
    41,
    24,
    34,
    31,
    33,
    31,
    31,
    37,
    35,
    29,
    32,
    34,
    23,
    26,
    20,
    25,
    39,
    32,
    33,
    31,
    31,
    40,
    25,
    35,
    27,
    34,
    29,
    23,
    23,
    36,
    36,
    31,
    42,
    32,
    31,
    37,
    35,
    27,
    24,
    33,
    31,
    28,
    39,
    29,
    23,
    22,
    29,
    28,
    29,
    21,
    31,
    28,
    38,
    27,
    35,
    35,
    32,
    34,
    20,
    40,
    19,
    36,
    28,
    28,
    33,
    38
  ],
  "diversity":true,
  "p_split":0.3,
  "split_reliability_mode":"identical_active_pool",
  "mechanism":null,
  "fixed_sfc_len":null,
  "fixed_reliability":null,
  "max_backup_level":2,
  "explicit_split_replicas":true,
  "split_enforce_distinct":false,
  "strict_split_resource_ablation":false,
  "split_replica_resource_scale":1.0,
  "cap_base_min":500,
  "cap_base_max":700,
  "cap_scale":0.2,
  "total_arrivals":3603,
  "total_accepted":3564,
  "total_rejected":39,
  "acceptance_ratio":0.9891756869,
  "avg_cost_per_arrival":36.8325404555,
  "total_cost":132707.6432611204,
  "total_cost_resource":94359.6432611204,
  "avg_cost_per_accepted":37.2355901406,
  "final_utilization":0.8257503953,
  "avg_utilization_over_time":0.6501015653,
  "avg_leftover_capacity_sum_over_time":131568.6694444445,
  "final_leftover_capacity_sum":65521.2666666667,
  "final_leftover_capacity_min":0.0666666667,
  "final_leftover_capacity_max":2625.8,
  "final_leftover_capacity_avg":208.6664543524,
  "avg_e2e_delay_accepted":0.0705314901,
  "p95_e2e_delay_accepted":0.1375357955,
  "avg_access_delay_accepted":0.0081154233,
  "avg_processing_delay_accepted":0.0446336643,
  "avg_network_delay_accepted":0.0144372199,
  "avg_split_proc_overhead_accepted":5.348000615e-19,
  "avg_split_net_overhead_accepted":0.0,
  "total_transmitted_bits_accepted":6370494514.051905632,
  "avg_transmitted_bits_per_accepted":1787456.3731907704,
  "total_split_transmitted_bits_accepted":1365145029.7974345684,
  "avg_split_transmitted_bits_per_accepted":383037.3259813229,
  "avg_split_overhead_ratio_accepted":6.322598703e-18,
  "p95_split_overhead_ratio_accepted":4.263163782e-17,
  "rga_accepted_total":3603,
  "rga_rejected_total":0,
  "rga_rejection_ratio":0.0,
  "mdca_rejected_total":39,
  "mdca_capacity_rejected_total":0,
  "mdca_reliability_rejected_total":0,
  "mdca_qos_rejected_total":39,
  "mdca_rejection_ratio":0.0108243131,
  "capacity_rejection_ratio":0.0,
  "reliability_rejection_ratio":0.0,
  "qos_rejected_total":39,
  "qos_rejection_ratio":0.0108243131
}