{
  "algo":"mdca",
  "region":"Arizona",
  "time_slots":120,
  "arrival_rate":10.0,
  "mean_service_time":9.0,
  "seed":3,
  "trace_seed":6535922928651103021,
  "algo_seed":18185845460186161846,
  "trace_hash":"ba5094964cc9451026ac7d93c1d9660517991138db75ff683c8717a03bceea64",
  "arrivals_per_slot":[
    11,
    11,
    8,
    9,
    8,
    10,
    10,
    10,
    13,
    12,
    18,
    7,
    7,
    11,
    15,
    13,
    15,
    8,
    12,
    12,
    12,
    7,
    6,
    8,
    15,
    7,
    7,
    14,
    9,
    13,
    15,
    8,
    9,
    7,
    10,
    11,
    8,
    16,
    12,
    14,
    19,
    12,
    12,
    7,
    14,
    15,
    15,
    13,
    10,
    13,
    12,
    8,
    9,
    14,
    14,
    11,
    8,
    9,
    8,
    7,
    6,
    13,
    12,
    9,
    8,
    14,
    14,
    14,
    6,
    7,
    12,
    12,
    7,
    16,
    11,
    18,
    11,
    6,
    10,
    6,
    8,
    11,
    12,
    8,
    6,
    6,
    10,
    8,
    12,
    14,
    9,
    9,
    13,
    6,
    8,
    7,
    7,
    8,
    17,
    14,
    13,
    7,
    12,
    6,
    12,
    12,
    10,
    7,
    7,
    7,
    15,
    12,
    14,
    7,
    9,
    11,
    12,
    10,
    12,
    5
  ],
  "diversity":false,
  "p_split":null,
  "split_reliability_mode":null,
  "split_recovery_coverage":null,
  "split_workload_shares":null,
  "mechanism":null,
  "fixed_sfc_len":3,
  "fixed_reliability":0.999,
  "max_backup_level":2,
  "explicit_split_replicas":false,
  "split_enforce_distinct":false,
  "strict_split_resource_ablation":false,
  "split_replica_resource_scale":1.0,
  "backhaul_knn_k":4,
  "backhaul_use_device_bw":true,
  "backhaul_bw_scale":0.5,
  "fiber_speed_mps":200000000.0,
  "switch_delay_s":0.0002,
  "region_cloudlet_count":314,
  "cap_base_min":500,
  "cap_base_max":700,
  "cap_scale":0.2,
  "total_arrivals":1263,
  "total_accepted":858,
  "total_rejected":405,
  "acceptance_ratio":0.6793349169,
  "avg_cost_per_arrival":32.8046973883,
  "total_cost":41432.3328013995,
  "total_cost_resource":26798.3328013995,
  "avg_cost_per_accepted":48.2894321695,
  "final_utilization":0.3160794795,
  "avg_utilization_over_time":0.291251438,
  "avg_leftover_capacity_sum_over_time":266772.25,
  "final_leftover_capacity_sum":257427.0,
  "final_leftover_capacity_min":0.8,
  "final_leftover_capacity_max":2253.4,
  "final_leftover_capacity_avg":819.8312101911,
  "avg_e2e_delay_accepted":0.0652898992,
  "p95_e2e_delay_accepted":0.1132452377,
  "avg_access_delay_accepted":0.0079677229,
  "avg_processing_delay_accepted":0.048600849,
  "avg_network_delay_accepted":0.0087213273,
  "avg_split_proc_overhead_accepted":0.0,
  "avg_split_net_overhead_accepted":0.0,
  "total_transmitted_bits_accepted":1069803295.293992281,
  "avg_transmitted_bits_per_accepted":1246856.9875221355,
  "total_split_transmitted_bits_accepted":0.0,
  "avg_split_transmitted_bits_per_accepted":0.0,
  "avg_split_overhead_ratio_accepted":0.0,
  "p95_split_overhead_ratio_accepted":0.0,
  "rga_accepted_total":862,
  "rga_rejected_total":401,
  "rga_rejection_ratio":0.3174980206,
  "mdca_rejected_total":4,
  "mdca_capacity_rejected_total":0,
  "mdca_reliability_rejected_total":0,
  "mdca_qos_rejected_total":4,
  "mdca_rejection_ratio":0.0031670625,
  "capacity_rejection_ratio":0.0,
  "reliability_rejection_ratio":0.0,
  "qos_rejected_total":4,
  "qos_rejection_ratio":0.0031670625
}