{
  "algo":"mdca",
  "region":"Arizona",
  "time_slots":120,
  "arrival_rate":12.0,
  "mean_service_time":9.0,
  "seed":4,
  "trace_seed":18161765676341238694,
  "algo_seed":9674260753106199870,
  "trace_hash":"eb778035eccc50dd61851e611dcf76fea4c13140421f2db3d3f97b843f8afc16",
  "arrivals_per_slot":[
    12,
    13,
    7,
    11,
    16,
    15,
    12,
    17,
    11,
    15,
    17,
    11,
    12,
    18,
    14,
    10,
    12,
    16,
    15,
    11,
    10,
    12,
    17,
    14,
    12,
    9,
    5,
    12,
    13,
    13,
    14,
    7,
    10,
    15,
    18,
    13,
    11,
    6,
    12,
    16,
    13,
    12,
    13,
    15,
    7,
    11,
    14,
    16,
    11,
    19,
    5,
    11,
    16,
    9,
    10,
    13,
    15,
    13,
    11,
    15,
    13,
    8,
    13,
    16,
    12,
    19,
    17,
    14,
    14,
    17,
    10,
    14,
    14,
    13,
    12,
    12,
    13,
    11,
    11,
    11,
    14,
    13,
    8,
    6,
    16,
    8,
    15,
    11,
    16,
    12,
    13,
    11,
    14,
    13,
    16,
    9,
    12,
    20,
    13,
    10,
    10,
    10,
    14,
    7,
    11,
    17,
    15,
    10,
    10,
    14,
    8,
    11,
    10,
    10,
    12,
    14,
    11,
    16,
    9,
    9
  ],
  "diversity":true,
  "p_split":0.3,
  "split_reliability_mode":"identical_active_pool",
  "mechanism":null,
  "fixed_sfc_len":null,
  "fixed_reliability":0.996,
  "max_backup_level":2,
  "explicit_split_replicas":true,
  "split_enforce_distinct":false,
  "strict_split_resource_ablation":false,
  "split_replica_resource_scale":1.0,
  "cap_base_min":500,
  "cap_base_max":700,
  "cap_scale":0.2,
  "total_arrivals":1495,
  "total_accepted":1458,
  "total_rejected":37,
  "acceptance_ratio":0.9752508361,
  "avg_cost_per_arrival":46.2503555339,
  "total_cost":69144.2815231247,
  "total_cost_resource":43045.2815231247,
  "avg_cost_per_accepted":47.4240614013,
  "final_utilization":0.4420120317,
  "avg_utilization_over_time":0.387861682,
  "avg_leftover_capacity_sum_over_time":229719.84,
  "final_leftover_capacity_sum":209398.6,
  "final_leftover_capacity_min":0.0,
  "final_leftover_capacity_max":2086.4,
  "final_leftover_capacity_avg":666.874522293,
  "avg_e2e_delay_accepted":0.0730469933,
  "p95_e2e_delay_accepted":0.13914511,
  "avg_access_delay_accepted":0.0080862784,
  "avg_processing_delay_accepted":0.0426057989,
  "avg_network_delay_accepted":0.0170783199,
  "avg_split_proc_overhead_accepted":3.691344022e-19,
  "avg_split_net_overhead_accepted":0.0,
  "total_transmitted_bits_accepted":2994306023.7682476044,
  "avg_transmitted_bits_per_accepted":2053707.8352319943,
  "total_split_transmitted_bits_accepted":939929100.9997491837,
  "avg_split_transmitted_bits_per_accepted":644670.1652947526,
  "avg_split_overhead_ratio_accepted":4.477954132e-18,
  "p95_split_overhead_ratio_accepted":3.429231222e-17,
  "rga_accepted_total":1495,
  "rga_rejected_total":0,
  "rga_rejection_ratio":0.0,
  "mdca_rejected_total":37,
  "mdca_capacity_rejected_total":0,
  "mdca_reliability_rejected_total":0,
  "mdca_qos_rejected_total":37,
  "mdca_rejection_ratio":0.0247491639,
  "capacity_rejection_ratio":0.0,
  "reliability_rejection_ratio":0.0,
  "qos_rejected_total":37,
  "qos_rejection_ratio":0.0247491639
}