{
  "algo":"hspa",
  "region":"Arizona",
  "time_slots":120,
  "arrival_rate":40.0,
  "mean_service_time":9.0,
  "seed":4,
  "trace_seed":5543894205965261079,
  "algo_seed":5871001202714428341,
  "trace_hash":"19da9ba302f4d7e01bf973ea345d7ad56f53bef0bb7be66347819ffef40e83d0",
  "arrivals_per_slot":[
    35,
    36,
    38,
    31,
    36,
    43,
    35,
    41,
    37,
    39,
    51,
    28,
    43,
    42,
    54,
    28,
    27,
    34,
    42,
    35,
    49,
    42,
    32,
    39,
    50,
    41,
    34,
    45,
    40,
    50,
    36,
    56,
    34,
    36,
    34,
    40,
    46,
    38,
    29,
    36,
    49,
    41,
    28,
    43,
    34,
    36,
    36,
    35,
    52,
    32,
    32,
    44,
    46,
    47,
    41,
    32,
    41,
    37,
    47,
    37,
    33,
    37,
    40,
    43,
    43,
    43,
    34,
    43,
    37,
    48,
    36,
    43,
    39,
    32,
    38,
    38,
    39,
    37,
    35,
    39,
    29,
    30,
    32,
    43,
    38,
    50,
    32,
    37,
    40,
    41,
    35,
    37,
    44,
    41,
    44,
    36,
    45,
    38,
    52,
    40,
    37,
    44,
    41,
    41,
    38,
    28,
    41,
    43,
    49,
    33,
    52,
    42,
    33,
    33,
    45,
    48,
    60,
    43,
    39,
    48
  ],
  "diversity":false,
  "p_split":null,
  "split_reliability_mode":null,
  "mechanism":null,
  "fixed_sfc_len":null,
  "fixed_reliability":null,
  "max_backup_level":2,
  "explicit_split_replicas":false,
  "split_enforce_distinct":false,
  "strict_split_resource_ablation":false,
  "split_replica_resource_scale":1.0,
  "cap_base_min":500,
  "cap_base_max":700,
  "cap_scale":0.2,
  "total_arrivals":4751,
  "total_accepted":3872,
  "total_rejected":879,
  "acceptance_ratio":0.8149863187,
  "avg_cost_per_arrival":40.0876701905,
  "total_cost":190456.5210749375,
  "total_cost_resource":143577.5210749374,
  "avg_cost_per_accepted":49.1881511041,
  "final_utilization":0.9735001024,
  "avg_utilization_over_time":0.9252008252,
  "avg_leftover_capacity_sum_over_time":27671.85,
  "final_leftover_capacity_sum":9803.6,
  "final_leftover_capacity_min":0.0,
  "final_leftover_capacity_max":195.6,
  "final_leftover_capacity_avg":31.221656051,
  "avg_e2e_delay_accepted":0.0645386967,
  "p95_e2e_delay_accepted":0.1266471943,
  "avg_access_delay_accepted":0.0080539331,
  "avg_processing_delay_accepted":0.04809915,
  "avg_network_delay_accepted":0.0083856136,
  "avg_split_proc_overhead_accepted":0.0,
  "avg_split_net_overhead_accepted":0.0,
  "total_transmitted_bits_accepted":5194548591.3377990723,
  "avg_transmitted_bits_per_accepted":1341567.3014818695,
  "total_split_transmitted_bits_accepted":0.0,
  "avg_split_transmitted_bits_per_accepted":0.0,
  "avg_split_overhead_ratio_accepted":0.0,
  "p95_split_overhead_ratio_accepted":0.0,
  "rga_accepted_total":4751,
  "rga_rejected_total":0,
  "rga_rejection_ratio":0.0,
  "mdca_rejected_total":879,
  "mdca_capacity_rejected_total":855,
  "mdca_reliability_rejected_total":0,
  "mdca_qos_rejected_total":24,
  "mdca_rejection_ratio":0.1850136813,
  "capacity_rejection_ratio":0.1799621132,
  "reliability_rejection_ratio":0.0,
  "qos_rejected_total":24,
  "qos_rejection_ratio":0.0050515681
}