{
  "algo":"mdca",
  "region":"Alabama",
  "time_slots":120,
  "arrival_rate":20.0,
  "mean_service_time":9.0,
  "seed":4,
  "trace_seed":9101478543562404374,
  "algo_seed":4574233998141395180,
  "trace_hash":"653dc481affa3dd5aa9f0293164048feea31623ae5b2f8354f0438306d1822c4",
  "arrivals_per_slot":[
    29,
    18,
    17,
    19,
    19,
    28,
    17,
    19,
    11,
    28,
    27,
    23,
    26,
    23,
    19,
    19,
    15,
    18,
    21,
    17,
    16,
    24,
    23,
    24,
    14,
    21,
    28,
    26,
    27,
    17,
    20,
    29,
    21,
    18,
    18,
    16,
    12,
    20,
    27,
    18,
    26,
    15,
    18,
    18,
    27,
    16,
    26,
    22,
    17,
    21,
    18,
    27,
    27,
    18,
    24,
    19,
    22,
    21,
    19,
    24,
    15,
    27,
    27,
    23,
    20,
    21,
    14,
    23,
    21,
    22,
    22,
    28,
    22,
    17,
    31,
    28,
    14,
    31,
    17,
    21,
    30,
    17,
    18,
    14,
    14,
    13,
    16,
    21,
    21,
    17,
    21,
    19,
    20,
    21,
    16,
    22,
    23,
    27,
    35,
    18,
    18,
    18,
    28,
    20,
    22,
    19,
    19,
    19,
    17,
    17,
    22,
    26,
    19,
    22,
    18,
    19,
    27,
    15,
    14,
    28
  ],
  "diversity":true,
  "p_split":0.3,
  "split_reliability_mode":"identical_active_pool",
  "split_recovery_coverage":1.0,
  "split_workload_shares":"0.5,0.5",
  "mechanism":null,
  "fixed_sfc_len":6,
  "fixed_reliability":null,
  "max_backup_level":2,
  "explicit_split_replicas":true,
  "split_enforce_distinct":false,
  "strict_split_resource_ablation":false,
  "split_replica_resource_scale":1.0,
  "cap_base_min":500,
  "cap_base_max":700,
  "cap_scale":0.2,
  "total_arrivals":2511,
  "total_accepted":1323,
  "total_rejected":1188,
  "acceptance_ratio":0.5268817204,
  "avg_cost_per_arrival":43.2458559611,
  "total_cost":108590.3443184144,
  "total_cost_resource":78934.3443184144,
  "avg_cost_per_accepted":82.0788694773,
  "final_utilization":0.9776653559,
  "avg_utilization_over_time":0.956669339,
  "avg_leftover_capacity_sum_over_time":7453.3416666667,
  "final_leftover_capacity_sum":3841.8,
  "final_leftover_capacity_min":0.0,
  "final_leftover_capacity_max":440.2,
  "final_leftover_capacity_avg":28.0423357664,
  "avg_e2e_delay_accepted":0.1394147501,
  "p95_e2e_delay_accepted":0.2008489903,
  "avg_access_delay_accepted":0.0081039819,
  "avg_processing_delay_accepted":0.0966214696,
  "avg_network_delay_accepted":0.0264159501,
  "avg_split_proc_overhead_accepted":1.283996949e-18,
  "avg_split_net_overhead_accepted":0.0,
  "total_transmitted_bits_accepted":5392460989.0066232681,
  "avg_transmitted_bits_per_accepted":4075934.2320533809,
  "total_split_transmitted_bits_accepted":896005374.360213995,
  "avg_split_transmitted_bits_per_accepted":677252.7395012955,
  "avg_split_overhead_ratio_accepted":9.037565464e-18,
  "p95_split_overhead_ratio_accepted":4.130311484e-17,
  "rga_accepted_total":2511,
  "rga_rejected_total":0,
  "rga_rejection_ratio":0.0,
  "mdca_rejected_total":1188,
  "mdca_capacity_rejected_total":1026,
  "mdca_reliability_rejected_total":5,
  "mdca_qos_rejected_total":157,
  "mdca_rejection_ratio":0.4731182796,
  "capacity_rejection_ratio":0.4086021505,
  "reliability_rejection_ratio":0.0019912386,
  "qos_rejected_total":157,
  "qos_rejection_ratio":0.0625248905,
  "placement_trace_path":"D:\\Study\\Code_1\\paper_data\\large_scale_lb_reference\\split_enabled\\length\\Alabama\\fixed_sfc_len_6\\DMDCA\\seed4\\placement_trace_Alabama_mdca_seed4.json"
}