{
  "algo":"dtsp",
  "region":"Alabama",
  "time_slots":120,
  "arrival_rate":12.0,
  "mean_service_time":9.0,
  "seed":1,
  "trace_seed":616990247783453203,
  "algo_seed":14894763211395462469,
  "trace_hash":"f3469aeec5ef03eeeca6c08dd00720b4335e430388ccb3e99ecb89727964741c",
  "arrivals_per_slot":[
    14,
    14,
    7,
    14,
    7,
    18,
    15,
    13,
    12,
    10,
    15,
    12,
    11,
    10,
    10,
    18,
    7,
    10,
    17,
    21,
    13,
    8,
    12,
    10,
    8,
    13,
    12,
    12,
    13,
    15,
    12,
    14,
    18,
    16,
    9,
    6,
    7,
    10,
    15,
    18,
    9,
    17,
    11,
    8,
    13,
    18,
    12,
    12,
    18,
    12,
    14,
    8,
    12,
    10,
    9,
    12,
    7,
    23,
    13,
    15,
    9,
    7,
    19,
    18,
    15,
    11,
    14,
    15,
    11,
    13,
    15,
    7,
    14,
    18,
    10,
    14,
    12,
    10,
    10,
    19,
    11,
    6,
    16,
    8,
    12,
    10,
    13,
    15,
    8,
    9,
    15,
    8,
    12,
    16,
    8,
    15,
    17,
    14,
    5,
    14,
    9,
    12,
    11,
    9,
    13,
    13,
    10,
    16,
    14,
    12,
    8,
    15,
    16,
    13,
    10,
    13,
    18,
    19,
    8,
    11
  ],
  "diversity":false,
  "p_split":null,
  "split_reliability_mode":null,
  "mechanism":null,
  "fixed_sfc_len":null,
  "fixed_reliability":0.9,
  "max_backup_level":2,
  "explicit_split_replicas":false,
  "split_enforce_distinct":false,
  "strict_split_resource_ablation":false,
  "split_replica_resource_scale":1.0,
  "cap_base_min":500,
  "cap_base_max":700,
  "cap_scale":0.2,
  "total_arrivals":1492,
  "total_accepted":1478,
  "total_rejected":14,
  "acceptance_ratio":0.990616622,
  "avg_cost_per_arrival":36.3529807958,
  "total_cost":54238.6473472605,
  "total_cost_resource":40118.6473472604,
  "avg_cost_per_accepted":36.6973256747,
  "final_utilization":0.8486618384,
  "avg_utilization_over_time":0.635110203,
  "avg_leftover_capacity_sum_over_time":62836.3583333334,
  "final_leftover_capacity_sum":26061.4,
  "final_leftover_capacity_min":0.4,
  "final_leftover_capacity_max":1996.8,
  "final_leftover_capacity_avg":190.2291970803,
  "avg_e2e_delay_accepted":0.0641977216,
  "p95_e2e_delay_accepted":0.1264210694,
  "avg_access_delay_accepted":0.0080551987,
  "avg_processing_delay_accepted":0.0481291832,
  "avg_network_delay_accepted":0.0080133397,
  "avg_split_proc_overhead_accepted":0.0,
  "avg_split_net_overhead_accepted":0.0,
  "total_transmitted_bits_accepted":2234016981.9457144737,
  "avg_transmitted_bits_per_accepted":1511513.5195843806,
  "total_split_transmitted_bits_accepted":0.0,
  "avg_split_transmitted_bits_per_accepted":0.0,
  "avg_split_overhead_ratio_accepted":0.0,
  "p95_split_overhead_ratio_accepted":0.0,
  "rga_accepted_total":1492,
  "rga_rejected_total":0,
  "rga_rejection_ratio":0.0,
  "mdca_rejected_total":14,
  "mdca_capacity_rejected_total":0,
  "mdca_reliability_rejected_total":0,
  "mdca_qos_rejected_total":14,
  "mdca_rejection_ratio":0.009383378,
  "capacity_rejection_ratio":0.0,
  "reliability_rejection_ratio":0.0,
  "qos_rejected_total":14,
  "qos_rejection_ratio":0.009383378
}