{
  "algo":"hspa",
  "region":"Arizona",
  "time_slots":120,
  "arrival_rate":5.0,
  "mean_service_time":9.0,
  "seed":2,
  "trace_seed":16691003406660797827,
  "algo_seed":3829126596154728036,
  "trace_hash":"335272da358489c082070764ce9139d41d5d5eeb58676ec8acf276d41e4d7b2b",
  "arrivals_per_slot":[
    5,
    2,
    7,
    3,
    3,
    5,
    6,
    2,
    5,
    6,
    2,
    3,
    7,
    8,
    3,
    4,
    7,
    6,
    2,
    10,
    4,
    7,
    6,
    8,
    6,
    11,
    3,
    5,
    2,
    5,
    7,
    5,
    8,
    6,
    7,
    3,
    7,
    6,
    6,
    4,
    7,
    2,
    4,
    6,
    3,
    6,
    1,
    7,
    10,
    3,
    3,
    1,
    5,
    1,
    8,
    6,
    8,
    2,
    8,
    6,
    2,
    6,
    3,
    3,
    5,
    9,
    5,
    3,
    5,
    4,
    3,
    10,
    5,
    2,
    4,
    9,
    2,
    6,
    7,
    5,
    6,
    6,
    3,
    4,
    3,
    4,
    5,
    9,
    2,
    4,
    6,
    3,
    5,
    5,
    3,
    0,
    5,
    7,
    6,
    5,
    9,
    4,
    10,
    6,
    9,
    6,
    8,
    5,
    5,
    4,
    5,
    6,
    7,
    5,
    2,
    5,
    3,
    0,
    8,
    6
  ],
  "diversity":false,
  "p_split":null,
  "split_reliability_mode":null,
  "mechanism":null,
  "fixed_sfc_len":null,
  "fixed_reliability":null,
  "max_backup_level":2,
  "explicit_split_replicas":false,
  "split_enforce_distinct":false,
  "strict_split_resource_ablation":false,
  "split_replica_resource_scale":1.0,
  "cap_base_min":500,
  "cap_base_max":700,
  "cap_scale":0.2,
  "total_arrivals":611,
  "total_accepted":605,
  "total_rejected":6,
  "acceptance_ratio":0.9901800327,
  "avg_cost_per_arrival":30.951331678,
  "total_cost":18911.2636552738,
  "total_cost_resource":11104.2636552738,
  "avg_cost_per_accepted":31.2582870335,
  "final_utilization":0.1436935002,
  "avg_utilization_over_time":0.1322867818,
  "avg_leftover_capacity_sum_over_time":329655.3583333333,
  "final_leftover_capacity_sum":325321.8,
  "final_leftover_capacity_min":1.2,
  "final_leftover_capacity_max":2261.0,
  "final_leftover_capacity_avg":1036.0566878981,
  "avg_e2e_delay_accepted":0.0645090865,
  "p95_e2e_delay_accepted":0.1281697948,
  "avg_access_delay_accepted":0.0079577086,
  "avg_processing_delay_accepted":0.0492093031,
  "avg_network_delay_accepted":0.0073420748,
  "avg_split_proc_overhead_accepted":0.0,
  "avg_split_net_overhead_accepted":0.0,
  "total_transmitted_bits_accepted":756978797.0719070435,
  "avg_transmitted_bits_per_accepted":1251204.6232593504,
  "total_split_transmitted_bits_accepted":0.0,
  "avg_split_transmitted_bits_per_accepted":0.0,
  "avg_split_overhead_ratio_accepted":0.0,
  "p95_split_overhead_ratio_accepted":0.0,
  "rga_accepted_total":611,
  "rga_rejected_total":0,
  "rga_rejection_ratio":0.0,
  "mdca_rejected_total":6,
  "mdca_capacity_rejected_total":0,
  "mdca_reliability_rejected_total":0,
  "mdca_qos_rejected_total":6,
  "mdca_rejection_ratio":0.0098199673,
  "capacity_rejection_ratio":0.0,
  "reliability_rejection_ratio":0.0,
  "qos_rejected_total":6,
  "qos_rejection_ratio":0.0098199673
}