{
  "algo":"mdca",
  "region":"Arizona",
  "time_slots":120,
  "arrival_rate":30.0,
  "mean_service_time":9.0,
  "seed":5,
  "trace_seed":1963508369158894512,
  "algo_seed":8713146723775295805,
  "trace_hash":"91c2e842db8ca027aa22c9aeda83fa5fc684209c99eed0a1d68b7f58c9f1cec2",
  "arrivals_per_slot":[
    25,
    23,
    22,
    31,
    34,
    28,
    32,
    30,
    28,
    24,
    21,
    33,
    26,
    29,
    29,
    27,
    20,
    28,
    23,
    29,
    35,
    38,
    24,
    27,
    30,
    31,
    32,
    31,
    33,
    32,
    32,
    23,
    26,
    23,
    31,
    23,
    25,
    28,
    34,
    39,
    16,
    26,
    35,
    28,
    20,
    35,
    24,
    19,
    26,
    29,
    28,
    30,
    27,
    31,
    30,
    36,
    24,
    27,
    35,
    28,
    29,
    30,
    27,
    24,
    29,
    34,
    31,
    27,
    24,
    40,
    26,
    22,
    29,
    34,
    36,
    38,
    34,
    23,
    29,
    28,
    35,
    29,
    35,
    24,
    42,
    32,
    35,
    31,
    31,
    22,
    26,
    25,
    29,
    23,
    29,
    30,
    34,
    30,
    36,
    29,
    22,
    30,
    30,
    22,
    32,
    26,
    32,
    21,
    24,
    25,
    33,
    28,
    23,
    24,
    29,
    36,
    21,
    33,
    39,
    19
  ],
  "diversity":true,
  "p_split":0.3,
  "split_reliability_mode":"identical_active_pool",
  "split_recovery_coverage":1.0,
  "split_workload_shares":"0.5,0.5",
  "mechanism":null,
  "fixed_sfc_len":1,
  "fixed_reliability":0.999,
  "max_backup_level":2,
  "explicit_split_replicas":true,
  "split_enforce_distinct":false,
  "strict_split_resource_ablation":false,
  "split_replica_resource_scale":1.0,
  "backhaul_knn_k":4,
  "backhaul_use_device_bw":true,
  "backhaul_bw_scale":0.5,
  "fiber_speed_mps":200000000.0,
  "switch_delay_s":0.0002,
  "region_cloudlet_count":314,
  "cap_base_min":500,
  "cap_base_max":700,
  "cap_scale":0.2,
  "total_arrivals":3443,
  "total_accepted":3443,
  "total_rejected":0,
  "acceptance_ratio":1.0,
  "avg_cost_per_arrival":15.8105730875,
  "total_cost":54435.8031403728,
  "total_cost_resource":35192.8031403728,
  "avg_cost_per_accepted":15.8105730875,
  "final_utilization":0.3470609044,
  "avg_utilization_over_time":0.3522075525,
  "avg_leftover_capacity_sum_over_time":241718.5694444445,
  "final_leftover_capacity_sum":243639.0,
  "final_leftover_capacity_min":0.0,
  "final_leftover_capacity_max":2211.2,
  "final_leftover_capacity_avg":775.9203821656,
  "avg_e2e_delay_accepted":0.0272585658,
  "p95_e2e_delay_accepted":0.058187004,
  "avg_access_delay_accepted":0.0080827437,
  "avg_processing_delay_accepted":0.0150691566,
  "avg_network_delay_accepted":0.0028624284,
  "avg_split_proc_overhead_accepted":2.121169281e-19,
  "avg_split_net_overhead_accepted":0.0,
  "total_transmitted_bits_accepted":794747019.2747153044,
  "avg_transmitted_bits_per_accepted":230829.8051916106,
  "total_split_transmitted_bits_accepted":794747019.2747153044,
  "avg_split_transmitted_bits_per_accepted":230829.8051916106,
  "avg_split_overhead_ratio_accepted":5.346108336e-18,
  "p95_split_overhead_ratio_accepted":5.20415561e-17,
  "rga_accepted_total":3443,
  "rga_rejected_total":0,
  "rga_rejection_ratio":0.0,
  "mdca_rejected_total":0,
  "mdca_capacity_rejected_total":0,
  "mdca_reliability_rejected_total":0,
  "mdca_qos_rejected_total":0,
  "mdca_rejection_ratio":0.0,
  "capacity_rejection_ratio":0.0,
  "reliability_rejection_ratio":0.0,
  "qos_rejected_total":0,
  "qos_rejection_ratio":0.0
}