region,fixed_reliability,seed,method,share,share_tag,domain_count,domain_failure_prob,total_accepted,expected_target_satisfaction_ratio,expected_reliability,expected_reliability_loss
Alabama,0.99,4,DMDCA,"0.5,0.5",0p5_0p5,6,0.0,1417,1.0,0.9940937015866835,8.881784197001252e-16
Alabama,0.99,4,DMDCA,"0.5,0.5",0p5_0p5,6,0.01,1417,0.9673013846287472,0.9854034396453086,0.008690261941375788
Alabama,0.99,4,DMDCA,"0.5,0.5",0p5_0p5,6,0.03,1417,0.9045392342259806,0.9675021211918126,0.02659158039487186
Alabama,0.99,4,DMDCA,"0.5,0.5",0p5_0p5,6,0.05,1417,0.8451638388210125,0.9489388315436573,0.045154870043027096
Alabama,0.99,4,MDCA,nan,nan,6,0.0,1403,1.0,0.9941447820104484,9.992007221626409e-16
Alabama,0.99,4,MDCA,nan,nan,6,0.01,1403,0.9676500290470014,0.9845852937008871,0.009559488309562325
Alabama,0.99,4,MDCA,nan,nan,6,0.03,1403,0.9055961962831917,0.9650165963312793,0.029128185679170082
Alabama,0.99,4,MDCA,nan,nan,6,0.05,1403,0.8469380637696006,0.9448798508794631,0.04926493113098629
