{
  "algo":"mdca",
  "region":"Alabama",
  "time_slots":120,
  "arrival_rate":45.0,
  "mean_service_time":9.0,
  "seed":4,
  "trace_seed":14413373934116521878,
  "algo_seed":4574233998141395180,
  "trace_hash":"a13fe7da4ea84c602ff395190001afa5cfe80c4a51d4516b1a72e3b69c374a60",
  "arrivals_per_slot":[
    45,
    33,
    47,
    42,
    34,
    43,
    50,
    49,
    40,
    38,
    54,
    45,
    48,
    35,
    57,
    44,
    47,
    54,
    56,
    36,
    53,
    47,
    52,
    55,
    46,
    49,
    53,
    55,
    55,
    40,
    42,
    56,
    39,
    42,
    43,
    48,
    40,
    48,
    42,
    39,
    43,
    53,
    40,
    36,
    43,
    45,
    42,
    43,
    40,
    43,
    39,
    52,
    50,
    53,
    44,
    38,
    56,
    43,
    57,
    46,
    51,
    43,
    43,
    48,
    58,
    49,
    49,
    41,
    33,
    47,
    40,
    50,
    53,
    45,
    47,
    45,
    51,
    48,
    55,
    49,
    42,
    45,
    48,
    34,
    50,
    48,
    42,
    37,
    53,
    47,
    49,
    42,
    40,
    39,
    42,
    48,
    45,
    30,
    41,
    45,
    44,
    37,
    46,
    46,
    56,
    39,
    36,
    41,
    43,
    50,
    40,
    50,
    48,
    47,
    48,
    37,
    48,
    46,
    58,
    53
  ],
  "diversity":true,
  "p_split":0.3,
  "split_reliability_mode":"identical_active_pool",
  "mechanism":null,
  "fixed_sfc_len":null,
  "fixed_reliability":null,
  "max_backup_level":2,
  "explicit_split_replicas":true,
  "split_enforce_distinct":false,
  "strict_split_resource_ablation":false,
  "split_replica_resource_scale":1.0,
  "cap_base_min":500,
  "cap_base_max":700,
  "cap_scale":0.2,
  "total_arrivals":5472,
  "total_accepted":3565,
  "total_rejected":1907,
  "acceptance_ratio":0.651498538,
  "avg_cost_per_arrival":19.1706664961,
  "total_cost":104901.8870664771,
  "total_cost_resource":74860.8870664771,
  "avg_cost_per_accepted":29.4254942683,
  "final_utilization":0.968505853,
  "avg_utilization_over_time":0.9565675542,
  "avg_leftover_capacity_sum_over_time":7603.8833333333,
  "final_leftover_capacity_sum":5513.8,
  "final_leftover_capacity_min":0.0,
  "final_leftover_capacity_max":456.2666666667,
  "final_leftover_capacity_avg":40.2467153285,
  "avg_e2e_delay_accepted":0.0622863219,
  "p95_e2e_delay_accepted":0.126490273,
  "avg_access_delay_accepted":0.0081132271,
  "avg_processing_delay_accepted":0.0414665602,
  "avg_network_delay_accepted":0.0096270193,
  "avg_split_proc_overhead_accepted":5.226067358e-19,
  "avg_split_net_overhead_accepted":0.0,
  "total_transmitted_bits_accepted":4838148662.269952774,
  "avg_transmitted_bits_per_accepted":1357124.4494445871,
  "total_split_transmitted_bits_accepted":1185062387.2512779236,
  "avg_split_transmitted_bits_per_accepted":332415.8169007792,
  "avg_split_overhead_ratio_accepted":6.553298693e-18,
  "p95_split_overhead_ratio_accepted":4.714860555e-17,
  "rga_accepted_total":5472,
  "rga_rejected_total":0,
  "rga_rejection_ratio":0.0,
  "mdca_rejected_total":1907,
  "mdca_capacity_rejected_total":1876,
  "mdca_reliability_rejected_total":2,
  "mdca_qos_rejected_total":29,
  "mdca_rejection_ratio":0.348501462,
  "capacity_rejection_ratio":0.3428362573,
  "reliability_rejection_ratio":0.0003654971,
  "qos_rejected_total":29,
  "qos_rejection_ratio":0.0052997076
}