{
  "algo":"mdca",
  "region":"Alabama",
  "time_slots":120,
  "arrival_rate":20.0,
  "mean_service_time":9.0,
  "seed":4,
  "trace_seed":9101478543562404374,
  "algo_seed":16336488235466383848,
  "trace_hash":"9d022edb43637631e5d85e547a3b74198a5c9066909157a9e0f51b97d8ba4147",
  "arrivals_per_slot":[
    29,
    18,
    17,
    19,
    19,
    28,
    17,
    19,
    11,
    28,
    27,
    23,
    26,
    23,
    19,
    19,
    15,
    18,
    21,
    17,
    16,
    24,
    23,
    24,
    14,
    21,
    28,
    26,
    27,
    17,
    20,
    29,
    21,
    18,
    18,
    16,
    12,
    20,
    27,
    18,
    26,
    15,
    18,
    18,
    27,
    16,
    26,
    22,
    17,
    21,
    18,
    27,
    27,
    18,
    24,
    19,
    22,
    21,
    19,
    24,
    15,
    27,
    27,
    23,
    20,
    21,
    14,
    23,
    21,
    22,
    22,
    28,
    22,
    17,
    31,
    28,
    14,
    31,
    17,
    21,
    30,
    17,
    18,
    14,
    14,
    13,
    16,
    21,
    21,
    17,
    21,
    19,
    20,
    21,
    16,
    22,
    23,
    27,
    35,
    18,
    18,
    18,
    28,
    20,
    22,
    19,
    19,
    19,
    17,
    17,
    22,
    26,
    19,
    22,
    18,
    19,
    27,
    15,
    14,
    28
  ],
  "diversity":false,
  "p_split":null,
  "split_reliability_mode":null,
  "mechanism":null,
  "fixed_sfc_len":6,
  "fixed_reliability":null,
  "max_backup_level":2,
  "explicit_split_replicas":false,
  "split_enforce_distinct":false,
  "strict_split_resource_ablation":false,
  "split_replica_resource_scale":1.0,
  "cap_base_min":500,
  "cap_base_max":700,
  "cap_scale":0.2,
  "total_arrivals":2511,
  "total_accepted":1218,
  "total_rejected":1293,
  "acceptance_ratio":0.4850657109,
  "avg_cost_per_arrival":42.187260591,
  "total_cost":105932.2113440242,
  "total_cost_resource":79253.2113440242,
  "avg_cost_per_accepted":86.9722589031,
  "final_utilization":0.9771712009,
  "avg_utilization_over_time":0.9593344333,
  "avg_leftover_capacity_sum_over_time":6994.9166666667,
  "final_leftover_capacity_sum":3926.8,
  "final_leftover_capacity_min":0.0,
  "final_leftover_capacity_max":230.0,
  "final_leftover_capacity_avg":28.6627737226,
  "avg_e2e_delay_accepted":0.1326144744,
  "p95_e2e_delay_accepted":0.1975529998,
  "avg_access_delay_accepted":0.0081104512,
  "avg_processing_delay_accepted":0.1082115177,
  "avg_network_delay_accepted":0.0162925056,
  "avg_split_proc_overhead_accepted":0.0,
  "avg_split_net_overhead_accepted":0.0,
  "total_transmitted_bits_accepted":3877139046.5922603607,
  "avg_transmitted_bits_per_accepted":3183201.1876783748,
  "total_split_transmitted_bits_accepted":0.0,
  "avg_split_transmitted_bits_per_accepted":0.0,
  "avg_split_overhead_ratio_accepted":0.0,
  "p95_split_overhead_ratio_accepted":0.0,
  "rga_accepted_total":2511,
  "rga_rejected_total":0,
  "rga_rejection_ratio":0.0,
  "mdca_rejected_total":1293,
  "mdca_capacity_rejected_total":1177,
  "mdca_reliability_rejected_total":0,
  "mdca_qos_rejected_total":116,
  "mdca_rejection_ratio":0.5149342891,
  "capacity_rejection_ratio":0.4687375548,
  "reliability_rejection_ratio":0.0,
  "qos_rejected_total":116,
  "qos_rejection_ratio":0.0461967344
}