{
  "algo":"random",
  "region":"Arizona",
  "time_slots":120,
  "arrival_rate":20.0,
  "mean_service_time":9.0,
  "seed":5,
  "trace_seed":1422421290941698980,
  "algo_seed":1537971742767984452,
  "trace_hash":"7a60e61b4ba3b604351caecfe8da440625db4c292b21e44a8efd085d16a2c0ac",
  "arrivals_per_slot":[
    12,
    21,
    21,
    17,
    26,
    17,
    20,
    19,
    21,
    18,
    21,
    20,
    18,
    20,
    24,
    11,
    23,
    28,
    19,
    25,
    30,
    11,
    22,
    15,
    22,
    32,
    23,
    21,
    24,
    12,
    19,
    13,
    17,
    20,
    18,
    15,
    19,
    23,
    19,
    14,
    16,
    12,
    20,
    17,
    16,
    19,
    22,
    21,
    22,
    22,
    17,
    18,
    18,
    10,
    19,
    24,
    27,
    19,
    13,
    24,
    22,
    33,
    17,
    24,
    21,
    26,
    13,
    19,
    23,
    17,
    27,
    21,
    22,
    18,
    27,
    10,
    20,
    15,
    23,
    24,
    17,
    15,
    17,
    24,
    19,
    18,
    20,
    15,
    25,
    24,
    21,
    17,
    16,
    23,
    21,
    20,
    19,
    21,
    15,
    16,
    17,
    16,
    28,
    16,
    24,
    24,
    20,
    14,
    17,
    20,
    19,
    20,
    16,
    21,
    17,
    26,
    19,
    18,
    16,
    15
  ],
  "diversity":false,
  "p_split":null,
  "split_reliability_mode":null,
  "mechanism":null,
  "fixed_sfc_len":1,
  "fixed_reliability":null,
  "max_backup_level":2,
  "explicit_split_replicas":false,
  "split_enforce_distinct":false,
  "strict_split_resource_ablation":false,
  "split_replica_resource_scale":1.0,
  "cap_base_min":500,
  "cap_base_max":700,
  "cap_scale":0.2,
  "total_arrivals":2354,
  "total_accepted":2354,
  "total_rejected":0,
  "acceptance_ratio":1.0,
  "avg_cost_per_arrival":12.9036887536,
  "total_cost":30375.2833258591,
  "total_cost_resource":23244.2833258591,
  "avg_cost_per_accepted":12.9036887536,
  "final_utilization":0.151190129,
  "avg_utilization_over_time":0.1440726503,
  "avg_leftover_capacity_sum_over_time":321678.7249999999,
  "final_leftover_capacity_sum":319003.8,
  "final_leftover_capacity_min":74.2,
  "final_leftover_capacity_max":2304.0,
  "final_leftover_capacity_avg":1015.9356687898,
  "avg_e2e_delay_accepted":0.0239096138,
  "p95_e2e_delay_accepted":0.0540602528,
  "avg_access_delay_accepted":0.0080352697,
  "avg_processing_delay_accepted":0.015874344,
  "avg_network_delay_accepted":0.0,
  "avg_split_proc_overhead_accepted":0.0,
  "avg_split_net_overhead_accepted":0.0,
  "total_transmitted_bits_accepted":0.0,
  "avg_transmitted_bits_per_accepted":0.0,
  "total_split_transmitted_bits_accepted":0.0,
  "avg_split_transmitted_bits_per_accepted":0.0,
  "avg_split_overhead_ratio_accepted":0.0,
  "p95_split_overhead_ratio_accepted":0.0,
  "rga_accepted_total":2354,
  "rga_rejected_total":0,
  "rga_rejection_ratio":0.0,
  "mdca_rejected_total":0,
  "mdca_capacity_rejected_total":0,
  "mdca_reliability_rejected_total":0,
  "mdca_qos_rejected_total":0,
  "mdca_rejection_ratio":0.0,
  "capacity_rejection_ratio":0.0,
  "reliability_rejection_ratio":0.0,
  "qos_rejected_total":0,
  "qos_rejection_ratio":0.0
}