{
  "algo":"mdca",
  "region":"Arizona",
  "time_slots":120,
  "arrival_rate":12.0,
  "mean_service_time":9.0,
  "seed":3,
  "trace_seed":15717164305749017669,
  "algo_seed":18185845460186161846,
  "trace_hash":"8a04a1c97d1d5454ee694a22b4db27caf0a19db07321c8fd97d562150e4e98cc",
  "arrivals_per_slot":[
    9,
    8,
    9,
    8,
    16,
    19,
    12,
    18,
    12,
    12,
    8,
    8,
    13,
    12,
    10,
    19,
    9,
    11,
    9,
    14,
    15,
    15,
    18,
    16,
    4,
    16,
    10,
    12,
    12,
    5,
    9,
    14,
    13,
    20,
    13,
    13,
    13,
    11,
    15,
    10,
    9,
    12,
    6,
    17,
    6,
    16,
    5,
    13,
    15,
    8,
    13,
    14,
    17,
    11,
    17,
    9,
    11,
    25,
    16,
    8,
    9,
    12,
    11,
    19,
    18,
    10,
    15,
    11,
    10,
    14,
    13,
    15,
    10,
    7,
    15,
    13,
    10,
    12,
    12,
    11,
    18,
    13,
    13,
    16,
    14,
    10,
    11,
    13,
    12,
    15,
    15,
    12,
    14,
    6,
    11,
    7,
    7,
    9,
    10,
    14,
    11,
    10,
    15,
    10,
    12,
    13,
    14,
    9,
    6,
    11,
    20,
    13,
    18,
    7,
    18,
    10,
    16,
    15,
    15,
    9
  ],
  "diversity":false,
  "p_split":null,
  "split_reliability_mode":null,
  "mechanism":null,
  "fixed_sfc_len":null,
  "fixed_reliability":0.992,
  "max_backup_level":2,
  "explicit_split_replicas":false,
  "split_enforce_distinct":false,
  "strict_split_resource_ablation":false,
  "split_replica_resource_scale":1.0,
  "cap_base_min":500,
  "cap_base_max":700,
  "cap_scale":0.2,
  "total_arrivals":1477,
  "total_accepted":1455,
  "total_rejected":22,
  "acceptance_ratio":0.9851049425,
  "avg_cost_per_arrival":43.1785635476,
  "total_cost":63774.7383597639,
  "total_cost_resource":43260.7383597639,
  "avg_cost_per_accepted":43.8314352988,
  "final_utilization":0.3846974364,
  "avg_utilization_over_time":0.3973526632,
  "avg_leftover_capacity_sum_over_time":225426.3833333334,
  "final_leftover_capacity_sum":230160.2,
  "final_leftover_capacity_min":0.0,
  "final_leftover_capacity_max":2192.0,
  "final_leftover_capacity_avg":732.9942675159,
  "avg_e2e_delay_accepted":0.0623689417,
  "p95_e2e_delay_accepted":0.122953011,
  "avg_access_delay_accepted":0.0080600143,
  "avg_processing_delay_accepted":0.0463665442,
  "avg_network_delay_accepted":0.0079423832,
  "avg_split_proc_overhead_accepted":0.0,
  "avg_split_net_overhead_accepted":0.0,
  "total_transmitted_bits_accepted":1912713350.975987196,
  "avg_transmitted_bits_per_accepted":1314579.6226639086,
  "total_split_transmitted_bits_accepted":0.0,
  "avg_split_transmitted_bits_per_accepted":0.0,
  "avg_split_overhead_ratio_accepted":0.0,
  "p95_split_overhead_ratio_accepted":0.0,
  "rga_accepted_total":1477,
  "rga_rejected_total":0,
  "rga_rejection_ratio":0.0,
  "mdca_rejected_total":22,
  "mdca_capacity_rejected_total":0,
  "mdca_reliability_rejected_total":0,
  "mdca_qos_rejected_total":22,
  "mdca_rejection_ratio":0.0148950575,
  "capacity_rejection_ratio":0.0,
  "reliability_rejection_ratio":0.0,
  "qos_rejected_total":22,
  "qos_rejection_ratio":0.0148950575
}