{
  "algo":"mdca",
  "region":"Arizona",
  "time_slots":120,
  "arrival_rate":20.0,
  "mean_service_time":9.0,
  "seed":4,
  "trace_seed":7800187398784617914,
  "algo_seed":14420759781778004277,
  "trace_hash":"8edd9188f741dfb2d34d551bbf64a9399706c88ec4dc6b96bf52fca3dbda6c60",
  "arrivals_per_slot":[
    20,
    16,
    17,
    19,
    24,
    19,
    20,
    23,
    17,
    25,
    27,
    29,
    20,
    21,
    16,
    22,
    30,
    26,
    16,
    22,
    25,
    12,
    22,
    17,
    12,
    19,
    20,
    19,
    18,
    24,
    23,
    20,
    15,
    17,
    30,
    22,
    16,
    14,
    15,
    18,
    20,
    29,
    18,
    22,
    23,
    15,
    21,
    25,
    25,
    28,
    22,
    10,
    18,
    36,
    17,
    18,
    22,
    16,
    16,
    21,
    21,
    19,
    24,
    14,
    11,
    16,
    25,
    21,
    27,
    14,
    19,
    28,
    22,
    25,
    19,
    27,
    17,
    15,
    21,
    19,
    27,
    16,
    27,
    22,
    19,
    26,
    16,
    19,
    23,
    16,
    21,
    18,
    28,
    26,
    23,
    20,
    18,
    28,
    19,
    18,
    25,
    16,
    12,
    27,
    14,
    21,
    27,
    17,
    20,
    22,
    19,
    29,
    31,
    14,
    17,
    14,
    21,
    26,
    19,
    11
  ],
  "diversity":false,
  "p_split":null,
  "split_reliability_mode":null,
  "split_recovery_coverage":null,
  "split_workload_shares":null,
  "mechanism":null,
  "fixed_sfc_len":3,
  "fixed_reliability":0.999,
  "max_backup_level":2,
  "explicit_split_replicas":false,
  "split_enforce_distinct":false,
  "strict_split_resource_ablation":false,
  "split_replica_resource_scale":1.0,
  "backhaul_knn_k":4,
  "backhaul_use_device_bw":true,
  "backhaul_bw_scale":0.5,
  "fiber_speed_mps":200000000.0,
  "switch_delay_s":0.0002,
  "region_cloudlet_count":314,
  "cap_base_min":500,
  "cap_base_max":700,
  "cap_scale":0.2,
  "total_arrivals":2465,
  "total_accepted":1596,
  "total_rejected":869,
  "acceptance_ratio":0.647464503,
  "avg_cost_per_arrival":36.6293307159,
  "total_cost":90291.3002147309,
  "total_cost_resource":63044.3002147309,
  "avg_cost_per_accepted":56.5734963751,
  "final_utilization":0.5125979403,
  "avg_utilization_over_time":0.5367802376,
  "avg_leftover_capacity_sum_over_time":175728.7166666667,
  "final_leftover_capacity_sum":184902.6,
  "final_leftover_capacity_min":0.2,
  "final_leftover_capacity_max":2508.0,
  "final_leftover_capacity_avg":588.8617834395,
  "avg_e2e_delay_accepted":0.0642237699,
  "p95_e2e_delay_accepted":0.1101144148,
  "avg_access_delay_accepted":0.0080867275,
  "avg_processing_delay_accepted":0.0473792945,
  "avg_network_delay_accepted":0.0087577479,
  "avg_split_proc_overhead_accepted":0.0,
  "avg_split_net_overhead_accepted":0.0,
  "total_transmitted_bits_accepted":2104644583.1829264164,
  "avg_transmitted_bits_per_accepted":1318699.6135231368,
  "total_split_transmitted_bits_accepted":0.0,
  "avg_split_transmitted_bits_per_accepted":0.0,
  "avg_split_overhead_ratio_accepted":0.0,
  "p95_split_overhead_ratio_accepted":0.0,
  "rga_accepted_total":1602,
  "rga_rejected_total":863,
  "rga_rejection_ratio":0.3501014199,
  "mdca_rejected_total":6,
  "mdca_capacity_rejected_total":0,
  "mdca_reliability_rejected_total":0,
  "mdca_qos_rejected_total":6,
  "mdca_rejection_ratio":0.0024340771,
  "capacity_rejection_ratio":0.0,
  "reliability_rejection_ratio":0.0,
  "qos_rejected_total":6,
  "qos_rejection_ratio":0.0024340771
}