{
  "algo":"mdca",
  "region":"Alabama",
  "time_slots":120,
  "arrival_rate":10.0,
  "mean_service_time":9.0,
  "seed":2,
  "trace_seed":2929633882069318366,
  "algo_seed":1988428424119012433,
  "trace_hash":"4b64f58c84708f85c4783dcf06fa74afea4ddaf6dc3b1f1dd2a12a6f103cb3c6",
  "arrivals_per_slot":[
    20,
    9,
    11,
    16,
    11,
    8,
    12,
    7,
    14,
    6,
    11,
    5,
    6,
    9,
    8,
    10,
    14,
    9,
    3,
    16,
    9,
    16,
    15,
    12,
    11,
    11,
    11,
    10,
    10,
    12,
    13,
    11,
    9,
    9,
    13,
    17,
    6,
    15,
    13,
    14,
    11,
    12,
    9,
    20,
    12,
    9,
    8,
    9,
    5,
    15,
    15,
    14,
    15,
    10,
    7,
    14,
    10,
    8,
    12,
    9,
    15,
    11,
    14,
    10,
    12,
    8,
    7,
    6,
    12,
    9,
    3,
    9,
    5,
    11,
    9,
    6,
    16,
    6,
    10,
    13,
    10,
    13,
    8,
    14,
    13,
    9,
    8,
    11,
    17,
    8,
    9,
    12,
    6,
    10,
    9,
    7,
    11,
    7,
    13,
    10,
    13,
    12,
    11,
    16,
    10,
    7,
    3,
    9,
    12,
    15,
    6,
    10,
    6,
    5,
    8,
    10,
    13,
    9,
    6,
    12
  ],
  "diversity":true,
  "p_split":0.3,
  "split_reliability_mode":"identical_active_pool",
  "split_recovery_coverage":1.0,
  "split_workload_shares":"0.5,0.5",
  "mechanism":null,
  "fixed_sfc_len":3,
  "fixed_reliability":0.999,
  "max_backup_level":2,
  "explicit_split_replicas":true,
  "split_enforce_distinct":false,
  "strict_split_resource_ablation":false,
  "split_replica_resource_scale":1.0,
  "backhaul_knn_k":4,
  "backhaul_use_device_bw":true,
  "backhaul_bw_scale":0.5,
  "fiber_speed_mps":200000000.0,
  "switch_delay_s":0.0002,
  "region_cloudlet_count":137,
  "cap_base_min":500,
  "cap_base_max":700,
  "cap_scale":0.2,
  "total_arrivals":1256,
  "total_accepted":1012,
  "total_rejected":244,
  "acceptance_ratio":0.8057324841,
  "avg_cost_per_arrival":52.9537222748,
  "total_cost":66509.875177098,
  "total_cost_resource":48618.875177098,
  "avg_cost_per_accepted":65.7212205307,
  "final_utilization":0.6635728792,
  "avg_utilization_over_time":0.6806044728,
  "avg_leftover_capacity_sum_over_time":54991.2861111111,
  "final_leftover_capacity_sum":57923.6666666667,
  "final_leftover_capacity_min":0.2666666667,
  "final_leftover_capacity_max":2236.8,
  "final_leftover_capacity_avg":422.800486618,
  "avg_e2e_delay_accepted":0.0678663864,
  "p95_e2e_delay_accepted":0.1137829763,
  "avg_access_delay_accepted":0.0080487363,
  "avg_processing_delay_accepted":0.0430601449,
  "avg_network_delay_accepted":0.0129602979,
  "avg_split_proc_overhead_accepted":6.333797672e-19,
  "avg_split_net_overhead_accepted":0.0,
  "total_transmitted_bits_accepted":1798100136.492497921,
  "avg_transmitted_bits_per_accepted":1776778.7910004919,
  "total_split_transmitted_bits_accepted":442047680.5163447857,
  "avg_split_transmitted_bits_per_accepted":436806.0084153605,
  "avg_split_overhead_ratio_accepted":8.499892812e-18,
  "p95_split_overhead_ratio_accepted":5.091506584e-17,
  "rga_accepted_total":1021,
  "rga_rejected_total":235,
  "rga_rejection_ratio":0.1871019108,
  "mdca_rejected_total":9,
  "mdca_capacity_rejected_total":1,
  "mdca_reliability_rejected_total":0,
  "mdca_qos_rejected_total":8,
  "mdca_rejection_ratio":0.0071656051,
  "capacity_rejection_ratio":0.0007961783,
  "reliability_rejection_ratio":0.0,
  "qos_rejected_total":8,
  "qos_rejection_ratio":0.0063694268
}