{
  "algo":"random",
  "region":"Alabama",
  "time_slots":120,
  "arrival_rate":50.0,
  "mean_service_time":9.0,
  "seed":1,
  "trace_seed":13499614340670285057,
  "algo_seed":882721028417214257,
  "trace_hash":"d0d3c2af0128674af7c8498b729495ea090c10e3902fd15f9845959d4e72c4bb",
  "arrivals_per_slot":[
    41,
    60,
    53,
    50,
    57,
    53,
    50,
    53,
    42,
    48,
    47,
    54,
    72,
    56,
    42,
    59,
    47,
    44,
    58,
    55,
    55,
    34,
    44,
    56,
    56,
    44,
    43,
    61,
    42,
    44,
    45,
    50,
    43,
    40,
    51,
    54,
    37,
    52,
    58,
    58,
    50,
    40,
    38,
    43,
    58,
    44,
    55,
    52,
    48,
    59,
    48,
    53,
    49,
    50,
    40,
    53,
    49,
    37,
    59,
    45,
    61,
    60,
    55,
    37,
    38,
    46,
    41,
    50,
    45,
    48,
    50,
    39,
    52,
    46,
    51,
    37,
    50,
    51,
    49,
    47,
    50,
    41,
    62,
    44,
    50,
    47,
    39,
    44,
    63,
    52,
    53,
    48,
    65,
    48,
    53,
    51,
    45,
    40,
    47,
    62,
    44,
    44,
    43,
    59,
    52,
    51,
    34,
    49,
    36,
    45,
    44,
    65,
    48,
    59,
    49,
    41,
    58,
    50,
    59,
    62
  ],
  "diversity":false,
  "p_split":null,
  "split_reliability_mode":null,
  "mechanism":null,
  "fixed_sfc_len":null,
  "fixed_reliability":null,
  "max_backup_level":2,
  "explicit_split_replicas":false,
  "split_enforce_distinct":false,
  "strict_split_resource_ablation":false,
  "split_replica_resource_scale":1.0,
  "cap_base_min":500,
  "cap_base_max":700,
  "cap_scale":0.2,
  "total_arrivals":5927,
  "total_accepted":2218,
  "total_rejected":3709,
  "acceptance_ratio":0.3742196727,
  "avg_cost_per_arrival":16.4590664328,
  "total_cost":97552.8867470883,
  "total_cost_resource":71610.8867470882,
  "avg_cost_per_accepted":43.9823655307,
  "final_utilization":0.955955512,
  "avg_utilization_over_time":0.9521891951,
  "avg_leftover_capacity_sum_over_time":8409.2416666667,
  "final_leftover_capacity_sum":7746.8,
  "final_leftover_capacity_min":2.0,
  "final_leftover_capacity_max":189.0,
  "final_leftover_capacity_avg":56.5459854015,
  "avg_e2e_delay_accepted":0.0620697269,
  "p95_e2e_delay_accepted":0.127463708,
  "avg_access_delay_accepted":0.0080287993,
  "avg_processing_delay_accepted":0.0475730439,
  "avg_network_delay_accepted":0.0064678837,
  "avg_split_proc_overhead_accepted":0.0,
  "avg_split_net_overhead_accepted":0.0,
  "total_transmitted_bits_accepted":2701706625.1083040237,
  "avg_transmitted_bits_per_accepted":1218082.3377404436,
  "total_split_transmitted_bits_accepted":0.0,
  "avg_split_transmitted_bits_per_accepted":0.0,
  "avg_split_overhead_ratio_accepted":0.0,
  "p95_split_overhead_ratio_accepted":0.0,
  "rga_accepted_total":5927,
  "rga_rejected_total":0,
  "rga_rejection_ratio":0.0,
  "mdca_rejected_total":3709,
  "mdca_capacity_rejected_total":3694,
  "mdca_reliability_rejected_total":0,
  "mdca_qos_rejected_total":15,
  "mdca_rejection_ratio":0.6257803273,
  "capacity_rejection_ratio":0.623249536,
  "reliability_rejection_ratio":0.0,
  "qos_rejected_total":15,
  "qos_rejection_ratio":0.0025307913
}