{
  "algo":"mdca",
  "region":"Alabama",
  "time_slots":120,
  "arrival_rate":12.0,
  "mean_service_time":9.0,
  "seed":3,
  "trace_seed":1045589701809193044,
  "algo_seed":8021305762253439011,
  "trace_hash":"7db006503791389feabedeb8a0d3f6b8157f734d7499859642196c8fb384eba6",
  "arrivals_per_slot":[
    15,
    16,
    9,
    8,
    9,
    13,
    21,
    14,
    4,
    12,
    15,
    17,
    5,
    11,
    15,
    12,
    11,
    15,
    11,
    15,
    15,
    13,
    10,
    15,
    11,
    12,
    10,
    15,
    15,
    7,
    17,
    12,
    9,
    11,
    9,
    8,
    11,
    14,
    12,
    11,
    10,
    11,
    10,
    14,
    16,
    17,
    10,
    11,
    8,
    12,
    9,
    12,
    16,
    11,
    14,
    18,
    15,
    11,
    15,
    9,
    11,
    9,
    15,
    9,
    14,
    13,
    17,
    13,
    7,
    10,
    15,
    11,
    12,
    15,
    10,
    17,
    4,
    15,
    13,
    11,
    10,
    7,
    14,
    15,
    12,
    17,
    19,
    14,
    18,
    7,
    7,
    8,
    14,
    10,
    11,
    18,
    10,
    12,
    17,
    17,
    13,
    7,
    12,
    16,
    14,
    13,
    8,
    17,
    11,
    13,
    14,
    11,
    18,
    13,
    17,
    12,
    13,
    5,
    15,
    17
  ],
  "diversity":false,
  "p_split":null,
  "split_reliability_mode":null,
  "mechanism":null,
  "fixed_sfc_len":null,
  "fixed_reliability":0.992,
  "max_backup_level":2,
  "explicit_split_replicas":false,
  "split_enforce_distinct":false,
  "strict_split_resource_ablation":false,
  "split_replica_resource_scale":1.0,
  "cap_base_min":500,
  "cap_base_max":700,
  "cap_scale":0.2,
  "total_arrivals":1491,
  "total_accepted":1418,
  "total_rejected":73,
  "acceptance_ratio":0.9510395708,
  "avg_cost_per_arrival":53.4609372915,
  "total_cost":79710.2575015848,
  "total_cost_resource":59751.2575015848,
  "avg_cost_per_accepted":56.2131576175,
  "final_utilization":0.9456687453,
  "avg_utilization_over_time":0.8599091103,
  "avg_leftover_capacity_sum_over_time":24203.475,
  "final_leftover_capacity_sum":9386.8,
  "final_leftover_capacity_min":0.8,
  "final_leftover_capacity_max":810.0,
  "final_leftover_capacity_avg":68.5167883212,
  "avg_e2e_delay_accepted":0.0637164117,
  "p95_e2e_delay_accepted":0.1238429882,
  "avg_access_delay_accepted":0.0080770262,
  "avg_processing_delay_accepted":0.0487138174,
  "avg_network_delay_accepted":0.0069255682,
  "avg_split_proc_overhead_accepted":0.0,
  "avg_split_net_overhead_accepted":0.0,
  "total_transmitted_bits_accepted":1824793955.9320163727,
  "avg_transmitted_bits_per_accepted":1286878.6713201809,
  "total_split_transmitted_bits_accepted":0.0,
  "avg_split_transmitted_bits_per_accepted":0.0,
  "avg_split_overhead_ratio_accepted":0.0,
  "p95_split_overhead_ratio_accepted":0.0,
  "rga_accepted_total":1491,
  "rga_rejected_total":0,
  "rga_rejection_ratio":0.0,
  "mdca_rejected_total":73,
  "mdca_capacity_rejected_total":59,
  "mdca_reliability_rejected_total":0,
  "mdca_qos_rejected_total":14,
  "mdca_rejection_ratio":0.0489604292,
  "capacity_rejection_ratio":0.0395707579,
  "reliability_rejection_ratio":0.0,
  "qos_rejected_total":14,
  "qos_rejection_ratio":0.0093896714
}