region,fixed_reliability,seed,method,share,share_tag,domain_count,domain_failure_prob,total_accepted,expected_target_satisfaction_ratio,expected_reliability,expected_reliability_loss
Arizona,0.998,2,DMDCA,"0.5,0.5",0p5_0p5,6,0.0,1406,1.0,0.9988197550001285,-1.1102230246251565e-16
Arizona,0.998,2,DMDCA,"0.5,0.5",0p5_0p5,6,0.01,1406,0.9646216122588863,0.9922750008352935,0.0065447541648349095
Arizona,0.998,2,DMDCA,"0.5,0.5",0p5_0p5,6,0.03,1406,0.897059992995893,0.9785955622516223,0.020224192748506176
Arizona,0.998,2,DMDCA,"0.5,0.5",0p5_0p5,6,0.05,1406,0.8335804151182428,0.9641472841676991,0.0346724708324293
Arizona,0.998,2,MDCA,nan,nan,6,0.0,1371,1.0,0.9988237701635804,2.220446049250313e-16
Arizona,0.998,2,MDCA,nan,nan,6,0.01,1371,0.9656367956804374,0.9908128689568003,0.008010901206780274
Arizona,0.998,2,MDCA,nan,nan,6,0.03,1371,0.8999333037663891,0.9743180377313064,0.024505732432274163
Arizona,0.998,2,MDCA,nan,nan,6,0.05,1371,0.8380960024617069,0.9572102207970822,0.041613549366498415
