{
  "algo":"random",
  "region":"Alabama",
  "time_slots":120,
  "arrival_rate":30.0,
  "mean_service_time":9.0,
  "seed":4,
  "trace_seed":9772341479094750825,
  "algo_seed":11812869563047589514,
  "trace_hash":"c83abce5c9b629171a45cc198ce9848ae6fba380b54ca3153b12153367e56344",
  "arrivals_per_slot":[
    25,
    25,
    36,
    28,
    27,
    26,
    31,
    39,
    27,
    30,
    32,
    29,
    30,
    29,
    20,
    27,
    33,
    30,
    33,
    34,
    34,
    33,
    35,
    30,
    31,
    24,
    33,
    23,
    33,
    24,
    34,
    16,
    36,
    32,
    21,
    29,
    27,
    16,
    27,
    25,
    28,
    26,
    24,
    28,
    27,
    36,
    27,
    34,
    26,
    50,
    34,
    21,
    20,
    31,
    28,
    28,
    36,
    28,
    29,
    31,
    27,
    28,
    35,
    32,
    30,
    30,
    27,
    31,
    26,
    31,
    39,
    29,
    28,
    28,
    33,
    35,
    25,
    32,
    27,
    45,
    27,
    19,
    36,
    27,
    27,
    40,
    33,
    32,
    32,
    35,
    42,
    31,
    29,
    27,
    38,
    30,
    32,
    35,
    32,
    28,
    31,
    30,
    24,
    23,
    37,
    28,
    30,
    29,
    29,
    24,
    28,
    38,
    42,
    38,
    22,
    39,
    38,
    36,
    35,
    29
  ],
  "diversity":false,
  "p_split":null,
  "split_reliability_mode":null,
  "mechanism":null,
  "fixed_sfc_len":null,
  "fixed_reliability":null,
  "max_backup_level":2,
  "explicit_split_replicas":false,
  "split_enforce_distinct":false,
  "strict_split_resource_ablation":false,
  "split_replica_resource_scale":1.0,
  "cap_base_min":500,
  "cap_base_max":700,
  "cap_scale":0.2,
  "total_arrivals":3626,
  "total_accepted":1927,
  "total_rejected":1699,
  "acceptance_ratio":0.5314396029,
  "avg_cost_per_arrival":27.3808087475,
  "total_cost":99282.8125183699,
  "total_cost_resource":75001.8125183698,
  "avg_cost_per_accepted":51.5219577158,
  "final_utilization":0.9453245587,
  "avg_utilization_over_time":0.9334487319,
  "avg_leftover_capacity_sum_over_time":11546.6583333333,
  "final_leftover_capacity_sum":9486.2,
  "final_leftover_capacity_min":0.2,
  "final_leftover_capacity_max":295.0,
  "final_leftover_capacity_avg":69.2423357664,
  "avg_e2e_delay_accepted":0.0636464287,
  "p95_e2e_delay_accepted":0.1271662185,
  "avg_access_delay_accepted":0.0081071475,
  "avg_processing_delay_accepted":0.0482637203,
  "avg_network_delay_accepted":0.0072755609,
  "avg_split_proc_overhead_accepted":0.0,
  "avg_split_net_overhead_accepted":0.0,
  "total_transmitted_bits_accepted":2579814001.8982553482,
  "avg_transmitted_bits_per_accepted":1338772.1857282072,
  "total_split_transmitted_bits_accepted":0.0,
  "avg_split_transmitted_bits_per_accepted":0.0,
  "avg_split_overhead_ratio_accepted":0.0,
  "p95_split_overhead_ratio_accepted":0.0,
  "rga_accepted_total":3626,
  "rga_rejected_total":0,
  "rga_rejection_ratio":0.0,
  "mdca_rejected_total":1699,
  "mdca_capacity_rejected_total":1672,
  "mdca_reliability_rejected_total":0,
  "mdca_qos_rejected_total":27,
  "mdca_rejection_ratio":0.4685603971,
  "capacity_rejection_ratio":0.4611141754,
  "reliability_rejection_ratio":0.0,
  "qos_rejected_total":27,
  "qos_rejection_ratio":0.0074462217
}