{
  "algo":"mdca",
  "region":"Alabama",
  "time_slots":120,
  "arrival_rate":12.0,
  "mean_service_time":9.0,
  "seed":1,
  "trace_seed":14538129408761577220,
  "algo_seed":14880128096359974019,
  "trace_hash":"4b61d0d5d3f86a03a71ef579a16168b4ce1621a1e2c40f8f250d0d89663a3b0d",
  "arrivals_per_slot":[
    10,
    9,
    9,
    14,
    10,
    12,
    18,
    15,
    12,
    12,
    12,
    11,
    10,
    16,
    8,
    7,
    13,
    9,
    15,
    9,
    15,
    9,
    16,
    11,
    8,
    13,
    14,
    11,
    10,
    11,
    11,
    12,
    20,
    9,
    7,
    13,
    13,
    10,
    16,
    12,
    14,
    11,
    19,
    13,
    13,
    15,
    10,
    16,
    13,
    16,
    11,
    10,
    8,
    13,
    19,
    18,
    9,
    14,
    11,
    14,
    14,
    13,
    10,
    16,
    12,
    12,
    8,
    8,
    13,
    14,
    18,
    13,
    16,
    8,
    6,
    13,
    19,
    13,
    9,
    16,
    12,
    14,
    12,
    8,
    11,
    13,
    14,
    13,
    9,
    13,
    13,
    5,
    15,
    13,
    12,
    14,
    13,
    9,
    14,
    9,
    12,
    12,
    14,
    11,
    8,
    17,
    5,
    5,
    7,
    10,
    8,
    10,
    11,
    14,
    12,
    17,
    20,
    13,
    9,
    15
  ],
  "diversity":false,
  "p_split":null,
  "split_reliability_mode":null,
  "mechanism":null,
  "fixed_sfc_len":null,
  "fixed_reliability":0.96,
  "max_backup_level":2,
  "explicit_split_replicas":false,
  "split_enforce_distinct":false,
  "strict_split_resource_ablation":false,
  "split_replica_resource_scale":1.0,
  "cap_base_min":500,
  "cap_base_max":700,
  "cap_scale":0.2,
  "total_arrivals":1456,
  "total_accepted":1437,
  "total_rejected":19,
  "acceptance_ratio":0.9869505495,
  "avg_cost_per_arrival":38.9978611276,
  "total_cost":56780.8858018419,
  "total_cost_resource":40889.885801842,
  "avg_cost_per_accepted":39.5134904675,
  "final_utilization":0.8794540972,
  "avg_utilization_over_time":0.6662184943,
  "avg_leftover_capacity_sum_over_time":58296.2083333334,
  "final_leftover_capacity_sum":21053.8,
  "final_leftover_capacity_min":0.0,
  "final_leftover_capacity_max":1794.0,
  "final_leftover_capacity_avg":153.6773722628,
  "avg_e2e_delay_accepted":0.063053688,
  "p95_e2e_delay_accepted":0.1219751024,
  "avg_access_delay_accepted":0.0080248025,
  "avg_processing_delay_accepted":0.0471474971,
  "avg_network_delay_accepted":0.0078813884,
  "avg_split_proc_overhead_accepted":0.0,
  "avg_split_net_overhead_accepted":0.0,
  "total_transmitted_bits_accepted":1867139261.8558135033,
  "avg_transmitted_bits_per_accepted":1299331.4278746094,
  "total_split_transmitted_bits_accepted":0.0,
  "avg_split_transmitted_bits_per_accepted":0.0,
  "avg_split_overhead_ratio_accepted":0.0,
  "p95_split_overhead_ratio_accepted":0.0,
  "rga_accepted_total":1456,
  "rga_rejected_total":0,
  "rga_rejection_ratio":0.0,
  "mdca_rejected_total":19,
  "mdca_capacity_rejected_total":0,
  "mdca_reliability_rejected_total":0,
  "mdca_qos_rejected_total":19,
  "mdca_rejection_ratio":0.0130494505,
  "capacity_rejection_ratio":0.0,
  "reliability_rejection_ratio":0.0,
  "qos_rejected_total":19,
  "qos_rejection_ratio":0.0130494505
}