region,fixed_reliability,seed,method,share,share_tag,domain_count,domain_failure_prob,total_accepted,expected_target_satisfaction_ratio,expected_reliability,expected_reliability_loss
Arizona,0.99,2,DMDCA,"0.5,0.5",0p5_0p5,6,0.0,1406,1.0,0.9940942495325352,-1.7763568394002505e-15
Arizona,0.99,2,DMDCA,"0.5,0.5",0p5_0p5,6,0.01,1406,0.9668641108328192,0.9856147938423959,0.008479455690137527
Arizona,0.99,2,DMDCA,"0.5,0.5",0p5_0p5,6,0.03,1406,0.9033488950076645,0.9681147135689193,0.02597953596361413
Arizona,0.99,2,DMDCA,"0.5,0.5",0p5_0p5,6,0.05,1406,0.8433700371621617,0.9499253160988406,0.04416893343369288
Arizona,0.99,2,MDCA,nan,nan,6,0.0,1408,1.0,0.9941267909209209,-1.887379141862766e-15
Arizona,0.99,2,MDCA,nan,nan,6,0.01,1408,0.967766307114656,0.9846864361050717,0.009440354815847374
Arizona,0.99,2,MDCA,nan,nan,6,0.03,1408,0.9059035319136672,0.9653672927386664,0.028759498182252652
Arizona,0.99,2,MDCA,nan,nan,6,0.05,1408,0.8473861185635654,0.9454929339708196,0.048633856950099474
