{
  "algo":"mdca",
  "region":"Arizona",
  "time_slots":120,
  "arrival_rate":30.0,
  "mean_service_time":9.0,
  "seed":4,
  "trace_seed":15836381511804404909,
  "algo_seed":9982702643186365209,
  "trace_hash":"d2a13c86093af34d251cf415c8a63830a971a5c03c6a6a7636156f266f0ec9b6",
  "arrivals_per_slot":[
    21,
    31,
    21,
    30,
    42,
    35,
    25,
    21,
    21,
    35,
    33,
    26,
    35,
    25,
    27,
    29,
    28,
    31,
    23,
    30,
    31,
    28,
    30,
    37,
    30,
    28,
    31,
    27,
    28,
    38,
    30,
    37,
    35,
    19,
    34,
    30,
    51,
    24,
    31,
    24,
    34,
    22,
    28,
    24,
    24,
    38,
    42,
    22,
    25,
    31,
    40,
    24,
    25,
    29,
    28,
    27,
    28,
    29,
    15,
    38,
    32,
    28,
    23,
    35,
    26,
    27,
    30,
    26,
    30,
    27,
    24,
    21,
    27,
    30,
    27,
    31,
    20,
    38,
    22,
    34,
    34,
    45,
    39,
    30,
    21,
    34,
    32,
    29,
    33,
    37,
    23,
    29,
    28,
    28,
    32,
    31,
    35,
    24,
    27,
    32,
    31,
    36,
    40,
    34,
    38,
    30,
    30,
    34,
    26,
    23,
    34,
    29,
    28,
    25,
    23,
    25,
    26,
    35,
    33,
    29
  ],
  "diversity":true,
  "p_split":0.3,
  "split_reliability_mode":"identical_active_pool",
  "split_recovery_coverage":1.0,
  "split_workload_shares":"0.5,0.5",
  "mechanism":null,
  "fixed_sfc_len":3,
  "fixed_reliability":0.999,
  "max_backup_level":2,
  "explicit_split_replicas":true,
  "split_enforce_distinct":false,
  "strict_split_resource_ablation":false,
  "split_replica_resource_scale":1.0,
  "backhaul_knn_k":4,
  "backhaul_use_device_bw":true,
  "backhaul_bw_scale":0.5,
  "fiber_speed_mps":200000000.0,
  "switch_delay_s":0.0002,
  "region_cloudlet_count":200,
  "cap_base_min":500,
  "cap_base_max":700,
  "cap_scale":0.2,
  "total_arrivals":3555,
  "total_accepted":2175,
  "total_rejected":1380,
  "acceptance_ratio":0.611814346,
  "avg_cost_per_arrival":39.9808552403,
  "total_cost":142131.9403791635,
  "total_cost_resource":103974.9403791635,
  "avg_cost_per_accepted":65.3480185651,
  "final_utilization":0.9601933146,
  "avg_utilization_over_time":0.9339808513,
  "avg_leftover_capacity_sum_over_time":16011.875,
  "final_leftover_capacity_sum":9654.4666666667,
  "final_leftover_capacity_min":0.0,
  "final_leftover_capacity_max":475.6666666667,
  "final_leftover_capacity_avg":48.2723333333,
  "avg_e2e_delay_accepted":0.0740438215,
  "p95_e2e_delay_accepted":0.1191315256,
  "avg_access_delay_accepted":0.0080473227,
  "avg_processing_delay_accepted":0.0477253189,
  "avg_network_delay_accepted":0.0135991571,
  "avg_split_proc_overhead_accepted":7.668674125e-19,
  "avg_split_net_overhead_accepted":0.0,
  "total_transmitted_bits_accepted":4069090902.4663157463,
  "avg_transmitted_bits_per_accepted":1870846.391938536,
  "total_split_transmitted_bits_accepted":1057270774.2653861046,
  "avg_split_transmitted_bits_per_accepted":486101.5054093729,
  "avg_split_overhead_ratio_accepted":9.629347878e-18,
  "p95_split_overhead_ratio_accepted":5.934922732e-17,
  "rga_accepted_total":2874,
  "rga_rejected_total":681,
  "rga_rejection_ratio":0.1915611814,
  "mdca_rejected_total":699,
  "mdca_capacity_rejected_total":684,
  "mdca_reliability_rejected_total":1,
  "mdca_qos_rejected_total":14,
  "mdca_rejection_ratio":0.1966244726,
  "capacity_rejection_ratio":0.1924050633,
  "reliability_rejection_ratio":0.000281294,
  "qos_rejected_total":14,
  "qos_rejection_ratio":0.0039381153
}