{
  "algo":"mdca",
  "region":"Alabama",
  "time_slots":120,
  "arrival_rate":12.0,
  "mean_service_time":9.0,
  "seed":4,
  "trace_seed":3231205637118540362,
  "algo_seed":5237848329253611351,
  "trace_hash":"6c0c7e32fc521a83cd61c5d1ea84c5be7a21379cba43238204f84183943fd924",
  "arrivals_per_slot":[
    8,
    14,
    13,
    10,
    13,
    9,
    17,
    9,
    15,
    15,
    12,
    10,
    12,
    12,
    15,
    16,
    12,
    14,
    6,
    14,
    7,
    9,
    13,
    14,
    10,
    15,
    14,
    11,
    16,
    12,
    11,
    13,
    16,
    11,
    18,
    12,
    6,
    7,
    13,
    11,
    13,
    13,
    15,
    5,
    14,
    13,
    11,
    14,
    13,
    9,
    12,
    7,
    6,
    7,
    11,
    10,
    18,
    15,
    15,
    10,
    18,
    12,
    19,
    9,
    13,
    20,
    18,
    8,
    10,
    13,
    9,
    10,
    6,
    12,
    4,
    14,
    14,
    9,
    14,
    4,
    16,
    9,
    17,
    10,
    17,
    9,
    14,
    12,
    12,
    11,
    12,
    11,
    15,
    13,
    12,
    11,
    10,
    10,
    14,
    10,
    16,
    12,
    8,
    17,
    10,
    10,
    9,
    9,
    6,
    7,
    18,
    13,
    13,
    10,
    10,
    12,
    7,
    11,
    13,
    12
  ],
  "diversity":true,
  "p_split":0.3,
  "split_reliability_mode":"identical_active_pool",
  "mechanism":null,
  "fixed_sfc_len":null,
  "fixed_reliability":0.999,
  "max_backup_level":2,
  "explicit_split_replicas":true,
  "split_enforce_distinct":false,
  "strict_split_resource_ablation":false,
  "split_replica_resource_scale":1.0,
  "cap_base_min":500,
  "cap_base_max":700,
  "cap_scale":0.2,
  "total_arrivals":1420,
  "total_accepted":1128,
  "total_rejected":292,
  "acceptance_ratio":0.7943661972,
  "avg_cost_per_arrival":43.7213364311,
  "total_cost":62084.2977321846,
  "total_cost_resource":39369.2977321846,
  "avg_cost_per_accepted":55.0392710392,
  "final_utilization":0.7293011323,
  "avg_utilization_over_time":0.6563383672,
  "avg_leftover_capacity_sum_over_time":59261.6305555556,
  "final_leftover_capacity_sum":46679.8,
  "final_leftover_capacity_min":1.0,
  "final_leftover_capacity_max":2204.0,
  "final_leftover_capacity_avg":340.7284671533,
  "avg_e2e_delay_accepted":0.0679352128,
  "p95_e2e_delay_accepted":0.1298447045,
  "avg_access_delay_accepted":0.008068304,
  "avg_processing_delay_accepted":0.038932548,
  "avg_network_delay_accepted":0.0146654587,
  "avg_split_proc_overhead_accepted":7.904679669e-19,
  "avg_split_net_overhead_accepted":0.0,
  "total_transmitted_bits_accepted":2252698132.9778594971,
  "avg_transmitted_bits_per_accepted":1997072.8129236342,
  "total_split_transmitted_bits_accepted":843001368.1151292324,
  "avg_split_transmitted_bits_per_accepted":747341.6383999373,
  "avg_split_overhead_ratio_accepted":9.803163044e-18,
  "p95_split_overhead_ratio_accepted":6.200078052e-17,
  "rga_accepted_total":1142,
  "rga_rejected_total":278,
  "rga_rejection_ratio":0.1957746479,
  "mdca_rejected_total":14,
  "mdca_capacity_rejected_total":0,
  "mdca_reliability_rejected_total":0,
  "mdca_qos_rejected_total":14,
  "mdca_rejection_ratio":0.0098591549,
  "capacity_rejection_ratio":0.0,
  "reliability_rejection_ratio":0.0,
  "qos_rejected_total":14,
  "qos_rejection_ratio":0.0098591549
}