{
  "algo":"hspa",
  "region":"Arizona",
  "time_slots":120,
  "arrival_rate":12.0,
  "mean_service_time":9.0,
  "seed":5,
  "trace_seed":11010946002952088511,
  "algo_seed":17931641280568136439,
  "trace_hash":"9e4718981e25b5d6a5fb22ec8d0401fbd01f6c7c980cdb535e292f905b4197be",
  "arrivals_per_slot":[
    10,
    14,
    10,
    12,
    11,
    10,
    19,
    17,
    14,
    5,
    11,
    7,
    16,
    11,
    14,
    6,
    5,
    12,
    9,
    13,
    15,
    7,
    5,
    12,
    13,
    9,
    5,
    17,
    11,
    18,
    13,
    11,
    12,
    7,
    15,
    13,
    7,
    18,
    19,
    6,
    15,
    15,
    13,
    13,
    16,
    7,
    13,
    18,
    8,
    10,
    8,
    10,
    16,
    8,
    12,
    10,
    13,
    10,
    9,
    17,
    10,
    12,
    9,
    15,
    15,
    15,
    19,
    13,
    14,
    8,
    10,
    14,
    8,
    11,
    17,
    18,
    12,
    3,
    10,
    10,
    12,
    10,
    16,
    10,
    7,
    11,
    7,
    11,
    11,
    12,
    12,
    13,
    10,
    10,
    9,
    9,
    15,
    14,
    10,
    7,
    17,
    11,
    10,
    13,
    10,
    13,
    7,
    12,
    6,
    14,
    9,
    10,
    16,
    15,
    12,
    15,
    13,
    10,
    16,
    14
  ],
  "diversity":false,
  "p_split":null,
  "split_reliability_mode":null,
  "mechanism":null,
  "fixed_sfc_len":null,
  "fixed_reliability":0.99,
  "max_backup_level":2,
  "explicit_split_replicas":false,
  "split_enforce_distinct":false,
  "strict_split_resource_ablation":false,
  "split_replica_resource_scale":1.0,
  "cap_base_min":500,
  "cap_base_max":700,
  "cap_scale":0.2,
  "total_arrivals":1402,
  "total_accepted":1383,
  "total_rejected":19,
  "acceptance_ratio":0.9864479315,
  "avg_cost_per_arrival":49.7134288021,
  "total_cost":69698.2271805105,
  "total_cost_resource":47727.2271805105,
  "avg_cost_per_accepted":50.3964043243,
  "final_utilization":0.4951381976,
  "avg_utilization_over_time":0.4282308198,
  "avg_leftover_capacity_sum_over_time":217909.125,
  "final_leftover_capacity_sum":192409.8,
  "final_leftover_capacity_min":0.0,
  "final_leftover_capacity_max":2553.6,
  "final_leftover_capacity_avg":612.7700636943,
  "avg_e2e_delay_accepted":0.0630121777,
  "p95_e2e_delay_accepted":0.1250482068,
  "avg_access_delay_accepted":0.008133278,
  "avg_processing_delay_accepted":0.0471258403,
  "avg_network_delay_accepted":0.0077530594,
  "avg_split_proc_overhead_accepted":0.0,
  "avg_split_net_overhead_accepted":0.0,
  "total_transmitted_bits_accepted":1784157712.5455608368,
  "avg_transmitted_bits_per_accepted":1290063.4219418373,
  "total_split_transmitted_bits_accepted":0.0,
  "avg_split_transmitted_bits_per_accepted":0.0,
  "avg_split_overhead_ratio_accepted":0.0,
  "p95_split_overhead_ratio_accepted":0.0,
  "rga_accepted_total":1402,
  "rga_rejected_total":0,
  "rga_rejection_ratio":0.0,
  "mdca_rejected_total":19,
  "mdca_capacity_rejected_total":0,
  "mdca_reliability_rejected_total":0,
  "mdca_qos_rejected_total":19,
  "mdca_rejection_ratio":0.0135520685,
  "capacity_rejection_ratio":0.0,
  "reliability_rejection_ratio":0.0,
  "qos_rejected_total":19,
  "qos_rejection_ratio":0.0135520685
}