{
  "algo":"hspa",
  "region":"Alabama",
  "time_slots":120,
  "arrival_rate":12.0,
  "mean_service_time":9.0,
  "seed":3,
  "trace_seed":8618026854491723369,
  "algo_seed":4555249616615268742,
  "trace_hash":"c95c25fd7134b25134617d81e356ec5e95a4d70441a9c8698991edbc224d8c27",
  "arrivals_per_slot":[
    11,
    14,
    10,
    10,
    14,
    16,
    11,
    13,
    13,
    12,
    10,
    19,
    9,
    8,
    7,
    9,
    10,
    9,
    14,
    7,
    10,
    10,
    11,
    11,
    12,
    7,
    17,
    12,
    12,
    9,
    11,
    15,
    18,
    14,
    11,
    9,
    13,
    13,
    12,
    17,
    11,
    14,
    24,
    11,
    12,
    10,
    10,
    13,
    13,
    9,
    15,
    14,
    12,
    6,
    12,
    9,
    11,
    7,
    16,
    8,
    7,
    9,
    16,
    17,
    9,
    7,
    14,
    11,
    10,
    10,
    10,
    15,
    12,
    14,
    15,
    10,
    14,
    10,
    6,
    9,
    7,
    7,
    10,
    14,
    9,
    10,
    17,
    7,
    17,
    17,
    11,
    10,
    14,
    9,
    12,
    17,
    12,
    8,
    13,
    15,
    12,
    12,
    18,
    17,
    14,
    12,
    15,
    16,
    14,
    7,
    11,
    10,
    12,
    11,
    14,
    11,
    9,
    9,
    18,
    17
  ],
  "diversity":false,
  "p_split":null,
  "split_reliability_mode":null,
  "mechanism":null,
  "fixed_sfc_len":null,
  "fixed_reliability":0.9,
  "max_backup_level":2,
  "explicit_split_replicas":false,
  "split_enforce_distinct":false,
  "strict_split_resource_ablation":false,
  "split_replica_resource_scale":1.0,
  "cap_base_min":500,
  "cap_base_max":700,
  "cap_scale":0.2,
  "total_arrivals":1427,
  "total_accepted":1410,
  "total_rejected":17,
  "acceptance_ratio":0.9880868956,
  "avg_cost_per_arrival":32.1384142365,
  "total_cost":45861.5171155487,
  "total_cost_resource":32707.5171155488,
  "avg_cost_per_accepted":32.5258986635,
  "final_utilization":0.7899394109,
  "avg_utilization_over_time":0.576873198,
  "avg_leftover_capacity_sum_over_time":73830.0416666667,
  "final_leftover_capacity_sum":36652.8,
  "final_leftover_capacity_min":1.0,
  "final_leftover_capacity_max":2152.0,
  "final_leftover_capacity_avg":267.5386861314,
  "avg_e2e_delay_accepted":0.0620576298,
  "p95_e2e_delay_accepted":0.1226188509,
  "avg_access_delay_accepted":0.0080751772,
  "avg_processing_delay_accepted":0.0470856945,
  "avg_network_delay_accepted":0.0068967581,
  "avg_split_proc_overhead_accepted":0.0,
  "avg_split_net_overhead_accepted":0.0,
  "total_transmitted_bits_accepted":1786503711.7858057022,
  "avg_transmitted_bits_per_accepted":1267023.9090679474,
  "total_split_transmitted_bits_accepted":0.0,
  "avg_split_transmitted_bits_per_accepted":0.0,
  "avg_split_overhead_ratio_accepted":0.0,
  "p95_split_overhead_ratio_accepted":0.0,
  "rga_accepted_total":1427,
  "rga_rejected_total":0,
  "rga_rejection_ratio":0.0,
  "mdca_rejected_total":17,
  "mdca_capacity_rejected_total":0,
  "mdca_reliability_rejected_total":0,
  "mdca_qos_rejected_total":17,
  "mdca_rejection_ratio":0.0119131044,
  "capacity_rejection_ratio":0.0,
  "reliability_rejection_ratio":0.0,
  "qos_rejected_total":17,
  "qos_rejection_ratio":0.0119131044
}