{
  "algo":"dtsp",
  "region":"Arizona",
  "time_slots":120,
  "arrival_rate":12.0,
  "mean_service_time":9.0,
  "seed":4,
  "trace_seed":9198539886969664778,
  "algo_seed":12873430469308396488,
  "trace_hash":"f252f216f7214826f3c42fd91b232e223db9b72a0b2d55b6b4c16d4dafe49862",
  "arrivals_per_slot":[
    16,
    14,
    11,
    11,
    12,
    13,
    19,
    13,
    7,
    17,
    10,
    18,
    12,
    19,
    6,
    12,
    11,
    17,
    11,
    19,
    11,
    18,
    11,
    9,
    13,
    14,
    8,
    7,
    11,
    5,
    4,
    15,
    9,
    15,
    15,
    9,
    14,
    15,
    14,
    18,
    12,
    8,
    18,
    8,
    8,
    12,
    8,
    12,
    15,
    15,
    21,
    10,
    15,
    11,
    10,
    13,
    11,
    11,
    13,
    20,
    13,
    13,
    12,
    10,
    17,
    11,
    14,
    10,
    13,
    12,
    12,
    9,
    10,
    19,
    14,
    12,
    14,
    11,
    12,
    19,
    10,
    16,
    11,
    15,
    13,
    9,
    15,
    15,
    6,
    17,
    9,
    16,
    7,
    8,
    12,
    12,
    10,
    15,
    11,
    19,
    17,
    13,
    14,
    11,
    15,
    12,
    10,
    11,
    13,
    11,
    16,
    11,
    11,
    12,
    10,
    8,
    8,
    16,
    14,
    10
  ],
  "diversity":false,
  "p_split":null,
  "split_reliability_mode":null,
  "mechanism":null,
  "fixed_sfc_len":null,
  "fixed_reliability":0.93,
  "max_backup_level":2,
  "explicit_split_replicas":false,
  "split_enforce_distinct":false,
  "strict_split_resource_ablation":false,
  "split_replica_resource_scale":1.0,
  "cap_base_min":500,
  "cap_base_max":700,
  "cap_scale":0.2,
  "total_arrivals":1500,
  "total_accepted":1495,
  "total_rejected":5,
  "acceptance_ratio":0.9966666667,
  "avg_cost_per_arrival":31.1237850634,
  "total_cost":46685.6775950436,
  "total_cost_resource":30961.6775950436,
  "avg_cost_per_accepted":31.22787799,
  "final_utilization":0.3895668262,
  "avg_utilization_over_time":0.3228946703,
  "avg_leftover_capacity_sum_over_time":255752.4333333333,
  "final_leftover_capacity_sum":230569.4,
  "final_leftover_capacity_min":1.2,
  "final_leftover_capacity_max":2644.8,
  "final_leftover_capacity_avg":734.2974522293,
  "avg_e2e_delay_accepted":0.0642577817,
  "p95_e2e_delay_accepted":0.1245876265,
  "avg_access_delay_accepted":0.0081122836,
  "avg_processing_delay_accepted":0.0467293822,
  "avg_network_delay_accepted":0.009416116,
  "avg_split_proc_overhead_accepted":0.0,
  "avg_split_net_overhead_accepted":0.0,
  "total_transmitted_bits_accepted":2212862166.2424497604,
  "avg_transmitted_bits_per_accepted":1480175.3620350834,
  "total_split_transmitted_bits_accepted":0.0,
  "avg_split_transmitted_bits_per_accepted":0.0,
  "avg_split_overhead_ratio_accepted":0.0,
  "p95_split_overhead_ratio_accepted":0.0,
  "rga_accepted_total":1500,
  "rga_rejected_total":0,
  "rga_rejection_ratio":0.0,
  "mdca_rejected_total":5,
  "mdca_capacity_rejected_total":0,
  "mdca_reliability_rejected_total":0,
  "mdca_qos_rejected_total":5,
  "mdca_rejection_ratio":0.0033333333,
  "capacity_rejection_ratio":0.0,
  "reliability_rejection_ratio":0.0,
  "qos_rejected_total":5,
  "qos_rejection_ratio":0.0033333333
}