region,fixed_reliability,seed,method,share,share_tag,domain_count,domain_failure_prob,total_accepted,expected_target_satisfaction_ratio,expected_reliability,expected_reliability_loss
Arizona,0.99,3,DMDCA,"0.5,0.5",0p5_0p5,6,0.0,1442,1.0,0.9940090179473422,1.1102230246251565e-15
Arizona,0.99,3,DMDCA,"0.5,0.5",0p5_0p5,6,0.01,1442,0.9679455201081409,0.9844007851401402,0.009608232807203132
Arizona,0.99,3,DMDCA,"0.5,0.5",0p5_0p5,6,0.03,1442,0.9064302028794251,0.9647730768346006,0.029235941112742747
Arizona,0.99,3,DMDCA,"0.5,0.5",0p5_0p5,6,0.05,1442,0.8482454145609397,0.9446259240400294,0.04938309390731388
Arizona,0.99,3,MDCA,nan,nan,6,0.0,1450,1.0,0.9940195424813352,1.2212453270876722e-15
Arizona,0.99,3,MDCA,nan,nan,6,0.01,1450,0.9684506699494762,0.9840466658802892,0.009972876601047176
Arizona,0.99,3,MDCA,nan,nan,6,0.03,1450,0.9078751521222487,0.9637121994596437,0.03030734302169269
Arizona,0.99,3,MDCA,nan,nan,6,0.05,1450,0.8505403683189652,0.9428889038089919,0.051130638672344464
