{
  "algo":"dtsp",
  "region":"Alabama",
  "time_slots":120,
  "arrival_rate":10.0,
  "mean_service_time":9.0,
  "seed":2,
  "trace_seed":4100312193824950453,
  "algo_seed":13203952052646951863,
  "trace_hash":"4203ff048e1b16b2a4ca70bc9704ea9a841e25cb672c21f6888e7c23f7660e84",
  "arrivals_per_slot":[
    12,
    10,
    10,
    7,
    3,
    5,
    8,
    4,
    9,
    8,
    10,
    11,
    13,
    9,
    12,
    10,
    5,
    9,
    7,
    6,
    7,
    7,
    11,
    6,
    15,
    10,
    9,
    5,
    11,
    6,
    11,
    16,
    10,
    11,
    10,
    6,
    13,
    11,
    9,
    19,
    10,
    18,
    10,
    14,
    8,
    7,
    7,
    10,
    9,
    7,
    6,
    13,
    7,
    4,
    6,
    12,
    16,
    11,
    9,
    12,
    8,
    8,
    11,
    7,
    10,
    11,
    6,
    7,
    10,
    9,
    11,
    10,
    11,
    24,
    8,
    11,
    9,
    6,
    9,
    10,
    8,
    9,
    12,
    11,
    10,
    10,
    12,
    16,
    13,
    13,
    12,
    20,
    7,
    6,
    16,
    13,
    12,
    10,
    12,
    18,
    7,
    4,
    9,
    6,
    11,
    13,
    15,
    6,
    11,
    15,
    12,
    9,
    11,
    10,
    10,
    7,
    15,
    1,
    5,
    10
  ],
  "diversity":false,
  "p_split":null,
  "split_reliability_mode":null,
  "mechanism":null,
  "fixed_sfc_len":null,
  "fixed_reliability":null,
  "max_backup_level":2,
  "explicit_split_replicas":false,
  "split_enforce_distinct":false,
  "strict_split_resource_ablation":false,
  "split_replica_resource_scale":1.0,
  "cap_base_min":500,
  "cap_base_max":700,
  "cap_scale":0.2,
  "total_arrivals":1190,
  "total_accepted":1169,
  "total_rejected":21,
  "acceptance_ratio":0.9823529412,
  "avg_cost_per_arrival":37.6087719243,
  "total_cost":44754.438589953,
  "total_cost_resource":31940.438589953,
  "avg_cost_per_accepted":38.2843786056,
  "final_utilization":0.5372620111,
  "avg_utilization_over_time":0.5497290447,
  "avg_leftover_capacity_sum_over_time":79879.5083333333,
  "final_leftover_capacity_sum":82091.2,
  "final_leftover_capacity_min":0.8,
  "final_leftover_capacity_max":2536.0,
  "final_leftover_capacity_avg":599.2058394161,
  "avg_e2e_delay_accepted":0.0644644416,
  "p95_e2e_delay_accepted":0.1295961508,
  "avg_access_delay_accepted":0.0080513496,
  "avg_processing_delay_accepted":0.0482751633,
  "avg_network_delay_accepted":0.0081379288,
  "avg_split_proc_overhead_accepted":0.0,
  "avg_split_net_overhead_accepted":0.0,
  "total_transmitted_bits_accepted":1739655804.2853045464,
  "avg_transmitted_bits_per_accepted":1488157.2320661289,
  "total_split_transmitted_bits_accepted":0.0,
  "avg_split_transmitted_bits_per_accepted":0.0,
  "avg_split_overhead_ratio_accepted":0.0,
  "p95_split_overhead_ratio_accepted":0.0,
  "rga_accepted_total":1190,
  "rga_rejected_total":0,
  "rga_rejection_ratio":0.0,
  "mdca_rejected_total":21,
  "mdca_capacity_rejected_total":0,
  "mdca_reliability_rejected_total":0,
  "mdca_qos_rejected_total":21,
  "mdca_rejection_ratio":0.0176470588,
  "capacity_rejection_ratio":0.0,
  "reliability_rejection_ratio":0.0,
  "qos_rejected_total":21,
  "qos_rejection_ratio":0.0176470588
}