{
  "algo":"dtsp",
  "region":"Alabama",
  "time_slots":120,
  "arrival_rate":40.0,
  "mean_service_time":9.0,
  "seed":5,
  "trace_seed":7720552344890116192,
  "algo_seed":2513652281977770823,
  "trace_hash":"c4863ad36218dc6d32f45cc1d3bb63e3634346fec6a640b510da5c29ab1d9aee",
  "arrivals_per_slot":[
    36,
    46,
    39,
    34,
    51,
    40,
    36,
    45,
    36,
    27,
    38,
    40,
    29,
    44,
    44,
    36,
    36,
    34,
    42,
    37,
    44,
    33,
    49,
    45,
    39,
    58,
    31,
    41,
    49,
    36,
    35,
    46,
    37,
    47,
    43,
    32,
    33,
    36,
    32,
    45,
    37,
    38,
    38,
    39,
    38,
    42,
    31,
    43,
    42,
    33,
    33,
    32,
    42,
    50,
    46,
    40,
    42,
    41,
    51,
    35,
    48,
    50,
    35,
    42,
    31,
    32,
    47,
    41,
    46,
    34,
    47,
    40,
    30,
    42,
    38,
    51,
    44,
    40,
    50,
    44,
    26,
    40,
    40,
    46,
    48,
    32,
    38,
    45,
    44,
    35,
    38,
    43,
    42,
    29,
    34,
    45,
    38,
    35,
    54,
    46,
    47,
    39,
    24,
    51,
    36,
    34,
    30,
    40,
    37,
    33,
    43,
    33,
    31,
    33,
    38,
    37,
    34,
    27,
    35,
    45
  ],
  "diversity":false,
  "p_split":null,
  "split_reliability_mode":null,
  "mechanism":null,
  "fixed_sfc_len":null,
  "fixed_reliability":null,
  "max_backup_level":2,
  "explicit_split_replicas":false,
  "split_enforce_distinct":false,
  "strict_split_resource_ablation":false,
  "split_replica_resource_scale":1.0,
  "cap_base_min":500,
  "cap_base_max":700,
  "cap_scale":0.2,
  "total_arrivals":4731,
  "total_accepted":2357,
  "total_rejected":2374,
  "acceptance_ratio":0.4982033397,
  "avg_cost_per_arrival":20.2401773477,
  "total_cost":95756.2790318183,
  "total_cost_resource":73028.2790318183,
  "avg_cost_per_accepted":40.6263381552,
  "final_utilization":0.9715825868,
  "avg_utilization_over_time":0.9563228821,
  "avg_leftover_capacity_sum_over_time":7609.9166666667,
  "final_leftover_capacity_sum":4951.2,
  "final_leftover_capacity_min":0.0,
  "final_leftover_capacity_max":223.0,
  "final_leftover_capacity_avg":36.1401459854,
  "avg_e2e_delay_accepted":0.063581079,
  "p95_e2e_delay_accepted":0.1265525763,
  "avg_access_delay_accepted":0.0080642031,
  "avg_processing_delay_accepted":0.0483096097,
  "avg_network_delay_accepted":0.0072072663,
  "avg_split_proc_overhead_accepted":0.0,
  "avg_split_net_overhead_accepted":0.0,
  "total_transmitted_bits_accepted":3194794133.6440281868,
  "avg_transmitted_bits_per_accepted":1355449.3566584762,
  "total_split_transmitted_bits_accepted":0.0,
  "avg_split_transmitted_bits_per_accepted":0.0,
  "avg_split_overhead_ratio_accepted":0.0,
  "p95_split_overhead_ratio_accepted":0.0,
  "rga_accepted_total":4731,
  "rga_rejected_total":0,
  "rga_rejection_ratio":0.0,
  "mdca_rejected_total":2374,
  "mdca_capacity_rejected_total":2359,
  "mdca_reliability_rejected_total":0,
  "mdca_qos_rejected_total":15,
  "mdca_rejection_ratio":0.5017966603,
  "capacity_rejection_ratio":0.4986260833,
  "reliability_rejection_ratio":0.0,
  "qos_rejected_total":15,
  "qos_rejection_ratio":0.003170577
}