{
  "algo":"dtsp",
  "region":"Alabama",
  "time_slots":120,
  "arrival_rate":25.0,
  "mean_service_time":9.0,
  "seed":3,
  "trace_seed":6228351046502841511,
  "algo_seed":2323538909479759954,
  "trace_hash":"b4f7d1fdc3a12b4953879cb0e8d772884110952f0d1fdeb4cbde2856f15a7588",
  "arrivals_per_slot":[
    29,
    29,
    24,
    22,
    25,
    21,
    24,
    18,
    21,
    21,
    25,
    24,
    29,
    28,
    18,
    21,
    28,
    23,
    29,
    17,
    28,
    21,
    28,
    22,
    26,
    26,
    22,
    24,
    24,
    20,
    20,
    29,
    30,
    17,
    24,
    37,
    26,
    27,
    27,
    21,
    25,
    31,
    21,
    18,
    26,
    14,
    32,
    13,
    22,
    21,
    26,
    32,
    25,
    32,
    26,
    30,
    25,
    32,
    38,
    26,
    18,
    22,
    26,
    24,
    26,
    27,
    29,
    17,
    32,
    21,
    30,
    32,
    27,
    27,
    23,
    27,
    17,
    22,
    16,
    31,
    28,
    23,
    22,
    28,
    27,
    24,
    26,
    22,
    31,
    30,
    20,
    28,
    22,
    22,
    25,
    28,
    20,
    30,
    31,
    25,
    19,
    21,
    24,
    26,
    15,
    17,
    26,
    27,
    21,
    31,
    19,
    21,
    25,
    21,
    18,
    24,
    30,
    23,
    25,
    23
  ],
  "diversity":false,
  "p_split":null,
  "split_reliability_mode":null,
  "mechanism":null,
  "fixed_sfc_len":null,
  "fixed_reliability":null,
  "max_backup_level":2,
  "explicit_split_replicas":false,
  "split_enforce_distinct":false,
  "strict_split_resource_ablation":false,
  "split_replica_resource_scale":1.0,
  "cap_base_min":500,
  "cap_base_max":700,
  "cap_scale":0.2,
  "total_arrivals":2952,
  "total_accepted":2135,
  "total_rejected":817,
  "acceptance_ratio":0.7232384824,
  "avg_cost_per_arrival":32.1824642517,
  "total_cost":95002.6344711493,
  "total_cost_resource":72588.6344711493,
  "avg_cost_per_accepted":44.4977210638,
  "final_utilization":0.9575392738,
  "avg_utilization_over_time":0.9349509231,
  "avg_leftover_capacity_sum_over_time":11315.8333333333,
  "final_leftover_capacity_sum":7386.4,
  "final_leftover_capacity_min":0.0,
  "final_leftover_capacity_max":1354.0,
  "final_leftover_capacity_avg":53.9153284672,
  "avg_e2e_delay_accepted":0.0642265717,
  "p95_e2e_delay_accepted":0.1250362984,
  "avg_access_delay_accepted":0.0081193069,
  "avg_processing_delay_accepted":0.0484092547,
  "avg_network_delay_accepted":0.0076980101,
  "avg_split_proc_overhead_accepted":0.0,
  "avg_split_net_overhead_accepted":0.0,
  "total_transmitted_bits_accepted":3091292445.3642816544,
  "avg_transmitted_bits_per_accepted":1447912.1523954482,
  "total_split_transmitted_bits_accepted":0.0,
  "avg_split_transmitted_bits_per_accepted":0.0,
  "avg_split_overhead_ratio_accepted":0.0,
  "p95_split_overhead_ratio_accepted":0.0,
  "rga_accepted_total":2952,
  "rga_rejected_total":0,
  "rga_rejection_ratio":0.0,
  "mdca_rejected_total":817,
  "mdca_capacity_rejected_total":800,
  "mdca_reliability_rejected_total":0,
  "mdca_qos_rejected_total":17,
  "mdca_rejection_ratio":0.2767615176,
  "capacity_rejection_ratio":0.27100271,
  "reliability_rejection_ratio":0.0,
  "qos_rejected_total":17,
  "qos_rejection_ratio":0.0057588076
}