{
  "algo":"mdca",
  "region":"Arizona",
  "time_slots":120,
  "arrival_rate":25.0,
  "mean_service_time":9.0,
  "seed":3,
  "trace_seed":14802346205296221,
  "algo_seed":18185845460186161846,
  "trace_hash":"d518073605a9ec373041d7723f4f0eac778c55438d311e8618beb6208b611aa5",
  "arrivals_per_slot":[
    23,
    22,
    23,
    25,
    24,
    28,
    22,
    26,
    23,
    25,
    19,
    18,
    24,
    28,
    24,
    31,
    29,
    23,
    28,
    19,
    21,
    21,
    28,
    27,
    20,
    21,
    21,
    28,
    24,
    15,
    28,
    30,
    28,
    23,
    28,
    26,
    20,
    20,
    27,
    16,
    34,
    22,
    30,
    33,
    29,
    26,
    19,
    28,
    22,
    31,
    19,
    20,
    23,
    22,
    21,
    26,
    28,
    19,
    25,
    19,
    26,
    19,
    25,
    17,
    27,
    24,
    28,
    20,
    22,
    28,
    22,
    25,
    21,
    28,
    17,
    16,
    29,
    23,
    21,
    35,
    18,
    20,
    26,
    25,
    24,
    21,
    25,
    31,
    24,
    27,
    23,
    16,
    20,
    23,
    33,
    28,
    26,
    25,
    27,
    34,
    21,
    27,
    27,
    25,
    25,
    32,
    32,
    35,
    27,
    34,
    26,
    24,
    21,
    24,
    24,
    24,
    37,
    28,
    20,
    25
  ],
  "diversity":false,
  "p_split":null,
  "split_reliability_mode":null,
  "mechanism":null,
  "fixed_sfc_len":null,
  "fixed_reliability":null,
  "max_backup_level":2,
  "explicit_split_replicas":false,
  "split_enforce_distinct":false,
  "strict_split_resource_ablation":false,
  "split_replica_resource_scale":1.0,
  "cap_base_min":500,
  "cap_base_max":700,
  "cap_scale":0.2,
  "total_arrivals":2959,
  "total_accepted":2936,
  "total_rejected":23,
  "acceptance_ratio":0.9922271038,
  "avg_cost_per_arrival":37.5674868278,
  "total_cost":111162.1935235662,
  "total_cost_resource":80163.1935235662,
  "avg_cost_per_accepted":37.8617825353,
  "final_utilization":0.6782577905,
  "avg_utilization_over_time":0.5869188957,
  "avg_leftover_capacity_sum_over_time":156090.7916666667,
  "final_leftover_capacity_sum":121576.6,
  "final_leftover_capacity_min":0.0,
  "final_leftover_capacity_max":2214.4,
  "final_leftover_capacity_avg":387.1866242038,
  "avg_e2e_delay_accepted":0.065037756,
  "p95_e2e_delay_accepted":0.1293621245,
  "avg_access_delay_accepted":0.0080475132,
  "avg_processing_delay_accepted":0.0478077495,
  "avg_network_delay_accepted":0.0091824933,
  "avg_split_proc_overhead_accepted":0.0,
  "avg_split_net_overhead_accepted":0.0,
  "total_transmitted_bits_accepted":3935673129.9537057877,
  "avg_transmitted_bits_per_accepted":1340488.1232812349,
  "total_split_transmitted_bits_accepted":0.0,
  "avg_split_transmitted_bits_per_accepted":0.0,
  "avg_split_overhead_ratio_accepted":0.0,
  "p95_split_overhead_ratio_accepted":0.0,
  "rga_accepted_total":2959,
  "rga_rejected_total":0,
  "rga_rejection_ratio":0.0,
  "mdca_rejected_total":23,
  "mdca_capacity_rejected_total":0,
  "mdca_reliability_rejected_total":0,
  "mdca_qos_rejected_total":23,
  "mdca_rejection_ratio":0.0077728962,
  "capacity_rejection_ratio":0.0,
  "reliability_rejection_ratio":0.0,
  "qos_rejected_total":23,
  "qos_rejection_ratio":0.0077728962
}