{
  "algo":"mdca",
  "region":"Arizona",
  "time_slots":120,
  "arrival_rate":40.0,
  "mean_service_time":9.0,
  "seed":4,
  "trace_seed":5543894205965261079,
  "algo_seed":9982702643186365209,
  "trace_hash":"24a0e6b6a3aee804a670814237c4a0f8eab34f8e887bf515ab3075056cf6392f",
  "arrivals_per_slot":[
    35,
    36,
    38,
    31,
    36,
    43,
    35,
    41,
    37,
    39,
    51,
    28,
    43,
    42,
    54,
    28,
    27,
    34,
    42,
    35,
    49,
    42,
    32,
    39,
    50,
    41,
    34,
    45,
    40,
    50,
    36,
    56,
    34,
    36,
    34,
    40,
    46,
    38,
    29,
    36,
    49,
    41,
    28,
    43,
    34,
    36,
    36,
    35,
    52,
    32,
    32,
    44,
    46,
    47,
    41,
    32,
    41,
    37,
    47,
    37,
    33,
    37,
    40,
    43,
    43,
    43,
    34,
    43,
    37,
    48,
    36,
    43,
    39,
    32,
    38,
    38,
    39,
    37,
    35,
    39,
    29,
    30,
    32,
    43,
    38,
    50,
    32,
    37,
    40,
    41,
    35,
    37,
    44,
    41,
    44,
    36,
    45,
    38,
    52,
    40,
    37,
    44,
    41,
    41,
    38,
    28,
    41,
    43,
    49,
    33,
    52,
    42,
    33,
    33,
    45,
    48,
    60,
    43,
    39,
    48
  ],
  "diversity":true,
  "p_split":0.3,
  "split_reliability_mode":"identical_active_pool",
  "mechanism":null,
  "fixed_sfc_len":null,
  "fixed_reliability":null,
  "max_backup_level":2,
  "explicit_split_replicas":true,
  "split_enforce_distinct":false,
  "strict_split_resource_ablation":false,
  "split_replica_resource_scale":1.0,
  "cap_base_min":500,
  "cap_base_max":700,
  "cap_scale":0.2,
  "total_arrivals":4751,
  "total_accepted":4655,
  "total_rejected":96,
  "acceptance_ratio":0.9797937276,
  "avg_cost_per_arrival":39.0596515225,
  "total_cost":185572.404383354,
  "total_cost_resource":135587.404383354,
  "avg_cost_per_accepted":39.8651781704,
  "final_utilization":0.9771618724,
  "avg_utilization_over_time":0.8593326358,
  "avg_leftover_capacity_sum_over_time":52039.6944444445,
  "final_leftover_capacity_sum":8448.9333333334,
  "final_leftover_capacity_min":0.0,
  "final_leftover_capacity_max":608.0,
  "final_leftover_capacity_avg":26.9074309979,
  "avg_e2e_delay_accepted":0.0702912683,
  "p95_e2e_delay_accepted":0.1352534948,
  "avg_access_delay_accepted":0.0080562808,
  "avg_processing_delay_accepted":0.0448687714,
  "avg_network_delay_accepted":0.0141047857,
  "avg_split_proc_overhead_accepted":4.782135125e-19,
  "avg_split_net_overhead_accepted":0.0,
  "total_transmitted_bits_accepted":8190798662.3756456375,
  "avg_transmitted_bits_per_accepted":1759570.0671054018,
  "total_split_transmitted_bits_accepted":1723121271.1742463112,
  "avg_split_transmitted_bits_per_accepted":370165.6866110089,
  "avg_split_overhead_ratio_accepted":5.965944147e-18,
  "p95_split_overhead_ratio_accepted":4.152318619e-17,
  "rga_accepted_total":4751,
  "rga_rejected_total":0,
  "rga_rejection_ratio":0.0,
  "mdca_rejected_total":96,
  "mdca_capacity_rejected_total":50,
  "mdca_reliability_rejected_total":0,
  "mdca_qos_rejected_total":46,
  "mdca_rejection_ratio":0.0202062724,
  "capacity_rejection_ratio":0.0105241002,
  "reliability_rejection_ratio":0.0,
  "qos_rejected_total":46,
  "qos_rejection_ratio":0.0096821722
}