{
  "algo":"dtsp",
  "region":"Alabama",
  "time_slots":120,
  "arrival_rate":30.0,
  "mean_service_time":9.0,
  "seed":4,
  "trace_seed":9772341479094750825,
  "algo_seed":10631498835370800008,
  "trace_hash":"c83abce5c9b629171a45cc198ce9848ae6fba380b54ca3153b12153367e56344",
  "arrivals_per_slot":[
    25,
    25,
    36,
    28,
    27,
    26,
    31,
    39,
    27,
    30,
    32,
    29,
    30,
    29,
    20,
    27,
    33,
    30,
    33,
    34,
    34,
    33,
    35,
    30,
    31,
    24,
    33,
    23,
    33,
    24,
    34,
    16,
    36,
    32,
    21,
    29,
    27,
    16,
    27,
    25,
    28,
    26,
    24,
    28,
    27,
    36,
    27,
    34,
    26,
    50,
    34,
    21,
    20,
    31,
    28,
    28,
    36,
    28,
    29,
    31,
    27,
    28,
    35,
    32,
    30,
    30,
    27,
    31,
    26,
    31,
    39,
    29,
    28,
    28,
    33,
    35,
    25,
    32,
    27,
    45,
    27,
    19,
    36,
    27,
    27,
    40,
    33,
    32,
    32,
    35,
    42,
    31,
    29,
    27,
    38,
    30,
    32,
    35,
    32,
    28,
    31,
    30,
    24,
    23,
    37,
    28,
    30,
    29,
    29,
    24,
    28,
    38,
    42,
    38,
    22,
    39,
    38,
    36,
    35,
    29
  ],
  "diversity":false,
  "p_split":null,
  "split_reliability_mode":null,
  "mechanism":null,
  "fixed_sfc_len":null,
  "fixed_reliability":null,
  "max_backup_level":2,
  "explicit_split_replicas":false,
  "split_enforce_distinct":false,
  "strict_split_resource_ablation":false,
  "split_replica_resource_scale":1.0,
  "cap_base_min":500,
  "cap_base_max":700,
  "cap_scale":0.2,
  "total_arrivals":3626,
  "total_accepted":2236,
  "total_rejected":1390,
  "acceptance_ratio":0.6166574738,
  "avg_cost_per_arrival":26.7489731825,
  "total_cost":96991.7767596445,
  "total_cost_resource":74251.7767596446,
  "avg_cost_per_accepted":43.3773599104,
  "final_utilization":0.974148733,
  "avg_utilization_over_time":0.942490172,
  "avg_leftover_capacity_sum_over_time":9977.9666666667,
  "final_leftover_capacity_sum":4485.2,
  "final_leftover_capacity_min":0.0,
  "final_leftover_capacity_max":263.4,
  "final_leftover_capacity_avg":32.7386861314,
  "avg_e2e_delay_accepted":0.0644049268,
  "p95_e2e_delay_accepted":0.1280654155,
  "avg_access_delay_accepted":0.0081371266,
  "avg_processing_delay_accepted":0.0486669048,
  "avg_network_delay_accepted":0.0076008954,
  "avg_split_proc_overhead_accepted":0.0,
  "avg_split_net_overhead_accepted":0.0,
  "total_transmitted_bits_accepted":3175751984.1428070068,
  "avg_transmitted_bits_per_accepted":1420282.6404932053,
  "total_split_transmitted_bits_accepted":0.0,
  "avg_split_transmitted_bits_per_accepted":0.0,
  "avg_split_overhead_ratio_accepted":0.0,
  "p95_split_overhead_ratio_accepted":0.0,
  "rga_accepted_total":3626,
  "rga_rejected_total":0,
  "rga_rejection_ratio":0.0,
  "mdca_rejected_total":1390,
  "mdca_capacity_rejected_total":1357,
  "mdca_reliability_rejected_total":0,
  "mdca_qos_rejected_total":33,
  "mdca_rejection_ratio":0.3833425262,
  "capacity_rejection_ratio":0.3742415885,
  "reliability_rejection_ratio":0.0,
  "qos_rejected_total":33,
  "qos_rejection_ratio":0.0091009377
}