{
  "algo":"dtsp",
  "region":"Alabama",
  "time_slots":120,
  "arrival_rate":12.0,
  "mean_service_time":9.0,
  "seed":4,
  "trace_seed":11930388173241415886,
  "algo_seed":10631498835370800008,
  "trace_hash":"71c170259973880da2c3fa4fa1d748e6cefeb89256be4773fdbacb2ceff18394",
  "arrivals_per_slot":[
    3,
    9,
    10,
    13,
    13,
    13,
    9,
    19,
    16,
    16,
    9,
    13,
    17,
    6,
    9,
    8,
    17,
    12,
    19,
    13,
    14,
    22,
    14,
    12,
    15,
    9,
    15,
    10,
    9,
    9,
    17,
    11,
    11,
    14,
    11,
    12,
    10,
    10,
    13,
    14,
    9,
    13,
    12,
    10,
    19,
    10,
    15,
    11,
    9,
    11,
    18,
    11,
    9,
    12,
    11,
    15,
    13,
    9,
    16,
    10,
    8,
    14,
    9,
    10,
    14,
    12,
    7,
    7,
    8,
    11,
    13,
    15,
    11,
    18,
    13,
    8,
    11,
    13,
    9,
    13,
    19,
    19,
    11,
    7,
    15,
    15,
    14,
    15,
    14,
    9,
    10,
    9,
    14,
    14,
    8,
    21,
    13,
    11,
    11,
    12,
    6,
    12,
    13,
    9,
    19,
    9,
    15,
    16,
    8,
    9,
    14,
    10,
    14,
    9,
    11,
    10,
    11,
    13,
    15,
    14
  ],
  "diversity":false,
  "p_split":null,
  "split_reliability_mode":null,
  "mechanism":null,
  "fixed_sfc_len":null,
  "fixed_reliability":0.9,
  "max_backup_level":2,
  "explicit_split_replicas":false,
  "split_enforce_distinct":false,
  "strict_split_resource_ablation":false,
  "split_replica_resource_scale":1.0,
  "cap_base_min":500,
  "cap_base_max":700,
  "cap_scale":0.2,
  "total_arrivals":1461,
  "total_accepted":1448,
  "total_rejected":13,
  "acceptance_ratio":0.9911019849,
  "avg_cost_per_arrival":37.5078038915,
  "total_cost":54798.901485487,
  "total_cost_resource":41210.901485487,
  "avg_cost_per_accepted":37.8445452248,
  "final_utilization":0.5982624922,
  "avg_utilization_over_time":0.6027236031,
  "avg_leftover_capacity_sum_over_time":69828.875,
  "final_leftover_capacity_sum":70613.0,
  "final_leftover_capacity_min":0.0,
  "final_leftover_capacity_max":1875.2,
  "final_leftover_capacity_avg":515.4233576642,
  "avg_e2e_delay_accepted":0.0637331563,
  "p95_e2e_delay_accepted":0.1268626476,
  "avg_access_delay_accepted":0.0080822624,
  "avg_processing_delay_accepted":0.0477716383,
  "avg_network_delay_accepted":0.0078792556,
  "avg_split_proc_overhead_accepted":0.0,
  "avg_split_net_overhead_accepted":0.0,
  "total_transmitted_bits_accepted":2168388795.2742357254,
  "avg_transmitted_bits_per_accepted":1497506.074084417,
  "total_split_transmitted_bits_accepted":0.0,
  "avg_split_transmitted_bits_per_accepted":0.0,
  "avg_split_overhead_ratio_accepted":0.0,
  "p95_split_overhead_ratio_accepted":0.0,
  "rga_accepted_total":1461,
  "rga_rejected_total":0,
  "rga_rejection_ratio":0.0,
  "mdca_rejected_total":13,
  "mdca_capacity_rejected_total":0,
  "mdca_reliability_rejected_total":0,
  "mdca_qos_rejected_total":13,
  "mdca_rejection_ratio":0.0088980151,
  "capacity_rejection_ratio":0.0,
  "reliability_rejection_ratio":0.0,
  "qos_rejected_total":13,
  "qos_rejection_ratio":0.0088980151
}