{
  "algo":"mdca",
  "region":"Arizona",
  "time_slots":120,
  "arrival_rate":12.0,
  "mean_service_time":9.0,
  "seed":2,
  "trace_seed":11067563954508148815,
  "algo_seed":12017847392608320075,
  "trace_hash":"aae8b02c4642c21faa7f89491df91043d63b2c136f419303997dca607260c5ef",
  "arrivals_per_slot":[
    13,
    8,
    11,
    9,
    11,
    13,
    10,
    14,
    15,
    10,
    12,
    10,
    9,
    9,
    9,
    12,
    16,
    21,
    14,
    15,
    6,
    10,
    13,
    8,
    14,
    17,
    17,
    10,
    5,
    10,
    7,
    12,
    13,
    11,
    12,
    16,
    16,
    9,
    12,
    8,
    10,
    11,
    17,
    16,
    12,
    19,
    11,
    9,
    12,
    23,
    8,
    9,
    15,
    11,
    13,
    11,
    12,
    13,
    11,
    13,
    12,
    6,
    8,
    4,
    10,
    12,
    10,
    9,
    15,
    13,
    6,
    6,
    10,
    8,
    18,
    19,
    8,
    15,
    11,
    15,
    13,
    11,
    14,
    11,
    13,
    14,
    9,
    8,
    14,
    12,
    14,
    14,
    7,
    15,
    16,
    8,
    12,
    14,
    10,
    12,
    15,
    7,
    11,
    9,
    20,
    11,
    12,
    10,
    10,
    7,
    10,
    8,
    11,
    12,
    9,
    8,
    11,
    6,
    12,
    12
  ],
  "diversity":false,
  "p_split":null,
  "split_reliability_mode":null,
  "mechanism":null,
  "fixed_sfc_len":null,
  "fixed_reliability":0.994,
  "max_backup_level":2,
  "explicit_split_replicas":false,
  "split_enforce_distinct":false,
  "strict_split_resource_ablation":false,
  "split_replica_resource_scale":1.0,
  "cap_base_min":500,
  "cap_base_max":700,
  "cap_scale":0.2,
  "total_arrivals":1390,
  "total_accepted":1380,
  "total_rejected":10,
  "acceptance_ratio":0.9928057554,
  "avg_cost_per_arrival":43.8449361816,
  "total_cost":60944.4612924049,
  "total_cost_resource":40321.4612924049,
  "avg_cost_per_accepted":44.1626531104,
  "final_utilization":0.4639413275,
  "avg_utilization_over_time":0.3976333766,
  "avg_leftover_capacity_sum_over_time":227507.85,
  "final_leftover_capacity_sum":202464.0,
  "final_leftover_capacity_min":0.2,
  "final_leftover_capacity_max":2208.0,
  "final_leftover_capacity_avg":644.7898089172,
  "avg_e2e_delay_accepted":0.0647130623,
  "p95_e2e_delay_accepted":0.1275399723,
  "avg_access_delay_accepted":0.0080172859,
  "avg_processing_delay_accepted":0.0483059155,
  "avg_network_delay_accepted":0.0083898608,
  "avg_split_proc_overhead_accepted":0.0,
  "avg_split_net_overhead_accepted":0.0,
  "total_transmitted_bits_accepted":1843343939.6797401905,
  "avg_transmitted_bits_per_accepted":1335756.4780287973,
  "total_split_transmitted_bits_accepted":0.0,
  "avg_split_transmitted_bits_per_accepted":0.0,
  "avg_split_overhead_ratio_accepted":0.0,
  "p95_split_overhead_ratio_accepted":0.0,
  "rga_accepted_total":1390,
  "rga_rejected_total":0,
  "rga_rejection_ratio":0.0,
  "mdca_rejected_total":10,
  "mdca_capacity_rejected_total":0,
  "mdca_reliability_rejected_total":0,
  "mdca_qos_rejected_total":10,
  "mdca_rejection_ratio":0.0071942446,
  "capacity_rejection_ratio":0.0,
  "reliability_rejection_ratio":0.0,
  "qos_rejected_total":10,
  "qos_rejection_ratio":0.0071942446
}