{
  "algo":"random",
  "region":"Alabama",
  "time_slots":120,
  "arrival_rate":12.0,
  "mean_service_time":9.0,
  "seed":1,
  "trace_seed":10394030818635337927,
  "algo_seed":882721028417214257,
  "trace_hash":"1351d277ff066a0ea7c5c2456bc0a81c62fbace9a4525e35357f01458dfb8f9f",
  "arrivals_per_slot":[
    17,
    14,
    14,
    14,
    14,
    16,
    9,
    16,
    9,
    6,
    20,
    8,
    9,
    10,
    20,
    7,
    7,
    15,
    10,
    15,
    12,
    8,
    15,
    7,
    9,
    12,
    10,
    7,
    11,
    12,
    9,
    5,
    19,
    12,
    19,
    7,
    18,
    16,
    13,
    11,
    16,
    11,
    8,
    15,
    15,
    8,
    12,
    15,
    5,
    12,
    11,
    16,
    14,
    8,
    16,
    16,
    13,
    15,
    10,
    10,
    6,
    19,
    18,
    15,
    12,
    15,
    13,
    12,
    13,
    12,
    11,
    8,
    8,
    19,
    11,
    11,
    9,
    14,
    12,
    14,
    14,
    14,
    18,
    11,
    9,
    13,
    8,
    14,
    13,
    8,
    7,
    14,
    6,
    18,
    17,
    16,
    14,
    10,
    21,
    9,
    8,
    14,
    15,
    13,
    7,
    16,
    9,
    5,
    13,
    13,
    13,
    11,
    7,
    5,
    11,
    10,
    6,
    11,
    10,
    11
  ],
  "diversity":false,
  "p_split":null,
  "split_reliability_mode":null,
  "mechanism":null,
  "fixed_sfc_len":null,
  "fixed_reliability":0.998,
  "max_backup_level":2,
  "explicit_split_replicas":false,
  "split_enforce_distinct":false,
  "strict_split_resource_ablation":false,
  "split_replica_resource_scale":1.0,
  "cap_base_min":500,
  "cap_base_max":700,
  "cap_scale":0.2,
  "total_arrivals":1442,
  "total_accepted":1191,
  "total_rejected":251,
  "acceptance_ratio":0.8259361997,
  "avg_cost_per_arrival":56.9830004355,
  "total_cost":82169.486628054,
  "total_cost_resource":62496.4866280541,
  "avg_cost_per_accepted":68.9920122822,
  "final_utilization":0.8821901959,
  "avg_utilization_over_time":0.8733427613,
  "avg_leftover_capacity_sum_over_time":22157.3666666667,
  "final_leftover_capacity_sum":20609.6,
  "final_leftover_capacity_min":0.0,
  "final_leftover_capacity_max":1095.4,
  "final_leftover_capacity_avg":150.4350364964,
  "avg_e2e_delay_accepted":0.062614735,
  "p95_e2e_delay_accepted":0.1268013723,
  "avg_access_delay_accepted":0.0080227587,
  "avg_processing_delay_accepted":0.0472077497,
  "avg_network_delay_accepted":0.0073842266,
  "avg_split_proc_overhead_accepted":0.0,
  "avg_split_net_overhead_accepted":0.0,
  "total_transmitted_bits_accepted":1638312662.9372754097,
  "avg_transmitted_bits_per_accepted":1375577.3828188709,
  "total_split_transmitted_bits_accepted":0.0,
  "avg_split_transmitted_bits_per_accepted":0.0,
  "avg_split_overhead_ratio_accepted":0.0,
  "p95_split_overhead_ratio_accepted":0.0,
  "rga_accepted_total":1381,
  "rga_rejected_total":61,
  "rga_rejection_ratio":0.0423023578,
  "mdca_rejected_total":190,
  "mdca_capacity_rejected_total":179,
  "mdca_reliability_rejected_total":0,
  "mdca_qos_rejected_total":11,
  "mdca_rejection_ratio":0.1317614424,
  "capacity_rejection_ratio":0.1241331484,
  "reliability_rejection_ratio":0.0,
  "qos_rejected_total":11,
  "qos_rejection_ratio":0.007628294
}