{
  "algo":"random",
  "region":"Alabama",
  "time_slots":120,
  "arrival_rate":25.0,
  "mean_service_time":9.0,
  "seed":2,
  "trace_seed":10274324414007084793,
  "algo_seed":13852390656172401847,
  "trace_hash":"755674f57e844625b8995fbf3f524f1b93d6393cb527ac93dc7766fd8827ad74",
  "arrivals_per_slot":[
    17,
    26,
    21,
    27,
    33,
    20,
    32,
    35,
    23,
    29,
    32,
    30,
    26,
    26,
    21,
    25,
    21,
    28,
    25,
    32,
    29,
    22,
    25,
    26,
    19,
    25,
    21,
    35,
    26,
    25,
    34,
    25,
    21,
    22,
    27,
    25,
    29,
    24,
    27,
    22,
    20,
    24,
    21,
    25,
    27,
    30,
    17,
    22,
    28,
    29,
    29,
    25,
    18,
    39,
    31,
    29,
    25,
    33,
    30,
    21,
    32,
    34,
    28,
    25,
    21,
    24,
    21,
    26,
    24,
    28,
    31,
    30,
    26,
    24,
    23,
    24,
    27,
    19,
    21,
    24,
    25,
    23,
    27,
    18,
    22,
    27,
    27,
    27,
    30,
    23,
    25,
    23,
    24,
    25,
    30,
    43,
    30,
    36,
    25,
    24,
    24,
    22,
    29,
    22,
    22,
    21,
    26,
    24,
    19,
    28,
    26,
    27,
    25,
    28,
    29,
    29,
    27,
    30,
    21,
    22
  ],
  "diversity":false,
  "p_split":null,
  "split_reliability_mode":null,
  "mechanism":null,
  "fixed_sfc_len":null,
  "fixed_reliability":null,
  "max_backup_level":2,
  "explicit_split_replicas":false,
  "split_enforce_distinct":false,
  "strict_split_resource_ablation":false,
  "split_replica_resource_scale":1.0,
  "cap_base_min":500,
  "cap_base_max":700,
  "cap_scale":0.2,
  "total_arrivals":3108,
  "total_accepted":1748,
  "total_rejected":1360,
  "acceptance_ratio":0.5624195624,
  "avg_cost_per_arrival":29.4668092232,
  "total_cost":91582.8430658142,
  "total_cost_resource":69399.8430658142,
  "avg_cost_per_accepted":52.3929308157,
  "final_utilization":0.9368423722,
  "avg_utilization_over_time":0.9271965875,
  "avg_leftover_capacity_sum_over_time":12634.3333333333,
  "final_leftover_capacity_sum":10960.4,
  "final_leftover_capacity_min":0.0,
  "final_leftover_capacity_max":301.0,
  "final_leftover_capacity_avg":80.002919708,
  "avg_e2e_delay_accepted":0.0632137233,
  "p95_e2e_delay_accepted":0.1260461637,
  "avg_access_delay_accepted":0.008066889,
  "avg_processing_delay_accepted":0.0480054852,
  "avg_network_delay_accepted":0.0071413491,
  "avg_split_proc_overhead_accepted":0.0,
  "avg_split_net_overhead_accepted":0.0,
  "total_transmitted_bits_accepted":2352102229.739716053,
  "avg_transmitted_bits_per_accepted":1345596.2412698604,
  "total_split_transmitted_bits_accepted":0.0,
  "avg_split_transmitted_bits_per_accepted":0.0,
  "avg_split_overhead_ratio_accepted":0.0,
  "p95_split_overhead_ratio_accepted":0.0,
  "rga_accepted_total":3108,
  "rga_rejected_total":0,
  "rga_rejection_ratio":0.0,
  "mdca_rejected_total":1360,
  "mdca_capacity_rejected_total":1340,
  "mdca_reliability_rejected_total":0,
  "mdca_qos_rejected_total":20,
  "mdca_rejection_ratio":0.4375804376,
  "capacity_rejection_ratio":0.4311454311,
  "reliability_rejection_ratio":0.0,
  "qos_rejected_total":20,
  "qos_rejection_ratio":0.0064350064
}