region,fixed_reliability,seed,method,share,share_tag,domain_count,domain_failure_prob,total_accepted,expected_target_satisfaction_ratio,expected_reliability,expected_reliability_loss
Alabama,0.9,4,DMDCA,"0.5,0.5",0p5_0p5,6,0.0,1443,1.0,0.9328489850614006,1.3322676295501878e-15
Alabama,0.9,4,DMDCA,"0.5,0.5",0p5_0p5,6,0.01,1443,0.9748366754828854,0.9177933664470448,0.015055618614357114
Alabama,0.9,4,DMDCA,"0.5,0.5",0p5_0p5,6,0.03,1443,0.9260212204714591,0.8879170641902221,0.04493192087117981
Alabama,0.9,4,DMDCA,"0.5,0.5",0p5_0p5,6,0.05,1443,0.8791671383835757,0.8583675250318721,0.07448146002952982
Alabama,0.9,4,MDCA,nan,nan,6,0.0,1449,1.0,0.9324685848809174,2.4424906541753444e-15
Alabama,0.9,4,MDCA,nan,nan,6,0.01,1449,0.9750789863977948,0.9166172450590879,0.015851339821831956
Alabama,0.9,4,MDCA,nan,nan,6,0.03,1449,0.9267415617466147,0.8852617534860105,0.04720683139490933
Alabama,0.9,4,MDCA,nan,nan,6,0.05,1449,0.8803550949469462,0.8543770642349506,0.07809152064596925
