{
  "algo":"mdca",
  "region":"Arizona",
  "time_slots":120,
  "arrival_rate":35.0,
  "mean_service_time":9.0,
  "seed":2,
  "trace_seed":14875239469063640568,
  "algo_seed":12017847392608320075,
  "trace_hash":"2c4b4f22d1767ee7b90f9cfd55ea3ed66642fabe45c7499b776c2d095049ee62",
  "arrivals_per_slot":[
    26,
    40,
    29,
    35,
    30,
    41,
    27,
    36,
    39,
    31,
    30,
    35,
    37,
    19,
    47,
    39,
    35,
    39,
    48,
    23,
    34,
    39,
    46,
    32,
    33,
    36,
    29,
    33,
    36,
    39,
    37,
    33,
    27,
    42,
    31,
    30,
    22,
    31,
    31,
    38,
    37,
    35,
    33,
    21,
    42,
    42,
    36,
    29,
    44,
    39,
    29,
    39,
    31,
    32,
    26,
    40,
    30,
    30,
    30,
    32,
    36,
    40,
    34,
    36,
    29,
    43,
    36,
    33,
    28,
    30,
    33,
    33,
    38,
    28,
    37,
    27,
    29,
    44,
    43,
    27,
    26,
    32,
    43,
    27,
    26,
    34,
    35,
    28,
    31,
    35,
    39,
    33,
    22,
    32,
    38,
    39,
    36,
    37,
    38,
    42,
    29,
    45,
    40,
    40,
    41,
    27,
    49,
    33,
    40,
    33,
    37,
    28,
    31,
    45,
    38,
    32,
    33,
    23,
    34,
    34
  ],
  "diversity":false,
  "p_split":null,
  "split_reliability_mode":null,
  "mechanism":null,
  "fixed_sfc_len":null,
  "fixed_reliability":null,
  "max_backup_level":2,
  "explicit_split_replicas":false,
  "split_enforce_distinct":false,
  "strict_split_resource_ablation":false,
  "split_replica_resource_scale":1.0,
  "cap_base_min":500,
  "cap_base_max":700,
  "cap_scale":0.2,
  "total_arrivals":4111,
  "total_accepted":4061,
  "total_rejected":50,
  "acceptance_ratio":0.9878375091,
  "avg_cost_per_arrival":41.2904782111,
  "total_cost":169745.1559259308,
  "total_cost_resource":126523.1559259309,
  "avg_cost_per_accepted":41.7988564211,
  "final_utilization":0.8958764009,
  "avg_utilization_over_time":0.8130104914,
  "avg_leftover_capacity_sum_over_time":70770.8916666667,
  "final_leftover_capacity_sum":39408.2,
  "final_leftover_capacity_min":0.0,
  "final_leftover_capacity_max":1653.6,
  "final_leftover_capacity_avg":125.5038216561,
  "avg_e2e_delay_accepted":0.0646634855,
  "p95_e2e_delay_accepted":0.1283461056,
  "avg_access_delay_accepted":0.0081252623,
  "avg_processing_delay_accepted":0.0475790813,
  "avg_network_delay_accepted":0.008959142,
  "avg_split_proc_overhead_accepted":0.0,
  "avg_split_net_overhead_accepted":0.0,
  "total_transmitted_bits_accepted":5503379862.2972459793,
  "avg_transmitted_bits_per_accepted":1355178.493547709,
  "total_split_transmitted_bits_accepted":0.0,
  "avg_split_transmitted_bits_per_accepted":0.0,
  "avg_split_overhead_ratio_accepted":0.0,
  "p95_split_overhead_ratio_accepted":0.0,
  "rga_accepted_total":4111,
  "rga_rejected_total":0,
  "rga_rejection_ratio":0.0,
  "mdca_rejected_total":50,
  "mdca_capacity_rejected_total":11,
  "mdca_reliability_rejected_total":0,
  "mdca_qos_rejected_total":39,
  "mdca_rejection_ratio":0.0121624909,
  "capacity_rejection_ratio":0.002675748,
  "reliability_rejection_ratio":0.0,
  "qos_rejected_total":39,
  "qos_rejection_ratio":0.0094867429
}