{
  "algo":"random",
  "region":"Arizona",
  "time_slots":120,
  "arrival_rate":50.0,
  "mean_service_time":9.0,
  "seed":2,
  "trace_seed":992696429219523370,
  "algo_seed":8689418211928376907,
  "trace_hash":"afb0e9d09cfe10df8fdd325f4c4a7e91f5108d10f8bc9e0049db95fb14d98b31",
  "arrivals_per_slot":[
    49,
    49,
    56,
    76,
    39,
    41,
    55,
    64,
    56,
    48,
    48,
    55,
    56,
    59,
    50,
    46,
    48,
    48,
    55,
    56,
    46,
    47,
    51,
    49,
    48,
    54,
    54,
    47,
    41,
    34,
    49,
    50,
    46,
    40,
    50,
    47,
    42,
    49,
    49,
    38,
    61,
    33,
    47,
    53,
    58,
    51,
    46,
    45,
    51,
    54,
    35,
    48,
    55,
    35,
    41,
    48,
    51,
    58,
    67,
    64,
    46,
    48,
    48,
    47,
    49,
    49,
    69,
    53,
    46,
    45,
    46,
    58,
    53,
    43,
    39,
    53,
    56,
    47,
    60,
    47,
    51,
    47,
    57,
    38,
    56,
    54,
    53,
    46,
    58,
    59,
    48,
    43,
    43,
    51,
    64,
    54,
    48,
    40,
    51,
    56,
    47,
    48,
    69,
    52,
    51,
    42,
    63,
    38,
    45,
    46,
    55,
    43,
    51,
    40,
    43,
    49,
    49,
    42,
    52,
    42
  ],
  "diversity":false,
  "p_split":null,
  "split_reliability_mode":null,
  "mechanism":null,
  "fixed_sfc_len":null,
  "fixed_reliability":null,
  "max_backup_level":2,
  "explicit_split_replicas":false,
  "split_enforce_distinct":false,
  "strict_split_resource_ablation":false,
  "split_replica_resource_scale":1.0,
  "cap_base_min":500,
  "cap_base_max":700,
  "cap_scale":0.2,
  "total_arrivals":5972,
  "total_accepted":3769,
  "total_rejected":2203,
  "acceptance_ratio":0.6311118553,
  "avg_cost_per_arrival":32.5096590395,
  "total_cost":194147.6837839772,
  "total_cost_resource":146212.6837839771,
  "avg_cost_per_accepted":51.5117229461,
  "final_utilization":0.9465071604,
  "avg_utilization_over_time":0.9279370281,
  "avg_leftover_capacity_sum_over_time":27024.1333333333,
  "final_leftover_capacity_sum":20060.2,
  "final_leftover_capacity_min":0.0,
  "final_leftover_capacity_max":297.6,
  "final_leftover_capacity_avg":63.8859872611,
  "avg_e2e_delay_accepted":0.064078857,
  "p95_e2e_delay_accepted":0.1284958158,
  "avg_access_delay_accepted":0.0080426587,
  "avg_processing_delay_accepted":0.0474569643,
  "avg_network_delay_accepted":0.008579234,
  "avg_split_proc_overhead_accepted":0.0,
  "avg_split_net_overhead_accepted":0.0,
  "total_transmitted_bits_accepted":5107649910.7249488831,
  "avg_transmitted_bits_per_accepted":1355173.7624635047,
  "total_split_transmitted_bits_accepted":0.0,
  "avg_split_transmitted_bits_per_accepted":0.0,
  "avg_split_overhead_ratio_accepted":0.0,
  "p95_split_overhead_ratio_accepted":0.0,
  "rga_accepted_total":5972,
  "rga_rejected_total":0,
  "rga_rejection_ratio":0.0,
  "mdca_rejected_total":2203,
  "mdca_capacity_rejected_total":2161,
  "mdca_reliability_rejected_total":0,
  "mdca_qos_rejected_total":42,
  "mdca_rejection_ratio":0.3688881447,
  "capacity_rejection_ratio":0.3618553248,
  "reliability_rejection_ratio":0.0,
  "qos_rejected_total":42,
  "qos_rejection_ratio":0.0070328198
}