{
  "algo":"mdca",
  "region":"Alabama",
  "time_slots":120,
  "arrival_rate":12.0,
  "mean_service_time":9.0,
  "seed":2,
  "trace_seed":254963121374926160,
  "algo_seed":1988428424119012433,
  "trace_hash":"a81210f009080586fdec317b9298c0913cee05c8352565425fce3450d3d69610",
  "arrivals_per_slot":[
    11,
    15,
    11,
    7,
    14,
    9,
    19,
    12,
    19,
    6,
    17,
    10,
    10,
    12,
    10,
    16,
    11,
    8,
    23,
    11,
    12,
    9,
    10,
    12,
    12,
    7,
    12,
    19,
    9,
    21,
    13,
    12,
    15,
    11,
    11,
    10,
    12,
    7,
    16,
    12,
    15,
    6,
    7,
    5,
    18,
    11,
    7,
    11,
    16,
    13,
    9,
    11,
    17,
    8,
    12,
    9,
    14,
    9,
    7,
    16,
    15,
    12,
    8,
    15,
    11,
    10,
    11,
    14,
    10,
    6,
    16,
    12,
    10,
    15,
    16,
    7,
    12,
    12,
    6,
    21,
    15,
    11,
    10,
    12,
    8,
    12,
    10,
    10,
    8,
    13,
    14,
    5,
    7,
    9,
    13,
    15,
    10,
    11,
    15,
    12,
    10,
    14,
    9,
    14,
    17,
    11,
    13,
    20,
    9,
    18,
    10,
    10,
    10,
    8,
    13,
    14,
    13,
    18,
    8,
    9
  ],
  "diversity":true,
  "p_split":0.3,
  "split_reliability_mode":"identical_active_pool",
  "split_recovery_coverage":1.0,
  "split_workload_shares":"0.5,0.5",
  "mechanism":null,
  "fixed_sfc_len":null,
  "fixed_reliability":0.95,
  "max_backup_level":2,
  "explicit_split_replicas":true,
  "split_enforce_distinct":false,
  "strict_split_resource_ablation":false,
  "split_replica_resource_scale":1.0,
  "backhaul_knn_k":4,
  "backhaul_use_device_bw":true,
  "backhaul_bw_scale":0.5,
  "fiber_speed_mps":200000000.0,
  "switch_delay_s":0.0002,
  "region_cloudlet_count":137,
  "cap_base_min":500,
  "cap_base_max":700,
  "cap_scale":0.2,
  "total_arrivals":1421,
  "total_accepted":1403,
  "total_rejected":18,
  "acceptance_ratio":0.9873328642,
  "avg_cost_per_arrival":32.3051901555,
  "total_cost":45905.6752108987,
  "total_cost_resource":30950.6752108986,
  "avg_cost_per_accepted":32.7196544625,
  "final_utilization":0.5713401893,
  "avg_utilization_over_time":0.5803773037,
  "avg_leftover_capacity_sum_over_time":73071.25,
  "final_leftover_capacity_sum":74644.9333333333,
  "final_leftover_capacity_min":0.4,
  "final_leftover_capacity_max":2160.0,
  "final_leftover_capacity_avg":544.8535279805,
  "avg_e2e_delay_accepted":0.0675830873,
  "p95_e2e_delay_accepted":0.1322189666,
  "avg_access_delay_accepted":0.0080308622,
  "avg_processing_delay_accepted":0.0443343185,
  "avg_network_delay_accepted":0.0117245604,
  "avg_split_proc_overhead_accepted":5.458876797e-19,
  "avg_split_net_overhead_accepted":0.0,
  "total_transmitted_bits_accepted":2384333282.2517652512,
  "avg_transmitted_bits_per_accepted":1699453.5155037527,
  "total_split_transmitted_bits_accepted":529917436.604731679,
  "avg_split_transmitted_bits_per_accepted":377703.0909513412,
  "avg_split_overhead_ratio_accepted":6.837446672e-18,
  "p95_split_overhead_ratio_accepted":4.364975438e-17,
  "rga_accepted_total":1421,
  "rga_rejected_total":0,
  "rga_rejection_ratio":0.0,
  "mdca_rejected_total":18,
  "mdca_capacity_rejected_total":0,
  "mdca_reliability_rejected_total":0,
  "mdca_qos_rejected_total":18,
  "mdca_rejection_ratio":0.0126671358,
  "capacity_rejection_ratio":0.0,
  "reliability_rejection_ratio":0.0,
  "qos_rejected_total":18,
  "qos_rejection_ratio":0.0126671358,
  "placement_trace_path":"D:\\Study\\Code_1\\paper_data\\workload_sharing_sensitivity\\Alabama\\R0p950\\DMDCA_share0p5_0p5\\seed2\\placement_trace_Alabama_mdca_seed2.json"
}