{
  "algo":"dtsp",
  "region":"Alabama",
  "time_slots":120,
  "arrival_rate":12.0,
  "mean_service_time":9.0,
  "seed":4,
  "trace_seed":8070667766854699245,
  "algo_seed":10631498835370800008,
  "trace_hash":"dc5da0e2cdbeead70a9536b5539b7629fbc273ca8dacf09dda4decf0792db2ac",
  "arrivals_per_slot":[
    14,
    12,
    19,
    10,
    9,
    16,
    11,
    12,
    17,
    14,
    16,
    13,
    7,
    13,
    14,
    9,
    8,
    13,
    15,
    15,
    15,
    12,
    10,
    9,
    18,
    10,
    18,
    16,
    9,
    11,
    12,
    14,
    13,
    3,
    9,
    8,
    16,
    5,
    10,
    8,
    15,
    11,
    8,
    9,
    14,
    10,
    11,
    18,
    13,
    16,
    14,
    12,
    16,
    6,
    8,
    10,
    13,
    14,
    8,
    10,
    8,
    9,
    11,
    12,
    10,
    15,
    8,
    14,
    17,
    14,
    12,
    8,
    11,
    10,
    11,
    6,
    15,
    9,
    15,
    14,
    12,
    9,
    11,
    10,
    18,
    12,
    11,
    8,
    15,
    15,
    14,
    16,
    14,
    12,
    14,
    15,
    9,
    9,
    9,
    15,
    9,
    10,
    13,
    14,
    6,
    7,
    13,
    9,
    8,
    11,
    14,
    15,
    14,
    9,
    6,
    11,
    10,
    16,
    13,
    12
  ],
  "diversity":false,
  "p_split":null,
  "split_reliability_mode":null,
  "mechanism":null,
  "fixed_sfc_len":null,
  "fixed_reliability":0.992,
  "max_backup_level":2,
  "explicit_split_replicas":false,
  "split_enforce_distinct":false,
  "strict_split_resource_ablation":false,
  "split_replica_resource_scale":1.0,
  "cap_base_min":500,
  "cap_base_max":700,
  "cap_scale":0.2,
  "total_arrivals":1416,
  "total_accepted":1286,
  "total_rejected":130,
  "acceptance_ratio":0.9081920904,
  "avg_cost_per_arrival":58.0421526799,
  "total_cost":82187.6881947965,
  "total_cost_resource":63022.6881947965,
  "avg_cost_per_accepted":63.9095553614,
  "final_utilization":0.8892118612,
  "avg_utilization_over_time":0.8841256668,
  "avg_leftover_capacity_sum_over_time":20266.7916666667,
  "final_leftover_capacity_sum":19377.2,
  "final_leftover_capacity_min":0.0,
  "final_leftover_capacity_max":1648.4,
  "final_leftover_capacity_avg":141.4394160584,
  "avg_e2e_delay_accepted":0.0636698205,
  "p95_e2e_delay_accepted":0.1254290566,
  "avg_access_delay_accepted":0.008073007,
  "avg_processing_delay_accepted":0.0476322725,
  "avg_network_delay_accepted":0.007964541,
  "avg_split_proc_overhead_accepted":0.0,
  "avg_split_net_overhead_accepted":0.0,
  "total_transmitted_bits_accepted":1924501350.9023454189,
  "avg_transmitted_bits_per_accepted":1496501.8280733635,
  "total_split_transmitted_bits_accepted":0.0,
  "avg_split_transmitted_bits_per_accepted":0.0,
  "avg_split_overhead_ratio_accepted":0.0,
  "p95_split_overhead_ratio_accepted":0.0,
  "rga_accepted_total":1416,
  "rga_rejected_total":0,
  "rga_rejection_ratio":0.0,
  "mdca_rejected_total":130,
  "mdca_capacity_rejected_total":117,
  "mdca_reliability_rejected_total":0,
  "mdca_qos_rejected_total":13,
  "mdca_rejection_ratio":0.0918079096,
  "capacity_rejection_ratio":0.0826271186,
  "reliability_rejection_ratio":0.0,
  "qos_rejected_total":13,
  "qos_rejection_ratio":0.009180791
}