region,fixed_reliability,seed,method,share,share_tag,domain_count,domain_failure_prob,total_accepted,expected_target_satisfaction_ratio,expected_reliability,expected_reliability_loss
Alabama,0.996,1,DMDCA,"0.5,0.5",0p5_0p5,6,0.0,1408,1.0,0.9978519162410883,1.1102230246251565e-15
Alabama,0.996,1,DMDCA,"0.5,0.5",0p5_0p5,6,0.01,1408,0.9651836023043203,0.9908372184670436,0.007014697774045731
Alabama,0.996,1,DMDCA,"0.5,0.5",0p5_0p5,6,0.03,1408,0.8986211515693937,0.9762295154423088,0.021622400798780528
Alabama,0.996,1,DMDCA,"0.5,0.5",0p5_0p5,6,0.05,1408,0.8359860369651095,0.9608721803981037,0.03697973584298564
Alabama,0.996,1,MDCA,nan,nan,6,0.0,1374,1.0,0.997872376368451,1.3322676295501878e-15
Alabama,0.996,1,MDCA,nan,nan,6,0.01,1374,0.9658438789610443,0.989924294132975,0.007948082235477383
Alabama,0.996,1,MDCA,nan,nan,6,0.03,1374,0.9005124106165546,0.9734996462640823,0.024372730104370133
Alabama,0.996,1,MDCA,nan,nan,6,0.05,1374,0.8389951891602985,0.9563947105046251,0.041477665863827284
