{
  "algo":"dtsp",
  "region":"Alabama",
  "time_slots":120,
  "arrival_rate":25.0,
  "mean_service_time":9.0,
  "seed":2,
  "trace_seed":10274324414007084793,
  "algo_seed":13203952052646951863,
  "trace_hash":"755674f57e844625b8995fbf3f524f1b93d6393cb527ac93dc7766fd8827ad74",
  "arrivals_per_slot":[
    17,
    26,
    21,
    27,
    33,
    20,
    32,
    35,
    23,
    29,
    32,
    30,
    26,
    26,
    21,
    25,
    21,
    28,
    25,
    32,
    29,
    22,
    25,
    26,
    19,
    25,
    21,
    35,
    26,
    25,
    34,
    25,
    21,
    22,
    27,
    25,
    29,
    24,
    27,
    22,
    20,
    24,
    21,
    25,
    27,
    30,
    17,
    22,
    28,
    29,
    29,
    25,
    18,
    39,
    31,
    29,
    25,
    33,
    30,
    21,
    32,
    34,
    28,
    25,
    21,
    24,
    21,
    26,
    24,
    28,
    31,
    30,
    26,
    24,
    23,
    24,
    27,
    19,
    21,
    24,
    25,
    23,
    27,
    18,
    22,
    27,
    27,
    27,
    30,
    23,
    25,
    23,
    24,
    25,
    30,
    43,
    30,
    36,
    25,
    24,
    24,
    22,
    29,
    22,
    22,
    21,
    26,
    24,
    19,
    28,
    26,
    27,
    25,
    28,
    29,
    29,
    27,
    30,
    21,
    22
  ],
  "diversity":false,
  "p_split":null,
  "split_reliability_mode":null,
  "mechanism":null,
  "fixed_sfc_len":null,
  "fixed_reliability":null,
  "max_backup_level":2,
  "explicit_split_replicas":false,
  "split_enforce_distinct":false,
  "strict_split_resource_ablation":false,
  "split_replica_resource_scale":1.0,
  "cap_base_min":500,
  "cap_base_max":700,
  "cap_scale":0.2,
  "total_arrivals":3108,
  "total_accepted":2138,
  "total_rejected":970,
  "acceptance_ratio":0.6879021879,
  "avg_cost_per_arrival":30.6449975564,
  "total_cost":95244.6524052077,
  "total_cost_resource":73275.6524052077,
  "avg_cost_per_accepted":44.5484810127,
  "final_utilization":0.9644267271,
  "avg_utilization_over_time":0.9381380359,
  "avg_leftover_capacity_sum_over_time":10735.55,
  "final_leftover_capacity_sum":6173.4,
  "final_leftover_capacity_min":0.0,
  "final_leftover_capacity_max":635.0,
  "final_leftover_capacity_avg":45.0613138686,
  "avg_e2e_delay_accepted":0.0634140252,
  "p95_e2e_delay_accepted":0.1261303337,
  "avg_access_delay_accepted":0.0080869655,
  "avg_processing_delay_accepted":0.0479011472,
  "avg_network_delay_accepted":0.0074259125,
  "avg_split_proc_overhead_accepted":0.0,
  "avg_split_net_overhead_accepted":0.0,
  "total_transmitted_bits_accepted":3044946202.4087305069,
  "avg_transmitted_bits_per_accepted":1424203.0881238217,
  "total_split_transmitted_bits_accepted":0.0,
  "avg_split_transmitted_bits_per_accepted":0.0,
  "avg_split_overhead_ratio_accepted":0.0,
  "p95_split_overhead_ratio_accepted":0.0,
  "rga_accepted_total":3108,
  "rga_rejected_total":0,
  "rga_rejection_ratio":0.0,
  "mdca_rejected_total":970,
  "mdca_capacity_rejected_total":948,
  "mdca_reliability_rejected_total":0,
  "mdca_qos_rejected_total":22,
  "mdca_rejection_ratio":0.3120978121,
  "capacity_rejection_ratio":0.305019305,
  "reliability_rejection_ratio":0.0,
  "qos_rejected_total":22,
  "qos_rejection_ratio":0.0070785071
}