{
  "algo":"mdca",
  "region":"Alabama",
  "time_slots":120,
  "arrival_rate":20.0,
  "mean_service_time":9.0,
  "seed":1,
  "trace_seed":13684459855362265872,
  "algo_seed":1274429512653363058,
  "trace_hash":"bfad5e7246ee951d74c96362b597e1cd0e9b31a7a2ef18bfb29e09bf8d9c373f",
  "arrivals_per_slot":[
    19,
    21,
    15,
    14,
    19,
    21,
    13,
    18,
    20,
    17,
    13,
    28,
    26,
    27,
    22,
    17,
    15,
    19,
    15,
    16,
    16,
    15,
    18,
    27,
    33,
    20,
    15,
    15,
    23,
    19,
    15,
    20,
    24,
    18,
    25,
    23,
    20,
    25,
    20,
    15,
    25,
    9,
    21,
    21,
    20,
    20,
    28,
    28,
    14,
    18,
    24,
    24,
    25,
    20,
    16,
    18,
    15,
    15,
    26,
    22,
    26,
    22,
    14,
    26,
    14,
    16,
    16,
    16,
    19,
    21,
    27,
    14,
    22,
    23,
    18,
    21,
    24,
    21,
    17,
    20,
    19,
    20,
    25,
    20,
    15,
    18,
    17,
    14,
    23,
    19,
    24,
    17,
    18,
    20,
    17,
    20,
    13,
    21,
    23,
    24,
    22,
    23,
    17,
    19,
    17,
    26,
    23,
    27,
    18,
    28,
    16,
    16,
    16,
    24,
    25,
    16,
    18,
    19,
    25,
    24
  ],
  "diversity":true,
  "p_split":0.3,
  "split_reliability_mode":"identical_active_pool",
  "split_recovery_coverage":1.0,
  "split_workload_shares":"0.5,0.5",
  "mechanism":null,
  "fixed_sfc_len":1,
  "fixed_reliability":null,
  "max_backup_level":2,
  "explicit_split_replicas":true,
  "split_enforce_distinct":false,
  "strict_split_resource_ablation":false,
  "split_replica_resource_scale":1.0,
  "cap_base_min":500,
  "cap_base_max":700,
  "cap_scale":0.2,
  "total_arrivals":2393,
  "total_accepted":2393,
  "total_rejected":0,
  "acceptance_ratio":1.0,
  "avg_cost_per_arrival":8.6458934333,
  "total_cost":20689.6229858651,
  "total_cost_resource":13532.6229858651,
  "avg_cost_per_accepted":8.6458934333,
  "final_utilization":0.3267271061,
  "avg_utilization_over_time":0.301174353,
  "avg_leftover_capacity_sum_over_time":121466.9388888889,
  "final_leftover_capacity_sum":117025.4666666667,
  "final_leftover_capacity_min":0.4666666667,
  "final_leftover_capacity_max":2384.0,
  "final_leftover_capacity_avg":854.200486618,
  "avg_e2e_delay_accepted":0.0249218232,
  "p95_e2e_delay_accepted":0.0527907476,
  "avg_access_delay_accepted":0.0080681261,
  "avg_processing_delay_accepted":0.0150455195,
  "avg_network_delay_accepted":0.0011807573,
  "avg_split_proc_overhead_accepted":1.139930074e-19,
  "avg_split_net_overhead_accepted":0.0,
  "total_transmitted_bits_accepted":275899928.3377263546,
  "avg_transmitted_bits_per_accepted":115294.5793304331,
  "total_split_transmitted_bits_accepted":275899928.3377263546,
  "avg_split_transmitted_bits_per_accepted":115294.5793304331,
  "avg_split_overhead_ratio_accepted":2.941147917e-18,
  "p95_split_overhead_ratio_accepted":0.0,
  "rga_accepted_total":2393,
  "rga_rejected_total":0,
  "rga_rejection_ratio":0.0,
  "mdca_rejected_total":0,
  "mdca_capacity_rejected_total":0,
  "mdca_reliability_rejected_total":0,
  "mdca_qos_rejected_total":0,
  "mdca_rejection_ratio":0.0,
  "capacity_rejection_ratio":0.0,
  "reliability_rejection_ratio":0.0,
  "qos_rejected_total":0,
  "qos_rejection_ratio":0.0,
  "placement_trace_path":"D:\\Study\\Code_1\\paper_data\\large_scale_lb_reference\\split_enabled\\length\\Alabama\\fixed_sfc_len_1\\DMDCA\\seed1\\placement_trace_Alabama_mdca_seed1.json"
}