{
  "algo":"random",
  "region":"Alabama",
  "time_slots":120,
  "arrival_rate":10.0,
  "mean_service_time":9.0,
  "seed":4,
  "trace_seed":16257403869803505066,
  "algo_seed":11812869563047589514,
  "trace_hash":"9acacb84fa12dab5580a1e45c4010721d31d3f585b65200418e5cae29e6bb094",
  "arrivals_per_slot":[
    17,
    6,
    10,
    4,
    10,
    11,
    8,
    10,
    7,
    9,
    6,
    10,
    15,
    12,
    15,
    9,
    9,
    10,
    12,
    7,
    11,
    9,
    11,
    7,
    10,
    7,
    12,
    8,
    7,
    14,
    13,
    4,
    8,
    5,
    10,
    14,
    7,
    9,
    11,
    6,
    10,
    12,
    9,
    11,
    4,
    14,
    9,
    11,
    8,
    7,
    10,
    6,
    6,
    15,
    4,
    13,
    9,
    8,
    7,
    11,
    8,
    7,
    12,
    12,
    6,
    7,
    14,
    15,
    13,
    12,
    13,
    14,
    10,
    11,
    11,
    5,
    11,
    9,
    13,
    7,
    14,
    10,
    10,
    6,
    8,
    8,
    9,
    11,
    8,
    11,
    9,
    12,
    12,
    11,
    14,
    6,
    7,
    12,
    10,
    13,
    10,
    7,
    10,
    12,
    8,
    6,
    16,
    15,
    11,
    8,
    10,
    9,
    16,
    3,
    16,
    15,
    11,
    12,
    9,
    15
  ],
  "diversity":false,
  "p_split":null,
  "split_reliability_mode":null,
  "mechanism":null,
  "fixed_sfc_len":null,
  "fixed_reliability":null,
  "max_backup_level":2,
  "explicit_split_replicas":false,
  "split_enforce_distinct":false,
  "strict_split_resource_ablation":false,
  "split_replica_resource_scale":1.0,
  "cap_base_min":500,
  "cap_base_max":700,
  "cap_scale":0.2,
  "total_arrivals":1194,
  "total_accepted":1171,
  "total_rejected":23,
  "acceptance_ratio":0.9807370184,
  "avg_cost_per_arrival":58.8591290036,
  "total_cost":70277.8000303341,
  "total_cost_resource":54229.8000303341,
  "avg_cost_per_accepted":60.0152007091,
  "final_utilization":0.933562481,
  "avg_utilization_over_time":0.6722798279,
  "avg_leftover_capacity_sum_over_time":57111.4666666667,
  "final_leftover_capacity_sum":11578.0,
  "final_leftover_capacity_min":2.6,
  "final_leftover_capacity_max":295.6,
  "final_leftover_capacity_avg":84.5109489051,
  "avg_e2e_delay_accepted":0.0641461833,
  "p95_e2e_delay_accepted":0.1258930923,
  "avg_access_delay_accepted":0.0080131198,
  "avg_processing_delay_accepted":0.0481422975,
  "avg_network_delay_accepted":0.007990766,
  "avg_split_proc_overhead_accepted":0.0,
  "avg_split_net_overhead_accepted":0.0,
  "total_transmitted_bits_accepted":1737875314.1476140022,
  "avg_transmitted_bits_per_accepted":1484095.0590500548,
  "total_split_transmitted_bits_accepted":0.0,
  "avg_split_transmitted_bits_per_accepted":0.0,
  "avg_split_overhead_ratio_accepted":0.0,
  "p95_split_overhead_ratio_accepted":0.0,
  "rga_accepted_total":1194,
  "rga_rejected_total":0,
  "rga_rejection_ratio":0.0,
  "mdca_rejected_total":23,
  "mdca_capacity_rejected_total":6,
  "mdca_reliability_rejected_total":0,
  "mdca_qos_rejected_total":17,
  "mdca_rejection_ratio":0.0192629816,
  "capacity_rejection_ratio":0.0050251256,
  "reliability_rejection_ratio":0.0,
  "qos_rejected_total":17,
  "qos_rejection_ratio":0.0142378559
}