{
  "algo":"dtsp",
  "region":"Alabama",
  "time_slots":120,
  "arrival_rate":35.0,
  "mean_service_time":9.0,
  "seed":2,
  "trace_seed":1031201585465071651,
  "algo_seed":13203952052646951863,
  "trace_hash":"0c16f09da623970276f90d324c58f7138316c28a4a21d3b85d3f3eb41eb1151c",
  "arrivals_per_slot":[
    30,
    32,
    28,
    39,
    48,
    38,
    42,
    41,
    26,
    31,
    41,
    41,
    26,
    40,
    31,
    29,
    40,
    40,
    38,
    27,
    24,
    31,
    39,
    46,
    22,
    35,
    34,
    34,
    34,
    30,
    33,
    33,
    44,
    42,
    29,
    29,
    28,
    40,
    37,
    39,
    28,
    31,
    34,
    30,
    36,
    32,
    36,
    35,
    38,
    31,
    39,
    32,
    36,
    34,
    35,
    37,
    41,
    33,
    32,
    25,
    31,
    37,
    39,
    33,
    41,
    44,
    52,
    42,
    42,
    35,
    34,
    34,
    39,
    41,
    36,
    31,
    30,
    40,
    48,
    41,
    26,
    39,
    26,
    34,
    37,
    28,
    40,
    33,
    35,
    31,
    43,
    30,
    40,
    46,
    34,
    29,
    29,
    38,
    38,
    35,
    35,
    42,
    36,
    30,
    25,
    39,
    37,
    30,
    26,
    34,
    52,
    26,
    44,
    36,
    46,
    40,
    33,
    31,
    43,
    26
  ],
  "diversity":false,
  "p_split":null,
  "split_reliability_mode":null,
  "mechanism":null,
  "fixed_sfc_len":null,
  "fixed_reliability":null,
  "max_backup_level":2,
  "explicit_split_replicas":false,
  "split_enforce_distinct":false,
  "strict_split_resource_ablation":false,
  "split_replica_resource_scale":1.0,
  "cap_base_min":500,
  "cap_base_max":700,
  "cap_scale":0.2,
  "total_arrivals":4238,
  "total_accepted":2316,
  "total_rejected":1922,
  "acceptance_ratio":0.5464841907,
  "avg_cost_per_arrival":22.7131858471,
  "total_cost":96258.4816199098,
  "total_cost_resource":73607.4816199098,
  "avg_cost_per_accepted":41.5623841191,
  "final_utilization":0.968862252,
  "avg_utilization_over_time":0.9544985472,
  "avg_leftover_capacity_sum_over_time":7909.4083333333,
  "final_leftover_capacity_sum":5412.6,
  "final_leftover_capacity_min":0.0,
  "final_leftover_capacity_max":155.8,
  "final_leftover_capacity_avg":39.5080291971,
  "avg_e2e_delay_accepted":0.062659761,
  "p95_e2e_delay_accepted":0.124994695,
  "avg_access_delay_accepted":0.0080589759,
  "avg_processing_delay_accepted":0.0472621178,
  "avg_network_delay_accepted":0.0073386673,
  "avg_split_proc_overhead_accepted":0.0,
  "avg_split_net_overhead_accepted":0.0,
  "total_transmitted_bits_accepted":3136838110.3013105392,
  "avg_transmitted_bits_per_accepted":1354420.600302811,
  "total_split_transmitted_bits_accepted":0.0,
  "avg_split_transmitted_bits_per_accepted":0.0,
  "avg_split_overhead_ratio_accepted":0.0,
  "p95_split_overhead_ratio_accepted":0.0,
  "rga_accepted_total":4238,
  "rga_rejected_total":0,
  "rga_rejection_ratio":0.0,
  "mdca_rejected_total":1922,
  "mdca_capacity_rejected_total":1908,
  "mdca_reliability_rejected_total":0,
  "mdca_qos_rejected_total":14,
  "mdca_rejection_ratio":0.4535158093,
  "capacity_rejection_ratio":0.4502123643,
  "reliability_rejection_ratio":0.0,
  "qos_rejected_total":14,
  "qos_rejection_ratio":0.003303445
}