{
  "algo":"random",
  "region":"Alabama",
  "time_slots":120,
  "arrival_rate":12.0,
  "mean_service_time":9.0,
  "seed":5,
  "trace_seed":10695890487994639630,
  "algo_seed":12524923256282916737,
  "trace_hash":"ae955263070597256c521b8f1a9807e558f1fb0f32b03d40c8185c29c8f9532b",
  "arrivals_per_slot":[
    17,
    9,
    9,
    6,
    6,
    15,
    13,
    8,
    18,
    10,
    15,
    10,
    10,
    18,
    11,
    15,
    9,
    14,
    13,
    10,
    8,
    17,
    11,
    10,
    9,
    13,
    11,
    14,
    11,
    14,
    14,
    12,
    11,
    14,
    17,
    13,
    12,
    12,
    12,
    14,
    8,
    12,
    13,
    14,
    6,
    13,
    11,
    10,
    11,
    12,
    6,
    22,
    15,
    15,
    7,
    11,
    15,
    10,
    16,
    7,
    21,
    10,
    14,
    11,
    10,
    9,
    8,
    12,
    15,
    8,
    11,
    10,
    16,
    16,
    16,
    7,
    7,
    11,
    11,
    11,
    10,
    12,
    12,
    14,
    11,
    14,
    17,
    8,
    14,
    14,
    15,
    15,
    20,
    9,
    13,
    12,
    7,
    12,
    11,
    8,
    12,
    11,
    14,
    14,
    15,
    8,
    9,
    15,
    12,
    10,
    12,
    10,
    13,
    10,
    13,
    13,
    9,
    7,
    18,
    16
  ],
  "diversity":false,
  "p_split":null,
  "split_reliability_mode":null,
  "mechanism":null,
  "fixed_sfc_len":null,
  "fixed_reliability":0.99,
  "max_backup_level":2,
  "explicit_split_replicas":false,
  "split_enforce_distinct":false,
  "strict_split_resource_ablation":false,
  "split_replica_resource_scale":1.0,
  "cap_base_min":500,
  "cap_base_max":700,
  "cap_scale":0.2,
  "total_arrivals":1442,
  "total_accepted":1266,
  "total_rejected":176,
  "acceptance_ratio":0.8779472954,
  "avg_cost_per_arrival":56.8119965851,
  "total_cost":81922.8990757152,
  "total_cost_resource":61964.8990757152,
  "avg_cost_per_accepted":64.7100308655,
  "final_utilization":0.9054251641,
  "avg_utilization_over_time":0.8481940841,
  "avg_leftover_capacity_sum_over_time":25893.8083333333,
  "final_leftover_capacity_sum":16131.8,
  "final_leftover_capacity_min":2.0,
  "final_leftover_capacity_max":904.0,
  "final_leftover_capacity_avg":117.7503649635,
  "avg_e2e_delay_accepted":0.0621672691,
  "p95_e2e_delay_accepted":0.1206945622,
  "avg_access_delay_accepted":0.0081128752,
  "avg_processing_delay_accepted":0.0463996712,
  "avg_network_delay_accepted":0.0076547227,
  "avg_split_proc_overhead_accepted":0.0,
  "avg_split_net_overhead_accepted":0.0,
  "total_transmitted_bits_accepted":1833778454.7693986893,
  "avg_transmitted_bits_per_accepted":1448482.1917609784,
  "total_split_transmitted_bits_accepted":0.0,
  "avg_split_transmitted_bits_per_accepted":0.0,
  "avg_split_overhead_ratio_accepted":0.0,
  "p95_split_overhead_ratio_accepted":0.0,
  "rga_accepted_total":1442,
  "rga_rejected_total":0,
  "rga_rejection_ratio":0.0,
  "mdca_rejected_total":176,
  "mdca_capacity_rejected_total":161,
  "mdca_reliability_rejected_total":0,
  "mdca_qos_rejected_total":15,
  "mdca_rejection_ratio":0.1220527046,
  "capacity_rejection_ratio":0.1116504854,
  "reliability_rejection_ratio":0.0,
  "qos_rejected_total":15,
  "qos_rejection_ratio":0.0104022191
}