{
  "algo":"mdca",
  "region":"Arizona",
  "time_slots":120,
  "arrival_rate":12.0,
  "mean_service_time":9.0,
  "seed":3,
  "trace_seed":17854909124254939115,
  "algo_seed":18087234375462464239,
  "trace_hash":"587899b4d280934c17c09f9bc231c42cb0504f1a65e0732dce4c27743d81ed7b",
  "arrivals_per_slot":[
    8,
    8,
    8,
    9,
    18,
    8,
    11,
    14,
    12,
    10,
    7,
    14,
    12,
    5,
    9,
    9,
    13,
    10,
    15,
    15,
    11,
    8,
    16,
    21,
    15,
    6,
    10,
    11,
    12,
    11,
    14,
    14,
    13,
    12,
    11,
    11,
    9,
    10,
    8,
    15,
    10,
    10,
    19,
    5,
    14,
    19,
    7,
    10,
    15,
    11,
    15,
    11,
    15,
    14,
    10,
    18,
    15,
    10,
    13,
    20,
    10,
    7,
    13,
    12,
    7,
    12,
    9,
    16,
    13,
    15,
    14,
    11,
    15,
    12,
    11,
    18,
    15,
    13,
    14,
    12,
    10,
    11,
    16,
    17,
    17,
    10,
    12,
    12,
    11,
    17,
    19,
    14,
    9,
    14,
    13,
    16,
    8,
    16,
    12,
    12,
    16,
    14,
    12,
    17,
    14,
    12,
    14,
    15,
    10,
    11,
    11,
    14,
    12,
    14,
    7,
    6,
    14,
    16,
    10,
    17
  ],
  "diversity":true,
  "p_split":0.3,
  "split_reliability_mode":"identical_active_pool",
  "mechanism":null,
  "fixed_sfc_len":null,
  "fixed_reliability":0.9,
  "max_backup_level":2,
  "explicit_split_replicas":true,
  "split_enforce_distinct":false,
  "strict_split_resource_ablation":false,
  "split_replica_resource_scale":1.0,
  "cap_base_min":500,
  "cap_base_max":700,
  "cap_scale":0.2,
  "total_arrivals":1485,
  "total_accepted":1470,
  "total_rejected":15,
  "acceptance_ratio":0.9898989899,
  "avg_cost_per_arrival":21.542811097,
  "total_cost":31991.0744790043,
  "total_cost_resource":18676.0744790043,
  "avg_cost_per_accepted":21.7626357,
  "final_utilization":0.2870438406,
  "avg_utilization_over_time":0.2260884983,
  "avg_leftover_capacity_sum_over_time":289855.2416666666,
  "final_leftover_capacity_sum":267025.4666666667,
  "final_leftover_capacity_min":0.1333333333,
  "final_leftover_capacity_max":2553.6,
  "final_leftover_capacity_avg":850.3995753715,
  "avg_e2e_delay_accepted":0.0676003354,
  "p95_e2e_delay_accepted":0.12753568,
  "avg_access_delay_accepted":0.0080822641,
  "avg_processing_delay_accepted":0.0438735846,
  "avg_network_delay_accepted":0.0128955596,
  "avg_split_proc_overhead_accepted":4.51382129e-19,
  "avg_split_net_overhead_accepted":0.0,
  "total_transmitted_bits_accepted":2385931132.3752508163,
  "avg_transmitted_bits_per_accepted":1623082.4029763611,
  "total_split_transmitted_bits_accepted":442547539.2166231871,
  "avg_split_transmitted_bits_per_accepted":301052.7477664103,
  "avg_split_overhead_ratio_accepted":5.034490221e-18,
  "p95_split_overhead_ratio_accepted":3.58600363e-17,
  "rga_accepted_total":1485,
  "rga_rejected_total":0,
  "rga_rejection_ratio":0.0,
  "mdca_rejected_total":15,
  "mdca_capacity_rejected_total":0,
  "mdca_reliability_rejected_total":0,
  "mdca_qos_rejected_total":15,
  "mdca_rejection_ratio":0.0101010101,
  "capacity_rejection_ratio":0.0,
  "reliability_rejection_ratio":0.0,
  "qos_rejected_total":15,
  "qos_rejection_ratio":0.0101010101
}