{
  "algo":"mdca",
  "region":"Arizona",
  "time_slots":120,
  "arrival_rate":20.0,
  "mean_service_time":9.0,
  "seed":2,
  "trace_seed":5832469114256066500,
  "algo_seed":4836232127056779440,
  "trace_hash":"409ca0d36b8f267d5b36551199fa0184b654f0d9f134661d2ef27c93dc5f7b36",
  "arrivals_per_slot":[
    19,
    28,
    18,
    17,
    22,
    24,
    27,
    18,
    24,
    12,
    24,
    25,
    13,
    30,
    18,
    22,
    21,
    34,
    23,
    22,
    22,
    22,
    19,
    22,
    16,
    15,
    17,
    27,
    17,
    18,
    25,
    19,
    20,
    20,
    18,
    19,
    14,
    21,
    18,
    15,
    25,
    14,
    17,
    22,
    23,
    25,
    19,
    19,
    29,
    16,
    25,
    23,
    21,
    22,
    18,
    26,
    28,
    31,
    23,
    27,
    25,
    26,
    14,
    19,
    13,
    21,
    21,
    16,
    22,
    28,
    21,
    19,
    13,
    22,
    16,
    17,
    21,
    20,
    19,
    19,
    15,
    18,
    18,
    17,
    22,
    20,
    13,
    18,
    23,
    16,
    23,
    23,
    21,
    15,
    19,
    25,
    22,
    16,
    21,
    25,
    22,
    23,
    26,
    18,
    18,
    21,
    18,
    17,
    20,
    16,
    22,
    21,
    18,
    28,
    28,
    19,
    15,
    21,
    23,
    21
  ],
  "diversity":true,
  "p_split":0.3,
  "split_reliability_mode":"identical_active_pool",
  "split_recovery_coverage":1.0,
  "split_workload_shares":"0.5,0.5",
  "mechanism":null,
  "fixed_sfc_len":1,
  "fixed_reliability":null,
  "max_backup_level":2,
  "explicit_split_replicas":true,
  "split_enforce_distinct":false,
  "strict_split_resource_ablation":false,
  "split_replica_resource_scale":1.0,
  "cap_base_min":500,
  "cap_base_max":700,
  "cap_scale":0.2,
  "total_arrivals":2475,
  "total_accepted":2475,
  "total_rejected":0,
  "acceptance_ratio":1.0,
  "avg_cost_per_arrival":6.9219559296,
  "total_cost":17131.8409258197,
  "total_cost_resource":9788.8409258197,
  "avg_cost_per_accepted":6.9219559296,
  "final_utilization":0.143448477,
  "avg_utilization_over_time":0.1323708497,
  "avg_leftover_capacity_sum_over_time":330031.2055555556,
  "final_leftover_capacity_sum":325817.4666666667,
  "final_leftover_capacity_min":2.0,
  "final_leftover_capacity_max":2500.4,
  "final_leftover_capacity_avg":1037.6352441614,
  "avg_e2e_delay_accepted":0.0257949247,
  "p95_e2e_delay_accepted":0.0561494301,
  "avg_access_delay_accepted":0.0080325737,
  "avg_processing_delay_accepted":0.0155683108,
  "avg_network_delay_accepted":0.0015174289,
  "avg_split_proc_overhead_accepted":1.265121565e-19,
  "avg_split_net_overhead_accepted":0.0,
  "total_transmitted_bits_accepted":295574310.9071509242,
  "avg_transmitted_bits_per_accepted":119423.9640028893,
  "total_split_transmitted_bits_accepted":295574310.9071509242,
  "avg_split_transmitted_bits_per_accepted":119423.9640028893,
  "avg_split_overhead_ratio_accepted":3.178421314e-18,
  "p95_split_overhead_ratio_accepted":0.0,
  "rga_accepted_total":2475,
  "rga_rejected_total":0,
  "rga_rejection_ratio":0.0,
  "mdca_rejected_total":0,
  "mdca_capacity_rejected_total":0,
  "mdca_reliability_rejected_total":0,
  "mdca_qos_rejected_total":0,
  "mdca_rejection_ratio":0.0,
  "capacity_rejection_ratio":0.0,
  "reliability_rejection_ratio":0.0,
  "qos_rejected_total":0,
  "qos_rejection_ratio":0.0,
  "placement_trace_path":"D:\\Study\\Code_1\\paper_data\\large_scale_lb_reference\\split_enabled\\length\\Arizona\\fixed_sfc_len_1\\DMDCA\\seed2\\placement_trace_Arizona_mdca_seed2.json"
}