{
  "algo":"random",
  "region":"Arizona",
  "time_slots":120,
  "arrival_rate":12.0,
  "mean_service_time":9.0,
  "seed":2,
  "trace_seed":3891617833120692526,
  "algo_seed":8689418211928376907,
  "trace_hash":"28017190abd16947f867fbcf57da02aec9e5a68ef5badc0837bf4211aef03ce0",
  "arrivals_per_slot":[
    11,
    9,
    12,
    7,
    18,
    11,
    11,
    16,
    6,
    10,
    12,
    19,
    17,
    11,
    7,
    15,
    13,
    17,
    7,
    7,
    10,
    12,
    4,
    12,
    14,
    7,
    7,
    11,
    7,
    9,
    10,
    11,
    20,
    8,
    12,
    15,
    9,
    15,
    13,
    11,
    16,
    12,
    12,
    10,
    12,
    15,
    12,
    16,
    16,
    19,
    12,
    18,
    9,
    8,
    13,
    14,
    12,
    12,
    6,
    12,
    13,
    5,
    12,
    14,
    8,
    9,
    7,
    9,
    15,
    7,
    12,
    13,
    11,
    19,
    9,
    12,
    14,
    11,
    15,
    17,
    10,
    13,
    15,
    21,
    14,
    14,
    15,
    17,
    10,
    13,
    17,
    6,
    16,
    15,
    11,
    18,
    15,
    11,
    17,
    14,
    11,
    10,
    9,
    16,
    14,
    18,
    16,
    11,
    11,
    2,
    10,
    10,
    11,
    3,
    8,
    8,
    14,
    16,
    10,
    14
  ],
  "diversity":false,
  "p_split":null,
  "split_reliability_mode":null,
  "mechanism":null,
  "fixed_sfc_len":null,
  "fixed_reliability":0.998,
  "max_backup_level":2,
  "explicit_split_replicas":false,
  "split_enforce_distinct":false,
  "strict_split_resource_ablation":false,
  "split_replica_resource_scale":1.0,
  "cap_base_min":500,
  "cap_base_max":700,
  "cap_scale":0.2,
  "total_arrivals":1445,
  "total_accepted":1371,
  "total_rejected":74,
  "acceptance_ratio":0.9487889273,
  "avg_cost_per_arrival":68.5228582914,
  "total_cost":99015.5302311346,
  "total_cost_resource":75814.5302311346,
  "avg_cost_per_accepted":72.2213933123,
  "final_utilization":0.4849363562,
  "avg_utilization_over_time":0.4540109794,
  "avg_leftover_capacity_sum_over_time":205008.0666666667,
  "final_leftover_capacity_sum":193396.2,
  "final_leftover_capacity_min":0.4,
  "final_leftover_capacity_max":1990.4,
  "final_leftover_capacity_avg":615.9114649682,
  "avg_e2e_delay_accepted":0.063712107,
  "p95_e2e_delay_accepted":0.1237669177,
  "avg_access_delay_accepted":0.0080945133,
  "avg_processing_delay_accepted":0.0465304616,
  "avg_network_delay_accepted":0.0090871321,
  "avg_split_proc_overhead_accepted":0.0,
  "avg_split_net_overhead_accepted":0.0,
  "total_transmitted_bits_accepted":1990258022.3910474777,
  "avg_transmitted_bits_per_accepted":1451683.459074433,
  "total_split_transmitted_bits_accepted":0.0,
  "avg_split_transmitted_bits_per_accepted":0.0,
  "avg_split_overhead_ratio_accepted":0.0,
  "p95_split_overhead_ratio_accepted":0.0,
  "rga_accepted_total":1385,
  "rga_rejected_total":60,
  "rga_rejection_ratio":0.0415224913,
  "mdca_rejected_total":14,
  "mdca_capacity_rejected_total":0,
  "mdca_reliability_rejected_total":0,
  "mdca_qos_rejected_total":14,
  "mdca_rejection_ratio":0.0096885813,
  "capacity_rejection_ratio":0.0,
  "reliability_rejection_ratio":0.0,
  "qos_rejected_total":14,
  "qos_rejection_ratio":0.0096885813
}