{
  "algo":"dtsp",
  "region":"Arizona",
  "time_slots":120,
  "arrival_rate":20.0,
  "mean_service_time":9.0,
  "seed":3,
  "trace_seed":5589002386809309175,
  "algo_seed":372199317212216405,
  "trace_hash":"df334feac661052b659488d0392a8eb269274e732ec81eb8afc920e07b15410e",
  "arrivals_per_slot":[
    21,
    14,
    19,
    19,
    19,
    23,
    24,
    16,
    20,
    21,
    25,
    24,
    17,
    22,
    13,
    20,
    17,
    20,
    13,
    23,
    11,
    19,
    19,
    18,
    10,
    22,
    19,
    16,
    23,
    13,
    21,
    18,
    19,
    11,
    19,
    13,
    18,
    15,
    20,
    24,
    16,
    20,
    17,
    23,
    25,
    14,
    20,
    20,
    21,
    18,
    21,
    14,
    17,
    21,
    24,
    25,
    23,
    21,
    19,
    21,
    17,
    23,
    20,
    20,
    13,
    23,
    30,
    19,
    27,
    24,
    19,
    21,
    16,
    23,
    21,
    25,
    15,
    21,
    17,
    17,
    16,
    13,
    29,
    16,
    16,
    23,
    16,
    18,
    19,
    23,
    17,
    23,
    21,
    13,
    15,
    22,
    21,
    17,
    19,
    23,
    24,
    22,
    16,
    17,
    15,
    28,
    24,
    22,
    15,
    16,
    15,
    15,
    24,
    19,
    23,
    30,
    14,
    19,
    19,
    15
  ],
  "diversity":false,
  "p_split":null,
  "split_reliability_mode":null,
  "mechanism":null,
  "fixed_sfc_len":4,
  "fixed_reliability":null,
  "max_backup_level":2,
  "explicit_split_replicas":false,
  "split_enforce_distinct":false,
  "strict_split_resource_ablation":false,
  "split_replica_resource_scale":1.0,
  "cap_base_min":500,
  "cap_base_max":700,
  "cap_scale":0.2,
  "total_arrivals":2321,
  "total_accepted":2290,
  "total_rejected":31,
  "acceptance_ratio":0.9866436881,
  "avg_cost_per_arrival":56.8067264922,
  "total_cost":131848.4121883728,
  "total_cost_resource":96653.4121883727,
  "avg_cost_per_accepted":57.5757258465,
  "final_utilization":0.6741642376,
  "avg_utilization_over_time":0.6848417531,
  "avg_leftover_capacity_sum_over_time":119496.2833333334,
  "final_leftover_capacity_sum":123544.8,
  "final_leftover_capacity_min":0.0,
  "final_leftover_capacity_max":1993.6,
  "final_leftover_capacity_avg":393.4547770701,
  "avg_e2e_delay_accepted":0.0868339376,
  "p95_e2e_delay_accepted":0.1381551393,
  "avg_access_delay_accepted":0.0080787385,
  "avg_processing_delay_accepted":0.0645479314,
  "avg_network_delay_accepted":0.0142072676,
  "avg_split_proc_overhead_accepted":0.0,
  "avg_split_net_overhead_accepted":0.0,
  "total_transmitted_bits_accepted":5169219929.3814296722,
  "avg_transmitted_bits_per_accepted":2257301.2792058643,
  "total_split_transmitted_bits_accepted":0.0,
  "avg_split_transmitted_bits_per_accepted":0.0,
  "avg_split_overhead_ratio_accepted":0.0,
  "p95_split_overhead_ratio_accepted":0.0,
  "rga_accepted_total":2321,
  "rga_rejected_total":0,
  "rga_rejection_ratio":0.0,
  "mdca_rejected_total":31,
  "mdca_capacity_rejected_total":0,
  "mdca_reliability_rejected_total":0,
  "mdca_qos_rejected_total":31,
  "mdca_rejection_ratio":0.0133563119,
  "capacity_rejection_ratio":0.0,
  "reliability_rejection_ratio":0.0,
  "qos_rejected_total":31,
  "qos_rejection_ratio":0.0133563119
}