{
  "algo":"hspa",
  "region":"Arizona",
  "time_slots":120,
  "arrival_rate":12.0,
  "mean_service_time":9.0,
  "seed":2,
  "trace_seed":997920405346061942,
  "algo_seed":3829126596154728036,
  "trace_hash":"0587b4fad1d433ae1c62763876b5b883095adc8966f22cb2b7e02cb253327e2e",
  "arrivals_per_slot":[
    17,
    15,
    16,
    10,
    13,
    15,
    11,
    13,
    13,
    8,
    11,
    10,
    13,
    9,
    9,
    12,
    12,
    15,
    10,
    9,
    9,
    8,
    15,
    19,
    6,
    12,
    11,
    14,
    11,
    9,
    16,
    9,
    12,
    15,
    15,
    13,
    12,
    10,
    11,
    13,
    15,
    7,
    9,
    9,
    15,
    14,
    7,
    11,
    12,
    16,
    17,
    12,
    8,
    15,
    14,
    11,
    15,
    11,
    17,
    8,
    12,
    10,
    15,
    19,
    6,
    11,
    7,
    14,
    17,
    14,
    11,
    15,
    6,
    11,
    7,
    15,
    15,
    12,
    17,
    11,
    10,
    10,
    13,
    15,
    20,
    8,
    15,
    12,
    10,
    9,
    6,
    14,
    16,
    10,
    15,
    7,
    12,
    16,
    17,
    9,
    11,
    3,
    13,
    13,
    16,
    11,
    8,
    12,
    12,
    10,
    10,
    16,
    19,
    14,
    7,
    13,
    17,
    9,
    16,
    12
  ],
  "diversity":false,
  "p_split":null,
  "split_reliability_mode":null,
  "mechanism":null,
  "fixed_sfc_len":null,
  "fixed_reliability":0.98,
  "max_backup_level":2,
  "explicit_split_replicas":false,
  "split_enforce_distinct":false,
  "strict_split_resource_ablation":false,
  "split_replica_resource_scale":1.0,
  "cap_base_min":500,
  "cap_base_max":700,
  "cap_scale":0.2,
  "total_arrivals":1455,
  "total_accepted":1441,
  "total_rejected":14,
  "acceptance_ratio":0.9903780069,
  "avg_cost_per_arrival":46.352253802,
  "total_cost":67442.529281969,
  "total_cost_resource":45660.529281969,
  "avg_cost_per_accepted":46.8025879819,
  "final_utilization":0.4233523824,
  "avg_utilization_over_time":0.4003293822,
  "avg_leftover_capacity_sum_over_time":226238.9333333333,
  "final_leftover_capacity_sum":217553.0,
  "final_leftover_capacity_min":0.4,
  "final_leftover_capacity_max":2641.0,
  "final_leftover_capacity_avg":692.8439490446,
  "avg_e2e_delay_accepted":0.064089237,
  "p95_e2e_delay_accepted":0.1267165754,
  "avg_access_delay_accepted":0.0080590566,
  "avg_processing_delay_accepted":0.0474769405,
  "avg_network_delay_accepted":0.0085532398,
  "avg_split_proc_overhead_accepted":0.0,
  "avg_split_net_overhead_accepted":0.0,
  "total_transmitted_bits_accepted":1889396329.6848168373,
  "avg_transmitted_bits_per_accepted":1311170.249607784,
  "total_split_transmitted_bits_accepted":0.0,
  "avg_split_transmitted_bits_per_accepted":0.0,
  "avg_split_overhead_ratio_accepted":0.0,
  "p95_split_overhead_ratio_accepted":0.0,
  "rga_accepted_total":1455,
  "rga_rejected_total":0,
  "rga_rejection_ratio":0.0,
  "mdca_rejected_total":14,
  "mdca_capacity_rejected_total":0,
  "mdca_reliability_rejected_total":0,
  "mdca_qos_rejected_total":14,
  "mdca_rejection_ratio":0.0096219931,
  "capacity_rejection_ratio":0.0,
  "reliability_rejection_ratio":0.0,
  "qos_rejected_total":14,
  "qos_rejection_ratio":0.0096219931
}