{
  "algo":"mdca",
  "region":"Alabama",
  "time_slots":120,
  "arrival_rate":12.0,
  "mean_service_time":9.0,
  "seed":5,
  "trace_seed":2639595956450010109,
  "algo_seed":17347754373514051730,
  "trace_hash":"f7b8531c5296c4425e1b2df922ec4bd071e2d1077aad600e2fa3efaba8a681ed",
  "arrivals_per_slot":[
    4,
    14,
    14,
    20,
    12,
    15,
    14,
    10,
    9,
    7,
    18,
    8,
    15,
    16,
    14,
    9,
    9,
    2,
    9,
    8,
    16,
    6,
    20,
    20,
    17,
    9,
    13,
    15,
    12,
    15,
    15,
    12,
    9,
    12,
    7,
    11,
    10,
    7,
    16,
    15,
    11,
    9,
    12,
    10,
    17,
    8,
    17,
    12,
    9,
    12,
    11,
    8,
    14,
    12,
    13,
    9,
    8,
    11,
    5,
    19,
    17,
    21,
    8,
    9,
    14,
    12,
    8,
    11,
    26,
    6,
    18,
    10,
    9,
    8,
    8,
    9,
    16,
    15,
    15,
    13,
    13,
    8,
    20,
    10,
    11,
    13,
    9,
    9,
    13,
    13,
    12,
    13,
    10,
    12,
    10,
    19,
    17,
    11,
    7,
    17,
    6,
    9,
    19,
    7,
    19,
    15,
    11,
    9,
    11,
    13,
    14,
    8,
    16,
    9,
    14,
    21,
    9,
    19,
    21,
    17
  ],
  "diversity":true,
  "p_split":0.3,
  "split_reliability_mode":"identical_active_pool",
  "mechanism":null,
  "fixed_sfc_len":null,
  "fixed_reliability":0.998,
  "max_backup_level":1,
  "explicit_split_replicas":true,
  "split_enforce_distinct":false,
  "strict_split_resource_ablation":false,
  "split_replica_resource_scale":1.0,
  "cap_base_min":500,
  "cap_base_max":700,
  "cap_scale":0.2,
  "total_arrivals":1478,
  "total_accepted":266,
  "total_rejected":1212,
  "acceptance_ratio":0.1799729364,
  "avg_cost_per_arrival":3.69432546,
  "total_cost":5460.2130299271,
  "total_cost_resource":2981.2130299271,
  "avg_cost_per_accepted":20.5271166539,
  "final_utilization":0.0780628463,
  "avg_utilization_over_time":0.0979945994,
  "avg_leftover_capacity_sum_over_time":156992.0555555555,
  "final_leftover_capacity_sum":160461.1333333333,
  "final_leftover_capacity_min":12.0,
  "final_leftover_capacity_max":2121.6,
  "final_leftover_capacity_avg":1171.2491484185,
  "avg_e2e_delay_accepted":0.0466272842,
  "p95_e2e_delay_accepted":0.1005032014,
  "avg_access_delay_accepted":0.0080514225,
  "avg_processing_delay_accepted":0.0249549593,
  "avg_network_delay_accepted":0.0091020741,
  "avg_split_proc_overhead_accepted":8.266022578e-19,
  "avg_split_net_overhead_accepted":0.0,
  "total_transmitted_bits_accepted":321622259.1184877753,
  "avg_transmitted_bits_per_accepted":1209106.2372875481,
  "total_split_transmitted_bits_accepted":147953094.2639873922,
  "avg_split_transmitted_bits_per_accepted":556214.6400901781,
  "avg_split_overhead_ratio_accepted":1.316934235e-17,
  "p95_split_overhead_ratio_accepted":7.226333283e-17,
  "rga_accepted_total":268,
  "rga_rejected_total":1210,
  "rga_rejection_ratio":0.8186738836,
  "mdca_rejected_total":2,
  "mdca_capacity_rejected_total":0,
  "mdca_reliability_rejected_total":0,
  "mdca_qos_rejected_total":2,
  "mdca_rejection_ratio":0.00135318,
  "capacity_rejection_ratio":0.0,
  "reliability_rejection_ratio":0.0,
  "qos_rejected_total":2,
  "qos_rejection_ratio":0.00135318
}