{
  "algo":"mdca",
  "region":"Arizona",
  "time_slots":120,
  "arrival_rate":12.0,
  "mean_service_time":9.0,
  "seed":2,
  "trace_seed":17371165153394102535,
  "algo_seed":12212449990934311995,
  "trace_hash":"f818ce0a9b7ae042394d7ffcafbed9c1dd8c3879b8dbb8fb57c8ed1f23bf9f95",
  "arrivals_per_slot":[
    11,
    7,
    10,
    13,
    11,
    10,
    7,
    10,
    16,
    6,
    10,
    9,
    10,
    9,
    12,
    13,
    14,
    12,
    9,
    11,
    18,
    6,
    7,
    8,
    7,
    8,
    11,
    9,
    14,
    14,
    8,
    17,
    10,
    9,
    8,
    12,
    10,
    12,
    11,
    11,
    11,
    9,
    11,
    11,
    11,
    14,
    11,
    9,
    15,
    14,
    16,
    14,
    14,
    14,
    11,
    12,
    9,
    7,
    12,
    15,
    11,
    14,
    10,
    12,
    8,
    12,
    10,
    10,
    13,
    9,
    15,
    19,
    18,
    21,
    18,
    10,
    9,
    12,
    14,
    11,
    12,
    9,
    14,
    10,
    19,
    8,
    5,
    15,
    9,
    15,
    13,
    9,
    11,
    12,
    8,
    9,
    10,
    19,
    15,
    11,
    17,
    11,
    14,
    14,
    12,
    14,
    14,
    18,
    17,
    12,
    16,
    13,
    13,
    16,
    9,
    15,
    12,
    6,
    15,
    15
  ],
  "diversity":true,
  "p_split":0.3,
  "split_reliability_mode":"identical_active_pool",
  "mechanism":null,
  "fixed_sfc_len":null,
  "fixed_reliability":0.996,
  "max_backup_level":2,
  "explicit_split_replicas":true,
  "split_enforce_distinct":false,
  "strict_split_resource_ablation":false,
  "split_replica_resource_scale":1.0,
  "cap_base_min":500,
  "cap_base_max":700,
  "cap_scale":0.2,
  "total_arrivals":1422,
  "total_accepted":1402,
  "total_rejected":20,
  "acceptance_ratio":0.9859353024,
  "avg_cost_per_arrival":42.5572534818,
  "total_cost":60516.4144510946,
  "total_cost_resource":37497.4144510946,
  "avg_cost_per_accepted":43.1643469694,
  "final_utilization":0.4316954974,
  "avg_utilization_over_time":0.3527548455,
  "avg_leftover_capacity_sum_over_time":242226.1916666666,
  "final_leftover_capacity_sum":212683.3,
  "final_leftover_capacity_min":0.3,
  "final_leftover_capacity_max":2102.4,
  "final_leftover_capacity_avg":677.3353503185,
  "avg_e2e_delay_accepted":0.0739063596,
  "p95_e2e_delay_accepted":0.1349109149,
  "avg_access_delay_accepted":0.0081355531,
  "avg_processing_delay_accepted":0.0429989216,
  "avg_network_delay_accepted":0.0176901363,
  "avg_split_proc_overhead_accepted":1.540464142e-19,
  "avg_split_net_overhead_accepted":0.0,
  "total_transmitted_bits_accepted":2841081295.4025402069,
  "avg_transmitted_bits_per_accepted":2026448.855493966,
  "total_split_transmitted_bits_accepted":871618093.6649224758,
  "avg_split_transmitted_bits_per_accepted":621696.2151675624,
  "avg_split_overhead_ratio_accepted":1.730662983e-18,
  "p95_split_overhead_ratio_accepted":1.340322332e-17,
  "rga_accepted_total":1422,
  "rga_rejected_total":0,
  "rga_rejection_ratio":0.0,
  "mdca_rejected_total":20,
  "mdca_capacity_rejected_total":0,
  "mdca_reliability_rejected_total":0,
  "mdca_qos_rejected_total":20,
  "mdca_rejection_ratio":0.0140646976,
  "capacity_rejection_ratio":0.0,
  "reliability_rejection_ratio":0.0,
  "qos_rejected_total":20,
  "qos_rejection_ratio":0.0140646976
}