{
  "algo":"mdca",
  "region":"Alabama",
  "time_slots":120,
  "arrival_rate":12.0,
  "mean_service_time":9.0,
  "seed":1,
  "trace_seed":10394030818635337927,
  "algo_seed":16743226625772817536,
  "trace_hash":"fc9965c07e365791a2078e972ca9d51d2397b2d4003d615815392b9ad724a918",
  "arrivals_per_slot":[
    17,
    14,
    14,
    14,
    14,
    16,
    9,
    16,
    9,
    6,
    20,
    8,
    9,
    10,
    20,
    7,
    7,
    15,
    10,
    15,
    12,
    8,
    15,
    7,
    9,
    12,
    10,
    7,
    11,
    12,
    9,
    5,
    19,
    12,
    19,
    7,
    18,
    16,
    13,
    11,
    16,
    11,
    8,
    15,
    15,
    8,
    12,
    15,
    5,
    12,
    11,
    16,
    14,
    8,
    16,
    16,
    13,
    15,
    10,
    10,
    6,
    19,
    18,
    15,
    12,
    15,
    13,
    12,
    13,
    12,
    11,
    8,
    8,
    19,
    11,
    11,
    9,
    14,
    12,
    14,
    14,
    14,
    18,
    11,
    9,
    13,
    8,
    14,
    13,
    8,
    7,
    14,
    6,
    18,
    17,
    16,
    14,
    10,
    21,
    9,
    8,
    14,
    15,
    13,
    7,
    16,
    9,
    5,
    13,
    13,
    13,
    11,
    7,
    5,
    11,
    10,
    6,
    11,
    10,
    11
  ],
  "diversity":true,
  "p_split":0.3,
  "split_reliability_mode":"identical_active_pool",
  "mechanism":null,
  "fixed_sfc_len":null,
  "fixed_reliability":0.998,
  "max_backup_level":3,
  "explicit_split_replicas":true,
  "split_enforce_distinct":false,
  "strict_split_resource_ablation":false,
  "split_replica_resource_scale":1.0,
  "cap_base_min":500,
  "cap_base_max":700,
  "cap_scale":0.2,
  "total_arrivals":1442,
  "total_accepted":1359,
  "total_rejected":83,
  "acceptance_ratio":0.9424410541,
  "avg_cost_per_arrival":57.0021075004,
  "total_cost":82197.0390155816,
  "total_cost_resource":60432.0390155816,
  "avg_cost_per_accepted":60.4834724176,
  "final_utilization":0.9447317817,
  "avg_utilization_over_time":0.8735156305,
  "avg_leftover_capacity_sum_over_time":22127.125,
  "final_leftover_capacity_sum":9668.6,
  "final_leftover_capacity_min":0.0,
  "final_leftover_capacity_max":1573.6,
  "final_leftover_capacity_avg":70.5737226277,
  "avg_e2e_delay_accepted":0.0677534093,
  "p95_e2e_delay_accepted":0.1348007124,
  "avg_access_delay_accepted":0.0080282068,
  "avg_processing_delay_accepted":0.0441436837,
  "avg_network_delay_accepted":0.0119036187,
  "avg_split_proc_overhead_accepted":5.89410276e-19,
  "avg_split_net_overhead_accepted":0.0,
  "total_transmitted_bits_accepted":2325440049.2827486992,
  "avg_transmitted_bits_per_accepted":1711140.5807820079,
  "total_split_transmitted_bits_accepted":552859600.1653437614,
  "avg_split_transmitted_bits_per_accepted":406813.5394888475,
  "avg_split_overhead_ratio_accepted":7.450416042e-18,
  "p95_split_overhead_ratio_accepted":5.015259624e-17,
  "rga_accepted_total":1442,
  "rga_rejected_total":0,
  "rga_rejection_ratio":0.0,
  "mdca_rejected_total":83,
  "mdca_capacity_rejected_total":66,
  "mdca_reliability_rejected_total":1,
  "mdca_qos_rejected_total":16,
  "mdca_rejection_ratio":0.0575589459,
  "capacity_rejection_ratio":0.0457697642,
  "reliability_rejection_ratio":0.0006934813,
  "qos_rejected_total":16,
  "qos_rejection_ratio":0.0110957004
}