{
  "algo":"mdca",
  "region":"Arizona",
  "time_slots":120,
  "arrival_rate":12.0,
  "mean_service_time":9.0,
  "seed":5,
  "trace_seed":1860042183695613465,
  "algo_seed":8179750290924396156,
  "trace_hash":"83a8a515bb2a8f694028a212c0915b5c3158d808f488c32db9056eb47a558cd6",
  "arrivals_per_slot":[
    13,
    12,
    8,
    6,
    13,
    11,
    9,
    17,
    10,
    13,
    6,
    8,
    11,
    8,
    11,
    15,
    10,
    8,
    7,
    13,
    11,
    7,
    13,
    13,
    9,
    19,
    11,
    11,
    9,
    12,
    13,
    8,
    13,
    18,
    12,
    10,
    14,
    16,
    6,
    7,
    14,
    16,
    11,
    5,
    16,
    14,
    19,
    15,
    11,
    10,
    18,
    20,
    8,
    10,
    16,
    13,
    11,
    13,
    8,
    10,
    9,
    12,
    17,
    9,
    12,
    12,
    10,
    5,
    12,
    14,
    7,
    14,
    18,
    18,
    14,
    14,
    9,
    11,
    11,
    9,
    14,
    12,
    13,
    10,
    13,
    15,
    16,
    13,
    13,
    17,
    17,
    8,
    9,
    9,
    11,
    9,
    12,
    9,
    7,
    16,
    12,
    13,
    13,
    12,
    14,
    7,
    8,
    18,
    13,
    14,
    18,
    14,
    13,
    13,
    10,
    17,
    17,
    13,
    12,
    14
  ],
  "diversity":false,
  "p_split":null,
  "split_reliability_mode":null,
  "mechanism":null,
  "fixed_sfc_len":null,
  "fixed_reliability":0.93,
  "max_backup_level":2,
  "explicit_split_replicas":false,
  "split_enforce_distinct":false,
  "strict_split_resource_ablation":false,
  "split_replica_resource_scale":1.0,
  "cap_base_min":500,
  "cap_base_max":700,
  "cap_scale":0.2,
  "total_arrivals":1444,
  "total_accepted":1430,
  "total_rejected":14,
  "acceptance_ratio":0.9903047091,
  "avg_cost_per_arrival":26.1957659695,
  "total_cost":37826.6860600154,
  "total_cost_resource":23911.6860600154,
  "avg_cost_per_accepted":26.452228014,
  "final_utilization":0.2984747166,
  "avg_utilization_over_time":0.2603445898,
  "avg_leftover_capacity_sum_over_time":280153.6583333333,
  "final_leftover_capacity_sum":265711.4,
  "final_leftover_capacity_min":0.4,
  "final_leftover_capacity_max":2344.6,
  "final_leftover_capacity_avg":846.2146496815,
  "avg_e2e_delay_accepted":0.0643191377,
  "p95_e2e_delay_accepted":0.1266156814,
  "avg_access_delay_accepted":0.0080654195,
  "avg_processing_delay_accepted":0.047322289,
  "avg_network_delay_accepted":0.0089314292,
  "avg_split_proc_overhead_accepted":0.0,
  "avg_split_net_overhead_accepted":0.0,
  "total_transmitted_bits_accepted":1893684050.6479556561,
  "avg_transmitted_bits_per_accepted":1324254.5808726964,
  "total_split_transmitted_bits_accepted":0.0,
  "avg_split_transmitted_bits_per_accepted":0.0,
  "avg_split_overhead_ratio_accepted":0.0,
  "p95_split_overhead_ratio_accepted":0.0,
  "rga_accepted_total":1444,
  "rga_rejected_total":0,
  "rga_rejection_ratio":0.0,
  "mdca_rejected_total":14,
  "mdca_capacity_rejected_total":0,
  "mdca_reliability_rejected_total":0,
  "mdca_qos_rejected_total":14,
  "mdca_rejection_ratio":0.0096952909,
  "capacity_rejection_ratio":0.0,
  "reliability_rejection_ratio":0.0,
  "qos_rejected_total":14,
  "qos_rejection_ratio":0.0096952909
}