{
  "algo":"dtsp",
  "region":"Alabama",
  "time_slots":120,
  "arrival_rate":20.0,
  "mean_service_time":9.0,
  "seed":2,
  "trace_seed":3073349256593405289,
  "algo_seed":13203952052646951863,
  "trace_hash":"7372b9b65120bf3e24f9b1c33c948eb928046653791061f9ef9720e92b0ab529",
  "arrivals_per_slot":[
    23,
    25,
    35,
    19,
    22,
    17,
    20,
    17,
    17,
    20,
    22,
    17,
    26,
    25,
    19,
    21,
    22,
    24,
    19,
    25,
    15,
    16,
    22,
    21,
    22,
    16,
    23,
    16,
    17,
    12,
    12,
    21,
    20,
    22,
    19,
    19,
    21,
    18,
    22,
    27,
    19,
    12,
    11,
    21,
    23,
    25,
    22,
    31,
    18,
    20,
    21,
    17,
    17,
    18,
    24,
    29,
    25,
    13,
    26,
    20,
    21,
    22,
    29,
    9,
    17,
    14,
    20,
    24,
    15,
    17,
    17,
    9,
    20,
    15,
    18,
    20,
    24,
    34,
    16,
    18,
    13,
    22,
    17,
    20,
    14,
    25,
    26,
    25,
    26,
    16,
    21,
    16,
    27,
    17,
    18,
    24,
    20,
    16,
    16,
    19,
    28,
    14,
    30,
    12,
    24,
    21,
    25,
    18,
    16,
    20,
    21,
    15,
    24,
    19,
    15,
    22,
    16,
    16,
    19,
    23
  ],
  "diversity":false,
  "p_split":null,
  "split_reliability_mode":null,
  "mechanism":null,
  "fixed_sfc_len":5,
  "fixed_reliability":null,
  "max_backup_level":2,
  "explicit_split_replicas":false,
  "split_enforce_distinct":false,
  "strict_split_resource_ablation":false,
  "split_replica_resource_scale":1.0,
  "cap_base_min":500,
  "cap_base_max":700,
  "cap_scale":0.2,
  "total_arrivals":2403,
  "total_accepted":1235,
  "total_rejected":1168,
  "acceptance_ratio":0.5139409072,
  "avg_cost_per_arrival":40.6082102785,
  "total_cost":97581.529299167,
  "total_cost_resource":74524.529299167,
  "avg_cost_per_accepted":79.0133840479,
  "final_utilization":0.9644615738,
  "avg_utilization_over_time":0.9532946347,
  "avg_leftover_capacity_sum_over_time":8206.525,
  "final_leftover_capacity_sum":6244.4,
  "final_leftover_capacity_min":0.2,
  "final_leftover_capacity_max":336.4,
  "final_leftover_capacity_avg":45.5795620438,
  "avg_e2e_delay_accepted":0.1057498968,
  "p95_e2e_delay_accepted":0.1663636455,
  "avg_access_delay_accepted":0.0080052271,
  "avg_processing_delay_accepted":0.0819837988,
  "avg_network_delay_accepted":0.0157608709,
  "avg_split_proc_overhead_accepted":0.0,
  "avg_split_net_overhead_accepted":0.0,
  "total_transmitted_bits_accepted":3677048515.5373983383,
  "avg_transmitted_bits_per_accepted":2977367.2190586221,
  "total_split_transmitted_bits_accepted":0.0,
  "avg_split_transmitted_bits_per_accepted":0.0,
  "avg_split_overhead_ratio_accepted":0.0,
  "p95_split_overhead_ratio_accepted":0.0,
  "rga_accepted_total":2403,
  "rga_rejected_total":0,
  "rga_rejection_ratio":0.0,
  "mdca_rejected_total":1168,
  "mdca_capacity_rejected_total":1129,
  "mdca_reliability_rejected_total":0,
  "mdca_qos_rejected_total":39,
  "mdca_rejection_ratio":0.4860590928,
  "capacity_rejection_ratio":0.4698293799,
  "reliability_rejection_ratio":0.0,
  "qos_rejected_total":39,
  "qos_rejection_ratio":0.0162297129
}