region,fixed_reliability,seed,method,share,share_tag,domain_count,domain_failure_prob,total_accepted,expected_target_satisfaction_ratio,expected_reliability,expected_reliability_loss
Arizona,0.999,3,DMDCA,"0.5,0.5",0p5_0p5,6,0.0,1165,1.0,0.9993686394385732,7.771561172376096e-16
Arizona,0.999,3,DMDCA,"0.5,0.5",0p5_0p5,6,0.01,1165,0.9647110614915579,0.9937881681465922,0.005580471291981803
Arizona,0.999,3,DMDCA,"0.5,0.5",0p5_0p5,6,0.03,1165,0.8972900940636781,0.9820418824444961,0.01732675699407793
Arizona,0.999,3,DMDCA,"0.5,0.5",0p5_0p5,6,0.05,1165,0.8339060030177039,0.9695255969752133,0.02984304246336067
Arizona,0.999,3,MDCA,nan,nan,6,0.0,967,1.0,0.9993761348769676,5.551115123125783e-16
Arizona,0.999,3,MDCA,nan,nan,6,0.01,967,0.9671431267087163,0.9931501659933913,0.006225968883576849
Arizona,0.999,3,MDCA,nan,nan,6,0.03,967,0.9041429932110036,0.9801724751870662,0.01920365968990201
Arizona,0.999,3,MDCA,nan,nan,6,0.05,967,0.8446252567379775,0.9665059004251018,0.03287023445186643
