{
  "algo":"mdca",
  "region":"Alabama",
  "time_slots":120,
  "arrival_rate":12.0,
  "mean_service_time":9.0,
  "seed":4,
  "trace_seed":3231205637118540362,
  "algo_seed":4574233998141395180,
  "trace_hash":"6c0c7e32fc521a83cd61c5d1ea84c5be7a21379cba43238204f84183943fd924",
  "arrivals_per_slot":[
    8,
    14,
    13,
    10,
    13,
    9,
    17,
    9,
    15,
    15,
    12,
    10,
    12,
    12,
    15,
    16,
    12,
    14,
    6,
    14,
    7,
    9,
    13,
    14,
    10,
    15,
    14,
    11,
    16,
    12,
    11,
    13,
    16,
    11,
    18,
    12,
    6,
    7,
    13,
    11,
    13,
    13,
    15,
    5,
    14,
    13,
    11,
    14,
    13,
    9,
    12,
    7,
    6,
    7,
    11,
    10,
    18,
    15,
    15,
    10,
    18,
    12,
    19,
    9,
    13,
    20,
    18,
    8,
    10,
    13,
    9,
    10,
    6,
    12,
    4,
    14,
    14,
    9,
    14,
    4,
    16,
    9,
    17,
    10,
    17,
    9,
    14,
    12,
    12,
    11,
    12,
    11,
    15,
    13,
    12,
    11,
    10,
    10,
    14,
    10,
    16,
    12,
    8,
    17,
    10,
    10,
    9,
    9,
    6,
    7,
    18,
    13,
    13,
    10,
    10,
    12,
    7,
    11,
    13,
    12
  ],
  "diversity":true,
  "p_split":0.3,
  "split_reliability_mode":"identical_active_pool",
  "split_recovery_coverage":1.0,
  "split_workload_shares":"0.5,0.5",
  "mechanism":null,
  "fixed_sfc_len":null,
  "fixed_reliability":0.999,
  "max_backup_level":2,
  "explicit_split_replicas":true,
  "split_enforce_distinct":false,
  "strict_split_resource_ablation":false,
  "split_replica_resource_scale":1.0,
  "backhaul_knn_k":4,
  "backhaul_use_device_bw":true,
  "backhaul_bw_scale":0.5,
  "fiber_speed_mps":200000000.0,
  "switch_delay_s":0.0002,
  "region_cloudlet_count":137,
  "cap_base_min":500,
  "cap_base_max":700,
  "cap_scale":0.2,
  "total_arrivals":1420,
  "total_accepted":1113,
  "total_rejected":307,
  "acceptance_ratio":0.7838028169,
  "avg_cost_per_arrival":44.7983730021,
  "total_cost":63613.6896629575,
  "total_cost_resource":45231.6896629575,
  "avg_cost_per_accepted":57.1551569299,
  "final_utilization":0.779762602,
  "avg_utilization_over_time":0.7115106372,
  "avg_leftover_capacity_sum_over_time":49747.625,
  "final_leftover_capacity_sum":37978.1333333333,
  "final_leftover_capacity_min":0.0,
  "final_leftover_capacity_max":2204.0,
  "final_leftover_capacity_avg":277.2126520681,
  "avg_e2e_delay_accepted":0.0651089044,
  "p95_e2e_delay_accepted":0.127068576,
  "avg_access_delay_accepted":0.0080452685,
  "avg_processing_delay_accepted":0.0409018438,
  "avg_network_delay_accepted":0.0120214204,
  "avg_split_proc_overhead_accepted":6.678607452e-19,
  "avg_split_net_overhead_accepted":0.0,
  "total_transmitted_bits_accepted":1872584089.7895138264,
  "avg_transmitted_bits_per_accepted":1682465.4894784491,
  "total_split_transmitted_bits_accepted":500210642.7303407788,
  "avg_split_transmitted_bits_per_accepted":449425.5550137833,
  "avg_split_overhead_ratio_accepted":8.627900365e-18,
  "p95_split_overhead_ratio_accepted":5.827875809e-17,
  "rga_accepted_total":1129,
  "rga_rejected_total":291,
  "rga_rejection_ratio":0.2049295775,
  "mdca_rejected_total":16,
  "mdca_capacity_rejected_total":2,
  "mdca_reliability_rejected_total":0,
  "mdca_qos_rejected_total":14,
  "mdca_rejection_ratio":0.0112676056,
  "capacity_rejection_ratio":0.0014084507,
  "reliability_rejection_ratio":0.0,
  "qos_rejected_total":14,
  "qos_rejection_ratio":0.0098591549,
  "placement_trace_path":"D:\\Study\\Code_1\\paper_data\\mobility_stress\\sim_runs\\Alabama\\R0p999\\DMDCA\\seed4\\placement_trace_Alabama_mdca_seed4.json"
}