{
  "algo":"mdca",
  "region":"Alabama",
  "time_slots":120,
  "arrival_rate":12.0,
  "mean_service_time":9.0,
  "seed":3,
  "trace_seed":8849697010647911005,
  "algo_seed":8021305762253439011,
  "trace_hash":"8afbe35a99014dc830d49baa565228f5a5a150e5d3907ceb41915f7f98ae09fd",
  "arrivals_per_slot":[
    10,
    10,
    19,
    9,
    10,
    8,
    12,
    13,
    16,
    9,
    12,
    6,
    7,
    14,
    9,
    13,
    8,
    18,
    20,
    13,
    8,
    9,
    10,
    12,
    12,
    11,
    9,
    11,
    6,
    11,
    11,
    9,
    12,
    16,
    10,
    10,
    9,
    6,
    16,
    11,
    14,
    12,
    14,
    10,
    14,
    7,
    11,
    6,
    13,
    14,
    17,
    12,
    10,
    7,
    13,
    13,
    18,
    11,
    9,
    21,
    8,
    7,
    17,
    10,
    6,
    15,
    6,
    9,
    16,
    7,
    16,
    12,
    9,
    19,
    14,
    13,
    6,
    12,
    18,
    11,
    16,
    10,
    12,
    15,
    6,
    8,
    11,
    10,
    11,
    19,
    8,
    10,
    4,
    17,
    7,
    9,
    15,
    8,
    12,
    16,
    18,
    16,
    10,
    11,
    21,
    14,
    13,
    7,
    17,
    13,
    14,
    13,
    16,
    16,
    13,
    12,
    15,
    10,
    16,
    17
  ],
  "diversity":false,
  "p_split":null,
  "split_reliability_mode":null,
  "mechanism":null,
  "fixed_sfc_len":null,
  "fixed_reliability":0.998,
  "max_backup_level":2,
  "explicit_split_replicas":false,
  "split_enforce_distinct":false,
  "strict_split_resource_ablation":false,
  "split_replica_resource_scale":1.0,
  "cap_base_min":500,
  "cap_base_max":700,
  "cap_scale":0.2,
  "total_arrivals":1428,
  "total_accepted":1282,
  "total_rejected":146,
  "acceptance_ratio":0.8977591036,
  "avg_cost_per_arrival":55.5217792831,
  "total_cost":79285.1008163236,
  "total_cost_resource":59238.1008163236,
  "avg_cost_per_accepted":61.8448524308,
  "final_utilization":0.9606946722,
  "avg_utilization_over_time":0.8456293443,
  "avg_leftover_capacity_sum_over_time":27013.1666666667,
  "final_leftover_capacity_sum":6878.0,
  "final_leftover_capacity_min":0.0,
  "final_leftover_capacity_max":454.8,
  "final_leftover_capacity_avg":50.204379562,
  "avg_e2e_delay_accepted":0.0610108047,
  "p95_e2e_delay_accepted":0.1194715114,
  "avg_access_delay_accepted":0.0079982192,
  "avg_processing_delay_accepted":0.0462053703,
  "avg_network_delay_accepted":0.0068072151,
  "avg_split_proc_overhead_accepted":0.0,
  "avg_split_net_overhead_accepted":0.0,
  "total_transmitted_bits_accepted":1566874008.4781084061,
  "avg_transmitted_bits_per_accepted":1222210.615037526,
  "total_split_transmitted_bits_accepted":0.0,
  "avg_split_transmitted_bits_per_accepted":0.0,
  "avg_split_overhead_ratio_accepted":0.0,
  "p95_split_overhead_ratio_accepted":0.0,
  "rga_accepted_total":1348,
  "rga_rejected_total":80,
  "rga_rejection_ratio":0.056022409,
  "mdca_rejected_total":66,
  "mdca_capacity_rejected_total":59,
  "mdca_reliability_rejected_total":0,
  "mdca_qos_rejected_total":7,
  "mdca_rejection_ratio":0.0462184874,
  "capacity_rejection_ratio":0.0413165266,
  "reliability_rejection_ratio":0.0,
  "qos_rejected_total":7,
  "qos_rejection_ratio":0.0049019608
}