{
  "algo":"mdca",
  "region":"Alabama",
  "time_slots":120,
  "arrival_rate":12.0,
  "mean_service_time":9.0,
  "seed":3,
  "trace_seed":16822749361596586808,
  "algo_seed":8021305762253439011,
  "trace_hash":"f74dd090becd89b94e7bc3e5932a1a896f1876bb19f11da45684e47ef688cb41",
  "arrivals_per_slot":[
    9,
    20,
    9,
    8,
    12,
    14,
    11,
    9,
    14,
    11,
    12,
    13,
    7,
    13,
    19,
    18,
    13,
    15,
    10,
    13,
    8,
    12,
    12,
    6,
    12,
    7,
    12,
    8,
    12,
    6,
    14,
    11,
    10,
    19,
    12,
    13,
    10,
    17,
    17,
    13,
    18,
    10,
    10,
    12,
    14,
    11,
    13,
    12,
    9,
    13,
    9,
    7,
    12,
    14,
    10,
    12,
    16,
    15,
    12,
    15,
    16,
    7,
    15,
    14,
    11,
    16,
    11,
    12,
    10,
    9,
    8,
    14,
    8,
    9,
    12,
    14,
    11,
    10,
    12,
    16,
    11,
    7,
    14,
    10,
    19,
    12,
    14,
    12,
    11,
    10,
    14,
    15,
    11,
    12,
    13,
    14,
    11,
    9,
    8,
    12,
    20,
    19,
    19,
    9,
    11,
    6,
    10,
    10,
    15,
    9,
    14,
    16,
    9,
    16,
    11,
    12,
    13,
    9,
    6,
    12
  ],
  "diversity":false,
  "p_split":null,
  "split_reliability_mode":null,
  "mechanism":null,
  "fixed_sfc_len":null,
  "fixed_reliability":0.996,
  "max_backup_level":2,
  "explicit_split_replicas":false,
  "split_enforce_distinct":false,
  "strict_split_resource_ablation":false,
  "split_replica_resource_scale":1.0,
  "cap_base_min":500,
  "cap_base_max":700,
  "cap_scale":0.2,
  "total_arrivals":1445,
  "total_accepted":1369,
  "total_rejected":76,
  "acceptance_ratio":0.9474048443,
  "avg_cost_per_arrival":55.8987385743,
  "total_cost":80773.6772398368,
  "total_cost_resource":60352.6772398368,
  "avg_cost_per_accepted":59.0019556171,
  "final_utilization":0.9569467782,
  "avg_utilization_over_time":0.8666311066,
  "avg_leftover_capacity_sum_over_time":23096.9583333333,
  "final_leftover_capacity_sum":7456.0,
  "final_leftover_capacity_min":0.8,
  "final_leftover_capacity_max":849.6,
  "final_leftover_capacity_avg":54.4233576642,
  "avg_e2e_delay_accepted":0.0624844935,
  "p95_e2e_delay_accepted":0.1233967016,
  "avg_access_delay_accepted":0.0080332815,
  "avg_processing_delay_accepted":0.0476161239,
  "avg_network_delay_accepted":0.0068350881,
  "avg_split_proc_overhead_accepted":0.0,
  "avg_split_net_overhead_accepted":0.0,
  "total_transmitted_bits_accepted":1735715193.3460242748,
  "avg_transmitted_bits_per_accepted":1267870.8497779579,
  "total_split_transmitted_bits_accepted":0.0,
  "avg_split_transmitted_bits_per_accepted":0.0,
  "avg_split_overhead_ratio_accepted":0.0,
  "p95_split_overhead_ratio_accepted":0.0,
  "rga_accepted_total":1445,
  "rga_rejected_total":0,
  "rga_rejection_ratio":0.0,
  "mdca_rejected_total":76,
  "mdca_capacity_rejected_total":64,
  "mdca_reliability_rejected_total":0,
  "mdca_qos_rejected_total":12,
  "mdca_rejection_ratio":0.0525951557,
  "capacity_rejection_ratio":0.0442906574,
  "reliability_rejection_ratio":0.0,
  "qos_rejected_total":12,
  "qos_rejection_ratio":0.0083044983
}