{
  "algo":"hspa",
  "region":"Alabama",
  "time_slots":120,
  "arrival_rate":50.0,
  "mean_service_time":9.0,
  "seed":5,
  "trace_seed":13842603951528395421,
  "algo_seed":1071169149524359896,
  "trace_hash":"bfbb18d6fdcb05fa61362d6ba759b87ec98e66564d51fe07a07a5e782cb93642",
  "arrivals_per_slot":[
    48,
    40,
    48,
    51,
    54,
    56,
    41,
    42,
    56,
    50,
    45,
    46,
    47,
    43,
    50,
    50,
    53,
    51,
    53,
    44,
    51,
    37,
    42,
    50,
    50,
    48,
    52,
    44,
    53,
    53,
    46,
    51,
    65,
    49,
    52,
    54,
    49,
    48,
    51,
    52,
    57,
    49,
    54,
    37,
    48,
    56,
    38,
    52,
    42,
    37,
    60,
    53,
    51,
    41,
    53,
    52,
    54,
    53,
    43,
    47,
    45,
    56,
    51,
    49,
    58,
    49,
    57,
    45,
    55,
    67,
    57,
    45,
    41,
    45,
    53,
    47,
    42,
    54,
    55,
    57,
    50,
    46,
    55,
    41,
    49,
    55,
    48,
    54,
    55,
    53,
    55,
    50,
    38,
    42,
    47,
    39,
    49,
    41,
    51,
    42,
    44,
    46,
    45,
    44,
    58,
    51,
    41,
    58,
    64,
    57,
    48,
    44,
    49,
    47,
    45,
    58,
    52,
    54,
    49,
    32
  ],
  "diversity":false,
  "p_split":null,
  "split_reliability_mode":null,
  "mechanism":null,
  "fixed_sfc_len":null,
  "fixed_reliability":null,
  "max_backup_level":2,
  "explicit_split_replicas":false,
  "split_enforce_distinct":false,
  "strict_split_resource_ablation":false,
  "split_replica_resource_scale":1.0,
  "cap_base_min":500,
  "cap_base_max":700,
  "cap_scale":0.2,
  "total_arrivals":5916,
  "total_accepted":2213,
  "total_rejected":3703,
  "acceptance_ratio":0.3740703178,
  "avg_cost_per_arrival":16.063922523,
  "total_cost":95034.1656462209,
  "total_cost_resource":71042.1656462208,
  "avg_cost_per_accepted":42.9435904411,
  "final_utilization":0.9792671969,
  "avg_utilization_over_time":0.9645344927,
  "avg_leftover_capacity_sum_over_time":6141.3916666667,
  "final_leftover_capacity_sum":3590.2,
  "final_leftover_capacity_min":0.0,
  "final_leftover_capacity_max":338.2,
  "final_leftover_capacity_avg":26.2058394161,
  "avg_e2e_delay_accepted":0.0614502165,
  "p95_e2e_delay_accepted":0.1238744847,
  "avg_access_delay_accepted":0.0080555801,
  "avg_processing_delay_accepted":0.0472111775,
  "avg_network_delay_accepted":0.0061834589,
  "avg_split_proc_overhead_accepted":0.0,
  "avg_split_net_overhead_accepted":0.0,
  "total_transmitted_bits_accepted":2557517875.9965019226,
  "avg_transmitted_bits_per_accepted":1155679.1125153645,
  "total_split_transmitted_bits_accepted":0.0,
  "avg_split_transmitted_bits_per_accepted":0.0,
  "avg_split_overhead_ratio_accepted":0.0,
  "p95_split_overhead_ratio_accepted":0.0,
  "rga_accepted_total":5916,
  "rga_rejected_total":0,
  "rga_rejection_ratio":0.0,
  "mdca_rejected_total":3703,
  "mdca_capacity_rejected_total":3684,
  "mdca_reliability_rejected_total":0,
  "mdca_qos_rejected_total":19,
  "mdca_rejection_ratio":0.6259296822,
  "capacity_rejection_ratio":0.6227180527,
  "reliability_rejection_ratio":0.0,
  "qos_rejected_total":19,
  "qos_rejection_ratio":0.0032116295
}