{
  "algo":"mdca",
  "region":"Alabama",
  "time_slots":120,
  "arrival_rate":12.0,
  "mean_service_time":9.0,
  "seed":4,
  "trace_seed":4161562247102114103,
  "algo_seed":16336488235466383848,
  "trace_hash":"e4668139846531a3fe0e319d693b6228af2189523fca363c6df748df35d803ae",
  "arrivals_per_slot":[
    7,
    14,
    10,
    12,
    15,
    9,
    9,
    15,
    12,
    18,
    9,
    7,
    15,
    4,
    15,
    14,
    19,
    16,
    15,
    14,
    9,
    7,
    12,
    13,
    11,
    15,
    9,
    8,
    9,
    13,
    17,
    10,
    6,
    14,
    7,
    10,
    3,
    9,
    12,
    10,
    11,
    10,
    14,
    16,
    9,
    11,
    10,
    12,
    7,
    10,
    7,
    12,
    8,
    9,
    9,
    13,
    11,
    11,
    7,
    9,
    12,
    11,
    17,
    8,
    13,
    10,
    13,
    12,
    15,
    8,
    16,
    13,
    18,
    8,
    12,
    11,
    20,
    16,
    8,
    10,
    9,
    10,
    13,
    12,
    9,
    13,
    15,
    12,
    5,
    7,
    22,
    14,
    11,
    13,
    14,
    14,
    16,
    15,
    19,
    13,
    6,
    12,
    8,
    12,
    12,
    12,
    10,
    14,
    15,
    10,
    13,
    4,
    14,
    16,
    9,
    8,
    10,
    10,
    11,
    14
  ],
  "diversity":false,
  "p_split":null,
  "split_reliability_mode":null,
  "mechanism":null,
  "fixed_sfc_len":null,
  "fixed_reliability":0.994,
  "max_backup_level":2,
  "explicit_split_replicas":false,
  "split_enforce_distinct":false,
  "strict_split_resource_ablation":false,
  "split_replica_resource_scale":1.0,
  "cap_base_min":500,
  "cap_base_max":700,
  "cap_scale":0.2,
  "total_arrivals":1386,
  "total_accepted":1350,
  "total_rejected":36,
  "acceptance_ratio":0.974025974,
  "avg_cost_per_arrival":54.596365913,
  "total_cost":75670.563155402,
  "total_cost_resource":55458.563155402,
  "avg_cost_per_accepted":56.052269004,
  "final_utilization":0.8099076302,
  "avg_utilization_over_time":0.8175699668,
  "avg_leftover_capacity_sum_over_time":31750.05,
  "final_leftover_capacity_sum":33083.6,
  "final_leftover_capacity_min":0.0,
  "final_leftover_capacity_max":2163.2,
  "final_leftover_capacity_avg":241.4861313869,
  "avg_e2e_delay_accepted":0.0645336577,
  "p95_e2e_delay_accepted":0.1262124284,
  "avg_access_delay_accepted":0.0081062337,
  "avg_processing_delay_accepted":0.0491707049,
  "avg_network_delay_accepted":0.0072567191,
  "avg_split_proc_overhead_accepted":0.0,
  "avg_split_net_overhead_accepted":0.0,
  "total_transmitted_bits_accepted":1813175517.3392300606,
  "avg_transmitted_bits_per_accepted":1343092.975806837,
  "total_split_transmitted_bits_accepted":0.0,
  "avg_split_transmitted_bits_per_accepted":0.0,
  "avg_split_overhead_ratio_accepted":0.0,
  "p95_split_overhead_ratio_accepted":0.0,
  "rga_accepted_total":1386,
  "rga_rejected_total":0,
  "rga_rejection_ratio":0.0,
  "mdca_rejected_total":36,
  "mdca_capacity_rejected_total":29,
  "mdca_reliability_rejected_total":0,
  "mdca_qos_rejected_total":7,
  "mdca_rejection_ratio":0.025974026,
  "capacity_rejection_ratio":0.0209235209,
  "reliability_rejection_ratio":0.0,
  "qos_rejected_total":7,
  "qos_rejection_ratio":0.0050505051
}