region,fixed_reliability,seed,method,share,share_tag,domain_count,domain_failure_prob,total_accepted,expected_target_satisfaction_ratio,expected_reliability,expected_reliability_loss
Alabama,0.95,2,DMDCA,"0.5,0.5",0p5_0p5,6,0.0,1403,1.0,0.9748809875531362,-1.4432899320127035e-15
Alabama,0.95,2,DMDCA,"0.5,0.5",0p5_0p5,6,0.01,1403,0.9714635241356454,0.9623472217918803,0.012533765761254534
Alabama,0.95,2,DMDCA,"0.5,0.5",0p5_0p5,6,0.03,1403,0.9163769882296432,0.9371662146253269,0.037714772927807894
Alabama,0.95,2,DMDCA,"0.5,0.5",0p5_0p5,6,0.05,1403,0.8638565091544901,0.9118601127548148,0.06302087479831997
Alabama,0.95,2,MDCA,nan,nan,6,0.0,1407,1.0,0.9738665253910462,-7.771561172376096e-16
Alabama,0.95,2,MDCA,nan,nan,6,0.01,1407,0.9719031902435056,0.9603930710060926,0.013473454384952843
Alabama,0.95,2,MDCA,nan,nan,6,0.03,1407,0.917626164655684,0.9334403659389225,0.04042615945212291
Alabama,0.95,2,MDCA,nan,nan,6,0.05,1407,0.8658268493692257,0.9065016431377402,0.06736488225330528
