{
  "algo":"hspa",
  "region":"Arizona",
  "time_slots":120,
  "arrival_rate":20.0,
  "mean_service_time":9.0,
  "seed":3,
  "trace_seed":2075085228312202437,
  "algo_seed":5690859720453196328,
  "trace_hash":"639ecf582d2253b6466a5cc68e441d37841aa2469a272728d628914c4120c7de",
  "arrivals_per_slot":[
    22,
    21,
    23,
    18,
    20,
    20,
    24,
    18,
    17,
    22,
    17,
    25,
    20,
    18,
    14,
    29,
    20,
    22,
    13,
    23,
    18,
    23,
    12,
    12,
    26,
    16,
    16,
    21,
    26,
    23,
    17,
    22,
    22,
    30,
    21,
    19,
    25,
    25,
    24,
    16,
    18,
    23,
    18,
    20,
    14,
    23,
    27,
    23,
    14,
    35,
    23,
    21,
    13,
    21,
    21,
    23,
    19,
    16,
    17,
    21,
    15,
    17,
    20,
    20,
    20,
    17,
    18,
    14,
    21,
    25,
    22,
    21,
    23,
    17,
    16,
    26,
    18,
    22,
    26,
    17,
    18,
    18,
    18,
    18,
    24,
    28,
    22,
    15,
    20,
    15,
    16,
    18,
    18,
    25,
    21,
    17,
    17,
    22,
    14,
    19,
    24,
    23,
    23,
    23,
    17,
    23,
    23,
    19,
    16,
    16,
    25,
    20,
    18,
    23,
    22,
    17,
    17,
    14,
    16,
    26
  ],
  "diversity":false,
  "p_split":null,
  "split_reliability_mode":null,
  "mechanism":null,
  "fixed_sfc_len":null,
  "fixed_reliability":null,
  "max_backup_level":2,
  "explicit_split_replicas":false,
  "split_enforce_distinct":false,
  "strict_split_resource_ablation":false,
  "split_replica_resource_scale":1.0,
  "cap_base_min":500,
  "cap_base_max":700,
  "cap_scale":0.2,
  "total_arrivals":2413,
  "total_accepted":2390,
  "total_rejected":23,
  "acceptance_ratio":0.9904682967,
  "avg_cost_per_arrival":42.0136276204,
  "total_cost":101378.8834479076,
  "total_cost_resource":72097.8834479076,
  "avg_cost_per_accepted":42.4179428652,
  "final_utilization":0.6067816697,
  "avg_utilization_over_time":0.5596426492,
  "avg_leftover_capacity_sum_over_time":166759.5416666666,
  "final_leftover_capacity_sum":148908.4,
  "final_leftover_capacity_min":0.0,
  "final_leftover_capacity_max":2333.2,
  "final_leftover_capacity_avg":474.2305732484,
  "avg_e2e_delay_accepted":0.0624326594,
  "p95_e2e_delay_accepted":0.1252244655,
  "avg_access_delay_accepted":0.0080781419,
  "avg_processing_delay_accepted":0.0461070217,
  "avg_network_delay_accepted":0.0082474959,
  "avg_split_proc_overhead_accepted":0.0,
  "avg_split_net_overhead_accepted":0.0,
  "total_transmitted_bits_accepted":3158029437.3097066879,
  "avg_transmitted_bits_per_accepted":1321351.2289998773,
  "total_split_transmitted_bits_accepted":0.0,
  "avg_split_transmitted_bits_per_accepted":0.0,
  "avg_split_overhead_ratio_accepted":0.0,
  "p95_split_overhead_ratio_accepted":0.0,
  "rga_accepted_total":2413,
  "rga_rejected_total":0,
  "rga_rejection_ratio":0.0,
  "mdca_rejected_total":23,
  "mdca_capacity_rejected_total":0,
  "mdca_reliability_rejected_total":0,
  "mdca_qos_rejected_total":23,
  "mdca_rejection_ratio":0.0095317033,
  "capacity_rejection_ratio":0.0,
  "reliability_rejection_ratio":0.0,
  "qos_rejected_total":23,
  "qos_rejection_ratio":0.0095317033
}