{
  "algo":"hspa",
  "region":"Alabama",
  "time_slots":120,
  "arrival_rate":45.0,
  "mean_service_time":9.0,
  "seed":4,
  "trace_seed":14413373934116521878,
  "algo_seed":11781817971983258927,
  "trace_hash":"0da3064a55103819ca70b6b370accce3102ec30699dfc6cb8cd84c5f1e7f068d",
  "arrivals_per_slot":[
    45,
    33,
    47,
    42,
    34,
    43,
    50,
    49,
    40,
    38,
    54,
    45,
    48,
    35,
    57,
    44,
    47,
    54,
    56,
    36,
    53,
    47,
    52,
    55,
    46,
    49,
    53,
    55,
    55,
    40,
    42,
    56,
    39,
    42,
    43,
    48,
    40,
    48,
    42,
    39,
    43,
    53,
    40,
    36,
    43,
    45,
    42,
    43,
    40,
    43,
    39,
    52,
    50,
    53,
    44,
    38,
    56,
    43,
    57,
    46,
    51,
    43,
    43,
    48,
    58,
    49,
    49,
    41,
    33,
    47,
    40,
    50,
    53,
    45,
    47,
    45,
    51,
    48,
    55,
    49,
    42,
    45,
    48,
    34,
    50,
    48,
    42,
    37,
    53,
    47,
    49,
    42,
    40,
    39,
    42,
    48,
    45,
    30,
    41,
    45,
    44,
    37,
    46,
    46,
    56,
    39,
    36,
    41,
    43,
    50,
    40,
    50,
    48,
    47,
    48,
    37,
    48,
    46,
    58,
    53
  ],
  "diversity":false,
  "p_split":null,
  "split_reliability_mode":null,
  "mechanism":null,
  "fixed_sfc_len":null,
  "fixed_reliability":null,
  "max_backup_level":2,
  "explicit_split_replicas":false,
  "split_enforce_distinct":false,
  "strict_split_resource_ablation":false,
  "split_replica_resource_scale":1.0,
  "cap_base_min":500,
  "cap_base_max":700,
  "cap_scale":0.2,
  "total_arrivals":5472,
  "total_accepted":2258,
  "total_rejected":3214,
  "acceptance_ratio":0.4126461988,
  "avg_cost_per_arrival":17.8094155755,
  "total_cost":97453.1220291776,
  "total_cost_resource":72539.1220291776,
  "avg_cost_per_accepted":43.1590442999,
  "final_utilization":0.9769879902,
  "avg_utilization_over_time":0.9624819171,
  "avg_leftover_capacity_sum_over_time":6568.4333333333,
  "final_leftover_capacity_sum":4028.8,
  "final_leftover_capacity_min":0.0,
  "final_leftover_capacity_max":185.8,
  "final_leftover_capacity_avg":29.4072992701,
  "avg_e2e_delay_accepted":0.0626770074,
  "p95_e2e_delay_accepted":0.1271183597,
  "avg_access_delay_accepted":0.0080995652,
  "avg_processing_delay_accepted":0.0483384563,
  "avg_network_delay_accepted":0.0062389859,
  "avg_split_proc_overhead_accepted":0.0,
  "avg_split_net_overhead_accepted":0.0,
  "total_transmitted_bits_accepted":2641981860.7179055214,
  "avg_transmitted_bits_per_accepted":1170053.9684313133,
  "total_split_transmitted_bits_accepted":0.0,
  "avg_split_transmitted_bits_per_accepted":0.0,
  "avg_split_overhead_ratio_accepted":0.0,
  "p95_split_overhead_ratio_accepted":0.0,
  "rga_accepted_total":5472,
  "rga_rejected_total":0,
  "rga_rejection_ratio":0.0,
  "mdca_rejected_total":3214,
  "mdca_capacity_rejected_total":3186,
  "mdca_reliability_rejected_total":0,
  "mdca_qos_rejected_total":28,
  "mdca_rejection_ratio":0.5873538012,
  "capacity_rejection_ratio":0.5822368421,
  "reliability_rejection_ratio":0.0,
  "qos_rejected_total":28,
  "qos_rejection_ratio":0.0051169591
}