{
  "algo":"mdca",
  "region":"Alabama",
  "time_slots":120,
  "arrival_rate":12.0,
  "mean_service_time":9.0,
  "seed":3,
  "trace_seed":12772730484691019724,
  "algo_seed":15868857010820782473,
  "trace_hash":"b34683d7bbe8f747d7d91aad60c976e91117f662acfc47bc6f326e43f93c314e",
  "arrivals_per_slot":[
    9,
    7,
    16,
    7,
    14,
    8,
    13,
    12,
    11,
    7,
    12,
    14,
    15,
    14,
    9,
    9,
    16,
    15,
    7,
    8,
    9,
    18,
    10,
    14,
    14,
    9,
    12,
    15,
    16,
    9,
    11,
    18,
    10,
    9,
    14,
    15,
    9,
    10,
    11,
    21,
    15,
    11,
    15,
    18,
    13,
    20,
    10,
    19,
    12,
    12,
    14,
    8,
    11,
    12,
    9,
    8,
    8,
    15,
    10,
    11,
    10,
    6,
    8,
    11,
    10,
    7,
    12,
    13,
    11,
    11,
    13,
    18,
    7,
    15,
    7,
    13,
    14,
    9,
    9,
    16,
    10,
    9,
    13,
    14,
    12,
    6,
    10,
    15,
    15,
    15,
    12,
    18,
    10,
    16,
    16,
    12,
    10,
    9,
    13,
    13,
    12,
    11,
    12,
    12,
    8,
    14,
    9,
    8,
    12,
    11,
    18,
    13,
    9,
    15,
    11,
    6,
    20,
    10,
    12,
    17
  ],
  "diversity":true,
  "p_split":0.3,
  "split_reliability_mode":"identical_active_pool",
  "mechanism":null,
  "fixed_sfc_len":null,
  "fixed_reliability":0.93,
  "max_backup_level":2,
  "explicit_split_replicas":true,
  "split_enforce_distinct":false,
  "strict_split_resource_ablation":false,
  "split_replica_resource_scale":1.0,
  "cap_base_min":500,
  "cap_base_max":700,
  "cap_scale":0.2,
  "total_arrivals":1436,
  "total_accepted":1418,
  "total_rejected":18,
  "acceptance_ratio":0.9874651811,
  "avg_cost_per_arrival":30.6014987047,
  "total_cost":43943.7521399853,
  "total_cost_resource":29667.7521399853,
  "avg_cost_per_accepted":30.9899521439,
  "final_utilization":0.594233474,
  "avg_utilization_over_time":0.5188350031,
  "avg_leftover_capacity_sum_over_time":83428.8138888889,
  "final_leftover_capacity_sum":70355.5333333333,
  "final_leftover_capacity_min":0.4666666667,
  "final_leftover_capacity_max":2041.6,
  "final_leftover_capacity_avg":513.5440389294,
  "avg_e2e_delay_accepted":0.0658684569,
  "p95_e2e_delay_accepted":0.1296790351,
  "avg_access_delay_accepted":0.008014062,
  "avg_processing_delay_accepted":0.0436024515,
  "avg_network_delay_accepted":0.0109728104,
  "avg_split_proc_overhead_accepted":5.440890451e-19,
  "avg_split_net_overhead_accepted":0.0,
  "total_transmitted_bits_accepted":2350092845.9291496277,
  "avg_transmitted_bits_per_accepted":1657329.2284408673,
  "total_split_transmitted_bits_accepted":487126196.4183343649,
  "avg_split_transmitted_bits_per_accepted":343530.4629184305,
  "avg_split_overhead_ratio_accepted":6.636463513e-18,
  "p95_split_overhead_ratio_accepted":4.535403464e-17,
  "rga_accepted_total":1436,
  "rga_rejected_total":0,
  "rga_rejection_ratio":0.0,
  "mdca_rejected_total":18,
  "mdca_capacity_rejected_total":0,
  "mdca_reliability_rejected_total":0,
  "mdca_qos_rejected_total":18,
  "mdca_rejection_ratio":0.0125348189,
  "capacity_rejection_ratio":0.0,
  "reliability_rejection_ratio":0.0,
  "qos_rejected_total":18,
  "qos_rejection_ratio":0.0125348189
}