{
  "algo":"dtsp",
  "region":"Alabama",
  "time_slots":120,
  "arrival_rate":12.0,
  "mean_service_time":9.0,
  "seed":5,
  "trace_seed":8339509091633114498,
  "algo_seed":2513652281977770823,
  "trace_hash":"e3e1f31b6eb235dcfe018550817a09dd51853ec76fc3b7b1db9092207f6edded",
  "arrivals_per_slot":[
    5,
    12,
    18,
    13,
    14,
    11,
    13,
    14,
    14,
    13,
    12,
    19,
    8,
    11,
    17,
    9,
    16,
    11,
    10,
    10,
    15,
    14,
    17,
    15,
    13,
    6,
    12,
    14,
    10,
    18,
    16,
    8,
    15,
    6,
    6,
    14,
    10,
    17,
    14,
    14,
    21,
    5,
    11,
    18,
    10,
    11,
    5,
    11,
    9,
    12,
    16,
    9,
    19,
    6,
    18,
    17,
    18,
    11,
    14,
    14,
    11,
    13,
    12,
    8,
    10,
    10,
    12,
    9,
    19,
    11,
    14,
    17,
    19,
    12,
    15,
    12,
    7,
    9,
    17,
    19,
    4,
    12,
    6,
    16,
    11,
    13,
    13,
    13,
    6,
    13,
    9,
    11,
    10,
    17,
    7,
    9,
    11,
    15,
    18,
    8,
    14,
    13,
    12,
    18,
    14,
    10,
    12,
    12,
    11,
    13,
    13,
    9,
    11,
    14,
    14,
    12,
    20,
    12,
    14,
    11
  ],
  "diversity":false,
  "p_split":null,
  "split_reliability_mode":null,
  "mechanism":null,
  "fixed_sfc_len":null,
  "fixed_reliability":0.98,
  "max_backup_level":2,
  "explicit_split_replicas":false,
  "split_enforce_distinct":false,
  "strict_split_resource_ablation":false,
  "split_replica_resource_scale":1.0,
  "cap_base_min":500,
  "cap_base_max":700,
  "cap_scale":0.2,
  "total_arrivals":1496,
  "total_accepted":1478,
  "total_rejected":18,
  "acceptance_ratio":0.9879679144,
  "avg_cost_per_arrival":49.0710743581,
  "total_cost":73410.3272396547,
  "total_cost_resource":55090.3272396547,
  "avg_cost_per_accepted":49.6686923137,
  "final_utilization":0.8368261767,
  "avg_utilization_over_time":0.7654446799,
  "avg_leftover_capacity_sum_over_time":40750.75,
  "final_leftover_capacity_sum":28349.2,
  "final_leftover_capacity_min":0.0,
  "final_leftover_capacity_max":1897.6,
  "final_leftover_capacity_avg":206.9284671533,
  "avg_e2e_delay_accepted":0.0652026572,
  "p95_e2e_delay_accepted":0.1259987209,
  "avg_access_delay_accepted":0.008081089,
  "avg_processing_delay_accepted":0.0489855085,
  "avg_network_delay_accepted":0.0081360597,
  "avg_split_proc_overhead_accepted":0.0,
  "avg_split_net_overhead_accepted":0.0,
  "total_transmitted_bits_accepted":2246639661.4469738007,
  "avg_transmitted_bits_per_accepted":1520053.8981373301,
  "total_split_transmitted_bits_accepted":0.0,
  "avg_split_transmitted_bits_per_accepted":0.0,
  "avg_split_overhead_ratio_accepted":0.0,
  "p95_split_overhead_ratio_accepted":0.0,
  "rga_accepted_total":1496,
  "rga_rejected_total":0,
  "rga_rejection_ratio":0.0,
  "mdca_rejected_total":18,
  "mdca_capacity_rejected_total":8,
  "mdca_reliability_rejected_total":0,
  "mdca_qos_rejected_total":10,
  "mdca_rejection_ratio":0.0120320856,
  "capacity_rejection_ratio":0.0053475936,
  "reliability_rejection_ratio":0.0,
  "qos_rejected_total":10,
  "qos_rejection_ratio":0.006684492
}