{
  "algo":"dtsp",
  "region":"Alabama",
  "time_slots":120,
  "arrival_rate":20.0,
  "mean_service_time":9.0,
  "seed":5,
  "trace_seed":14347387154761347634,
  "algo_seed":2513652281977770823,
  "trace_hash":"e1632ea2b48cf456feed1d44f906de51ed8efe862a3db215b7d5cffd406d1875",
  "arrivals_per_slot":[
    18,
    12,
    24,
    18,
    21,
    23,
    18,
    20,
    30,
    15,
    26,
    21,
    18,
    14,
    23,
    21,
    18,
    19,
    17,
    6,
    19,
    18,
    13,
    18,
    16,
    22,
    17,
    21,
    18,
    22,
    20,
    20,
    10,
    20,
    18,
    25,
    22,
    21,
    19,
    24,
    21,
    18,
    18,
    19,
    24,
    19,
    22,
    24,
    21,
    14,
    20,
    14,
    25,
    23,
    21,
    23,
    15,
    10,
    26,
    17,
    17,
    21,
    22,
    27,
    23,
    16,
    14,
    23,
    24,
    24,
    30,
    20,
    21,
    15,
    13,
    24,
    17,
    16,
    20,
    15,
    23,
    20,
    23,
    24,
    21,
    14,
    21,
    24,
    21,
    20,
    20,
    21,
    21,
    15,
    14,
    8,
    16,
    16,
    15,
    23,
    18,
    15,
    16,
    17,
    15,
    15,
    20,
    17,
    18,
    21,
    18,
    20,
    22,
    19,
    22,
    22,
    31,
    11,
    20,
    16
  ],
  "diversity":false,
  "p_split":null,
  "split_reliability_mode":null,
  "mechanism":null,
  "fixed_sfc_len":2,
  "fixed_reliability":null,
  "max_backup_level":2,
  "explicit_split_replicas":false,
  "split_enforce_distinct":false,
  "strict_split_resource_ablation":false,
  "split_replica_resource_scale":1.0,
  "cap_base_min":500,
  "cap_base_max":700,
  "cap_scale":0.2,
  "total_arrivals":2314,
  "total_accepted":2313,
  "total_rejected":1,
  "acceptance_ratio":0.9995678479,
  "avg_cost_per_arrival":27.7239497763,
  "total_cost":64153.2197824641,
  "total_cost_resource":48317.2197824641,
  "avg_cost_per_accepted":27.7359359198,
  "final_utilization":0.650960498,
  "avg_utilization_over_time":0.7019813642,
  "avg_leftover_capacity_sum_over_time":51555.3166666667,
  "final_leftover_capacity_sum":60381.6,
  "final_leftover_capacity_min":0.0,
  "final_leftover_capacity_max":1781.0,
  "final_leftover_capacity_avg":440.7416058394,
  "avg_e2e_delay_accepted":0.0439472945,
  "p95_e2e_delay_accepted":0.0839368493,
  "avg_access_delay_accepted":0.0080856038,
  "avg_processing_delay_accepted":0.0319852197,
  "avg_network_delay_accepted":0.0038764709,
  "avg_split_proc_overhead_accepted":0.0,
  "avg_split_net_overhead_accepted":0.0,
  "total_transmitted_bits_accepted":1737931510.7549440861,
  "avg_transmitted_bits_per_accepted":751375.4910311042,
  "total_split_transmitted_bits_accepted":0.0,
  "avg_split_transmitted_bits_per_accepted":0.0,
  "avg_split_overhead_ratio_accepted":0.0,
  "p95_split_overhead_ratio_accepted":0.0,
  "rga_accepted_total":2314,
  "rga_rejected_total":0,
  "rga_rejection_ratio":0.0,
  "mdca_rejected_total":1,
  "mdca_capacity_rejected_total":0,
  "mdca_reliability_rejected_total":0,
  "mdca_qos_rejected_total":1,
  "mdca_rejection_ratio":0.0004321521,
  "capacity_rejection_ratio":0.0,
  "reliability_rejection_ratio":0.0,
  "qos_rejected_total":1,
  "qos_rejection_ratio":0.0004321521
}