{
  "algo":"random",
  "region":"Arizona",
  "time_slots":120,
  "arrival_rate":12.0,
  "mean_service_time":9.0,
  "seed":5,
  "trace_seed":10944923087734902272,
  "algo_seed":1537971742767984452,
  "trace_hash":"d6041bf207c4097809abcac4b34b56ca57c757f1cf61f8a25b8168385c82c164",
  "arrivals_per_slot":[
    14,
    9,
    11,
    25,
    15,
    11,
    12,
    13,
    14,
    13,
    12,
    7,
    11,
    13,
    12,
    10,
    8,
    12,
    8,
    15,
    13,
    11,
    14,
    12,
    9,
    11,
    10,
    15,
    11,
    11,
    11,
    7,
    14,
    15,
    15,
    7,
    10,
    14,
    10,
    19,
    12,
    10,
    12,
    13,
    11,
    14,
    9,
    15,
    12,
    12,
    11,
    9,
    9,
    15,
    18,
    10,
    11,
    11,
    11,
    9,
    9,
    13,
    17,
    11,
    12,
    13,
    11,
    13,
    10,
    14,
    8,
    9,
    7,
    12,
    13,
    13,
    13,
    17,
    8,
    12,
    8,
    11,
    14,
    15,
    12,
    8,
    10,
    10,
    7,
    12,
    6,
    14,
    8,
    11,
    9,
    10,
    17,
    14,
    9,
    9,
    6,
    6,
    16,
    18,
    11,
    8,
    13,
    16,
    14,
    17,
    14,
    8,
    17,
    9,
    11,
    15,
    11,
    12,
    8,
    15
  ],
  "diversity":false,
  "p_split":null,
  "split_reliability_mode":null,
  "mechanism":null,
  "fixed_sfc_len":null,
  "fixed_reliability":0.96,
  "max_backup_level":2,
  "explicit_split_replicas":false,
  "split_enforce_distinct":false,
  "strict_split_resource_ablation":false,
  "split_replica_resource_scale":1.0,
  "cap_base_min":500,
  "cap_base_max":700,
  "cap_scale":0.2,
  "total_arrivals":1412,
  "total_accepted":1398,
  "total_rejected":14,
  "acceptance_ratio":0.9900849858,
  "avg_cost_per_arrival":60.776368593,
  "total_cost":85816.2324532677,
  "total_cost_resource":65364.2324532677,
  "avg_cost_per_accepted":61.3850017548,
  "final_utilization":0.5382346678,
  "avg_utilization_over_time":0.4110579038,
  "avg_leftover_capacity_sum_over_time":221812.9083333333,
  "final_leftover_capacity_sum":173914.4,
  "final_leftover_capacity_min":1.0,
  "final_leftover_capacity_max":2043.0,
  "final_leftover_capacity_avg":553.8675159236,
  "avg_e2e_delay_accepted":0.0656485465,
  "p95_e2e_delay_accepted":0.1304128447,
  "avg_access_delay_accepted":0.008054648,
  "avg_processing_delay_accepted":0.0481693672,
  "avg_network_delay_accepted":0.0094245313,
  "avg_split_proc_overhead_accepted":0.0,
  "avg_split_net_overhead_accepted":0.0,
  "total_transmitted_bits_accepted":2064757308.8441777229,
  "avg_transmitted_bits_per_accepted":1476936.5585437608,
  "total_split_transmitted_bits_accepted":0.0,
  "avg_split_transmitted_bits_per_accepted":0.0,
  "avg_split_overhead_ratio_accepted":0.0,
  "p95_split_overhead_ratio_accepted":0.0,
  "rga_accepted_total":1412,
  "rga_rejected_total":0,
  "rga_rejection_ratio":0.0,
  "mdca_rejected_total":14,
  "mdca_capacity_rejected_total":0,
  "mdca_reliability_rejected_total":0,
  "mdca_qos_rejected_total":14,
  "mdca_rejection_ratio":0.0099150142,
  "capacity_rejection_ratio":0.0,
  "reliability_rejection_ratio":0.0,
  "qos_rejected_total":14,
  "qos_rejection_ratio":0.0099150142
}