{
  "algo":"hspa",
  "region":"Alabama",
  "time_slots":120,
  "arrival_rate":12.0,
  "mean_service_time":9.0,
  "seed":3,
  "trace_seed":17545897633531220909,
  "algo_seed":4555249616615268742,
  "trace_hash":"d8b743c1c7fad5962987ad6bb9fdca1e16ff257a82ab92a1836fb97cd860f1cc",
  "arrivals_per_slot":[
    9,
    9,
    18,
    9,
    12,
    14,
    12,
    9,
    11,
    8,
    10,
    7,
    12,
    9,
    10,
    12,
    14,
    18,
    8,
    7,
    11,
    10,
    12,
    18,
    10,
    12,
    9,
    4,
    10,
    7,
    10,
    12,
    10,
    14,
    11,
    13,
    10,
    11,
    10,
    14,
    11,
    17,
    14,
    9,
    8,
    12,
    10,
    5,
    7,
    10,
    8,
    10,
    9,
    11,
    12,
    16,
    12,
    9,
    10,
    9,
    11,
    11,
    17,
    8,
    13,
    18,
    17,
    12,
    16,
    8,
    13,
    7,
    8,
    11,
    10,
    10,
    13,
    14,
    7,
    12,
    15,
    4,
    14,
    11,
    13,
    17,
    8,
    12,
    20,
    9,
    16,
    15,
    16,
    10,
    14,
    14,
    10,
    13,
    13,
    14,
    10,
    12,
    8,
    15,
    14,
    12,
    10,
    17,
    10,
    11,
    20,
    15,
    14,
    11,
    6,
    10,
    9,
    9,
    13,
    19
  ],
  "diversity":false,
  "p_split":null,
  "split_reliability_mode":null,
  "mechanism":null,
  "fixed_sfc_len":null,
  "fixed_reliability":0.99,
  "max_backup_level":2,
  "explicit_split_replicas":false,
  "split_enforce_distinct":false,
  "strict_split_resource_ablation":false,
  "split_replica_resource_scale":1.0,
  "cap_base_min":500,
  "cap_base_max":700,
  "cap_scale":0.2,
  "total_arrivals":1384,
  "total_accepted":1279,
  "total_rejected":105,
  "acceptance_ratio":0.924132948,
  "avg_cost_per_arrival":62.1854358318,
  "total_cost":86064.6431911639,
  "total_cost_resource":65665.6431911639,
  "avg_cost_per_accepted":67.2905732535,
  "final_utilization":0.9743415795,
  "avg_utilization_over_time":0.8575106311,
  "avg_leftover_capacity_sum_over_time":24784.4583333333,
  "final_leftover_capacity_sum":4463.0,
  "final_leftover_capacity_min":0.2,
  "final_leftover_capacity_max":259.8,
  "final_leftover_capacity_avg":32.5766423358,
  "avg_e2e_delay_accepted":0.0622130441,
  "p95_e2e_delay_accepted":0.1202310891,
  "avg_access_delay_accepted":0.0080807447,
  "avg_processing_delay_accepted":0.0470659627,
  "avg_network_delay_accepted":0.0070663367,
  "avg_split_proc_overhead_accepted":0.0,
  "avg_split_net_overhead_accepted":0.0,
  "total_transmitted_bits_accepted":1661330174.4708480835,
  "avg_transmitted_bits_per_accepted":1298928.9870765037,
  "total_split_transmitted_bits_accepted":0.0,
  "avg_split_transmitted_bits_per_accepted":0.0,
  "avg_split_overhead_ratio_accepted":0.0,
  "p95_split_overhead_ratio_accepted":0.0,
  "rga_accepted_total":1384,
  "rga_rejected_total":0,
  "rga_rejection_ratio":0.0,
  "mdca_rejected_total":105,
  "mdca_capacity_rejected_total":97,
  "mdca_reliability_rejected_total":0,
  "mdca_qos_rejected_total":8,
  "mdca_rejection_ratio":0.075867052,
  "capacity_rejection_ratio":0.0700867052,
  "reliability_rejection_ratio":0.0,
  "qos_rejected_total":8,
  "qos_rejection_ratio":0.0057803468
}