{
  "algo":"random",
  "region":"Alabama",
  "time_slots":120,
  "arrival_rate":12.0,
  "mean_service_time":9.0,
  "seed":4,
  "trace_seed":8070667766854699245,
  "algo_seed":11812869563047589514,
  "trace_hash":"dc5da0e2cdbeead70a9536b5539b7629fbc273ca8dacf09dda4decf0792db2ac",
  "arrivals_per_slot":[
    14,
    12,
    19,
    10,
    9,
    16,
    11,
    12,
    17,
    14,
    16,
    13,
    7,
    13,
    14,
    9,
    8,
    13,
    15,
    15,
    15,
    12,
    10,
    9,
    18,
    10,
    18,
    16,
    9,
    11,
    12,
    14,
    13,
    3,
    9,
    8,
    16,
    5,
    10,
    8,
    15,
    11,
    8,
    9,
    14,
    10,
    11,
    18,
    13,
    16,
    14,
    12,
    16,
    6,
    8,
    10,
    13,
    14,
    8,
    10,
    8,
    9,
    11,
    12,
    10,
    15,
    8,
    14,
    17,
    14,
    12,
    8,
    11,
    10,
    11,
    6,
    15,
    9,
    15,
    14,
    12,
    9,
    11,
    10,
    18,
    12,
    11,
    8,
    15,
    15,
    14,
    16,
    14,
    12,
    14,
    15,
    9,
    9,
    9,
    15,
    9,
    10,
    13,
    14,
    6,
    7,
    13,
    9,
    8,
    11,
    14,
    15,
    14,
    9,
    6,
    11,
    10,
    16,
    13,
    12
  ],
  "diversity":false,
  "p_split":null,
  "split_reliability_mode":null,
  "mechanism":null,
  "fixed_sfc_len":null,
  "fixed_reliability":0.992,
  "max_backup_level":2,
  "explicit_split_replicas":false,
  "split_enforce_distinct":false,
  "strict_split_resource_ablation":false,
  "split_replica_resource_scale":1.0,
  "cap_base_min":500,
  "cap_base_max":700,
  "cap_scale":0.2,
  "total_arrivals":1416,
  "total_accepted":1211,
  "total_rejected":205,
  "acceptance_ratio":0.8552259887,
  "avg_cost_per_arrival":59.8466715188,
  "total_cost":84742.886870569,
  "total_cost_resource":65060.886870569,
  "avg_cost_per_accepted":69.9776109584,
  "final_utilization":0.910572248,
  "avg_utilization_over_time":0.8794103443,
  "avg_leftover_capacity_sum_over_time":21091.5166666667,
  "final_leftover_capacity_sum":15641.2,
  "final_leftover_capacity_min":2.0,
  "final_leftover_capacity_max":509.6,
  "final_leftover_capacity_avg":114.1693430657,
  "avg_e2e_delay_accepted":0.0635380607,
  "p95_e2e_delay_accepted":0.1263780128,
  "avg_access_delay_accepted":0.0080603283,
  "avg_processing_delay_accepted":0.0476259862,
  "avg_network_delay_accepted":0.0078517461,
  "avg_split_proc_overhead_accepted":0.0,
  "avg_split_net_overhead_accepted":0.0,
  "total_transmitted_bits_accepted":1793667342.1503229141,
  "avg_transmitted_bits_per_accepted":1481145.6169697135,
  "total_split_transmitted_bits_accepted":0.0,
  "avg_split_transmitted_bits_per_accepted":0.0,
  "avg_split_overhead_ratio_accepted":0.0,
  "p95_split_overhead_ratio_accepted":0.0,
  "rga_accepted_total":1416,
  "rga_rejected_total":0,
  "rga_rejection_ratio":0.0,
  "mdca_rejected_total":205,
  "mdca_capacity_rejected_total":191,
  "mdca_reliability_rejected_total":0,
  "mdca_qos_rejected_total":14,
  "mdca_rejection_ratio":0.1447740113,
  "capacity_rejection_ratio":0.1348870056,
  "reliability_rejection_ratio":0.0,
  "qos_rejected_total":14,
  "qos_rejection_ratio":0.0098870056
}