{
  "algo":"mdca",
  "region":"Arizona",
  "time_slots":120,
  "arrival_rate":30.0,
  "mean_service_time":9.0,
  "seed":1,
  "trace_seed":1796937868101826379,
  "algo_seed":3737587677167370884,
  "trace_hash":"624457b41d17f8b63aeb0a38526b0f8c03d5a0ef51cb9f2916caf3add68dde4f",
  "arrivals_per_slot":[
    31,
    31,
    51,
    28,
    28,
    14,
    37,
    22,
    43,
    27,
    32,
    28,
    40,
    31,
    30,
    25,
    32,
    26,
    25,
    33,
    29,
    23,
    33,
    31,
    23,
    22,
    25,
    30,
    26,
    26,
    26,
    17,
    34,
    24,
    29,
    29,
    33,
    34,
    29,
    33,
    35,
    30,
    33,
    26,
    30,
    29,
    36,
    24,
    42,
    19,
    22,
    28,
    26,
    34,
    34,
    24,
    35,
    26,
    29,
    26,
    24,
    28,
    30,
    34,
    29,
    27,
    23,
    25,
    24,
    31,
    35,
    40,
    32,
    37,
    32,
    26,
    17,
    31,
    19,
    27,
    30,
    34,
    29,
    30,
    31,
    27,
    23,
    26,
    37,
    34,
    20,
    32,
    35,
    34,
    24,
    37,
    35,
    35,
    27,
    32,
    30,
    31,
    21,
    38,
    30,
    39,
    42,
    28,
    25,
    31,
    34,
    29,
    17,
    31,
    29,
    30,
    33,
    24,
    40,
    18
  ],
  "diversity":false,
  "p_split":null,
  "split_reliability_mode":null,
  "split_recovery_coverage":null,
  "split_workload_shares":null,
  "mechanism":null,
  "fixed_sfc_len":3,
  "fixed_reliability":0.999,
  "max_backup_level":2,
  "explicit_split_replicas":false,
  "split_enforce_distinct":false,
  "strict_split_resource_ablation":false,
  "split_replica_resource_scale":1.0,
  "backhaul_knn_k":4,
  "backhaul_use_device_bw":true,
  "backhaul_bw_scale":0.5,
  "fiber_speed_mps":200000000.0,
  "switch_delay_s":0.0002,
  "region_cloudlet_count":200,
  "cap_base_min":500,
  "cap_base_max":700,
  "cap_scale":0.2,
  "total_arrivals":3541,
  "total_accepted":1926,
  "total_rejected":1615,
  "acceptance_ratio":0.5439141485,
  "avg_cost_per_arrival":36.1774830912,
  "total_cost":128104.4676260712,
  "total_cost_resource":95309.4676260712,
  "avg_cost_per_accepted":66.5132230665,
  "final_utilization":0.8999925823,
  "avg_utilization_over_time":0.9215109906,
  "avg_leftover_capacity_sum_over_time":19046.3,
  "final_leftover_capacity_sum":24268.0,
  "final_leftover_capacity_min":0.0,
  "final_leftover_capacity_max":1332.4,
  "final_leftover_capacity_avg":121.34,
  "avg_e2e_delay_accepted":0.0668200237,
  "p95_e2e_delay_accepted":0.1133878582,
  "avg_access_delay_accepted":0.0080110277,
  "avg_processing_delay_accepted":0.0511367016,
  "avg_network_delay_accepted":0.0076722944,
  "avg_split_proc_overhead_accepted":0.0,
  "avg_split_net_overhead_accepted":0.0,
  "total_transmitted_bits_accepted":2513866985.7799291611,
  "avg_transmitted_bits_per_accepted":1305226.8877362041,
  "total_split_transmitted_bits_accepted":0.0,
  "avg_split_transmitted_bits_per_accepted":0.0,
  "avg_split_overhead_ratio_accepted":0.0,
  "p95_split_overhead_ratio_accepted":0.0,
  "rga_accepted_total":2336,
  "rga_rejected_total":1205,
  "rga_rejection_ratio":0.3402993505,
  "mdca_rejected_total":410,
  "mdca_capacity_rejected_total":402,
  "mdca_reliability_rejected_total":0,
  "mdca_qos_rejected_total":8,
  "mdca_rejection_ratio":0.115786501,
  "capacity_rejection_ratio":0.1135272522,
  "reliability_rejection_ratio":0.0,
  "qos_rejected_total":8,
  "qos_rejection_ratio":0.0022592488
}