{
  "algo":"mdca",
  "region":"Alabama",
  "time_slots":120,
  "arrival_rate":12.0,
  "mean_service_time":9.0,
  "seed":5,
  "trace_seed":2423446912683703478,
  "algo_seed":17568513406166108596,
  "trace_hash":"242807615d01f26b618bf2474c8c191b5431614999303085f85b6b1352045e68",
  "arrivals_per_slot":[
    13,
    19,
    12,
    12,
    6,
    12,
    10,
    7,
    9,
    12,
    14,
    7,
    14,
    11,
    15,
    13,
    11,
    13,
    13,
    11,
    15,
    12,
    11,
    14,
    14,
    14,
    12,
    10,
    15,
    8,
    12,
    8,
    13,
    14,
    8,
    10,
    15,
    16,
    14,
    15,
    11,
    9,
    16,
    15,
    16,
    18,
    15,
    13,
    7,
    10,
    9,
    10,
    11,
    16,
    9,
    9,
    10,
    8,
    9,
    11,
    13,
    15,
    9,
    14,
    10,
    13,
    9,
    17,
    8,
    24,
    17,
    8,
    6,
    5,
    12,
    12,
    9,
    11,
    18,
    10,
    13,
    13,
    13,
    13,
    6,
    14,
    6,
    11,
    11,
    8,
    14,
    11,
    19,
    8,
    12,
    14,
    17,
    11,
    14,
    11,
    8,
    22,
    10,
    14,
    18,
    10,
    7,
    8,
    9,
    8,
    8,
    16,
    16,
    13,
    7,
    11,
    18,
    8,
    11,
    6
  ],
  "diversity":true,
  "p_split":0.3,
  "split_reliability_mode":"identical_active_pool",
  "mechanism":null,
  "fixed_sfc_len":null,
  "fixed_reliability":0.999,
  "max_backup_level":2,
  "explicit_split_replicas":true,
  "split_enforce_distinct":false,
  "strict_split_resource_ablation":false,
  "split_replica_resource_scale":1.0,
  "cap_base_min":500,
  "cap_base_max":700,
  "cap_scale":0.2,
  "total_arrivals":1423,
  "total_accepted":1117,
  "total_rejected":306,
  "acceptance_ratio":0.7849613493,
  "avg_cost_per_arrival":40.6961842791,
  "total_cost":57910.6702291535,
  "total_cost_resource":38072.6702291535,
  "avg_cost_per_accepted":51.8448256304,
  "final_utilization":0.6407712397,
  "avg_utilization_over_time":0.6300099053,
  "avg_leftover_capacity_sum_over_time":64744.9366666667,
  "final_leftover_capacity_sum":62861.8,
  "final_leftover_capacity_min":0.0,
  "final_leftover_capacity_max":2134.4,
  "final_leftover_capacity_avg":458.8452554745,
  "avg_e2e_delay_accepted":0.0647829963,
  "p95_e2e_delay_accepted":0.1285109188,
  "avg_access_delay_accepted":0.0081216714,
  "avg_processing_delay_accepted":0.0374328847,
  "avg_network_delay_accepted":0.0136462451,
  "avg_split_proc_overhead_accepted":4.057265068e-19,
  "avg_split_net_overhead_accepted":0.0,
  "total_transmitted_bits_accepted":2080698164.0610990524,
  "avg_transmitted_bits_per_accepted":1862755.7422212167,
  "total_split_transmitted_bits_accepted":769106623.6434240341,
  "avg_split_transmitted_bits_per_accepted":688546.6639600932,
  "avg_split_overhead_ratio_accepted":5.131094604e-18,
  "p95_split_overhead_ratio_accepted":4.150453849e-17,
  "rga_accepted_total":1125,
  "rga_rejected_total":298,
  "rga_rejection_ratio":0.2094167252,
  "mdca_rejected_total":8,
  "mdca_capacity_rejected_total":0,
  "mdca_reliability_rejected_total":0,
  "mdca_qos_rejected_total":8,
  "mdca_rejection_ratio":0.0056219255,
  "capacity_rejection_ratio":0.0,
  "reliability_rejection_ratio":0.0,
  "qos_rejected_total":8,
  "qos_rejection_ratio":0.0056219255
}