{
  "algo":"mdca",
  "region":"Arizona",
  "time_slots":120,
  "arrival_rate":15.0,
  "mean_service_time":9.0,
  "seed":1,
  "trace_seed":18378463481897257372,
  "algo_seed":3737587677167370884,
  "trace_hash":"6cc89709b750f22c0fe6441c1c7127d0c79df4bd8793a72de92661885b3cc563",
  "arrivals_per_slot":[
    11,
    14,
    12,
    17,
    19,
    15,
    17,
    15,
    22,
    17,
    13,
    19,
    19,
    13,
    20,
    15,
    12,
    15,
    15,
    9,
    11,
    15,
    11,
    15,
    15,
    13,
    14,
    14,
    18,
    10,
    15,
    25,
    13,
    14,
    10,
    14,
    10,
    15,
    11,
    18,
    20,
    16,
    19,
    15,
    10,
    12,
    10,
    13,
    16,
    16,
    11,
    11,
    15,
    17,
    14,
    21,
    21,
    17,
    10,
    14,
    16,
    18,
    13,
    13,
    17,
    10,
    16,
    18,
    18,
    15,
    21,
    17,
    14,
    16,
    18,
    23,
    19,
    20,
    20,
    17,
    8,
    18,
    10,
    12,
    16,
    14,
    18,
    8,
    15,
    14,
    15,
    15,
    15,
    12,
    20,
    16,
    9,
    19,
    17,
    15,
    18,
    14,
    22,
    8,
    15,
    18,
    19,
    10,
    21,
    20,
    16,
    12,
    14,
    18,
    13,
    20,
    14,
    18,
    14,
    18
  ],
  "diversity":false,
  "p_split":null,
  "split_reliability_mode":null,
  "mechanism":null,
  "fixed_sfc_len":null,
  "fixed_reliability":null,
  "max_backup_level":2,
  "explicit_split_replicas":false,
  "split_enforce_distinct":false,
  "strict_split_resource_ablation":false,
  "split_replica_resource_scale":1.0,
  "cap_base_min":500,
  "cap_base_max":700,
  "cap_scale":0.2,
  "total_arrivals":1835,
  "total_accepted":1820,
  "total_rejected":15,
  "acceptance_ratio":0.9918256131,
  "avg_cost_per_arrival":31.6077330725,
  "total_cost":58000.1901880074,
  "total_cost_resource":38518.1901880074,
  "avg_cost_per_accepted":31.868236367,
  "final_utilization":0.4103555057,
  "avg_utilization_over_time":0.3542613319,
  "avg_leftover_capacity_sum_over_time":244145.2666666666,
  "final_leftover_capacity_sum":222936.8,
  "final_leftover_capacity_min":0.0,
  "final_leftover_capacity_max":2656.2,
  "final_leftover_capacity_avg":709.9898089172,
  "avg_e2e_delay_accepted":0.0654534529,
  "p95_e2e_delay_accepted":0.1315678214,
  "avg_access_delay_accepted":0.0080948269,
  "avg_processing_delay_accepted":0.0480612161,
  "avg_network_delay_accepted":0.0092974099,
  "avg_split_proc_overhead_accepted":0.0,
  "avg_split_net_overhead_accepted":0.0,
  "total_transmitted_bits_accepted":2504791402.7173566818,
  "avg_transmitted_bits_per_accepted":1376259.0124820641,
  "total_split_transmitted_bits_accepted":0.0,
  "avg_split_transmitted_bits_per_accepted":0.0,
  "avg_split_overhead_ratio_accepted":0.0,
  "p95_split_overhead_ratio_accepted":0.0,
  "rga_accepted_total":1835,
  "rga_rejected_total":0,
  "rga_rejection_ratio":0.0,
  "mdca_rejected_total":15,
  "mdca_capacity_rejected_total":0,
  "mdca_reliability_rejected_total":0,
  "mdca_qos_rejected_total":15,
  "mdca_rejection_ratio":0.0081743869,
  "capacity_rejection_ratio":0.0,
  "reliability_rejection_ratio":0.0,
  "qos_rejected_total":15,
  "qos_rejection_ratio":0.0081743869
}