{
  "algo":"mdca",
  "region":"Alabama",
  "time_slots":120,
  "arrival_rate":12.0,
  "mean_service_time":9.0,
  "seed":2,
  "trace_seed":2442432397383401356,
  "algo_seed":15644348807814365154,
  "trace_hash":"7e52d31fdb5bd15ae4c86921d484cd899b8682060d2a83514ca66c5a44c638bc",
  "arrivals_per_slot":[
    14,
    10,
    13,
    11,
    12,
    14,
    9,
    7,
    8,
    9,
    15,
    20,
    17,
    7,
    15,
    13,
    16,
    10,
    6,
    13,
    14,
    16,
    15,
    3,
    15,
    9,
    9,
    11,
    16,
    14,
    12,
    13,
    16,
    17,
    12,
    6,
    17,
    15,
    11,
    15,
    15,
    10,
    10,
    12,
    12,
    9,
    13,
    13,
    11,
    13,
    13,
    15,
    10,
    11,
    11,
    13,
    12,
    17,
    12,
    13,
    15,
    12,
    6,
    14,
    8,
    11,
    16,
    18,
    11,
    13,
    13,
    15,
    8,
    11,
    10,
    14,
    13,
    10,
    15,
    12,
    19,
    8,
    7,
    7,
    11,
    17,
    8,
    13,
    8,
    7,
    8,
    13,
    14,
    20,
    8,
    10,
    9,
    16,
    13,
    15,
    8,
    6,
    10,
    7,
    14,
    14,
    11,
    9,
    14,
    13,
    12,
    12,
    18,
    6,
    17,
    11,
    11,
    9,
    9,
    14
  ],
  "diversity":true,
  "p_split":0.3,
  "split_reliability_mode":"identical_active_pool",
  "mechanism":null,
  "fixed_sfc_len":null,
  "fixed_reliability":0.996,
  "max_backup_level":1,
  "explicit_split_replicas":true,
  "split_enforce_distinct":false,
  "strict_split_resource_ablation":false,
  "split_replica_resource_scale":1.0,
  "cap_base_min":500,
  "cap_base_max":700,
  "cap_scale":0.2,
  "total_arrivals":1441,
  "total_accepted":459,
  "total_rejected":982,
  "acceptance_ratio":0.3185287994,
  "avg_cost_per_arrival":8.0797849105,
  "total_cost":11642.9700560704,
  "total_cost_resource":6943.9700560704,
  "avg_cost_per_accepted":25.3659478346,
  "final_utilization":0.2168581566,
  "avg_utilization_over_time":0.1957993888,
  "avg_leftover_capacity_sum_over_time":138576.15,
  "final_leftover_capacity_sum":134947.4,
  "final_leftover_capacity_min":4.6666666667,
  "final_leftover_capacity_max":2272.0,
  "final_leftover_capacity_avg":985.0175182482,
  "avg_e2e_delay_accepted":0.054256667,
  "p95_e2e_delay_accepted":0.1105582979,
  "avg_access_delay_accepted":0.0080780439,
  "avg_processing_delay_accepted":0.0304525384,
  "avg_network_delay_accepted":0.0114959129,
  "avg_split_proc_overhead_accepted":5.565098733e-19,
  "avg_split_net_overhead_accepted":0.0,
  "total_transmitted_bits_accepted":602345027.6187694073,
  "avg_transmitted_bits_per_accepted":1312298.5351171447,
  "total_split_transmitted_bits_accepted":231820582.9438077509,
  "avg_split_transmitted_bits_per_accepted":505055.7362610191,
  "avg_split_overhead_ratio_accepted":9.347216469e-18,
  "p95_split_overhead_ratio_accepted":5.201217493e-17,
  "rga_accepted_total":460,
  "rga_rejected_total":981,
  "rga_rejection_ratio":0.680777238,
  "mdca_rejected_total":1,
  "mdca_capacity_rejected_total":0,
  "mdca_reliability_rejected_total":0,
  "mdca_qos_rejected_total":1,
  "mdca_rejection_ratio":0.0006939625,
  "capacity_rejection_ratio":0.0,
  "reliability_rejection_ratio":0.0,
  "qos_rejected_total":1,
  "qos_rejection_ratio":0.0006939625
}