{
  "algo":"dtsp",
  "region":"Alabama",
  "time_slots":120,
  "arrival_rate":20.0,
  "mean_service_time":9.0,
  "seed":2,
  "trace_seed":9943833491649862544,
  "algo_seed":13203952052646951863,
  "trace_hash":"1260b80a2bbedffbc878452478b29b3c3bd591f0d49da03c317431df07833585",
  "arrivals_per_slot":[
    22,
    27,
    14,
    19,
    22,
    22,
    28,
    17,
    28,
    18,
    30,
    21,
    30,
    26,
    21,
    20,
    12,
    21,
    19,
    19,
    24,
    25,
    19,
    20,
    21,
    14,
    17,
    19,
    21,
    28,
    23,
    22,
    18,
    15,
    28,
    11,
    26,
    13,
    18,
    26,
    14,
    23,
    28,
    12,
    20,
    21,
    17,
    16,
    17,
    22,
    18,
    15,
    17,
    19,
    14,
    23,
    19,
    20,
    16,
    21,
    22,
    29,
    18,
    23,
    12,
    25,
    26,
    18,
    24,
    22,
    20,
    26,
    21,
    19,
    15,
    19,
    20,
    28,
    21,
    18,
    22,
    19,
    23,
    14,
    14,
    26,
    22,
    24,
    21,
    18,
    18,
    23,
    14,
    15,
    18,
    18,
    15,
    19,
    20,
    19,
    21,
    23,
    23,
    23,
    18,
    24,
    14,
    19,
    14,
    17,
    16,
    13,
    15,
    21,
    18,
    19,
    24,
    31,
    28,
    16
  ],
  "diversity":false,
  "p_split":null,
  "split_reliability_mode":null,
  "mechanism":null,
  "fixed_sfc_len":1,
  "fixed_reliability":null,
  "max_backup_level":2,
  "explicit_split_replicas":false,
  "split_enforce_distinct":false,
  "strict_split_resource_ablation":false,
  "split_replica_resource_scale":1.0,
  "cap_base_min":500,
  "cap_base_max":700,
  "cap_scale":0.2,
  "total_arrivals":2421,
  "total_accepted":2421,
  "total_rejected":0,
  "acceptance_ratio":1.0,
  "avg_cost_per_arrival":8.950014883,
  "total_cost":21667.9860317172,
  "total_cost_resource":14352.9860317172,
  "avg_cost_per_accepted":8.950014883,
  "final_utilization":0.3464758421,
  "avg_utilization_over_time":0.3198431379,
  "avg_leftover_capacity_sum_over_time":119085.8083333334,
  "final_leftover_capacity_sum":114422.8,
  "final_leftover_capacity_min":0.8,
  "final_leftover_capacity_max":2776.0,
  "final_leftover_capacity_avg":835.202919708,
  "avg_e2e_delay_accepted":0.0239088722,
  "p95_e2e_delay_accepted":0.0525228462,
  "avg_access_delay_accepted":0.0080802208,
  "avg_processing_delay_accepted":0.0158286514,
  "avg_network_delay_accepted":0.0,
  "avg_split_proc_overhead_accepted":0.0,
  "avg_split_net_overhead_accepted":0.0,
  "total_transmitted_bits_accepted":0.0,
  "avg_transmitted_bits_per_accepted":0.0,
  "total_split_transmitted_bits_accepted":0.0,
  "avg_split_transmitted_bits_per_accepted":0.0,
  "avg_split_overhead_ratio_accepted":0.0,
  "p95_split_overhead_ratio_accepted":0.0,
  "rga_accepted_total":2421,
  "rga_rejected_total":0,
  "rga_rejection_ratio":0.0,
  "mdca_rejected_total":0,
  "mdca_capacity_rejected_total":0,
  "mdca_reliability_rejected_total":0,
  "mdca_qos_rejected_total":0,
  "mdca_rejection_ratio":0.0,
  "capacity_rejection_ratio":0.0,
  "reliability_rejection_ratio":0.0,
  "qos_rejected_total":0,
  "qos_rejection_ratio":0.0
}